Registry_Namespace,Qualified_Claim_ID,Original_Claim_ID,Qualified_Registered_Experiment_Links,Qualified_Original_Experiment_References,Baseline_Crosswalk_Text,Baseline_Crosswalk_Text_JSON,Link_Semantics,Unresolved_References,Current_Assessment,Evidence_State,Finding_IDs,Qualified_Finding_IDs,Related_Quarantine_Bindings,Controlled_Support_Eligible,Physical_Support_Eligible,Audit_Source,Audit_Source_SHA256,Source_Record_ID,Audit_Record_JSON,Title,Evidence_Provenance,Next_Actions
STAR-PDF-v0.2,STAR-PDF-v0.2:CORE-001,CORE-001,STAR-PDF-v0.2:EXP-CTRL-A03;STAR-PDF-v0.2:EXP-DATA-A01;STAR-PDF-v0.2:EXP-DATA-A02;STAR-PDF-v0.2:EXP-RANK-A01;STAR-PDF-v0.2:EXP-TOPO-A01,STAR-PDF-v0.2:EXP-CORE-A01,CORE-001 Multiple mapping/topology/model documents U + R EXP-CORE-A01 Reconstruction + new controlled test ,"""CORE-001 Multiple mapping/topology/model documents U + R EXP-CORE-A01 Reconstruction + new controlled test ""","Audit links to relevant registered protocols; original crosswalk references retained separately. New links are proposed relevance links, not alias confirmation or execution evidence.","[{""historical_reference"": ""EXP-CORE-A01"", ""canonical_definition_present"": false, ""resolution_status"": ""PENDING / DO NOT MERGE BY ID"", ""candidate_canonical_id"": null, ""alias_resolution"": ""NO ALIAS ASSIGNED"", ""referencing_claims"": [""CORE-001""], ""required_action"": ""Preserve original reference and reconcile/register its complete protocol explicitly. A related canonical experiment is not a confirmed alias.""}]",PROPOSED / CONTROLLED TEST NOT VERIFIED,N,E-LCL-005;E-LCL-006;E-LCL-014;E-LCL-016;E-DRV-004,STAR-AUDIT-2026-10-03:E-LCL-005;STAR-AUDIT-2026-10-03:E-LCL-006;STAR-AUDIT-2026-10-03:E-LCL-014;STAR-AUDIT-2026-10-03:E-LCL-016;STAR-AUDIT-2026-10-03:E-DRV-004,,false,false,historical/r&d/docs/provenance_audit/crosswalk_updates.json,079302b311c29b3787d1b87b963d2cfa3ecb01a515399c9c373df4f6d5478b9d,CORE-001,"{""baseline_crosswalk_text"": ""CORE-001 Multiple mapping/topology/model documents U + R EXP-CORE-A01 Reconstruction + new controlled test "", ""claim_id"": ""CORE-001"", ""current_assessment"": ""PROPOSED / CONTROLLED TEST NOT VERIFIED"", ""evidence_state"": ""N"", ""finding_ids"": [""E-LCL-005"", ""E-LCL-006"", ""E-LCL-014"", ""E-LCL-016"", ""E-DRV-004""], ""link_semantics"": ""Audit links to relevant registered protocols; original crosswalk references retained separately. New links are proposed relevance links, not alias confirmation or execution evidence."", ""next_actions"": [""Record estimated/proxy status explicitly; prevent3-Selmer exactness or cosmic-evidence promotion from these filenames/results."", ""Retain completed-run reports as historical computational evidence only; reconstruct identical mapping, filtration and survey/null comparisons before TOPO-001 promotion."", ""Keep repository CSV namespace as legacy, preserve original files, and document explicit semantic crosswalk/conflicts before migrating IDs into the canonical update."", ""Bind website displays to a synthetic/model provenance label; preserve model formulas and coefficients as construction choices. Keep COSMO-E002 downstream; displayed agreement with calibration anchors is not independent confirmation."", ""Keep proposal, observed output and interpretation separate; require machine run manifests for execution claims.""], ""original_experiment_references"": [""EXP-CORE-A01""], ""provenance"": ""EXPLORATORY / UNVERIFIED"", ""registered_experiment_links"": [""EXP-CTRL-A03"", ""EXP-DATA-A01"", ""EXP-DATA-A02"", ""EXP-RANK-A01"", ""EXP-TOPO-A01""], ""replication_status"": ""NO NEW INDEPENDENT REPLICATION PERFORMED"", ""title"": ""Arithmetic-Cosmic Structural Correspondence"", ""unresolved_references"": [{""alias_resolution"": ""NO ALIAS ASSIGNED"", ""candidate_canonical_id"": null, ""canonical_definition_present"": false, ""historical_reference"": ""EXP-CORE-A01"", ""referencing_claims"": [""CORE-001""], ""required_action"": ""Preserve original reference and reconcile/register its complete protocol explicitly. A related canonical experiment is not a confirmed alias."", ""resolution_status"": ""PENDING / DO NOT MERGE BY ID""}]}",Arithmetic-Cosmic Structural Correspondence,EXPLORATORY / UNVERIFIED,"[""Record estimated/proxy status explicitly; prevent3-Selmer exactness or cosmic-evidence promotion from these filenames/results."", ""Retain completed-run reports as historical computational evidence only; reconstruct identical mapping, filtration and survey/null comparisons before TOPO-001 promotion."", ""Keep repository CSV namespace as legacy, preserve original files, and document explicit semantic crosswalk/conflicts before migrating IDs into the canonical update."", ""Bind website displays to a synthetic/model provenance label; preserve model formulas and coefficients as construction choices. Keep COSMO-E002 downstream; displayed agreement with calibration anchors is not independent confirmation."", ""Keep proposal, observed output and interpretation separate; require machine run manifests for execution claims.""]"
STAR-PDF-v0.2,STAR-PDF-v0.2:RANK-001,RANK-001,STAR-PDF-v0.2:EXP-RANK-A01,STAR-PDF-v0.2:EXP-RANK-A01,RANK-001 Rank/mapping theory + historical mapping work U + N EXP-RANK-A01 New experiment ,"""RANK-001 Rank/mapping theory + historical mapping work U + N EXP-RANK-A01 New experiment ""","Audit links to relevant registered protocols; original crosswalk references retained separately. New links are proposed relevance links, not alias confirmation or execution evidence.",[],PROPOSED / CONTROLLED TEST NOT VERIFIED,N,E-LCL-004;E-LCL-005,STAR-AUDIT-2026-10-03:E-LCL-004;STAR-AUDIT-2026-10-03:E-LCL-005,,false,false,historical/r&d/docs/provenance_audit/crosswalk_updates.json,079302b311c29b3787d1b87b963d2cfa3ecb01a515399c9c373df4f6d5478b9d,RANK-001,"{""baseline_crosswalk_text"": ""RANK-001 Rank/mapping theory + historical mapping work U + N EXP-RANK-A01 New experiment "", ""claim_id"": ""RANK-001"", ""current_assessment"": ""PROPOSED / CONTROLLED TEST NOT VERIFIED"", ""evidence_state"": ""N"", ""finding_ids"": [""E-LCL-004"", ""E-LCL-005""], ""link_semantics"": ""Audit links to relevant registered protocols; original crosswalk references retained separately. New links are proposed relevance links, not alias confirmation or execution evidence."", ""next_actions"": [""Retain partial lineage and missing-invariant diagnostics; bind exact upstream snapshot and preprocessing code to a registered dataset version before controlled testing."", ""Record estimated/proxy status explicitly; prevent3-Selmer exactness or cosmic-evidence promotion from these filenames/results.""], ""original_experiment_references"": [""EXP-RANK-A01""], ""provenance"": ""EXPLORATORY / UNVERIFIED"", ""registered_experiment_links"": [""EXP-RANK-A01""], ""replication_status"": ""NO NEW INDEPENDENT REPLICATION PERFORMED"", ""title"": ""Rank/Environment Correspondence"", ""unresolved_references"": []}",Rank/Environment Correspondence,EXPLORATORY / UNVERIFIED,"[""Retain partial lineage and missing-invariant diagnostics; bind exact upstream snapshot and preprocessing code to a registered dataset version before controlled testing."", ""Record estimated/proxy status explicitly; prevent3-Selmer exactness or cosmic-evidence promotion from these filenames/results.""]"
STAR-PDF-v0.2,STAR-PDF-v0.2:RANK-002,RANK-002,STAR-PDF-v0.2:EXP-RANK-A02;STAR-PDF-v0.2:EXP-RANK-A01,STAR-PDF-v0.2:EXP-RANK-A02,RANK-002 Persistent-homology methodology + mapping framework U + N EXP-RANK-A02 New experiment ,"""RANK-002 Persistent-homology methodology + mapping framework U + N EXP-RANK-A02 New experiment ""","Audit links to relevant registered protocols; original crosswalk references retained separately. New links are proposed relevance links, not alias confirmation or execution evidence.",[],CANDIDATE/HISTORICAL EVIDENCE / RECONSTRUCTION REQUIRED,U + R + N,E-LCL-007;E-LCL-008;E-LCL-009;E-LCL-010,STAR-AUDIT-2026-10-03:E-LCL-007;STAR-AUDIT-2026-10-03:E-LCL-008;STAR-AUDIT-2026-10-03:E-LCL-009;STAR-AUDIT-2026-10-03:E-LCL-010,QASSET-0010;QASSET-0011;QASSET-0012;QASSET-0013;QASSET-0014;QASSET-0015;QASSET-0016;QASSET-0017;QASSET-0018;QASSET-0019;QASSET-0020;QASSET-0021;QASSET-0022;QASSET-0023;QASSET-0024;QASSET-0025;QASSET-0026;QASSET-0027;QASSET-0028;QASSET-0029;QASSET-0030;QASSET-0031;QASSET-0032;QASSET-0033;QASSET-0034;QASSET-0035;QASSET-0036;QASSET-0037,false,false,historical/r&d/docs/provenance_audit/crosswalk_updates.json,079302b311c29b3787d1b87b963d2cfa3ecb01a515399c9c373df4f6d5478b9d,RANK-002,"{""baseline_crosswalk_text"": ""RANK-002 Persistent-homology methodology + mapping framework U + N EXP-RANK-A02 New experiment "", ""claim_id"": ""RANK-002"", ""current_assessment"": ""CANDIDATE/HISTORICAL EVIDENCE / RECONSTRUCTION REQUIRED"", ""evidence_state"": ""U + R + N"", ""finding_ids"": [""E-LCL-007"", ""E-LCL-008"", ""E-LCL-009"", ""E-LCL-010""], ""link_semantics"": ""Audit links to relevant registered protocols; original crosswalk references retained separately. New links are proposed relevance links, not alias confirmation or execution evidence."", ""next_actions"": [""Keep both generation IDs and exact input hashes; register RTCH-E1 as a separate local simulation/control if desired, without silently substituting it for canonical EXP-RTCH-B01."", ""Retain both null/diagnostic generations. Rebuild adequate null counts, effect sizes, intervals, multiple-comparison controls, code binding and independent arithmetic/astronomical inputs before empirical promotion."", ""Exclude undefined-correlation p-values from support, preserve them as diagnostic failures, and require finite/constant-input checks before permutation reporting."", ""Set Leakage Status POTENTIAL LEAKAGE for rank generalization and CONFIRMED TARGET CONTAMINATION for Faltings-held-out interpretation; rebuild fold-local embeddings and remove target-defining inputs for independent prediction tests.""], ""original_experiment_references"": [""EXP-RANK-A02""], ""provenance"": ""EXPLORATORY / HISTORICAL MODEL"", ""registered_experiment_links"": [""EXP-RANK-A02"", ""EXP-RANK-A01""], ""replication_status"": ""NO NEW INDEPENDENT REPLICATION PERFORMED"", ""title"": ""Rank/Topological Complexity"", ""unresolved_references"": []}",Rank/Topological Complexity,EXPLORATORY / HISTORICAL MODEL,"[""Keep both generation IDs and exact input hashes; register RTCH-E1 as a separate local simulation/control if desired, without silently substituting it for canonical EXP-RTCH-B01."", ""Retain both null/diagnostic generations. Rebuild adequate null counts, effect sizes, intervals, multiple-comparison controls, code binding and independent arithmetic/astronomical inputs before empirical promotion."", ""Exclude undefined-correlation p-values from support, preserve them as diagnostic failures, and require finite/constant-input checks before permutation reporting."", ""Set Leakage Status POTENTIAL LEAKAGE for rank generalization and CONFIRMED TARGET CONTAMINATION for Faltings-held-out interpretation; rebuild fold-local embeddings and remove target-defining inputs for independent prediction tests.""]"
STAR-PDF-v0.2,STAR-PDF-v0.2:RANK-003,RANK-003,STAR-PDF-v0.2:EXP-RANK-A02;STAR-PDF-v0.2:EXP-RANK-A01,STAR-PDF-v0.2:EXP-RANK-A03,RANK-003 Historical rank/environment hypothesis H EXP-RANK-A03 New experiment ,"""RANK-003 Historical rank/environment hypothesis H EXP-RANK-A03 New experiment ""","Audit links to relevant registered protocols; original crosswalk references retained separately. New links are proposed relevance links, not alias confirmation or execution evidence.","[{""historical_reference"": ""EXP-RANK-A03"", ""canonical_definition_present"": false, ""resolution_status"": ""PENDING / DO NOT MERGE BY ID"", ""candidate_canonical_id"": null, ""alias_resolution"": ""NO ALIAS ASSIGNED"", ""referencing_claims"": [""RANK-003""], ""required_action"": ""Preserve original reference and reconcile/register its complete protocol explicitly. A related canonical experiment is not a confirmed alias.""}]",PROPOSED / CONTROLLED TEST NOT VERIFIED,N,E-LCL-005,STAR-AUDIT-2026-10-03:E-LCL-005,,false,false,historical/r&d/docs/provenance_audit/crosswalk_updates.json,079302b311c29b3787d1b87b963d2cfa3ecb01a515399c9c373df4f6d5478b9d,RANK-003,"{""baseline_crosswalk_text"": ""RANK-003 Historical rank/environment hypothesis H EXP-RANK-A03 New experiment "", ""claim_id"": ""RANK-003"", ""current_assessment"": ""PROPOSED / CONTROLLED TEST NOT VERIFIED"", ""evidence_state"": ""N"", ""finding_ids"": [""E-LCL-005""], ""link_semantics"": ""Audit links to relevant registered protocols; original crosswalk references retained separately. New links are proposed relevance links, not alias confirmation or execution evidence."", ""next_actions"": [""Record estimated/proxy status explicitly; prevent3-Selmer exactness or cosmic-evidence promotion from these filenames/results.""], ""original_experiment_references"": [""EXP-RANK-A03""], ""provenance"": ""EXPLORATORY / UNVERIFIED"", ""registered_experiment_links"": [""EXP-RANK-A02"", ""EXP-RANK-A01""], ""replication_status"": ""NO NEW INDEPENDENT REPLICATION PERFORMED"", ""title"": ""Rank-Stratified Cosmic Structure"", ""unresolved_references"": [{""alias_resolution"": ""NO ALIAS ASSIGNED"", ""candidate_canonical_id"": null, ""canonical_definition_present"": false, ""historical_reference"": ""EXP-RANK-A03"", ""referencing_claims"": [""RANK-003""], ""required_action"": ""Preserve original reference and reconcile/register its complete protocol explicitly. A related canonical experiment is not a confirmed alias."", ""resolution_status"": ""PENDING / DO NOT MERGE BY ID""}]}",Rank-Stratified Cosmic Structure,EXPLORATORY / UNVERIFIED,"[""Record estimated/proxy status explicitly; prevent3-Selmer exactness or cosmic-evidence promotion from these filenames/results.""]"
STAR-PDF-v0.2,STAR-PDF-v0.2:MAP-001,MAP-001,STAR-PDF-v0.2:EXP-MAP-A01,STAR-PDF-v0.2:EXP-MAP-A01,MAP-001 Alternative-mapping document U EXP-MAP-A01 Controlled comparison ,"""MAP-001 Alternative-mapping document U EXP-MAP-A01 Controlled comparison ""","Audit links to relevant registered protocols; original crosswalk references retained separately. New links are proposed relevance links, not alias confirmation or execution evidence.",[],CANDIDATE/HISTORICAL EVIDENCE / RECONSTRUCTION REQUIRED,U + R + N,E-LCL-003;E-LCL-016,STAR-AUDIT-2026-10-03:E-LCL-003;STAR-AUDIT-2026-10-03:E-LCL-016,QASSET-0003;QASSET-0004;QASSET-0005;QASSET-0006;QASSET-0007;QASSET-0008;QASSET-0009,false,false,historical/r&d/docs/provenance_audit/crosswalk_updates.json,079302b311c29b3787d1b87b963d2cfa3ecb01a515399c9c373df4f6d5478b9d,MAP-001,"{""baseline_crosswalk_text"": ""MAP-001 Alternative-mapping document U EXP-MAP-A01 Controlled comparison "", ""claim_id"": ""MAP-001"", ""current_assessment"": ""CANDIDATE/HISTORICAL EVIDENCE / RECONSTRUCTION REQUIRED"", ""evidence_state"": ""U + R + N"", ""finding_ids"": [""E-LCL-003"", ""E-LCL-016""], ""link_semantics"": ""Audit links to relevant registered protocols; original crosswalk references retained separately. New links are proposed relevance links, not alias confirmation or execution evidence."", ""next_actions"": [""Preserve exact-path/hash revisions, flag copied manifests as inconsistent, and do not attribute working full-sample results to packaged subsets or blank outputs."", ""Bind website displays to a synthetic/model provenance label; preserve model formulas and coefficients as construction choices. Keep COSMO-E002 downstream; displayed agreement with calibration anchors is not independent confirmation.""], ""original_experiment_references"": [""EXP-MAP-A01""], ""provenance"": ""EXPLORATORY / HISTORICAL MODEL"", ""registered_experiment_links"": [""EXP-MAP-A01""], ""replication_status"": ""NO NEW INDEPENDENT REPLICATION PERFORMED"", ""title"": ""Arithmetic Projection"", ""unresolved_references"": []}",Arithmetic Projection,EXPLORATORY / HISTORICAL MODEL,"[""Preserve exact-path/hash revisions, flag copied manifests as inconsistent, and do not attribute working full-sample results to packaged subsets or blank outputs."", ""Bind website displays to a synthetic/model provenance label; preserve model formulas and coefficients as construction choices. Keep COSMO-E002 downstream; displayed agreement with calibration anchors is not independent confirmation.""]"
STAR-PDF-v0.2,STAR-PDF-v0.2:MAP-002,MAP-002,STAR-PDF-v0.2:EXP-MAP-A01,STAR-PDF-v0.2:EXP-MAP-A01,MAP-002 Historical (\Phi) implementations U + R EXP-MAP-A01 Reconstruction ,"""MAP-002 Historical (\\Phi) implementations U + R EXP-MAP-A01 Reconstruction ""","Audit links to relevant registered protocols; original crosswalk references retained separately. New links are proposed relevance links, not alias confirmation or execution evidence.",[],CANDIDATE/HISTORICAL EVIDENCE / RECONSTRUCTION REQUIRED,U + R + N,E-LCL-003;E-LCL-004;E-LCL-016,STAR-AUDIT-2026-10-03:E-LCL-003;STAR-AUDIT-2026-10-03:E-LCL-004;STAR-AUDIT-2026-10-03:E-LCL-016,QASSET-0003;QASSET-0004;QASSET-0005;QASSET-0006;QASSET-0007;QASSET-0008;QASSET-0009,false,false,historical/r&d/docs/provenance_audit/crosswalk_updates.json,079302b311c29b3787d1b87b963d2cfa3ecb01a515399c9c373df4f6d5478b9d,MAP-002,"{""baseline_crosswalk_text"": ""MAP-002 Historical (\\Phi) implementations U + R EXP-MAP-A01 Reconstruction "", ""claim_id"": ""MAP-002"", ""current_assessment"": ""CANDIDATE/HISTORICAL EVIDENCE / RECONSTRUCTION REQUIRED"", ""evidence_state"": ""U + R + N"", ""finding_ids"": [""E-LCL-003"", ""E-LCL-004"", ""E-LCL-016""], ""link_semantics"": ""Audit links to relevant registered protocols; original crosswalk references retained separately. New links are proposed relevance links, not alias confirmation or execution evidence."", ""next_actions"": [""Preserve exact-path/hash revisions, flag copied manifests as inconsistent, and do not attribute working full-sample results to packaged subsets or blank outputs."", ""Retain partial lineage and missing-invariant diagnostics; bind exact upstream snapshot and preprocessing code to a registered dataset version before controlled testing."", ""Bind website displays to a synthetic/model provenance label; preserve model formulas and coefficients as construction choices. Keep COSMO-E002 downstream; displayed agreement with calibration anchors is not independent confirmation.""], ""original_experiment_references"": [""EXP-MAP-A01""], ""provenance"": ""EXPLORATORY / HISTORICAL MODEL"", ""registered_experiment_links"": [""EXP-MAP-A01""], ""replication_status"": ""NO NEW INDEPENDENT REPLICATION PERFORMED"", ""title"": ""Extended Projection"", ""unresolved_references"": []}",Extended Projection,EXPLORATORY / HISTORICAL MODEL,"[""Preserve exact-path/hash revisions, flag copied manifests as inconsistent, and do not attribute working full-sample results to packaged subsets or blank outputs."", ""Retain partial lineage and missing-invariant diagnostics; bind exact upstream snapshot and preprocessing code to a registered dataset version before controlled testing."", ""Bind website displays to a synthetic/model provenance label; preserve model formulas and coefficients as construction choices. Keep COSMO-E002 downstream; displayed agreement with calibration anchors is not independent confirmation.""]"
STAR-PDF-v0.2,STAR-PDF-v0.2:MAP-003,MAP-003,STAR-PDF-v0.2:EXP-MAP-A02;STAR-PDF-v0.2:EXP-MAP-A01,STAR-PDF-v0.2:EXP-MAP-A02,MAP-003 Historical (z=200r) work U + R EXP-MAP-A02 Parameter sweep ,"""MAP-003 Historical (z=200r) work U + R EXP-MAP-A02 Parameter sweep ""","Audit links to relevant registered protocols; original crosswalk references retained separately. New links are proposed relevance links, not alias confirmation or execution evidence.",[],CANDIDATE/HISTORICAL EVIDENCE / RECONSTRUCTION REQUIRED,U + R + N,E-LCL-003,STAR-AUDIT-2026-10-03:E-LCL-003,QASSET-0003;QASSET-0004;QASSET-0005;QASSET-0006;QASSET-0007;QASSET-0008;QASSET-0009,false,false,historical/r&d/docs/provenance_audit/crosswalk_updates.json,079302b311c29b3787d1b87b963d2cfa3ecb01a515399c9c373df4f6d5478b9d,MAP-003,"{""baseline_crosswalk_text"": ""MAP-003 Historical (z=200r) work U + R EXP-MAP-A02 Parameter sweep "", ""claim_id"": ""MAP-003"", ""current_assessment"": ""CANDIDATE/HISTORICAL EVIDENCE / RECONSTRUCTION REQUIRED"", ""evidence_state"": ""U + R + N"", ""finding_ids"": [""E-LCL-003""], ""link_semantics"": ""Audit links to relevant registered protocols; original crosswalk references retained separately. New links are proposed relevance links, not alias confirmation or execution evidence."", ""next_actions"": [""Preserve exact-path/hash revisions, flag copied manifests as inconsistent, and do not attribute working full-sample results to packaged subsets or blank outputs.""], ""original_experiment_references"": [""EXP-MAP-A02""], ""provenance"": ""EXPLORATORY / HISTORICAL MODEL"", ""registered_experiment_links"": [""EXP-MAP-A02"", ""EXP-MAP-A01""], ""replication_status"": ""NO NEW INDEPENDENT REPLICATION PERFORMED"", ""title"": ""Rank Elevation"", ""unresolved_references"": []}",Rank Elevation,EXPLORATORY / HISTORICAL MODEL,"[""Preserve exact-path/hash revisions, flag copied manifests as inconsistent, and do not attribute working full-sample results to packaged subsets or blank outputs.""]"
STAR-PDF-v0.2,STAR-PDF-v0.2:MAP-004,MAP-004,STAR-PDF-v0.2:EXP-MAP-A01,STAR-PDF-v0.2:EXP-MAP-A01,MAP-004 Criteria for Alternative Mappings U EXP-MAP-A01 Formalize test ,"""MAP-004 Criteria for Alternative Mappings U EXP-MAP-A01 Formalize test ""","Audit links to relevant registered protocols; original crosswalk references retained separately. New links are proposed relevance links, not alias confirmation or execution evidence.",[],MODEL/METHODOLOGICAL REQUIREMENT RETAINED,U + N,,,,false,false,historical/r&d/docs/provenance_audit/crosswalk_updates.json,079302b311c29b3787d1b87b963d2cfa3ecb01a515399c9c373df4f6d5478b9d,MAP-004,"{""baseline_crosswalk_text"": ""MAP-004 Criteria for Alternative Mappings U EXP-MAP-A01 Formalize test "", ""claim_id"": ""MAP-004"", ""current_assessment"": ""MODEL/METHODOLOGICAL REQUIREMENT RETAINED"", ""evidence_state"": ""U + N"", ""finding_ids"": [], ""link_semantics"": ""Audit links to relevant registered protocols; original crosswalk references retained separately. New links are proposed relevance links, not alias confirmation or execution evidence."", ""next_actions"": [""Follow the original registered test/derivation and charter controls; bind source releases, exact code, parameters, seeds, nulls and held-out results before promotion.""], ""original_experiment_references"": [""EXP-MAP-A01""], ""provenance"": ""THEORETICAL / EXPLORATORY"", ""registered_experiment_links"": [""EXP-MAP-A01""], ""replication_status"": ""NO NEW INDEPENDENT REPLICATION PERFORMED"", ""title"": ""Mapping Non-Bijectivity"", ""unresolved_references"": []}",Mapping Non-Bijectivity,THEORETICAL / EXPLORATORY,"[""Follow the original registered test/derivation and charter controls; bind source releases, exact code, parameters, seeds, nulls and held-out results before promotion.""]"
STAR-PDF-v0.2,STAR-PDF-v0.2:MAP-005,MAP-005,STAR-PDF-v0.2:EXP-MAP-A01,STAR-PDF-v0.2:EXP-MAP-A01,MAP-005 MCJ/PTD/FT alternatives U EXP-MAP-A01 New controlled comparison ,"""MAP-005 MCJ/PTD/FT alternatives U EXP-MAP-A01 New controlled comparison ""","Audit links to relevant registered protocols; original crosswalk references retained separately. New links are proposed relevance links, not alias confirmation or execution evidence.",[],CANDIDATE/HISTORICAL EVIDENCE / RECONSTRUCTION REQUIRED,U + R + N,E-LCL-006,STAR-AUDIT-2026-10-03:E-LCL-006,,false,false,historical/r&d/docs/provenance_audit/crosswalk_updates.json,079302b311c29b3787d1b87b963d2cfa3ecb01a515399c9c373df4f6d5478b9d,MAP-005,"{""baseline_crosswalk_text"": ""MAP-005 MCJ/PTD/FT alternatives U EXP-MAP-A01 New controlled comparison "", ""claim_id"": ""MAP-005"", ""current_assessment"": ""CANDIDATE/HISTORICAL EVIDENCE / RECONSTRUCTION REQUIRED"", ""evidence_state"": ""U + R + N"", ""finding_ids"": [""E-LCL-006""], ""link_semantics"": ""Audit links to relevant registered protocols; original crosswalk references retained separately. New links are proposed relevance links, not alias confirmation or execution evidence."", ""next_actions"": [""Retain completed-run reports as historical computational evidence only; reconstruct identical mapping, filtration and survey/null comparisons before TOPO-001 promotion.""], ""original_experiment_references"": [""EXP-MAP-A01""], ""provenance"": ""EXPLORATORY / HISTORICAL MODEL"", ""registered_experiment_links"": [""EXP-MAP-A01""], ""replication_status"": ""NO NEW INDEPENDENT REPLICATION PERFORMED"", ""title"": ""Alternative Mapping Families"", ""unresolved_references"": []}",Alternative Mapping Families,EXPLORATORY / HISTORICAL MODEL,"[""Retain completed-run reports as historical computational evidence only; reconstruct identical mapping, filtration and survey/null comparisons before TOPO-001 promotion.""]"
STAR-PDF-v0.2,STAR-PDF-v0.2:ARITH-001,ARITH-001,STAR-PDF-v0.2:EXP-MAP-A03;STAR-PDF-v0.2:EXP-CTRL-A02,STAR-PDF-v0.2:EXP-MAP-A03,ARITH-001 Fibonacci/Lucas implementations U + H EXP-MAP-A03 New control experiment ,"""ARITH-001 Fibonacci/Lucas implementations U + H EXP-MAP-A03 New control experiment ""","Audit links to relevant registered protocols; original crosswalk references retained separately. New links are proposed relevance links, not alias confirmation or execution evidence.",[],PROPOSED / CONTROLLED TEST NOT VERIFIED,N,,,,false,false,historical/r&d/docs/provenance_audit/crosswalk_updates.json,079302b311c29b3787d1b87b963d2cfa3ecb01a515399c9c373df4f6d5478b9d,ARITH-001,"{""baseline_crosswalk_text"": ""ARITH-001 Fibonacci/Lucas implementations U + H EXP-MAP-A03 New control experiment "", ""claim_id"": ""ARITH-001"", ""current_assessment"": ""PROPOSED / CONTROLLED TEST NOT VERIFIED"", ""evidence_state"": ""N"", ""finding_ids"": [], ""link_semantics"": ""Audit links to relevant registered protocols; original crosswalk references retained separately. New links are proposed relevance links, not alias confirmation or execution evidence."", ""next_actions"": [""Follow the original registered test/derivation and charter controls; bind source releases, exact code, parameters, seeds, nulls and held-out results before promotion.""], ""original_experiment_references"": [""EXP-MAP-A03""], ""provenance"": ""EXPLORATORY / UNVERIFIED"", ""registered_experiment_links"": [""EXP-MAP-A03"", ""EXP-CTRL-A02""], ""replication_status"": ""NO NEW INDEPENDENT REPLICATION PERFORMED"", ""title"": ""Fibonacci/Lucas Generators"", ""unresolved_references"": []}",Fibonacci/Lucas Generators,EXPLORATORY / UNVERIFIED,"[""Follow the original registered test/derivation and charter controls; bind source releases, exact code, parameters, seeds, nulls and held-out results before promotion.""]"
STAR-PDF-v0.2,STAR-PDF-v0.2:TOPO-001,TOPO-001,STAR-PDF-v0.2:EXP-TOPO-A01;STAR-PDF-v0.2:EXP-RANK-A02,STAR-PDF-v0.2:EXP-TOPO-A01,TOPO-001 TDA code/methodology + historical distance results U + R EXP-TOPO-A01 Reconstruction ,"""TOPO-001 TDA code/methodology + historical distance results U + R EXP-TOPO-A01 Reconstruction ""","Audit links to relevant registered protocols; original crosswalk references retained separately. New links are proposed relevance links, not alias confirmation or execution evidence.",[],CANDIDATE/HISTORICAL EVIDENCE / RECONSTRUCTION REQUIRED,U + R + N,E-LCL-003;E-LCL-006;E-LCL-007;E-LCL-008;E-LCL-009;E-LCL-011,STAR-AUDIT-2026-10-03:E-LCL-003;STAR-AUDIT-2026-10-03:E-LCL-006;STAR-AUDIT-2026-10-03:E-LCL-007;STAR-AUDIT-2026-10-03:E-LCL-008;STAR-AUDIT-2026-10-03:E-LCL-009;STAR-AUDIT-2026-10-03:E-LCL-011,QASSET-0003;QASSET-0004;QASSET-0005;QASSET-0006;QASSET-0007;QASSET-0008;QASSET-0009;QASSET-0010;QASSET-0011;QASSET-0012;QASSET-0013;QASSET-0014;QASSET-0015;QASSET-0016;QASSET-0017;QASSET-0018;QASSET-0019;QASSET-0020;QASSET-0021;QASSET-0022;QASSET-0023;QASSET-0024;QASSET-0025;QASSET-0026;QASSET-0027;QASSET-0028;QASSET-0029;QASSET-0030;QASSET-0031;QASSET-0032;QASSET-0033;QASSET-0034;QASSET-0035;QASSET-0036;QASSET-0037,false,false,historical/r&d/docs/provenance_audit/crosswalk_updates.json,079302b311c29b3787d1b87b963d2cfa3ecb01a515399c9c373df4f6d5478b9d,TOPO-001,"{""baseline_crosswalk_text"": ""TOPO-001 TDA code/methodology + historical distance results U + R EXP-TOPO-A01 Reconstruction "", ""claim_id"": ""TOPO-001"", ""current_assessment"": ""CANDIDATE/HISTORICAL EVIDENCE / RECONSTRUCTION REQUIRED"", ""evidence_state"": ""U + R + N"", ""finding_ids"": [""E-LCL-003"", ""E-LCL-006"", ""E-LCL-007"", ""E-LCL-008"", ""E-LCL-009"", ""E-LCL-011""], ""link_semantics"": ""Audit links to relevant registered protocols; original crosswalk references retained separately. New links are proposed relevance links, not alias confirmation or execution evidence."", ""next_actions"": [""Preserve exact-path/hash revisions, flag copied manifests as inconsistent, and do not attribute working full-sample results to packaged subsets or blank outputs."", ""Retain completed-run reports as historical computational evidence only; reconstruct identical mapping, filtration and survey/null comparisons before TOPO-001 promotion."", ""Keep both generation IDs and exact input hashes; register RTCH-E1 as a separate local simulation/control if desired, without silently substituting it for canonical EXP-RTCH-B01."", ""Retain both null/diagnostic generations. Rebuild adequate null counts, effect sizes, intervals, multiple-comparison controls, code binding and independent arithmetic/astronomical inputs before empirical promotion."", ""Exclude undefined-correlation p-values from support, preserve them as diagnostic failures, and require finite/constant-input checks before permutation reporting."", ""Record CSV stability output separately from empty JSON summary and require genuine perturbation/subsampling before claiming robustness.""], ""original_experiment_references"": [""EXP-TOPO-A01""], ""provenance"": ""EXPLORATORY / HISTORICAL MODEL"", ""registered_experiment_links"": [""EXP-TOPO-A01"", ""EXP-RANK-A02""], ""replication_status"": ""NO NEW INDEPENDENT REPLICATION PERFORMED"", ""title"": ""Persistent Homology Correspondence"", ""unresolved_references"": []}",Persistent Homology Correspondence,EXPLORATORY / HISTORICAL MODEL,"[""Preserve exact-path/hash revisions, flag copied manifests as inconsistent, and do not attribute working full-sample results to packaged subsets or blank outputs."", ""Retain completed-run reports as historical computational evidence only; reconstruct identical mapping, filtration and survey/null comparisons before TOPO-001 promotion."", ""Keep both generation IDs and exact input hashes; register RTCH-E1 as a separate local simulation/control if desired, without silently substituting it for canonical EXP-RTCH-B01."", ""Retain both null/diagnostic generations. Rebuild adequate null counts, effect sizes, intervals, multiple-comparison controls, code binding and independent arithmetic/astronomical inputs before empirical promotion."", ""Exclude undefined-correlation p-values from support, preserve them as diagnostic failures, and require finite/constant-input checks before permutation reporting."", ""Record CSV stability output separately from empty JSON summary and require genuine perturbation/subsampling before claiming robustness.""]"
STAR-PDF-v0.2,STAR-PDF-v0.2:TOPO-002,TOPO-002,STAR-PDF-v0.2:EXP-RANK-A02;STAR-PDF-v0.2:EXP-TOPO-A01,STAR-PDF-v0.2:EXP-TOPO-A02,TOPO-002 Void/topology framework H EXP-TOPO-A02 New experiment ,"""TOPO-002 Void/topology framework H EXP-TOPO-A02 New experiment ""","Audit links to relevant registered protocols; original crosswalk references retained separately. New links are proposed relevance links, not alias confirmation or execution evidence.","[{""historical_reference"": ""EXP-TOPO-A02"", ""canonical_definition_present"": false, ""resolution_status"": ""PENDING / DO NOT MERGE BY ID"", ""candidate_canonical_id"": null, ""alias_resolution"": ""NO ALIAS ASSIGNED"", ""referencing_claims"": [""TOPO-002""], ""required_action"": ""Preserve original reference and reconcile/register its complete protocol explicitly. A related canonical experiment is not a confirmed alias.""}]",CANDIDATE/HISTORICAL EVIDENCE / RECONSTRUCTION REQUIRED,U + R + N,E-LCL-006,STAR-AUDIT-2026-10-03:E-LCL-006,,false,false,historical/r&d/docs/provenance_audit/crosswalk_updates.json,079302b311c29b3787d1b87b963d2cfa3ecb01a515399c9c373df4f6d5478b9d,TOPO-002,"{""baseline_crosswalk_text"": ""TOPO-002 Void/topology framework H EXP-TOPO-A02 New experiment "", ""claim_id"": ""TOPO-002"", ""current_assessment"": ""CANDIDATE/HISTORICAL EVIDENCE / RECONSTRUCTION REQUIRED"", ""evidence_state"": ""U + R + N"", ""finding_ids"": [""E-LCL-006""], ""link_semantics"": ""Audit links to relevant registered protocols; original crosswalk references retained separately. New links are proposed relevance links, not alias confirmation or execution evidence."", ""next_actions"": [""Retain completed-run reports as historical computational evidence only; reconstruct identical mapping, filtration and survey/null comparisons before TOPO-001 promotion.""], ""original_experiment_references"": [""EXP-TOPO-A02""], ""provenance"": ""EXPLORATORY / HISTORICAL MODEL"", ""registered_experiment_links"": [""EXP-RANK-A02"", ""EXP-TOPO-A01""], ""replication_status"": ""NO NEW INDEPENDENT REPLICATION PERFORMED"", ""title"": ""Void Structure"", ""unresolved_references"": [{""alias_resolution"": ""NO ALIAS ASSIGNED"", ""candidate_canonical_id"": null, ""canonical_definition_present"": false, ""historical_reference"": ""EXP-TOPO-A02"", ""referencing_claims"": [""TOPO-002""], ""required_action"": ""Preserve original reference and reconcile/register its complete protocol explicitly. A related canonical experiment is not a confirmed alias."", ""resolution_status"": ""PENDING / DO NOT MERGE BY ID""}]}",Void Structure,EXPLORATORY / HISTORICAL MODEL,"[""Retain completed-run reports as historical computational evidence only; reconstruct identical mapping, filtration and survey/null comparisons before TOPO-001 promotion.""]"
STAR-PDF-v0.2,STAR-PDF-v0.2:TOPO-003,TOPO-003,STAR-PDF-v0.2:EXP-TOPO-A01,STAR-PDF-v0.2:EXP-TOPO-A03,TOPO-003 Connected-component methodology U EXP-TOPO-A03 New experiment ,"""TOPO-003 Connected-component methodology U EXP-TOPO-A03 New experiment ""","Audit links to relevant registered protocols; original crosswalk references retained separately. New links are proposed relevance links, not alias confirmation or execution evidence.","[{""historical_reference"": ""EXP-TOPO-A03"", ""canonical_definition_present"": false, ""resolution_status"": ""PENDING / DO NOT MERGE BY ID"", ""candidate_canonical_id"": null, ""alias_resolution"": ""NO ALIAS ASSIGNED"", ""referencing_claims"": [""TOPO-003""], ""required_action"": ""Preserve original reference and reconcile/register its complete protocol explicitly. A related canonical experiment is not a confirmed alias.""}]",PROPOSED / CONTROLLED TEST NOT VERIFIED,N,,,,false,false,historical/r&d/docs/provenance_audit/crosswalk_updates.json,079302b311c29b3787d1b87b963d2cfa3ecb01a515399c9c373df4f6d5478b9d,TOPO-003,"{""baseline_crosswalk_text"": ""TOPO-003 Connected-component methodology U EXP-TOPO-A03 New experiment "", ""claim_id"": ""TOPO-003"", ""current_assessment"": ""PROPOSED / CONTROLLED TEST NOT VERIFIED"", ""evidence_state"": ""N"", ""finding_ids"": [], ""link_semantics"": ""Audit links to relevant registered protocols; original crosswalk references retained separately. New links are proposed relevance links, not alias confirmation or execution evidence."", ""next_actions"": [""Follow the original registered test/derivation and charter controls; bind source releases, exact code, parameters, seeds, nulls and held-out results before promotion.""], ""original_experiment_references"": [""EXP-TOPO-A03""], ""provenance"": ""EXPLORATORY / UNVERIFIED"", ""registered_experiment_links"": [""EXP-TOPO-A01""], ""replication_status"": ""NO NEW INDEPENDENT REPLICATION PERFORMED"", ""title"": ""Connected Components"", ""unresolved_references"": [{""alias_resolution"": ""NO ALIAS ASSIGNED"", ""candidate_canonical_id"": null, ""canonical_definition_present"": false, ""historical_reference"": ""EXP-TOPO-A03"", ""referencing_claims"": [""TOPO-003""], ""required_action"": ""Preserve original reference and reconcile/register its complete protocol explicitly. A related canonical experiment is not a confirmed alias."", ""resolution_status"": ""PENDING / DO NOT MERGE BY ID""}]}",Connected Components,EXPLORATORY / UNVERIFIED,"[""Follow the original registered test/derivation and charter controls; bind source releases, exact code, parameters, seeds, nulls and held-out results before promotion.""]"
STAR-PDF-v0.2,STAR-PDF-v0.2:MATH-K001,MATH-K001,STAR-PDF-v0.2:EXP-K001,STAR-PDF-v0.2:EXP-K001,MATH-K001 Validation of BSDCT.pdf + simulations U + R EXP-K001 Mathematical reconstruction ,"""MATH-K001 Validation of BSDCT.pdf + simulations U + R EXP-K001 Mathematical reconstruction ""","Audit links to relevant registered protocols; original crosswalk references retained separately. New links are proposed relevance links, not alias confirmation or execution evidence.",[],THEORETICAL STATEMENT / INDEPENDENT DERIVATION AUDIT REQUIRED,U + D + R,E-DRV-001,STAR-AUDIT-2026-10-03:E-DRV-001,,false,false,historical/r&d/docs/provenance_audit/crosswalk_updates.json,079302b311c29b3787d1b87b963d2cfa3ecb01a515399c9c373df4f6d5478b9d,MATH-K001,"{""baseline_crosswalk_text"": ""MATH-K001 Validation of BSDCT.pdf + simulations U + R EXP-K001 Mathematical reconstruction "", ""claim_id"": ""MATH-K001"", ""current_assessment"": ""THEORETICAL STATEMENT / INDEPENDENT DERIVATION AUDIT REQUIRED"", ""evidence_state"": ""U + D + R"", ""finding_ids"": [""E-DRV-001""], ""link_semantics"": ""Audit links to relevant registered protocols; original crosswalk references retained separately. New links are proposed relevance links, not alias confirmation or execution evidence."", ""next_actions"": [""Reconstruct assumptions, exact masses/units, median definition, seeds and sample selection. Retain unstable results and separate the expectation argument from physical interpretation.""], ""original_experiment_references"": [""EXP-K001""], ""provenance"": ""THEORETICAL"", ""registered_experiment_links"": [""EXP-K001""], ""replication_status"": ""NO NEW INDEPENDENT REPLICATION PERFORMED"", ""title"": ""Log-Normal Reciprocal Normalization"", ""unresolved_references"": []}",Log-Normal Reciprocal Normalization,THEORETICAL,"[""Reconstruct assumptions, exact masses/units, median definition, seeds and sample selection. Retain unstable results and separate the expectation argument from physical interpretation.""]"
STAR-PDF-v0.2,STAR-PDF-v0.2:MATH-K002,MATH-K002,STAR-PDF-v0.2:EXP-K001,STAR-PDF-v0.2:EXP-K001,MATH-K002 (K\approx0.998108) simulations U EXP-K001 Reproduce ,"""MATH-K002 (K\\approx0.998108) simulations U EXP-K001 Reproduce ""","Audit links to relevant registered protocols; original crosswalk references retained separately. New links are proposed relevance links, not alias confirmation or execution evidence.",[],UNVERIFIED HISTORICAL RESULT / RECONSTRUCTION REQUIRED,U + R,E-DRV-001,STAR-AUDIT-2026-10-03:E-DRV-001,,false,false,historical/r&d/docs/provenance_audit/crosswalk_updates.json,079302b311c29b3787d1b87b963d2cfa3ecb01a515399c9c373df4f6d5478b9d,MATH-K002,"{""baseline_crosswalk_text"": ""MATH-K002 (K\\approx0.998108) simulations U EXP-K001 Reproduce "", ""claim_id"": ""MATH-K002"", ""current_assessment"": ""UNVERIFIED HISTORICAL RESULT / RECONSTRUCTION REQUIRED"", ""evidence_state"": ""U + R"", ""finding_ids"": [""E-DRV-001""], ""link_semantics"": ""Audit links to relevant registered protocols; original crosswalk references retained separately. New links are proposed relevance links, not alias confirmation or execution evidence."", ""next_actions"": [""Reconstruct assumptions, exact masses/units, median definition, seeds and sample selection. Retain unstable results and separate the expectation argument from physical interpretation.""], ""original_experiment_references"": [""EXP-K001""], ""provenance"": ""SIMULATION / HISTORICAL MODEL"", ""registered_experiment_links"": [""EXP-K001""], ""replication_status"": ""NO NEW INDEPENDENT REPLICATION PERFORMED"", ""title"": ""Historical K Simulation"", ""unresolved_references"": []}",Historical K Simulation,SIMULATION / HISTORICAL MODEL,"[""Reconstruct assumptions, exact masses/units, median definition, seeds and sample selection. Retain unstable results and separate the expectation argument from physical interpretation.""]"
STAR-PDF-v0.2,STAR-PDF-v0.2:MATH-K003,MATH-K003,,STAR-PDF-v0.2:EXP-K002,MATH-K003 Conflicting historical K values U + X EXP-K002 Stability study ,"""MATH-K003 Conflicting historical K values U + X EXP-K002 Stability study ""","Audit links to relevant registered protocols; original crosswalk references retained separately. New links are proposed relevance links, not alias confirmation or execution evidence.","[{""historical_reference"": ""EXP-K002"", ""canonical_definition_present"": false, ""resolution_status"": ""PENDING / DO NOT MERGE BY ID"", ""candidate_canonical_id"": null, ""alias_resolution"": ""NO ALIAS ASSIGNED"", ""referencing_claims"": [""MATH-K003""], ""required_action"": ""Preserve original reference and reconcile/register its complete protocol explicitly. A related canonical experiment is not a confirmed alias.""}]",NEGATIVE HISTORICAL REPORT RETAINED / NOT RERUN,U + X + R,E-DRV-001,STAR-AUDIT-2026-10-03:E-DRV-001,,false,false,historical/r&d/docs/provenance_audit/crosswalk_updates.json,079302b311c29b3787d1b87b963d2cfa3ecb01a515399c9c373df4f6d5478b9d,MATH-K003,"{""baseline_crosswalk_text"": ""MATH-K003 Conflicting historical K values U + X EXP-K002 Stability study "", ""claim_id"": ""MATH-K003"", ""current_assessment"": ""NEGATIVE HISTORICAL REPORT RETAINED / NOT RERUN"", ""evidence_state"": ""U + X + R"", ""finding_ids"": [""E-DRV-001""], ""link_semantics"": ""Audit links to relevant registered protocols; original crosswalk references retained separately. New links are proposed relevance links, not alias confirmation or execution evidence."", ""next_actions"": [""Reconstruct assumptions, exact masses/units, median definition, seeds and sample selection. Retain unstable results and separate the expectation argument from physical interpretation.""], ""original_experiment_references"": [""EXP-K002""], ""provenance"": ""HISTORICAL MODEL / NEGATIVE/NULL"", ""registered_experiment_links"": [], ""replication_status"": ""NO NEW INDEPENDENT REPLICATION PERFORMED"", ""title"": ""Small-Sample K Instability"", ""unresolved_references"": [{""alias_resolution"": ""NO ALIAS ASSIGNED"", ""candidate_canonical_id"": null, ""canonical_definition_present"": false, ""historical_reference"": ""EXP-K002"", ""referencing_claims"": [""MATH-K003""], ""required_action"": ""Preserve original reference and reconcile/register its complete protocol explicitly. A related canonical experiment is not a confirmed alias."", ""resolution_status"": ""PENDING / DO NOT MERGE BY ID""}]}",Small-Sample K Instability,HISTORICAL MODEL / NEGATIVE/NULL,"[""Reconstruct assumptions, exact masses/units, median definition, seeds and sample selection. Retain unstable results and separate the expectation argument from physical interpretation.""]"
STAR-PDF-v0.2,STAR-PDF-v0.2:COSMO-L001,COSMO-L001,STAR-PDF-v0.2:EXP-L001;STAR-PDF-v0.2:EXP-CTRL-A03,STAR-PDF-v0.2:EXP-L001,COSMO-L001 L-cosmo(s).py and related scripts U + R EXP-L001 Leakage-controlled reconstruction ,"""COSMO-L001 L-cosmo(s).py and related scripts U + R EXP-L001 Leakage-controlled reconstruction ""","Audit links to relevant registered protocols; original crosswalk references retained separately. New links are proposed relevance links, not alias confirmation or execution evidence.",[],CANDIDATE/HISTORICAL EVIDENCE / RECONSTRUCTION REQUIRED,U + R + N,E-LCL-012;E-DRV-001;E-DRV-003,STAR-AUDIT-2026-10-03:E-LCL-012;STAR-AUDIT-2026-10-03:E-DRV-001;STAR-AUDIT-2026-10-03:E-DRV-003,,false,false,historical/r&d/docs/provenance_audit/crosswalk_updates.json,079302b311c29b3787d1b87b963d2cfa3ecb01a515399c9c373df4f6d5478b9d,COSMO-L001,"{""baseline_crosswalk_text"": ""COSMO-L001 L-cosmo(s).py and related scripts U + R EXP-L001 Leakage-controlled reconstruction "", ""claim_id"": ""COSMO-L001"", ""current_assessment"": ""CANDIDATE/HISTORICAL EVIDENCE / RECONSTRUCTION REQUIRED"", ""evidence_state"": ""U + R + N"", ""finding_ids"": [""E-LCL-012"", ""E-DRV-001"", ""E-DRV-003""], ""link_semantics"": ""Audit links to relevant registered protocols; original crosswalk references retained separately. New links are proposed relevance links, not alias confirmation or execution evidence."", ""next_actions"": [""Retain M/H categories and R evidence state; set preprocessing leakage concern, rename/cross-reference cosmo_rank semantically, bind the actual input revision, and conduct fold-local incremental models before promotion."", ""Reconstruct assumptions, exact masses/units, median definition, seeds and sample selection. Retain unstable results and separate the expectation argument from physical interpretation."", ""Retain proposal/code provenance; validate an exact runnable variant, training-fold derived quantities, outcome definition and locked independent test.""], ""original_experiment_references"": [""EXP-L001""], ""provenance"": ""EXPLORATORY / HISTORICAL MODEL"", ""registered_experiment_links"": [""EXP-L001"", ""EXP-CTRL-A03""], ""replication_status"": ""NO NEW INDEPENDENT REPLICATION PERFORMED"", ""title"": ""Phenomenological L-cosmo"", ""unresolved_references"": []}",Phenomenological L-cosmo,EXPLORATORY / HISTORICAL MODEL,"[""Retain M/H categories and R evidence state; set preprocessing leakage concern, rename/cross-reference cosmo_rank semantically, bind the actual input revision, and conduct fold-local incremental models before promotion."", ""Reconstruct assumptions, exact masses/units, median definition, seeds and sample selection. Retain unstable results and separate the expectation argument from physical interpretation."", ""Retain proposal/code provenance; validate an exact runnable variant, training-fold derived quantities, outcome definition and locked independent test.""]"
STAR-PDF-v0.2,STAR-PDF-v0.2:COSMO-L002,COSMO-L002,STAR-PDF-v0.2:EXP-SFR-A01,STAR-PDF-v0.2:EXP-SFR-A01,COSMO-L002 Historical SFR/L-cosmo models H + R EXP-SFR-A01 New controlled test ,"""COSMO-L002 Historical SFR/L-cosmo models H + R EXP-SFR-A01 New controlled test ""","Audit links to relevant registered protocols; original crosswalk references retained separately. New links are proposed relevance links, not alias confirmation or execution evidence.",[],CANDIDATE/HISTORICAL EVIDENCE / RECONSTRUCTION REQUIRED,U + R + N,E-LCL-012;E-DRV-002;E-DRV-003,STAR-AUDIT-2026-10-03:E-LCL-012;STAR-AUDIT-2026-10-03:E-DRV-002;STAR-AUDIT-2026-10-03:E-DRV-003,,false,false,historical/r&d/docs/provenance_audit/crosswalk_updates.json,079302b311c29b3787d1b87b963d2cfa3ecb01a515399c9c373df4f6d5478b9d,COSMO-L002,"{""baseline_crosswalk_text"": ""COSMO-L002 Historical SFR/L-cosmo models H + R EXP-SFR-A01 New controlled test "", ""claim_id"": ""COSMO-L002"", ""current_assessment"": ""CANDIDATE/HISTORICAL EVIDENCE / RECONSTRUCTION REQUIRED"", ""evidence_state"": ""U + R + N"", ""finding_ids"": [""E-LCL-012"", ""E-DRV-002"", ""E-DRV-003""], ""link_semantics"": ""Audit links to relevant registered protocols; original crosswalk references retained separately. New links are proposed relevance links, not alias confirmation or execution evidence."", ""next_actions"": [""Retain M/H categories and R evidence state; set preprocessing leakage concern, rename/cross-reference cosmo_rank semantically, bind the actual input revision, and conduct fold-local incremental models before promotion."", ""Bind a precise executed code/data revision and reconstruct fold-local preprocessing before crediting reported predictive performance."", ""Retain proposal/code provenance; validate an exact runnable variant, training-fold derived quantities, outcome definition and locked independent test.""], ""original_experiment_references"": [""EXP-SFR-A01""], ""provenance"": ""EXPLORATORY / HISTORICAL MODEL"", ""registered_experiment_links"": [""EXP-SFR-A01""], ""replication_status"": ""NO NEW INDEPENDENT REPLICATION PERFORMED"", ""title"": ""L-cosmo and SFR"", ""unresolved_references"": []}",L-cosmo and SFR,EXPLORATORY / HISTORICAL MODEL,"[""Retain M/H categories and R evidence state; set preprocessing leakage concern, rename/cross-reference cosmo_rank semantically, bind the actual input revision, and conduct fold-local incremental models before promotion."", ""Bind a precise executed code/data revision and reconstruct fold-local preprocessing before crediting reported predictive performance."", ""Retain proposal/code provenance; validate an exact runnable variant, training-fold derived quantities, outcome definition and locked independent test.""]"
STAR-PDF-v0.2,STAR-PDF-v0.2:COSMO-R001,COSMO-R001,,STAR-PDF-v0.2:CTRL-COSMO-001,COSMO-R001 cosmo_rank implementations U + H CTRL-COSMO-001 Rename/reconstruct ,"""COSMO-R001 cosmo_rank implementations U + H CTRL-COSMO-001 Rename/reconstruct ""","Audit links to relevant registered protocols; original crosswalk references retained separately. New links are proposed relevance links, not alias confirmation or execution evidence.","[{""historical_reference"": ""CTRL-COSMO-001"", ""canonical_definition_present"": false, ""resolution_status"": ""PENDING / DO NOT MERGE BY ID"", ""candidate_canonical_id"": null, ""alias_resolution"": ""NO ALIAS ASSIGNED"", ""referencing_claims"": [""COSMO-R001""], ""required_action"": ""Preserve original reference and reconcile/register its complete protocol explicitly. A related canonical experiment is not a confirmed alias.""}]",CONFIRMED ENGINEERED FEATURE IN INSPECTED SCRIPT,U + H,E-LCL-012,STAR-AUDIT-2026-10-03:E-LCL-012,,false,false,historical/r&d/docs/provenance_audit/crosswalk_updates.json,079302b311c29b3787d1b87b963d2cfa3ecb01a515399c9c373df4f6d5478b9d,COSMO-R001,"{""baseline_crosswalk_text"": ""COSMO-R001 cosmo_rank implementations U + H CTRL-COSMO-001 Rename/reconstruct "", ""claim_id"": ""COSMO-R001"", ""current_assessment"": ""CONFIRMED ENGINEERED FEATURE IN INSPECTED SCRIPT"", ""evidence_state"": ""U + H"", ""finding_ids"": [""E-LCL-012""], ""link_semantics"": ""Audit links to relevant registered protocols; original crosswalk references retained separately. New links are proposed relevance links, not alias confirmation or execution evidence."", ""next_actions"": [""Retain M/H categories and R evidence state; set preprocessing leakage concern, rename/cross-reference cosmo_rank semantically, bind the actual input revision, and conduct fold-local incremental models before promotion.""], ""original_experiment_references"": [""CTRL-COSMO-001""], ""provenance"": ""HISTORICAL MODEL"", ""registered_experiment_links"": [], ""replication_status"": ""NO NEW INDEPENDENT REPLICATION PERFORMED"", ""title"": ""Morphology/Redshift Composite Feature"", ""unresolved_references"": [{""alias_resolution"": ""NO ALIAS ASSIGNED"", ""candidate_canonical_id"": null, ""canonical_definition_present"": false, ""historical_reference"": ""CTRL-COSMO-001"", ""referencing_claims"": [""COSMO-R001""], ""required_action"": ""Preserve original reference and reconcile/register its complete protocol explicitly. A related canonical experiment is not a confirmed alias."", ""resolution_status"": ""PENDING / DO NOT MERGE BY ID""}]}",Morphology/Redshift Composite Feature,HISTORICAL MODEL,"[""Retain M/H categories and R evidence state; set preprocessing leakage concern, rename/cross-reference cosmo_rank semantically, bind the actual input revision, and conduct fold-local incremental models before promotion.""]"
STAR-PDF-v0.2,STAR-PDF-v0.2:SFR-A001,SFR-A001,STAR-PDF-v0.2:EXP-SFR-A01;STAR-PDF-v0.2:EXP-CTRL-A03;STAR-PDF-v0.2:EXP-CTRL-A02,STAR-PDF-v0.2:EXP-SFR-A01,SFR-A001 Historical RF/GB/SHAP models U + R EXP-SFR-A01 New controlled test ,"""SFR-A001 Historical RF/GB/SHAP models U + R EXP-SFR-A01 New controlled test ""","Audit links to relevant registered protocols; original crosswalk references retained separately. New links are proposed relevance links, not alias confirmation or execution evidence.",[],CANDIDATE/HISTORICAL EVIDENCE / RECONSTRUCTION REQUIRED,U + R + N,E-LCL-012;E-LCL-013;E-DRV-002;E-DRV-003,STAR-AUDIT-2026-10-03:E-LCL-012;STAR-AUDIT-2026-10-03:E-LCL-013;STAR-AUDIT-2026-10-03:E-DRV-002;STAR-AUDIT-2026-10-03:E-DRV-003,,false,false,historical/r&d/docs/provenance_audit/crosswalk_updates.json,079302b311c29b3787d1b87b963d2cfa3ecb01a515399c9c373df4f6d5478b9d,SFR-A001,"{""baseline_crosswalk_text"": ""SFR-A001 Historical RF/GB/SHAP models U + R EXP-SFR-A01 New controlled test "", ""claim_id"": ""SFR-A001"", ""current_assessment"": ""CANDIDATE/HISTORICAL EVIDENCE / RECONSTRUCTION REQUIRED"", ""evidence_state"": ""U + R + N"", ""finding_ids"": [""E-LCL-012"", ""E-LCL-013"", ""E-DRV-002"", ""E-DRV-003""], ""link_semantics"": ""Audit links to relevant registered protocols; original crosswalk references retained separately. New links are proposed relevance links, not alias confirmation or execution evidence."", ""next_actions"": [""Retain M/H categories and R evidence state; set preprocessing leakage concern, rename/cross-reference cosmo_rank semantically, bind the actual input revision, and conduct fold-local incremental models before promotion."", ""Classify as historical random-feature stellar-mass baseline/control candidate, preserve absent-target diagnostic, and require exact input/schema plus explicit outcome exclusion and SFR-specific control reconstruction."", ""Bind a precise executed code/data revision and reconstruct fold-local preprocessing before crediting reported predictive performance."", ""Retain proposal/code provenance; validate an exact runnable variant, training-fold derived quantities, outcome definition and locked independent test.""], ""original_experiment_references"": [""EXP-SFR-A01""], ""provenance"": ""EXPLORATORY / HISTORICAL MODEL"", ""registered_experiment_links"": [""EXP-SFR-A01"", ""EXP-CTRL-A03"", ""EXP-CTRL-A02""], ""replication_status"": ""NO NEW INDEPENDENT REPLICATION PERFORMED"", ""title"": ""Arithmetic Incremental SFR Information"", ""unresolved_references"": []}",Arithmetic Incremental SFR Information,EXPLORATORY / HISTORICAL MODEL,"[""Retain M/H categories and R evidence state; set preprocessing leakage concern, rename/cross-reference cosmo_rank semantically, bind the actual input revision, and conduct fold-local incremental models before promotion."", ""Classify as historical random-feature stellar-mass baseline/control candidate, preserve absent-target diagnostic, and require exact input/schema plus explicit outcome exclusion and SFR-specific control reconstruction."", ""Bind a precise executed code/data revision and reconstruct fold-local preprocessing before crediting reported predictive performance."", ""Retain proposal/code provenance; validate an exact runnable variant, training-fold derived quantities, outcome definition and locked independent test.""]"
STAR-PDF-v0.2,STAR-PDF-v0.2:SFR-A002,SFR-A002,STAR-PDF-v0.2:EXP-SFR-A02,STAR-PDF-v0.2:EXP-SFR-A02,SFR-A002 Historical feature/model work H EXP-SFR-A02 New experiment ,"""SFR-A002 Historical feature/model work H EXP-SFR-A02 New experiment ""","Audit links to relevant registered protocols; original crosswalk references retained separately. New links are proposed relevance links, not alias confirmation or execution evidence.",[],PROPOSED / CONTROLLED TEST NOT VERIFIED,N,,,,false,false,historical/r&d/docs/provenance_audit/crosswalk_updates.json,079302b311c29b3787d1b87b963d2cfa3ecb01a515399c9c373df4f6d5478b9d,SFR-A002,"{""baseline_crosswalk_text"": ""SFR-A002 Historical feature/model work H EXP-SFR-A02 New experiment "", ""claim_id"": ""SFR-A002"", ""current_assessment"": ""PROPOSED / CONTROLLED TEST NOT VERIFIED"", ""evidence_state"": ""N"", ""finding_ids"": [], ""link_semantics"": ""Audit links to relevant registered protocols; original crosswalk references retained separately. New links are proposed relevance links, not alias confirmation or execution evidence."", ""next_actions"": [""Follow the original registered test/derivation and charter controls; bind source releases, exact code, parameters, seeds, nulls and held-out results before promotion.""], ""original_experiment_references"": [""EXP-SFR-A02""], ""provenance"": ""EXPLORATORY / UNVERIFIED"", ""registered_experiment_links"": [""EXP-SFR-A02""], ""replication_status"": ""NO NEW INDEPENDENT REPLICATION PERFORMED"", ""title"": ""Arithmetic-Only SFR Prediction"", ""unresolved_references"": []}",Arithmetic-Only SFR Prediction,EXPLORATORY / UNVERIFIED,"[""Follow the original registered test/derivation and charter controls; bind source releases, exact code, parameters, seeds, nulls and held-out results before promotion.""]"
STAR-PDF-v0.2,STAR-PDF-v0.2:SFR-E001,SFR-E001,STAR-PDF-v0.2:EXP-SFR-A03,STAR-PDF-v0.2:EXP-SFR-A03,SFR-E001 Historical outlier results U EXP-SFR-A03 Reproduce ,"""SFR-E001 Historical outlier results U EXP-SFR-A03 Reproduce ""","Audit links to relevant registered protocols; original crosswalk references retained separately. New links are proposed relevance links, not alias confirmation or execution evidence.",[],UNVERIFIED HISTORICAL RESULT / RECONSTRUCTION REQUIRED,U + R,E-DRV-002,STAR-AUDIT-2026-10-03:E-DRV-002,,false,false,historical/r&d/docs/provenance_audit/crosswalk_updates.json,079302b311c29b3787d1b87b963d2cfa3ecb01a515399c9c373df4f6d5478b9d,SFR-E001,"{""baseline_crosswalk_text"": ""SFR-E001 Historical outlier results U EXP-SFR-A03 Reproduce "", ""claim_id"": ""SFR-E001"", ""current_assessment"": ""UNVERIFIED HISTORICAL RESULT / RECONSTRUCTION REQUIRED"", ""evidence_state"": ""U + R"", ""finding_ids"": [""E-DRV-002""], ""link_semantics"": ""Audit links to relevant registered protocols; original crosswalk references retained separately. New links are proposed relevance links, not alias confirmation or execution evidence."", ""next_actions"": [""Bind a precise executed code/data revision and reconstruct fold-local preprocessing before crediting reported predictive performance.""], ""original_experiment_references"": [""EXP-SFR-A03""], ""provenance"": ""HISTORICAL MODEL"", ""registered_experiment_links"": [""EXP-SFR-A03""], ""replication_status"": ""NO NEW INDEPENDENT REPLICATION PERFORMED"", ""title"": ""Extreme-SFR Model Behavior"", ""unresolved_references"": []}",Extreme-SFR Model Behavior,HISTORICAL MODEL,"[""Bind a precise executed code/data revision and reconstruct fold-local preprocessing before crediting reported predictive performance.""]"
STAR-PDF-v0.2,STAR-PDF-v0.2:SFR-A003,SFR-A003,STAR-PDF-v0.2:EXP-SFR-A03,STAR-PDF-v0.2:EXP-SFR-A03,SFR-A003 Existing outlier analysis U EXP-SFR-A03 Pre-register ,"""SFR-A003 Existing outlier analysis U EXP-SFR-A03 Pre-register ""","Audit links to relevant registered protocols; original crosswalk references retained separately. New links are proposed relevance links, not alias confirmation or execution evidence.",[],MODEL/METHODOLOGICAL REQUIREMENT RETAINED,U + N,E-DRV-002,STAR-AUDIT-2026-10-03:E-DRV-002,,false,false,historical/r&d/docs/provenance_audit/crosswalk_updates.json,079302b311c29b3787d1b87b963d2cfa3ecb01a515399c9c373df4f6d5478b9d,SFR-A003,"{""baseline_crosswalk_text"": ""SFR-A003 Existing outlier analysis U EXP-SFR-A03 Pre-register "", ""claim_id"": ""SFR-A003"", ""current_assessment"": ""MODEL/METHODOLOGICAL REQUIREMENT RETAINED"", ""evidence_state"": ""U + N"", ""finding_ids"": [""E-DRV-002""], ""link_semantics"": ""Audit links to relevant registered protocols; original crosswalk references retained separately. New links are proposed relevance links, not alias confirmation or execution evidence."", ""next_actions"": [""Bind a precise executed code/data revision and reconstruct fold-local preprocessing before crediting reported predictive performance.""], ""original_experiment_references"": [""EXP-SFR-A03""], ""provenance"": ""THEORETICAL / EXPLORATORY"", ""registered_experiment_links"": [""EXP-SFR-A03""], ""replication_status"": ""NO NEW INDEPENDENT REPLICATION PERFORMED"", ""title"": ""Extreme-SFR Robustness"", ""unresolved_references"": []}",Extreme-SFR Robustness,THEORETICAL / EXPLORATORY,"[""Bind a precise executed code/data revision and reconstruct fold-local preprocessing before crediting reported predictive performance.""]"
STAR-PDF-v0.2,STAR-PDF-v0.2:CTRL-RF001,CTRL-RF001,STAR-PDF-v0.2:EXP-CTRL-A01,STAR-PDF-v0.2:EXP-CTRL-A01,CTRL-RF001 model5.py U + C EXP-CTRL-A01 Reproduce ,"""CTRL-RF001 model5.py U + C EXP-CTRL-A01 Reproduce ""","Audit links to relevant registered protocols; original crosswalk references retained separately. New links are proposed relevance links, not alias confirmation or execution evidence.",[],HISTORICAL CONTROL CANDIDATE / INPUT SCHEMA MISMATCH,U + C + X + R,E-LCL-013;E-LCL-014,STAR-AUDIT-2026-10-03:E-LCL-013;STAR-AUDIT-2026-10-03:E-LCL-014,,false,false,historical/r&d/docs/provenance_audit/crosswalk_updates.json,079302b311c29b3787d1b87b963d2cfa3ecb01a515399c9c373df4f6d5478b9d,CTRL-RF001,"{""baseline_crosswalk_text"": ""CTRL-RF001 model5.py U + C EXP-CTRL-A01 Reproduce "", ""claim_id"": ""CTRL-RF001"", ""current_assessment"": ""HISTORICAL CONTROL CANDIDATE / INPUT SCHEMA MISMATCH"", ""evidence_state"": ""U + C + X + R"", ""finding_ids"": [""E-LCL-013"", ""E-LCL-014""], ""link_semantics"": ""Audit links to relevant registered protocols; original crosswalk references retained separately. New links are proposed relevance links, not alias confirmation or execution evidence."", ""next_actions"": [""Classify as historical random-feature stellar-mass baseline/control candidate, preserve absent-target diagnostic, and require exact input/schema plus explicit outcome exclusion and SFR-specific control reconstruction."", ""Keep repository CSV namespace as legacy, preserve original files, and document explicit semantic crosswalk/conflicts before migrating IDs into the canonical update.""], ""original_experiment_references"": [""EXP-CTRL-A01""], ""provenance"": ""HISTORICAL MODEL"", ""registered_experiment_links"": [""EXP-CTRL-A01""], ""replication_status"": ""NO NEW INDEPENDENT REPLICATION PERFORMED"", ""title"": ""Random Feature Baseline"", ""unresolved_references"": []}",Random Feature Baseline,HISTORICAL MODEL,"[""Classify as historical random-feature stellar-mass baseline/control candidate, preserve absent-target diagnostic, and require exact input/schema plus explicit outcome exclusion and SFR-specific control reconstruction."", ""Keep repository CSV namespace as legacy, preserve original files, and document explicit semantic crosswalk/conflicts before migrating IDs into the canonical update.""]"
STAR-PDF-v0.2,STAR-PDF-v0.2:CTRL-A001,CTRL-A001,STAR-PDF-v0.2:EXP-CTRL-A02,STAR-PDF-v0.2:EXP-CTRL-A02,CTRL-A001 No adequate completed permutation control identified N EXP-CTRL-A02 New experiment ,"""CTRL-A001 No adequate completed permutation control identified N EXP-CTRL-A02 New experiment ""","Audit links to relevant registered protocols; original crosswalk references retained separately. New links are proposed relevance links, not alias confirmation or execution evidence.",[],CONTROL REQUIRED / INVALID LOCAL SIGNIFICANCE RETAINED,N + X,E-LCL-009;E-LCL-014,STAR-AUDIT-2026-10-03:E-LCL-009;STAR-AUDIT-2026-10-03:E-LCL-014,QASSET-0010;QASSET-0011;QASSET-0012;QASSET-0013;QASSET-0014;QASSET-0015;QASSET-0016;QASSET-0017;QASSET-0018;QASSET-0019;QASSET-0020;QASSET-0021;QASSET-0022;QASSET-0023;QASSET-0024;QASSET-0025;QASSET-0026;QASSET-0027;QASSET-0028;QASSET-0029;QASSET-0030;QASSET-0031;QASSET-0032;QASSET-0033;QASSET-0034;QASSET-0035;QASSET-0036;QASSET-0037,false,false,historical/r&d/docs/provenance_audit/crosswalk_updates.json,079302b311c29b3787d1b87b963d2cfa3ecb01a515399c9c373df4f6d5478b9d,CTRL-A001,"{""baseline_crosswalk_text"": ""CTRL-A001 No adequate completed permutation control identified N EXP-CTRL-A02 New experiment "", ""claim_id"": ""CTRL-A001"", ""current_assessment"": ""CONTROL REQUIRED / INVALID LOCAL SIGNIFICANCE RETAINED"", ""evidence_state"": ""N + X"", ""finding_ids"": [""E-LCL-009"", ""E-LCL-014""], ""link_semantics"": ""Audit links to relevant registered protocols; original crosswalk references retained separately. New links are proposed relevance links, not alias confirmation or execution evidence."", ""next_actions"": [""Exclude undefined-correlation p-values from support, preserve them as diagnostic failures, and require finite/constant-input checks before permutation reporting."", ""Keep repository CSV namespace as legacy, preserve original files, and document explicit semantic crosswalk/conflicts before migrating IDs into the canonical update.""], ""original_experiment_references"": [""EXP-CTRL-A02""], ""provenance"": ""NEGATIVE/NULL / EXPLORATORY"", ""registered_experiment_links"": [""EXP-CTRL-A02""], ""replication_status"": ""NO NEW INDEPENDENT REPLICATION PERFORMED"", ""title"": ""Arithmetic Permutation Control"", ""unresolved_references"": []}",Arithmetic Permutation Control,NEGATIVE/NULL / EXPLORATORY,"[""Exclude undefined-correlation p-values from support, preserve them as diagnostic failures, and require finite/constant-input checks before permutation reporting."", ""Keep repository CSV namespace as legacy, preserve original files, and document explicit semantic crosswalk/conflicts before migrating IDs into the canonical update.""]"
STAR-PDF-v0.2,STAR-PDF-v0.2:CTRL-A002,CTRL-A002,STAR-PDF-v0.2:EXP-CTRL-A03,STAR-PDF-v0.2:EXP-CTRL-A03,CTRL-A002 Leakage concerns identified in scripts X EXP-CTRL-A03 Mandatory reconstruction ,"""CTRL-A002 Leakage concerns identified in scripts X EXP-CTRL-A03 Mandatory reconstruction ""","Audit links to relevant registered protocols; original crosswalk references retained separately. New links are proposed relevance links, not alias confirmation or execution evidence.",[],STATIC LEAKAGE ROUTES DIAGNOSED / CLEAN RERUN REQUIRED,X + R,E-LCL-012;E-LCL-014;E-DRV-002;E-DRV-003,STAR-AUDIT-2026-10-03:E-LCL-012;STAR-AUDIT-2026-10-03:E-LCL-014;STAR-AUDIT-2026-10-03:E-DRV-002;STAR-AUDIT-2026-10-03:E-DRV-003,,false,false,historical/r&d/docs/provenance_audit/crosswalk_updates.json,079302b311c29b3787d1b87b963d2cfa3ecb01a515399c9c373df4f6d5478b9d,CTRL-A002,"{""baseline_crosswalk_text"": ""CTRL-A002 Leakage concerns identified in scripts X EXP-CTRL-A03 Mandatory reconstruction "", ""claim_id"": ""CTRL-A002"", ""current_assessment"": ""STATIC LEAKAGE ROUTES DIAGNOSED / CLEAN RERUN REQUIRED"", ""evidence_state"": ""X + R"", ""finding_ids"": [""E-LCL-012"", ""E-LCL-014"", ""E-DRV-002"", ""E-DRV-003""], ""link_semantics"": ""Audit links to relevant registered protocols; original crosswalk references retained separately. New links are proposed relevance links, not alias confirmation or execution evidence."", ""next_actions"": [""Retain M/H categories and R evidence state; set preprocessing leakage concern, rename/cross-reference cosmo_rank semantically, bind the actual input revision, and conduct fold-local incremental models before promotion."", ""Keep repository CSV namespace as legacy, preserve original files, and document explicit semantic crosswalk/conflicts before migrating IDs into the canonical update."", ""Bind a precise executed code/data revision and reconstruct fold-local preprocessing before crediting reported predictive performance."", ""Retain proposal/code provenance; validate an exact runnable variant, training-fold derived quantities, outcome definition and locked independent test.""], ""original_experiment_references"": [""EXP-CTRL-A03""], ""provenance"": ""HISTORICAL MODEL / NEGATIVE/NULL"", ""registered_experiment_links"": [""EXP-CTRL-A03""], ""replication_status"": ""NO NEW INDEPENDENT REPLICATION PERFORMED"", ""title"": ""Leakage-Controlled Reconstruction"", ""unresolved_references"": []}",Leakage-Controlled Reconstruction,HISTORICAL MODEL / NEGATIVE/NULL,"[""Retain M/H categories and R evidence state; set preprocessing leakage concern, rename/cross-reference cosmo_rank semantically, bind the actual input revision, and conduct fold-local incremental models before promotion."", ""Keep repository CSV namespace as legacy, preserve original files, and document explicit semantic crosswalk/conflicts before migrating IDs into the canonical update."", ""Bind a precise executed code/data revision and reconstruct fold-local preprocessing before crediting reported predictive performance."", ""Retain proposal/code provenance; validate an exact runnable variant, training-fold derived quantities, outcome definition and locked independent test.""]"
STAR-PDF-v0.2,STAR-PDF-v0.2:DATA-M001,DATA-M001,STAR-PDF-v0.2:EXP-DATA-A01,STAR-PDF-v0.2:EXP-DATA-A01,DATA-M001 merged_sdss_hi.csv + KDTree workflow U EXP-DATA-A01 Reproduce matching ,"""DATA-M001 merged_sdss_hi.csv + KDTree workflow U EXP-DATA-A01 Reproduce matching ""","Audit links to relevant registered protocols; original crosswalk references retained separately. New links are proposed relevance links, not alias confirmation or execution evidence.",[],FAILED AS-FOUND ASSOCIATIONS / RECONSTRUCTION REQUIRED,X + R,E-LCL-001;E-LCL-002,STAR-AUDIT-2026-10-03:E-LCL-001;STAR-AUDIT-2026-10-03:E-LCL-002,QASSET-0001;QASSET-0002,false,false,historical/r&d/docs/provenance_audit/crosswalk_updates.json,079302b311c29b3787d1b87b963d2cfa3ecb01a515399c9c373df4f6d5478b9d,DATA-M001,"{""baseline_crosswalk_text"": ""DATA-M001 merged_sdss_hi.csv + KDTree workflow U EXP-DATA-A01 Reproduce matching "", ""claim_id"": ""DATA-M001"", ""current_assessment"": ""FAILED AS-FOUND ASSOCIATIONS / RECONSTRUCTION REQUIRED"", ""evidence_state"": ""X + R"", ""finding_ids"": [""E-LCL-001"", ""E-LCL-002""], ""link_semantics"": ""Audit links to relevant registered protocols; original crosswalk references retained separately. New links are proposed relevance links, not alias confirmation or execution evidence."", ""next_actions"": [""Retain failed data-quality evidence; quarantine these tables from controlled analyses until matching is rebuilt from source catalogs with spherical distance, keyed joins, duplicate controls, tolerance sensitivity, and saved data/code hashes."", ""Record code variants separately and reconstruct EXP-DATA-A01 using a registered coordinate system, exact input IDs, spherical matching, and explicit identity crosswalks.""], ""original_experiment_references"": [""EXP-DATA-A01""], ""provenance"": ""HISTORICAL MODEL / NEGATIVE/NULL"", ""registered_experiment_links"": [""EXP-DATA-A01""], ""replication_status"": ""NO NEW INDEPENDENT REPLICATION PERFORMED"", ""title"": ""Coordinate Matching"", ""unresolved_references"": []}",Coordinate Matching,HISTORICAL MODEL / NEGATIVE/NULL,"[""Retain failed data-quality evidence; quarantine these tables from controlled analyses until matching is rebuilt from source catalogs with spherical distance, keyed joins, duplicate controls, tolerance sensitivity, and saved data/code hashes."", ""Record code variants separately and reconstruct EXP-DATA-A01 using a registered coordinate system, exact input IDs, spherical matching, and explicit identity crosswalks.""]"
STAR-PDF-v0.2,STAR-PDF-v0.2:DATA-M002,DATA-M002,STAR-PDF-v0.2:EXP-DATA-A02,STAR-PDF-v0.2:DATA-PROV-001,DATA-M002 Extensive cross-survey datasets U DATA-PROV-001 Formalize provenance ,"""DATA-M002 Extensive cross-survey datasets U DATA-PROV-001 Formalize provenance ""","Audit links to relevant registered protocols; original crosswalk references retained separately. New links are proposed relevance links, not alias confirmation or execution evidence.","[{""historical_reference"": ""DATA-PROV-001"", ""canonical_definition_present"": false, ""resolution_status"": ""PENDING / DO NOT MERGE BY ID"", ""candidate_canonical_id"": ""EXP-DATA-A02"", ""alias_resolution"": ""UNCONFIRMED"", ""referencing_claims"": [""DATA-M002""], ""required_action"": ""Preserve original reference and reconcile/register its complete protocol explicitly. A related canonical experiment is not a confirmed alias.""}]",PARTIAL LINEAGE / ARTIFACT CONFLICTS,U + X + R,E-LCL-001;E-LCL-002;E-LCL-003;E-LCL-004;E-LCL-014;E-LCL-015;E-DRV-004,STAR-AUDIT-2026-10-03:E-LCL-001;STAR-AUDIT-2026-10-03:E-LCL-002;STAR-AUDIT-2026-10-03:E-LCL-003;STAR-AUDIT-2026-10-03:E-LCL-004;STAR-AUDIT-2026-10-03:E-LCL-014;STAR-AUDIT-2026-10-03:E-LCL-015;STAR-AUDIT-2026-10-03:E-DRV-004,QASSET-0001;QASSET-0002;QASSET-0003;QASSET-0004;QASSET-0005;QASSET-0006;QASSET-0007;QASSET-0008;QASSET-0009,false,false,historical/r&d/docs/provenance_audit/crosswalk_updates.json,079302b311c29b3787d1b87b963d2cfa3ecb01a515399c9c373df4f6d5478b9d,DATA-M002,"{""baseline_crosswalk_text"": ""DATA-M002 Extensive cross-survey datasets U DATA-PROV-001 Formalize provenance "", ""claim_id"": ""DATA-M002"", ""current_assessment"": ""PARTIAL LINEAGE / ARTIFACT CONFLICTS"", ""evidence_state"": ""U + X + R"", ""finding_ids"": [""E-LCL-001"", ""E-LCL-002"", ""E-LCL-003"", ""E-LCL-004"", ""E-LCL-014"", ""E-LCL-015"", ""E-DRV-004""], ""link_semantics"": ""Audit links to relevant registered protocols; original crosswalk references retained separately. New links are proposed relevance links, not alias confirmation or execution evidence."", ""next_actions"": [""Retain failed data-quality evidence; quarantine these tables from controlled analyses until matching is rebuilt from source catalogs with spherical distance, keyed joins, duplicate controls, tolerance sensitivity, and saved data/code hashes."", ""Record code variants separately and reconstruct EXP-DATA-A01 using a registered coordinate system, exact input IDs, spherical matching, and explicit identity crosswalks."", ""Preserve exact-path/hash revisions, flag copied manifests as inconsistent, and do not attribute working full-sample results to packaged subsets or blank outputs."", ""Retain partial lineage and missing-invariant diagnostics; bind exact upstream snapshot and preprocessing code to a registered dataset version before controlled testing."", ""Keep repository CSV namespace as legacy, preserve original files, and document explicit semantic crosswalk/conflicts before migrating IDs into the canonical update."", ""Preserve upstream identifiers as observed provenance fields; add exact release/query and processing/code bindings before declaring complete lineage."", ""Keep proposal, observed output and interpretation separate; require machine run manifests for execution claims.""], ""original_experiment_references"": [""DATA-PROV-001""], ""provenance"": ""EXPLORATORY / UNVERIFIED"", ""registered_experiment_links"": [""EXP-DATA-A02""], ""replication_status"": ""NO NEW INDEPENDENT REPLICATION PERFORMED"", ""title"": ""Multi-Survey Integration"", ""unresolved_references"": [{""alias_resolution"": ""UNCONFIRMED"", ""candidate_canonical_id"": ""EXP-DATA-A02"", ""canonical_definition_present"": false, ""historical_reference"": ""DATA-PROV-001"", ""referencing_claims"": [""DATA-M002""], ""required_action"": ""Preserve original reference and reconcile/register its complete protocol explicitly. A related canonical experiment is not a confirmed alias."", ""resolution_status"": ""PENDING / DO NOT MERGE BY ID""}]}",Multi-Survey Integration,EXPLORATORY / UNVERIFIED,"[""Retain failed data-quality evidence; quarantine these tables from controlled analyses until matching is rebuilt from source catalogs with spherical distance, keyed joins, duplicate controls, tolerance sensitivity, and saved data/code hashes."", ""Record code variants separately and reconstruct EXP-DATA-A01 using a registered coordinate system, exact input IDs, spherical matching, and explicit identity crosswalks."", ""Preserve exact-path/hash revisions, flag copied manifests as inconsistent, and do not attribute working full-sample results to packaged subsets or blank outputs."", ""Retain partial lineage and missing-invariant diagnostics; bind exact upstream snapshot and preprocessing code to a registered dataset version before controlled testing."", ""Keep repository CSV namespace as legacy, preserve original files, and document explicit semantic crosswalk/conflicts before migrating IDs into the canonical update."", ""Preserve upstream identifiers as observed provenance fields; add exact release/query and processing/code bindings before declaring complete lineage."", ""Keep proposal, observed output and interpretation separate; require machine run manifests for execution claims.""]"
STAR-PDF-v0.2,STAR-PDF-v0.2:RTCH-M001,RTCH-M001,STAR-PDF-v0.2:EXP-RTCH-B01,STAR-PDF-v0.2:EXP-RTCH-B01,RTCH-M001 RTCH manuscript/action U + D EXP-RTCH-B01 Derivation audit ,"""RTCH-M001 RTCH manuscript/action U + D EXP-RTCH-B01 Derivation audit ""","Audit links to relevant registered protocols; original crosswalk references retained separately. New links are proposed relevance links, not alias confirmation or execution evidence.",[],CANDIDATE/HISTORICAL EVIDENCE / RECONSTRUCTION REQUIRED,U + R + N,E-LCL-007;E-LCL-008;E-LCL-010;E-LCL-011,STAR-AUDIT-2026-10-03:E-LCL-007;STAR-AUDIT-2026-10-03:E-LCL-008;STAR-AUDIT-2026-10-03:E-LCL-010;STAR-AUDIT-2026-10-03:E-LCL-011,QASSET-0010;QASSET-0011;QASSET-0012;QASSET-0013;QASSET-0014;QASSET-0015;QASSET-0016;QASSET-0017;QASSET-0018;QASSET-0019;QASSET-0020;QASSET-0021;QASSET-0022;QASSET-0023;QASSET-0024;QASSET-0025;QASSET-0026;QASSET-0027;QASSET-0028;QASSET-0029;QASSET-0030;QASSET-0031;QASSET-0032;QASSET-0033;QASSET-0034;QASSET-0035;QASSET-0036;QASSET-0037,false,false,historical/r&d/docs/provenance_audit/crosswalk_updates.json,079302b311c29b3787d1b87b963d2cfa3ecb01a515399c9c373df4f6d5478b9d,RTCH-M001,"{""baseline_crosswalk_text"": ""RTCH-M001 RTCH manuscript/action U + D EXP-RTCH-B01 Derivation audit "", ""claim_id"": ""RTCH-M001"", ""current_assessment"": ""CANDIDATE/HISTORICAL EVIDENCE / RECONSTRUCTION REQUIRED"", ""evidence_state"": ""U + R + N"", ""finding_ids"": [""E-LCL-007"", ""E-LCL-008"", ""E-LCL-010"", ""E-LCL-011""], ""link_semantics"": ""Audit links to relevant registered protocols; original crosswalk references retained separately. New links are proposed relevance links, not alias confirmation or execution evidence."", ""next_actions"": [""Keep both generation IDs and exact input hashes; register RTCH-E1 as a separate local simulation/control if desired, without silently substituting it for canonical EXP-RTCH-B01."", ""Retain both null/diagnostic generations. Rebuild adequate null counts, effect sizes, intervals, multiple-comparison controls, code binding and independent arithmetic/astronomical inputs before empirical promotion."", ""Set Leakage Status POTENTIAL LEAKAGE for rank generalization and CONFIRMED TARGET CONTAMINATION for Faltings-held-out interpretation; rebuild fold-local embeddings and remove target-defining inputs for independent prediction tests."", ""Record CSV stability output separately from empty JSON summary and require genuine perturbation/subsampling before claiming robustness.""], ""original_experiment_references"": [""EXP-RTCH-B01""], ""provenance"": ""EXPLORATORY / HISTORICAL MODEL"", ""registered_experiment_links"": [""EXP-RTCH-B01""], ""replication_status"": ""NO NEW INDEPENDENT REPLICATION PERFORMED"", ""title"": ""Variational RTCH Construction"", ""unresolved_references"": []}",Variational RTCH Construction,EXPLORATORY / HISTORICAL MODEL,"[""Keep both generation IDs and exact input hashes; register RTCH-E1 as a separate local simulation/control if desired, without silently substituting it for canonical EXP-RTCH-B01."", ""Retain both null/diagnostic generations. Rebuild adequate null counts, effect sizes, intervals, multiple-comparison controls, code binding and independent arithmetic/astronomical inputs before empirical promotion."", ""Set Leakage Status POTENTIAL LEAKAGE for rank generalization and CONFIRMED TARGET CONTAMINATION for Faltings-held-out interpretation; rebuild fold-local embeddings and remove target-defining inputs for independent prediction tests."", ""Record CSV stability output separately from empty JSON summary and require genuine perturbation/subsampling before claiming robustness.""]"
STAR-PDF-v0.2,STAR-PDF-v0.2:RTCH-M002,RTCH-M002,STAR-PDF-v0.2:EXP-RTCH-B01,STAR-PDF-v0.2:EXP-RTCH-B01,RTCH-M002 Closed-pullback construction U + D EXP-RTCH-B01 Formal proof check ,"""RTCH-M002 Closed-pullback construction U + D EXP-RTCH-B01 Formal proof check ""","Audit links to relevant registered protocols; original crosswalk references retained separately. New links are proposed relevance links, not alias confirmation or execution evidence.",[],THEORETICAL STATEMENT / INDEPENDENT DERIVATION AUDIT REQUIRED,U + D + R,,,,false,false,historical/r&d/docs/provenance_audit/crosswalk_updates.json,079302b311c29b3787d1b87b963d2cfa3ecb01a515399c9c373df4f6d5478b9d,RTCH-M002,"{""baseline_crosswalk_text"": ""RTCH-M002 Closed-pullback construction U + D EXP-RTCH-B01 Formal proof check "", ""claim_id"": ""RTCH-M002"", ""current_assessment"": ""THEORETICAL STATEMENT / INDEPENDENT DERIVATION AUDIT REQUIRED"", ""evidence_state"": ""U + D + R"", ""finding_ids"": [], ""link_semantics"": ""Audit links to relevant registered protocols; original crosswalk references retained separately. New links are proposed relevance links, not alias confirmation or execution evidence."", ""next_actions"": [""Follow the original registered test/derivation and charter controls; bind source releases, exact code, parameters, seeds, nulls and held-out results before promotion.""], ""original_experiment_references"": [""EXP-RTCH-B01""], ""provenance"": ""THEORETICAL"", ""registered_experiment_links"": [""EXP-RTCH-B01""], ""replication_status"": ""NO NEW INDEPENDENT REPLICATION PERFORMED"", ""title"": ""Closed Pullback Two-Form"", ""unresolved_references"": []}",Closed Pullback Two-Form,THEORETICAL,"[""Follow the original registered test/derivation and charter controls; bind source releases, exact code, parameters, seeds, nulls and held-out results before promotion.""]"
STAR-PDF-v0.2,STAR-PDF-v0.2:RTCH-H001,RTCH-H001,STAR-PDF-v0.2:EXP-RTCH-B02,STAR-PDF-v0.2:EXP-RTCH-B02,RTCH-H001 Candidate coupling equations U EXP-RTCH-B02 New physical test ,"""RTCH-H001 Candidate coupling equations U EXP-RTCH-B02 New physical test ""","Audit links to relevant registered protocols; original crosswalk references retained separately. New links are proposed relevance links, not alias confirmation or execution evidence.",[],PROPOSED / CONTROLLED TEST NOT VERIFIED,N,,,,false,false,historical/r&d/docs/provenance_audit/crosswalk_updates.json,079302b311c29b3787d1b87b963d2cfa3ecb01a515399c9c373df4f6d5478b9d,RTCH-H001,"{""baseline_crosswalk_text"": ""RTCH-H001 Candidate coupling equations U EXP-RTCH-B02 New physical test "", ""claim_id"": ""RTCH-H001"", ""current_assessment"": ""PROPOSED / CONTROLLED TEST NOT VERIFIED"", ""evidence_state"": ""N"", ""finding_ids"": [], ""link_semantics"": ""Audit links to relevant registered protocols; original crosswalk references retained separately. New links are proposed relevance links, not alias confirmation or execution evidence."", ""next_actions"": [""Follow the original registered test/derivation and charter controls; bind source releases, exact code, parameters, seeds, nulls and held-out results before promotion.""], ""original_experiment_references"": [""EXP-RTCH-B02""], ""provenance"": ""EXPLORATORY / UNVERIFIED"", ""registered_experiment_links"": [""EXP-RTCH-B02""], ""replication_status"": ""NO NEW INDEPENDENT REPLICATION PERFORMED"", ""title"": ""Topological Coupling"", ""unresolved_references"": []}",Topological Coupling,EXPLORATORY / UNVERIFIED,"[""Follow the original registered test/derivation and charter controls; bind source releases, exact code, parameters, seeds, nulls and held-out results before promotion.""]"
STAR-PDF-v0.2,STAR-PDF-v0.2:RTCH-H002,RTCH-H002,STAR-PDF-v0.2:EXP-RTCH-B03,STAR-PDF-v0.2:EXP-RTCH-B03,RTCH-H002 Trace-coupling derivation U + D EXP-RTCH-B03 Derivation + test ,"""RTCH-H002 Trace-coupling derivation U + D EXP-RTCH-B03 Derivation + test ""","Audit links to relevant registered protocols; original crosswalk references retained separately. New links are proposed relevance links, not alias confirmation or execution evidence.",[],THEORETICAL STATEMENT / INDEPENDENT DERIVATION AUDIT REQUIRED,U + D + R,,,,false,false,historical/r&d/docs/provenance_audit/crosswalk_updates.json,079302b311c29b3787d1b87b963d2cfa3ecb01a515399c9c373df4f6d5478b9d,RTCH-H002,"{""baseline_crosswalk_text"": ""RTCH-H002 Trace-coupling derivation U + D EXP-RTCH-B03 Derivation + test "", ""claim_id"": ""RTCH-H002"", ""current_assessment"": ""THEORETICAL STATEMENT / INDEPENDENT DERIVATION AUDIT REQUIRED"", ""evidence_state"": ""U + D + R"", ""finding_ids"": [], ""link_semantics"": ""Audit links to relevant registered protocols; original crosswalk references retained separately. New links are proposed relevance links, not alias confirmation or execution evidence."", ""next_actions"": [""Follow the original registered test/derivation and charter controls; bind source releases, exact code, parameters, seeds, nulls and held-out results before promotion.""], ""original_experiment_references"": [""EXP-RTCH-B03""], ""provenance"": ""THEORETICAL"", ""registered_experiment_links"": [""EXP-RTCH-B03""], ""replication_status"": ""NO NEW INDEPENDENT REPLICATION PERFORMED"", ""title"": ""Conformal Trace Coupling"", ""unresolved_references"": []}",Conformal Trace Coupling,THEORETICAL,"[""Follow the original registered test/derivation and charter controls; bind source releases, exact code, parameters, seeds, nulls and held-out results before promotion.""]"
STAR-PDF-v0.2,STAR-PDF-v0.2:RTCH-H003,RTCH-H003,STAR-PDF-v0.2:EXP-RTCH-B02,STAR-PDF-v0.2:EXP-RTCH-B02,RTCH-H003 Point-particle action/equation U + D EXP-RTCH-B02 Constraint analysis ,"""RTCH-H003 Point-particle action/equation U + D EXP-RTCH-B02 Constraint analysis ""","Audit links to relevant registered protocols; original crosswalk references retained separately. New links are proposed relevance links, not alias confirmation or execution evidence.",[],THEORETICAL STATEMENT / INDEPENDENT DERIVATION AUDIT REQUIRED,U + D + R,,,,false,false,historical/r&d/docs/provenance_audit/crosswalk_updates.json,079302b311c29b3787d1b87b963d2cfa3ecb01a515399c9c373df4f6d5478b9d,RTCH-H003,"{""baseline_crosswalk_text"": ""RTCH-H003 Point-particle action/equation U + D EXP-RTCH-B02 Constraint analysis "", ""claim_id"": ""RTCH-H003"", ""current_assessment"": ""THEORETICAL STATEMENT / INDEPENDENT DERIVATION AUDIT REQUIRED"", ""evidence_state"": ""U + D + R"", ""finding_ids"": [], ""link_semantics"": ""Audit links to relevant registered protocols; original crosswalk references retained separately. New links are proposed relevance links, not alias confirmation or execution evidence."", ""next_actions"": [""Follow the original registered test/derivation and charter controls; bind source releases, exact code, parameters, seeds, nulls and held-out results before promotion.""], ""original_experiment_references"": [""EXP-RTCH-B02""], ""provenance"": ""THEORETICAL"", ""registered_experiment_links"": [""EXP-RTCH-B02""], ""replication_status"": ""NO NEW INDEPENDENT REPLICATION PERFORMED"", ""title"": ""Fifth-Force Acceleration"", ""unresolved_references"": []}",Fifth-Force Acceleration,THEORETICAL,"[""Follow the original registered test/derivation and charter controls; bind source releases, exact code, parameters, seeds, nulls and held-out results before promotion.""]"
STAR-PDF-v0.2,STAR-PDF-v0.2:RTCH-H004,RTCH-H004,STAR-PDF-v0.2:EXP-RTCH-B01,STAR-PDF-v0.2:EXP-RTCH-B01,RTCH-H004 Unified-matter construction U EXP-RTCH-B01 Formal consistency test ,"""RTCH-H004 Unified-matter construction U EXP-RTCH-B01 Formal consistency test ""","Audit links to relevant registered protocols; original crosswalk references retained separately. New links are proposed relevance links, not alias confirmation or execution evidence.",[],MODEL/METHODOLOGICAL REQUIREMENT RETAINED,U + N,,,,false,false,historical/r&d/docs/provenance_audit/crosswalk_updates.json,079302b311c29b3787d1b87b963d2cfa3ecb01a515399c9c373df4f6d5478b9d,RTCH-H004,"{""baseline_crosswalk_text"": ""RTCH-H004 Unified-matter construction U EXP-RTCH-B01 Formal consistency test "", ""claim_id"": ""RTCH-H004"", ""current_assessment"": ""MODEL/METHODOLOGICAL REQUIREMENT RETAINED"", ""evidence_state"": ""U + N"", ""finding_ids"": [], ""link_semantics"": ""Audit links to relevant registered protocols; original crosswalk references retained separately. New links are proposed relevance links, not alias confirmation or execution evidence."", ""next_actions"": [""Follow the original registered test/derivation and charter controls; bind source releases, exact code, parameters, seeds, nulls and held-out results before promotion.""], ""original_experiment_references"": [""EXP-RTCH-B01""], ""provenance"": ""THEORETICAL / EXPLORATORY"", ""registered_experiment_links"": [""EXP-RTCH-B01""], ""replication_status"": ""NO NEW INDEPENDENT REPLICATION PERFORMED"", ""title"": ""Unified Matter Description"", ""unresolved_references"": []}",Unified Matter Description,THEORETICAL / EXPLORATORY,"[""Follow the original registered test/derivation and charter controls; bind source releases, exact code, parameters, seeds, nulls and held-out results before promotion.""]"
STAR-PDF-v0.2,STAR-PDF-v0.2:FIELD-001,FIELD-001,STAR-PDF-v0.2:EXP-FIELD-B01,STAR-PDF-v0.2:EXP-FIELD-B01,FIELD-001 Arithmetic-topography formulation U EXP-FIELD-B01 Formalize ,"""FIELD-001 Arithmetic-topography formulation U EXP-FIELD-B01 Formalize ""","Audit links to relevant registered protocols; original crosswalk references retained separately. New links are proposed relevance links, not alias confirmation or execution evidence.",[],MODEL/METHODOLOGICAL REQUIREMENT RETAINED,U + N,,,,false,false,historical/r&d/docs/provenance_audit/crosswalk_updates.json,079302b311c29b3787d1b87b963d2cfa3ecb01a515399c9c373df4f6d5478b9d,FIELD-001,"{""baseline_crosswalk_text"": ""FIELD-001 Arithmetic-topography formulation U EXP-FIELD-B01 Formalize "", ""claim_id"": ""FIELD-001"", ""current_assessment"": ""MODEL/METHODOLOGICAL REQUIREMENT RETAINED"", ""evidence_state"": ""U + N"", ""finding_ids"": [], ""link_semantics"": ""Audit links to relevant registered protocols; original crosswalk references retained separately. New links are proposed relevance links, not alias confirmation or execution evidence."", ""next_actions"": [""Follow the original registered test/derivation and charter controls; bind source releases, exact code, parameters, seeds, nulls and held-out results before promotion.""], ""original_experiment_references"": [""EXP-FIELD-B01""], ""provenance"": ""THEORETICAL / EXPLORATORY"", ""registered_experiment_links"": [""EXP-FIELD-B01""], ""replication_status"": ""NO NEW INDEPENDENT REPLICATION PERFORMED"", ""title"": ""Arithmetic Topography"", ""unresolved_references"": []}",Arithmetic Topography,THEORETICAL / EXPLORATORY,"[""Follow the original registered test/derivation and charter controls; bind source releases, exact code, parameters, seeds, nulls and held-out results before promotion.""]"
STAR-PDF-v0.2,STAR-PDF-v0.2:FIELD-002,FIELD-002,STAR-PDF-v0.2:EXP-FIELD-B02,STAR-PDF-v0.2:EXP-FIELD-B02,FIELD-002 No controlled physical evidence N EXP-FIELD-B02 New experiment ,"""FIELD-002 No controlled physical evidence N EXP-FIELD-B02 New experiment ""","Audit links to relevant registered protocols; original crosswalk references retained separately. New links are proposed relevance links, not alias confirmation or execution evidence.",[],PROPOSED / CONTROLLED TEST NOT VERIFIED,N,,,,false,false,historical/r&d/docs/provenance_audit/crosswalk_updates.json,079302b311c29b3787d1b87b963d2cfa3ecb01a515399c9c373df4f6d5478b9d,FIELD-002,"{""baseline_crosswalk_text"": ""FIELD-002 No controlled physical evidence N EXP-FIELD-B02 New experiment "", ""claim_id"": ""FIELD-002"", ""current_assessment"": ""PROPOSED / CONTROLLED TEST NOT VERIFIED"", ""evidence_state"": ""N"", ""finding_ids"": [], ""link_semantics"": ""Audit links to relevant registered protocols; original crosswalk references retained separately. New links are proposed relevance links, not alias confirmation or execution evidence."", ""next_actions"": [""Follow the original registered test/derivation and charter controls; bind source releases, exact code, parameters, seeds, nulls and held-out results before promotion.""], ""original_experiment_references"": [""EXP-FIELD-B02""], ""provenance"": ""EXPLORATORY / UNVERIFIED"", ""registered_experiment_links"": [""EXP-FIELD-B02""], ""replication_status"": ""NO NEW INDEPENDENT REPLICATION PERFORMED"", ""title"": ""Arithmetic Field as Gravity"", ""unresolved_references"": []}",Arithmetic Field as Gravity,EXPLORATORY / UNVERIFIED,"[""Follow the original registered test/derivation and charter controls; bind source releases, exact code, parameters, seeds, nulls and held-out results before promotion.""]"
STAR-PDF-v0.2,STAR-PDF-v0.2:FIELD-003,FIELD-003,STAR-PDF-v0.2:EXP-FIELD-B02,STAR-PDF-v0.2:EXP-FIELD-B03,FIELD-003 Symbolic-field proposal H EXP-FIELD-B03 New theoretical construction ,"""FIELD-003 Symbolic-field proposal H EXP-FIELD-B03 New theoretical construction ""","Audit links to relevant registered protocols; original crosswalk references retained separately. New links are proposed relevance links, not alias confirmation or execution evidence.","[{""historical_reference"": ""EXP-FIELD-B03"", ""canonical_definition_present"": false, ""resolution_status"": ""PENDING / DO NOT MERGE BY ID"", ""candidate_canonical_id"": null, ""alias_resolution"": ""NO ALIAS ASSIGNED"", ""referencing_claims"": [""FIELD-003""], ""required_action"": ""Preserve original reference and reconcile/register its complete protocol explicitly. A related canonical experiment is not a confirmed alias.""}]",PROPOSED / CONTROLLED TEST NOT VERIFIED,N,,,,false,false,historical/r&d/docs/provenance_audit/crosswalk_updates.json,079302b311c29b3787d1b87b963d2cfa3ecb01a515399c9c373df4f6d5478b9d,FIELD-003,"{""baseline_crosswalk_text"": ""FIELD-003 Symbolic-field proposal H EXP-FIELD-B03 New theoretical construction "", ""claim_id"": ""FIELD-003"", ""current_assessment"": ""PROPOSED / CONTROLLED TEST NOT VERIFIED"", ""evidence_state"": ""N"", ""finding_ids"": [], ""link_semantics"": ""Audit links to relevant registered protocols; original crosswalk references retained separately. New links are proposed relevance links, not alias confirmation or execution evidence."", ""next_actions"": [""Follow the original registered test/derivation and charter controls; bind source releases, exact code, parameters, seeds, nulls and held-out results before promotion.""], ""original_experiment_references"": [""EXP-FIELD-B03""], ""provenance"": ""EXPLORATORY / UNVERIFIED"", ""registered_experiment_links"": [""EXP-FIELD-B02""], ""replication_status"": ""NO NEW INDEPENDENT REPLICATION PERFORMED"", ""title"": ""Arithmetic Tensor / Einstein Equation Extension"", ""unresolved_references"": [{""alias_resolution"": ""NO ALIAS ASSIGNED"", ""candidate_canonical_id"": null, ""canonical_definition_present"": false, ""historical_reference"": ""EXP-FIELD-B03"", ""referencing_claims"": [""FIELD-003""], ""required_action"": ""Preserve original reference and reconcile/register its complete protocol explicitly. A related canonical experiment is not a confirmed alias."", ""resolution_status"": ""PENDING / DO NOT MERGE BY ID""}]}",Arithmetic Tensor / Einstein Equation Extension,EXPLORATORY / UNVERIFIED,"[""Follow the original registered test/derivation and charter controls; bind source releases, exact code, parameters, seeds, nulls and held-out results before promotion.""]"
STAR-PDF-v0.2,STAR-PDF-v0.2:ECC-001,ECC-001,STAR-PDF-v0.2:EXP-ECC-B01,STAR-PDF-v0.2:EXP-ECC-B01,ECC-001 ECC manuscript U + D EXP-ECC-B01 Formal derivation ,"""ECC-001 ECC manuscript U + D EXP-ECC-B01 Formal derivation ""","Audit links to relevant registered protocols; original crosswalk references retained separately. New links are proposed relevance links, not alias confirmation or execution evidence.",[],CANDIDATE/HISTORICAL EVIDENCE / RECONSTRUCTION REQUIRED,U + R + N,E-LCL-007;E-LCL-008;E-LCL-010;E-LCL-011;E-DRV-004,STAR-AUDIT-2026-10-03:E-LCL-007;STAR-AUDIT-2026-10-03:E-LCL-008;STAR-AUDIT-2026-10-03:E-LCL-010;STAR-AUDIT-2026-10-03:E-LCL-011;STAR-AUDIT-2026-10-03:E-DRV-004,QASSET-0010;QASSET-0011;QASSET-0012;QASSET-0013;QASSET-0014;QASSET-0015;QASSET-0016;QASSET-0017;QASSET-0018;QASSET-0019;QASSET-0020;QASSET-0021;QASSET-0022;QASSET-0023;QASSET-0024;QASSET-0025;QASSET-0026;QASSET-0027;QASSET-0028;QASSET-0029;QASSET-0030;QASSET-0031;QASSET-0032;QASSET-0033;QASSET-0034;QASSET-0035;QASSET-0036;QASSET-0037,false,false,historical/r&d/docs/provenance_audit/crosswalk_updates.json,079302b311c29b3787d1b87b963d2cfa3ecb01a515399c9c373df4f6d5478b9d,ECC-001,"{""baseline_crosswalk_text"": ""ECC-001 ECC manuscript U + D EXP-ECC-B01 Formal derivation "", ""claim_id"": ""ECC-001"", ""current_assessment"": ""CANDIDATE/HISTORICAL EVIDENCE / RECONSTRUCTION REQUIRED"", ""evidence_state"": ""U + R + N"", ""finding_ids"": [""E-LCL-007"", ""E-LCL-008"", ""E-LCL-010"", ""E-LCL-011"", ""E-DRV-004""], ""link_semantics"": ""Audit links to relevant registered protocols; original crosswalk references retained separately. New links are proposed relevance links, not alias confirmation or execution evidence."", ""next_actions"": [""Keep both generation IDs and exact input hashes; register RTCH-E1 as a separate local simulation/control if desired, without silently substituting it for canonical EXP-RTCH-B01."", ""Retain both null/diagnostic generations. Rebuild adequate null counts, effect sizes, intervals, multiple-comparison controls, code binding and independent arithmetic/astronomical inputs before empirical promotion."", ""Set Leakage Status POTENTIAL LEAKAGE for rank generalization and CONFIRMED TARGET CONTAMINATION for Faltings-held-out interpretation; rebuild fold-local embeddings and remove target-defining inputs for independent prediction tests."", ""Record CSV stability output separately from empty JSON summary and require genuine perturbation/subsampling before claiming robustness."", ""Keep proposal, observed output and interpretation separate; require machine run manifests for execution claims.""], ""original_experiment_references"": [""EXP-ECC-B01""], ""provenance"": ""EXPLORATORY / HISTORICAL MODEL"", ""registered_experiment_links"": [""EXP-ECC-B01""], ""replication_status"": ""NO NEW INDEPENDENT REPLICATION PERFORMED"", ""title"": ""Entropy/Cohomology Structure"", ""unresolved_references"": []}",Entropy/Cohomology Structure,EXPLORATORY / HISTORICAL MODEL,"[""Keep both generation IDs and exact input hashes; register RTCH-E1 as a separate local simulation/control if desired, without silently substituting it for canonical EXP-RTCH-B01."", ""Retain both null/diagnostic generations. Rebuild adequate null counts, effect sizes, intervals, multiple-comparison controls, code binding and independent arithmetic/astronomical inputs before empirical promotion."", ""Set Leakage Status POTENTIAL LEAKAGE for rank generalization and CONFIRMED TARGET CONTAMINATION for Faltings-held-out interpretation; rebuild fold-local embeddings and remove target-defining inputs for independent prediction tests."", ""Record CSV stability output separately from empty JSON summary and require genuine perturbation/subsampling before claiming robustness."", ""Keep proposal, observed output and interpretation separate; require machine run manifests for execution claims.""]"
STAR-PDF-v0.2,STAR-PDF-v0.2:ECC-002,ECC-002,STAR-PDF-v0.2:EXP-ECC-B01,STAR-PDF-v0.2:EXP-ECC-B01,ECC-002 Closed/non-exact form construction U + D EXP-ECC-B01 Mathematical audit ,"""ECC-002 Closed/non-exact form construction U + D EXP-ECC-B01 Mathematical audit ""","Audit links to relevant registered protocols; original crosswalk references retained separately. New links are proposed relevance links, not alias confirmation or execution evidence.",[],THEORETICAL STATEMENT / INDEPENDENT DERIVATION AUDIT REQUIRED,U + D + R,E-LCL-007,STAR-AUDIT-2026-10-03:E-LCL-007,QASSET-0010;QASSET-0011;QASSET-0012;QASSET-0013;QASSET-0014;QASSET-0015;QASSET-0016;QASSET-0017;QASSET-0018;QASSET-0019;QASSET-0020;QASSET-0021;QASSET-0022;QASSET-0023;QASSET-0024;QASSET-0025;QASSET-0026;QASSET-0027;QASSET-0028;QASSET-0029;QASSET-0030;QASSET-0031;QASSET-0032;QASSET-0033;QASSET-0034;QASSET-0035;QASSET-0036;QASSET-0037,false,false,historical/r&d/docs/provenance_audit/crosswalk_updates.json,079302b311c29b3787d1b87b963d2cfa3ecb01a515399c9c373df4f6d5478b9d,ECC-002,"{""baseline_crosswalk_text"": ""ECC-002 Closed/non-exact form construction U + D EXP-ECC-B01 Mathematical audit "", ""claim_id"": ""ECC-002"", ""current_assessment"": ""THEORETICAL STATEMENT / INDEPENDENT DERIVATION AUDIT REQUIRED"", ""evidence_state"": ""U + D + R"", ""finding_ids"": [""E-LCL-007""], ""link_semantics"": ""Audit links to relevant registered protocols; original crosswalk references retained separately. New links are proposed relevance links, not alias confirmation or execution evidence."", ""next_actions"": [""Keep both generation IDs and exact input hashes; register RTCH-E1 as a separate local simulation/control if desired, without silently substituting it for canonical EXP-RTCH-B01.""], ""original_experiment_references"": [""EXP-ECC-B01""], ""provenance"": ""THEORETICAL"", ""registered_experiment_links"": [""EXP-ECC-B01""], ""replication_status"": ""NO NEW INDEPENDENT REPLICATION PERFORMED"", ""title"": ""Closed Non-Exact Requirement"", ""unresolved_references"": []}",Closed Non-Exact Requirement,THEORETICAL,"[""Keep both generation IDs and exact input hashes; register RTCH-E1 as a separate local simulation/control if desired, without silently substituting it for canonical EXP-RTCH-B01.""]"
STAR-PDF-v0.2,STAR-PDF-v0.2:ECC-003,ECC-003,STAR-PDF-v0.2:EXP-ENERGY-B01,STAR-PDF-v0.2:EXP-ECC-B02,ECC-003 Proposed entropy-energy architecture H EXP-ECC-B02 New theory/limit test ,"""ECC-003 Proposed entropy-energy architecture H EXP-ECC-B02 New theory/limit test ""","Audit links to relevant registered protocols; original crosswalk references retained separately. New links are proposed relevance links, not alias confirmation or execution evidence.","[{""historical_reference"": ""EXP-ECC-B02"", ""canonical_definition_present"": false, ""resolution_status"": ""PENDING / DO NOT MERGE BY ID"", ""candidate_canonical_id"": null, ""alias_resolution"": ""NO ALIAS ASSIGNED"", ""referencing_claims"": [""ECC-003""], ""required_action"": ""Preserve original reference and reconcile/register its complete protocol explicitly. A related canonical experiment is not a confirmed alias.""}]",PROPOSED / CONTROLLED TEST NOT VERIFIED,N,,,,false,false,historical/r&d/docs/provenance_audit/crosswalk_updates.json,079302b311c29b3787d1b87b963d2cfa3ecb01a515399c9c373df4f6d5478b9d,ECC-003,"{""baseline_crosswalk_text"": ""ECC-003 Proposed entropy-energy architecture H EXP-ECC-B02 New theory/limit test "", ""claim_id"": ""ECC-003"", ""current_assessment"": ""PROPOSED / CONTROLLED TEST NOT VERIFIED"", ""evidence_state"": ""N"", ""finding_ids"": [], ""link_semantics"": ""Audit links to relevant registered protocols; original crosswalk references retained separately. New links are proposed relevance links, not alias confirmation or execution evidence."", ""next_actions"": [""Follow the original registered test/derivation and charter controls; bind source releases, exact code, parameters, seeds, nulls and held-out results before promotion.""], ""original_experiment_references"": [""EXP-ECC-B02""], ""provenance"": ""EXPLORATORY / UNVERIFIED"", ""registered_experiment_links"": [""EXP-ENERGY-B01""], ""replication_status"": ""NO NEW INDEPENDENT REPLICATION PERFORMED"", ""title"": ""Entropy-Energy Relation"", ""unresolved_references"": [{""alias_resolution"": ""NO ALIAS ASSIGNED"", ""candidate_canonical_id"": null, ""canonical_definition_present"": false, ""historical_reference"": ""EXP-ECC-B02"", ""referencing_claims"": [""ECC-003""], ""required_action"": ""Preserve original reference and reconcile/register its complete protocol explicitly. A related canonical experiment is not a confirmed alias."", ""resolution_status"": ""PENDING / DO NOT MERGE BY ID""}]}",Entropy-Energy Relation,EXPLORATORY / UNVERIFIED,"[""Follow the original registered test/derivation and charter controls; bind source releases, exact code, parameters, seeds, nulls and held-out results before promotion.""]"
STAR-PDF-v0.2,STAR-PDF-v0.2:ENERGY-001,ENERGY-001,STAR-PDF-v0.2:EXP-ENERGY-B01,STAR-PDF-v0.2:EXP-ENERGY-B01,ENERGY-001 Conceptual mass-energy proposals H EXP-ENERGY-B01 New derivation ,"""ENERGY-001 Conceptual mass-energy proposals H EXP-ENERGY-B01 New derivation ""","Audit links to relevant registered protocols; original crosswalk references retained separately. New links are proposed relevance links, not alias confirmation or execution evidence.",[],PROPOSED / CONTROLLED TEST NOT VERIFIED,N,,,,false,false,historical/r&d/docs/provenance_audit/crosswalk_updates.json,079302b311c29b3787d1b87b963d2cfa3ecb01a515399c9c373df4f6d5478b9d,ENERGY-001,"{""baseline_crosswalk_text"": ""ENERGY-001 Conceptual mass-energy proposals H EXP-ENERGY-B01 New derivation "", ""claim_id"": ""ENERGY-001"", ""current_assessment"": ""PROPOSED / CONTROLLED TEST NOT VERIFIED"", ""evidence_state"": ""N"", ""finding_ids"": [], ""link_semantics"": ""Audit links to relevant registered protocols; original crosswalk references retained separately. New links are proposed relevance links, not alias confirmation or execution evidence."", ""next_actions"": [""Follow the original registered test/derivation and charter controls; bind source releases, exact code, parameters, seeds, nulls and held-out results before promotion.""], ""original_experiment_references"": [""EXP-ENERGY-B01""], ""provenance"": ""EXPLORATORY / UNVERIFIED"", ""registered_experiment_links"": [""EXP-ENERGY-B01""], ""replication_status"": ""NO NEW INDEPENDENT REPLICATION PERFORMED"", ""title"": ""Generalized Mass-Energy Relation"", ""unresolved_references"": []}",Generalized Mass-Energy Relation,EXPLORATORY / UNVERIFIED,"[""Follow the original registered test/derivation and charter controls; bind source releases, exact code, parameters, seeds, nulls and held-out results before promotion.""]"
STAR-PDF-v0.2,STAR-PDF-v0.2:COSMO-E001,COSMO-E001,STAR-PDF-v0.2:EXP-COSMO-B01,STAR-PDF-v0.2:EXP-COSMO-B01,COSMO-E001 Redshift/topology framework H EXP-COSMO-B01 New longitudinal experiment ,"""COSMO-E001 Redshift/topology framework H EXP-COSMO-B01 New longitudinal experiment ""","Audit links to relevant registered protocols; original crosswalk references retained separately. New links are proposed relevance links, not alias confirmation or execution evidence.",[],PROPOSED / CONTROLLED TEST NOT VERIFIED,N,,,,false,false,historical/r&d/docs/provenance_audit/crosswalk_updates.json,079302b311c29b3787d1b87b963d2cfa3ecb01a515399c9c373df4f6d5478b9d,COSMO-E001,"{""baseline_crosswalk_text"": ""COSMO-E001 Redshift/topology framework H EXP-COSMO-B01 New longitudinal experiment "", ""claim_id"": ""COSMO-E001"", ""current_assessment"": ""PROPOSED / CONTROLLED TEST NOT VERIFIED"", ""evidence_state"": ""N"", ""finding_ids"": [], ""link_semantics"": ""Audit links to relevant registered protocols; original crosswalk references retained separately. New links are proposed relevance links, not alias confirmation or execution evidence."", ""next_actions"": [""Follow the original registered test/derivation and charter controls; bind source releases, exact code, parameters, seeds, nulls and held-out results before promotion.""], ""original_experiment_references"": [""EXP-COSMO-B01""], ""provenance"": ""EXPLORATORY / UNVERIFIED"", ""registered_experiment_links"": [""EXP-COSMO-B01""], ""replication_status"": ""NO NEW INDEPENDENT REPLICATION PERFORMED"", ""title"": ""Arithmetic/Topological Redshift Evolution"", ""unresolved_references"": []}",Arithmetic/Topological Redshift Evolution,EXPLORATORY / UNVERIFIED,"[""Follow the original registered test/derivation and charter controls; bind source releases, exact code, parameters, seeds, nulls and held-out results before promotion.""]"
STAR-PDF-v0.2,STAR-PDF-v0.2:COSMO-E002,COSMO-E002,STAR-PDF-v0.2:EXP-COSMO-C01,STAR-PDF-v0.2:EXP-COSMO-B02,COSMO-E002 No direct evidence N EXP-COSMO-B02 Downstream only,"""COSMO-E002 No direct evidence N EXP-COSMO-B02 Downstream only""","Audit links to relevant registered protocols; original crosswalk references retained separately. New links are proposed relevance links, not alias confirmation or execution evidence.","[{""historical_reference"": ""EXP-COSMO-B02"", ""canonical_definition_present"": false, ""resolution_status"": ""PENDING / DO NOT MERGE BY ID"", ""candidate_canonical_id"": ""EXP-COSMO-C01"", ""alias_resolution"": ""UNCONFIRMED"", ""referencing_claims"": [""COSMO-E002""], ""required_action"": ""Preserve original reference and reconcile/register its complete protocol explicitly. A related canonical experiment is not a confirmed alias.""}]",DOWNSTREAM / UNVALIDATED; ILLUSTRATION IS CALIBRATED,N + H,E-LCL-016,STAR-AUDIT-2026-10-03:E-LCL-016,,false,false,historical/r&d/docs/provenance_audit/crosswalk_updates.json,079302b311c29b3787d1b87b963d2cfa3ecb01a515399c9c373df4f6d5478b9d,COSMO-E002,"{""baseline_crosswalk_text"": ""COSMO-E002 No direct evidence N EXP-COSMO-B02 Downstream only"", ""claim_id"": ""COSMO-E002"", ""current_assessment"": ""DOWNSTREAM / UNVALIDATED; ILLUSTRATION IS CALIBRATED"", ""evidence_state"": ""N + H"", ""finding_ids"": [""E-LCL-016""], ""link_semantics"": ""Audit links to relevant registered protocols; original crosswalk references retained separately. New links are proposed relevance links, not alias confirmation or execution evidence."", ""next_actions"": [""Bind website displays to a synthetic/model provenance label; preserve model formulas and coefficients as construction choices. Keep COSMO-E002 downstream; displayed agreement with calibration anchors is not independent confirmation.""], ""original_experiment_references"": [""EXP-COSMO-B02""], ""provenance"": ""EXPLORATORY / HISTORICAL MODEL"", ""registered_experiment_links"": [""EXP-COSMO-C01""], ""replication_status"": ""NO NEW INDEPENDENT REPLICATION PERFORMED"", ""title"": ""Hubble-Planck Tension Application"", ""unresolved_references"": [{""alias_resolution"": ""UNCONFIRMED"", ""candidate_canonical_id"": ""EXP-COSMO-C01"", ""canonical_definition_present"": false, ""historical_reference"": ""EXP-COSMO-B02"", ""referencing_claims"": [""COSMO-E002""], ""required_action"": ""Preserve original reference and reconcile/register its complete protocol explicitly. A related canonical experiment is not a confirmed alias."", ""resolution_status"": ""PENDING / DO NOT MERGE BY ID""}]}",Hubble-Planck Tension Application,EXPLORATORY / HISTORICAL MODEL,"[""Bind website displays to a synthetic/model provenance label; preserve model formulas and coefficients as construction choices. Keep COSMO-E002 downstream; displayed agreement with calibration anchors is not independent confirmation.""]"
STAR-PDF-v0.2,STAR-PDF-v0.2:HIST-001,HIST-001,STAR-PDF-v0.2:EXP-RANK-A01;STAR-PDF-v0.2:EXP-TOPO-A01;STAR-PDF-v0.2:EXP-MAP-A01,,,null,"Audit links to relevant registered protocols; original crosswalk references retained separately. New links are proposed relevance links, not alias confirmation or execution evidence.",[],HISTORICAL ONLY / RECONSTRUCTION AND NEW CONTROLLED TEST REQUIRED,H + R,E-LCL-006;E-LCL-008;E-LCL-016,STAR-AUDIT-2026-10-03:E-LCL-006;STAR-AUDIT-2026-10-03:E-LCL-008;STAR-AUDIT-2026-10-03:E-LCL-016,QASSET-0010;QASSET-0011;QASSET-0012;QASSET-0013;QASSET-0014;QASSET-0015;QASSET-0016;QASSET-0017;QASSET-0018;QASSET-0019;QASSET-0020;QASSET-0021;QASSET-0022;QASSET-0023;QASSET-0024;QASSET-0025;QASSET-0026;QASSET-0027;QASSET-0028;QASSET-0029;QASSET-0030;QASSET-0031;QASSET-0032;QASSET-0033;QASSET-0034;QASSET-0035;QASSET-0036;QASSET-0037,false,false,historical/r&d/docs/provenance_audit/crosswalk_updates.json,079302b311c29b3787d1b87b963d2cfa3ecb01a515399c9c373df4f6d5478b9d,HIST-001,"{""baseline_crosswalk_text"": null, ""claim_id"": ""HIST-001"", ""current_assessment"": ""HISTORICAL ONLY / RECONSTRUCTION AND NEW CONTROLLED TEST REQUIRED"", ""evidence_state"": ""H + R"", ""finding_ids"": [""E-LCL-006"", ""E-LCL-008"", ""E-LCL-016""], ""link_semantics"": ""Audit links to relevant registered protocols; original crosswalk references retained separately. New links are proposed relevance links, not alias confirmation or execution evidence."", ""next_actions"": [""Retain completed-run reports as historical computational evidence only; reconstruct identical mapping, filtration and survey/null comparisons before TOPO-001 promotion."", ""Retain both null/diagnostic generations. Rebuild adequate null counts, effect sizes, intervals, multiple-comparison controls, code binding and independent arithmetic/astronomical inputs before empirical promotion."", ""Bind website displays to a synthetic/model provenance label; preserve model formulas and coefficients as construction choices. Keep COSMO-E002 downstream; displayed agreement with calibration anchors is not independent confirmation.""], ""original_experiment_references"": [], ""provenance"": ""HISTORICAL MODEL / UNVERIFIED"", ""registered_experiment_links"": [""EXP-RANK-A01"", ""EXP-TOPO-A01"", ""EXP-MAP-A01""], ""replication_status"": ""NO NEW INDEPENDENT REPLICATION PERFORMED"", ""title"": ""Retained historical assertion 001"", ""unresolved_references"": []}",Retained historical assertion 001,HISTORICAL MODEL / UNVERIFIED,"[""Retain completed-run reports as historical computational evidence only; reconstruct identical mapping, filtration and survey/null comparisons before TOPO-001 promotion."", ""Retain both null/diagnostic generations. Rebuild adequate null counts, effect sizes, intervals, multiple-comparison controls, code binding and independent arithmetic/astronomical inputs before empirical promotion."", ""Bind website displays to a synthetic/model provenance label; preserve model formulas and coefficients as construction choices. Keep COSMO-E002 downstream; displayed agreement with calibration anchors is not independent confirmation.""]"
STAR-PDF-v0.2,STAR-PDF-v0.2:HIST-002,HIST-002,STAR-PDF-v0.2:EXP-RANK-A01;STAR-PDF-v0.2:EXP-RANK-A02,,,null,"Audit links to relevant registered protocols; original crosswalk references retained separately. New links are proposed relevance links, not alias confirmation or execution evidence.",[],HISTORICAL ONLY / RECONSTRUCTION AND NEW CONTROLLED TEST REQUIRED,H + R,E-LCL-005;E-LCL-008,STAR-AUDIT-2026-10-03:E-LCL-005;STAR-AUDIT-2026-10-03:E-LCL-008,QASSET-0010;QASSET-0011;QASSET-0012;QASSET-0013;QASSET-0014;QASSET-0015;QASSET-0016;QASSET-0017;QASSET-0018;QASSET-0019;QASSET-0020;QASSET-0021;QASSET-0022;QASSET-0023;QASSET-0024;QASSET-0025;QASSET-0026;QASSET-0027;QASSET-0028;QASSET-0029;QASSET-0030;QASSET-0031;QASSET-0032;QASSET-0033;QASSET-0034;QASSET-0035;QASSET-0036;QASSET-0037,false,false,historical/r&d/docs/provenance_audit/crosswalk_updates.json,079302b311c29b3787d1b87b963d2cfa3ecb01a515399c9c373df4f6d5478b9d,HIST-002,"{""baseline_crosswalk_text"": null, ""claim_id"": ""HIST-002"", ""current_assessment"": ""HISTORICAL ONLY / RECONSTRUCTION AND NEW CONTROLLED TEST REQUIRED"", ""evidence_state"": ""H + R"", ""finding_ids"": [""E-LCL-005"", ""E-LCL-008""], ""link_semantics"": ""Audit links to relevant registered protocols; original crosswalk references retained separately. New links are proposed relevance links, not alias confirmation or execution evidence."", ""next_actions"": [""Record estimated/proxy status explicitly; prevent3-Selmer exactness or cosmic-evidence promotion from these filenames/results."", ""Retain both null/diagnostic generations. Rebuild adequate null counts, effect sizes, intervals, multiple-comparison controls, code binding and independent arithmetic/astronomical inputs before empirical promotion.""], ""original_experiment_references"": [], ""provenance"": ""HISTORICAL MODEL / UNVERIFIED"", ""registered_experiment_links"": [""EXP-RANK-A01"", ""EXP-RANK-A02""], ""replication_status"": ""NO NEW INDEPENDENT REPLICATION PERFORMED"", ""title"": ""Retained historical assertion 002"", ""unresolved_references"": []}",Retained historical assertion 002,HISTORICAL MODEL / UNVERIFIED,"[""Record estimated/proxy status explicitly; prevent3-Selmer exactness or cosmic-evidence promotion from these filenames/results."", ""Retain both null/diagnostic generations. Rebuild adequate null counts, effect sizes, intervals, multiple-comparison controls, code binding and independent arithmetic/astronomical inputs before empirical promotion.""]"
STAR-PDF-v0.2,STAR-PDF-v0.2:HIST-003,HIST-003,STAR-PDF-v0.2:EXP-RANK-A01;STAR-PDF-v0.2:EXP-RANK-A02,,,null,"Audit links to relevant registered protocols; original crosswalk references retained separately. New links are proposed relevance links, not alias confirmation or execution evidence.",[],HISTORICAL ONLY / RECONSTRUCTION AND NEW CONTROLLED TEST REQUIRED,H + R,E-LCL-005;E-LCL-008,STAR-AUDIT-2026-10-03:E-LCL-005;STAR-AUDIT-2026-10-03:E-LCL-008,QASSET-0010;QASSET-0011;QASSET-0012;QASSET-0013;QASSET-0014;QASSET-0015;QASSET-0016;QASSET-0017;QASSET-0018;QASSET-0019;QASSET-0020;QASSET-0021;QASSET-0022;QASSET-0023;QASSET-0024;QASSET-0025;QASSET-0026;QASSET-0027;QASSET-0028;QASSET-0029;QASSET-0030;QASSET-0031;QASSET-0032;QASSET-0033;QASSET-0034;QASSET-0035;QASSET-0036;QASSET-0037,false,false,historical/r&d/docs/provenance_audit/crosswalk_updates.json,079302b311c29b3787d1b87b963d2cfa3ecb01a515399c9c373df4f6d5478b9d,HIST-003,"{""baseline_crosswalk_text"": null, ""claim_id"": ""HIST-003"", ""current_assessment"": ""HISTORICAL ONLY / RECONSTRUCTION AND NEW CONTROLLED TEST REQUIRED"", ""evidence_state"": ""H + R"", ""finding_ids"": [""E-LCL-005"", ""E-LCL-008""], ""link_semantics"": ""Audit links to relevant registered protocols; original crosswalk references retained separately. New links are proposed relevance links, not alias confirmation or execution evidence."", ""next_actions"": [""Record estimated/proxy status explicitly; prevent3-Selmer exactness or cosmic-evidence promotion from these filenames/results."", ""Retain both null/diagnostic generations. Rebuild adequate null counts, effect sizes, intervals, multiple-comparison controls, code binding and independent arithmetic/astronomical inputs before empirical promotion.""], ""original_experiment_references"": [], ""provenance"": ""HISTORICAL MODEL / UNVERIFIED"", ""registered_experiment_links"": [""EXP-RANK-A01"", ""EXP-RANK-A02""], ""replication_status"": ""NO NEW INDEPENDENT REPLICATION PERFORMED"", ""title"": ""Retained historical assertion 003"", ""unresolved_references"": []}",Retained historical assertion 003,HISTORICAL MODEL / UNVERIFIED,"[""Record estimated/proxy status explicitly; prevent3-Selmer exactness or cosmic-evidence promotion from these filenames/results."", ""Retain both null/diagnostic generations. Rebuild adequate null counts, effect sizes, intervals, multiple-comparison controls, code binding and independent arithmetic/astronomical inputs before empirical promotion.""]"
STAR-PDF-v0.2,STAR-PDF-v0.2:HIST-004,HIST-004,STAR-PDF-v0.2:EXP-RANK-A01;STAR-PDF-v0.2:EXP-RANK-A02,,,null,"Audit links to relevant registered protocols; original crosswalk references retained separately. New links are proposed relevance links, not alias confirmation or execution evidence.",[],HISTORICAL ONLY / RECONSTRUCTION AND NEW CONTROLLED TEST REQUIRED,H + R,E-LCL-005;E-LCL-008,STAR-AUDIT-2026-10-03:E-LCL-005;STAR-AUDIT-2026-10-03:E-LCL-008,QASSET-0010;QASSET-0011;QASSET-0012;QASSET-0013;QASSET-0014;QASSET-0015;QASSET-0016;QASSET-0017;QASSET-0018;QASSET-0019;QASSET-0020;QASSET-0021;QASSET-0022;QASSET-0023;QASSET-0024;QASSET-0025;QASSET-0026;QASSET-0027;QASSET-0028;QASSET-0029;QASSET-0030;QASSET-0031;QASSET-0032;QASSET-0033;QASSET-0034;QASSET-0035;QASSET-0036;QASSET-0037,false,false,historical/r&d/docs/provenance_audit/crosswalk_updates.json,079302b311c29b3787d1b87b963d2cfa3ecb01a515399c9c373df4f6d5478b9d,HIST-004,"{""baseline_crosswalk_text"": null, ""claim_id"": ""HIST-004"", ""current_assessment"": ""HISTORICAL ONLY / RECONSTRUCTION AND NEW CONTROLLED TEST REQUIRED"", ""evidence_state"": ""H + R"", ""finding_ids"": [""E-LCL-005"", ""E-LCL-008""], ""link_semantics"": ""Audit links to relevant registered protocols; original crosswalk references retained separately. New links are proposed relevance links, not alias confirmation or execution evidence."", ""next_actions"": [""Record estimated/proxy status explicitly; prevent3-Selmer exactness or cosmic-evidence promotion from these filenames/results."", ""Retain both null/diagnostic generations. Rebuild adequate null counts, effect sizes, intervals, multiple-comparison controls, code binding and independent arithmetic/astronomical inputs before empirical promotion.""], ""original_experiment_references"": [], ""provenance"": ""HISTORICAL MODEL / UNVERIFIED"", ""registered_experiment_links"": [""EXP-RANK-A01"", ""EXP-RANK-A02""], ""replication_status"": ""NO NEW INDEPENDENT REPLICATION PERFORMED"", ""title"": ""Retained historical assertion 004"", ""unresolved_references"": []}",Retained historical assertion 004,HISTORICAL MODEL / UNVERIFIED,"[""Record estimated/proxy status explicitly; prevent3-Selmer exactness or cosmic-evidence promotion from these filenames/results."", ""Retain both null/diagnostic generations. Rebuild adequate null counts, effect sizes, intervals, multiple-comparison controls, code binding and independent arithmetic/astronomical inputs before empirical promotion.""]"
STAR-PDF-v0.2,STAR-PDF-v0.2:HIST-005,HIST-005,STAR-PDF-v0.2:EXP-RANK-A01;STAR-PDF-v0.2:EXP-RANK-A02,,,null,"Audit links to relevant registered protocols; original crosswalk references retained separately. New links are proposed relevance links, not alias confirmation or execution evidence.",[],HISTORICAL ONLY / RECONSTRUCTION AND NEW CONTROLLED TEST REQUIRED,H + R,E-LCL-005;E-LCL-008,STAR-AUDIT-2026-10-03:E-LCL-005;STAR-AUDIT-2026-10-03:E-LCL-008,QASSET-0010;QASSET-0011;QASSET-0012;QASSET-0013;QASSET-0014;QASSET-0015;QASSET-0016;QASSET-0017;QASSET-0018;QASSET-0019;QASSET-0020;QASSET-0021;QASSET-0022;QASSET-0023;QASSET-0024;QASSET-0025;QASSET-0026;QASSET-0027;QASSET-0028;QASSET-0029;QASSET-0030;QASSET-0031;QASSET-0032;QASSET-0033;QASSET-0034;QASSET-0035;QASSET-0036;QASSET-0037,false,false,historical/r&d/docs/provenance_audit/crosswalk_updates.json,079302b311c29b3787d1b87b963d2cfa3ecb01a515399c9c373df4f6d5478b9d,HIST-005,"{""baseline_crosswalk_text"": null, ""claim_id"": ""HIST-005"", ""current_assessment"": ""HISTORICAL ONLY / RECONSTRUCTION AND NEW CONTROLLED TEST REQUIRED"", ""evidence_state"": ""H + R"", ""finding_ids"": [""E-LCL-005"", ""E-LCL-008""], ""link_semantics"": ""Audit links to relevant registered protocols; original crosswalk references retained separately. New links are proposed relevance links, not alias confirmation or execution evidence."", ""next_actions"": [""Record estimated/proxy status explicitly; prevent3-Selmer exactness or cosmic-evidence promotion from these filenames/results."", ""Retain both null/diagnostic generations. Rebuild adequate null counts, effect sizes, intervals, multiple-comparison controls, code binding and independent arithmetic/astronomical inputs before empirical promotion.""], ""original_experiment_references"": [], ""provenance"": ""HISTORICAL MODEL / UNVERIFIED"", ""registered_experiment_links"": [""EXP-RANK-A01"", ""EXP-RANK-A02""], ""replication_status"": ""NO NEW INDEPENDENT REPLICATION PERFORMED"", ""title"": ""Retained historical assertion 005"", ""unresolved_references"": []}",Retained historical assertion 005,HISTORICAL MODEL / UNVERIFIED,"[""Record estimated/proxy status explicitly; prevent3-Selmer exactness or cosmic-evidence promotion from these filenames/results."", ""Retain both null/diagnostic generations. Rebuild adequate null counts, effect sizes, intervals, multiple-comparison controls, code binding and independent arithmetic/astronomical inputs before empirical promotion.""]"
STAR-PDF-v0.2,STAR-PDF-v0.2:HIST-006,HIST-006,STAR-PDF-v0.2:EXP-RANK-A01;STAR-PDF-v0.2:EXP-RANK-A02,,,null,"Audit links to relevant registered protocols; original crosswalk references retained separately. New links are proposed relevance links, not alias confirmation or execution evidence.",[],HISTORICAL ONLY / RECONSTRUCTION AND NEW CONTROLLED TEST REQUIRED,H + R,E-LCL-005;E-LCL-008,STAR-AUDIT-2026-10-03:E-LCL-005;STAR-AUDIT-2026-10-03:E-LCL-008,QASSET-0010;QASSET-0011;QASSET-0012;QASSET-0013;QASSET-0014;QASSET-0015;QASSET-0016;QASSET-0017;QASSET-0018;QASSET-0019;QASSET-0020;QASSET-0021;QASSET-0022;QASSET-0023;QASSET-0024;QASSET-0025;QASSET-0026;QASSET-0027;QASSET-0028;QASSET-0029;QASSET-0030;QASSET-0031;QASSET-0032;QASSET-0033;QASSET-0034;QASSET-0035;QASSET-0036;QASSET-0037,false,false,historical/r&d/docs/provenance_audit/crosswalk_updates.json,079302b311c29b3787d1b87b963d2cfa3ecb01a515399c9c373df4f6d5478b9d,HIST-006,"{""baseline_crosswalk_text"": null, ""claim_id"": ""HIST-006"", ""current_assessment"": ""HISTORICAL ONLY / RECONSTRUCTION AND NEW CONTROLLED TEST REQUIRED"", ""evidence_state"": ""H + R"", ""finding_ids"": [""E-LCL-005"", ""E-LCL-008""], ""link_semantics"": ""Audit links to relevant registered protocols; original crosswalk references retained separately. New links are proposed relevance links, not alias confirmation or execution evidence."", ""next_actions"": [""Record estimated/proxy status explicitly; prevent3-Selmer exactness or cosmic-evidence promotion from these filenames/results."", ""Retain both null/diagnostic generations. Rebuild adequate null counts, effect sizes, intervals, multiple-comparison controls, code binding and independent arithmetic/astronomical inputs before empirical promotion.""], ""original_experiment_references"": [], ""provenance"": ""HISTORICAL MODEL / UNVERIFIED"", ""registered_experiment_links"": [""EXP-RANK-A01"", ""EXP-RANK-A02""], ""replication_status"": ""NO NEW INDEPENDENT REPLICATION PERFORMED"", ""title"": ""Retained historical assertion 006"", ""unresolved_references"": []}",Retained historical assertion 006,HISTORICAL MODEL / UNVERIFIED,"[""Record estimated/proxy status explicitly; prevent3-Selmer exactness or cosmic-evidence promotion from these filenames/results."", ""Retain both null/diagnostic generations. Rebuild adequate null counts, effect sizes, intervals, multiple-comparison controls, code binding and independent arithmetic/astronomical inputs before empirical promotion.""]"
STAR-PDF-v0.2,STAR-PDF-v0.2:HIST-007,HIST-007,STAR-PDF-v0.2:EXP-TOPO-A01,,,null,"Audit links to relevant registered protocols; original crosswalk references retained separately. New links are proposed relevance links, not alias confirmation or execution evidence.",[],HISTORICAL ONLY / RECONSTRUCTION AND NEW CONTROLLED TEST REQUIRED,H + R,E-LCL-006;E-LCL-008;E-LCL-016,STAR-AUDIT-2026-10-03:E-LCL-006;STAR-AUDIT-2026-10-03:E-LCL-008;STAR-AUDIT-2026-10-03:E-LCL-016,QASSET-0010;QASSET-0011;QASSET-0012;QASSET-0013;QASSET-0014;QASSET-0015;QASSET-0016;QASSET-0017;QASSET-0018;QASSET-0019;QASSET-0020;QASSET-0021;QASSET-0022;QASSET-0023;QASSET-0024;QASSET-0025;QASSET-0026;QASSET-0027;QASSET-0028;QASSET-0029;QASSET-0030;QASSET-0031;QASSET-0032;QASSET-0033;QASSET-0034;QASSET-0035;QASSET-0036;QASSET-0037,false,false,historical/r&d/docs/provenance_audit/crosswalk_updates.json,079302b311c29b3787d1b87b963d2cfa3ecb01a515399c9c373df4f6d5478b9d,HIST-007,"{""baseline_crosswalk_text"": null, ""claim_id"": ""HIST-007"", ""current_assessment"": ""HISTORICAL ONLY / RECONSTRUCTION AND NEW CONTROLLED TEST REQUIRED"", ""evidence_state"": ""H + R"", ""finding_ids"": [""E-LCL-006"", ""E-LCL-008"", ""E-LCL-016""], ""link_semantics"": ""Audit links to relevant registered protocols; original crosswalk references retained separately. New links are proposed relevance links, not alias confirmation or execution evidence."", ""next_actions"": [""Retain completed-run reports as historical computational evidence only; reconstruct identical mapping, filtration and survey/null comparisons before TOPO-001 promotion."", ""Retain both null/diagnostic generations. Rebuild adequate null counts, effect sizes, intervals, multiple-comparison controls, code binding and independent arithmetic/astronomical inputs before empirical promotion."", ""Bind website displays to a synthetic/model provenance label; preserve model formulas and coefficients as construction choices. Keep COSMO-E002 downstream; displayed agreement with calibration anchors is not independent confirmation.""], ""original_experiment_references"": [], ""provenance"": ""HISTORICAL MODEL / UNVERIFIED"", ""registered_experiment_links"": [""EXP-TOPO-A01""], ""replication_status"": ""NO NEW INDEPENDENT REPLICATION PERFORMED"", ""title"": ""Retained historical assertion 007"", ""unresolved_references"": []}",Retained historical assertion 007,HISTORICAL MODEL / UNVERIFIED,"[""Retain completed-run reports as historical computational evidence only; reconstruct identical mapping, filtration and survey/null comparisons before TOPO-001 promotion."", ""Retain both null/diagnostic generations. Rebuild adequate null counts, effect sizes, intervals, multiple-comparison controls, code binding and independent arithmetic/astronomical inputs before empirical promotion."", ""Bind website displays to a synthetic/model provenance label; preserve model formulas and coefficients as construction choices. Keep COSMO-E002 downstream; displayed agreement with calibration anchors is not independent confirmation.""]"
STAR-PDF-v0.2,STAR-PDF-v0.2:HIST-008,HIST-008,STAR-PDF-v0.2:EXP-DATA-A02;STAR-PDF-v0.2:EXP-TOPO-A01;STAR-PDF-v0.2:EXP-MAP-A01,,,null,"Audit links to relevant registered protocols; original crosswalk references retained separately. New links are proposed relevance links, not alias confirmation or execution evidence.",[],HISTORICAL ONLY / RECONSTRUCTION AND NEW CONTROLLED TEST REQUIRED,H + R,E-LCL-006;E-LCL-008;E-LCL-016,STAR-AUDIT-2026-10-03:E-LCL-006;STAR-AUDIT-2026-10-03:E-LCL-008;STAR-AUDIT-2026-10-03:E-LCL-016,QASSET-0010;QASSET-0011;QASSET-0012;QASSET-0013;QASSET-0014;QASSET-0015;QASSET-0016;QASSET-0017;QASSET-0018;QASSET-0019;QASSET-0020;QASSET-0021;QASSET-0022;QASSET-0023;QASSET-0024;QASSET-0025;QASSET-0026;QASSET-0027;QASSET-0028;QASSET-0029;QASSET-0030;QASSET-0031;QASSET-0032;QASSET-0033;QASSET-0034;QASSET-0035;QASSET-0036;QASSET-0037,false,false,historical/r&d/docs/provenance_audit/crosswalk_updates.json,079302b311c29b3787d1b87b963d2cfa3ecb01a515399c9c373df4f6d5478b9d,HIST-008,"{""baseline_crosswalk_text"": null, ""claim_id"": ""HIST-008"", ""current_assessment"": ""HISTORICAL ONLY / RECONSTRUCTION AND NEW CONTROLLED TEST REQUIRED"", ""evidence_state"": ""H + R"", ""finding_ids"": [""E-LCL-006"", ""E-LCL-008"", ""E-LCL-016""], ""link_semantics"": ""Audit links to relevant registered protocols; original crosswalk references retained separately. New links are proposed relevance links, not alias confirmation or execution evidence."", ""next_actions"": [""Retain completed-run reports as historical computational evidence only; reconstruct identical mapping, filtration and survey/null comparisons before TOPO-001 promotion."", ""Retain both null/diagnostic generations. Rebuild adequate null counts, effect sizes, intervals, multiple-comparison controls, code binding and independent arithmetic/astronomical inputs before empirical promotion."", ""Bind website displays to a synthetic/model provenance label; preserve model formulas and coefficients as construction choices. Keep COSMO-E002 downstream; displayed agreement with calibration anchors is not independent confirmation.""], ""original_experiment_references"": [], ""provenance"": ""HISTORICAL MODEL / UNVERIFIED"", ""registered_experiment_links"": [""EXP-DATA-A02"", ""EXP-TOPO-A01"", ""EXP-MAP-A01""], ""replication_status"": ""NO NEW INDEPENDENT REPLICATION PERFORMED"", ""title"": ""Retained historical assertion 008"", ""unresolved_references"": []}",Retained historical assertion 008,HISTORICAL MODEL / UNVERIFIED,"[""Retain completed-run reports as historical computational evidence only; reconstruct identical mapping, filtration and survey/null comparisons before TOPO-001 promotion."", ""Retain both null/diagnostic generations. Rebuild adequate null counts, effect sizes, intervals, multiple-comparison controls, code binding and independent arithmetic/astronomical inputs before empirical promotion."", ""Bind website displays to a synthetic/model provenance label; preserve model formulas and coefficients as construction choices. Keep COSMO-E002 downstream; displayed agreement with calibration anchors is not independent confirmation.""]"
