registry_path,record_id,field,before,after
registry/audit_quarantine_dataset_status_v0.3.csv,AUDIT-QUARANTINE-v0.3:QDATA-SDSS-HI-001,checkout_eol_status,,IDENTICAL_TO_CANONICAL_SOURCE
registry/audit_quarantine_dataset_status_v0.3.csv,AUDIT-QUARANTINE-v0.3:QDATA-SDSS-HI-001,hash_status,,EXACT_AUDIT_HASH_MATCH
registry/audit_quarantine_dataset_status_v0.3.csv,AUDIT-QUARANTINE-v0.3:QDATA-SDSS-HI-001,status,,QUARANTINED
registry/audit_quarantine_dataset_status_v0.3.csv,AUDIT-QUARANTINE-v0.3:QDATA-SDSS-HI-001,evidence_eligibility,,HISTORICAL_DIAGNOSTIC_ONLY
registry/audit_quarantine_dataset_status_v0.3.csv,AUDIT-QUARANTINE-v0.3:QDATA-SDSS-HI-001,controlled_support_eligible,,False
registry/audit_quarantine_dataset_status_v0.3.csv,AUDIT-QUARANTINE-v0.3:QDATA-SDSS-HI-001,physical_support_eligible,,False
registry/audit_quarantine_dataset_status_v0.3.csv,AUDIT-QUARANTINE-v0.3:QDATA-SDSS-HI-002,checkout_eol_status,,IDENTICAL_TO_CANONICAL_SOURCE
registry/audit_quarantine_dataset_status_v0.3.csv,AUDIT-QUARANTINE-v0.3:QDATA-SDSS-HI-002,hash_status,,EXACT_AUDIT_HASH_MATCH
registry/audit_quarantine_dataset_status_v0.3.csv,AUDIT-QUARANTINE-v0.3:QDATA-SDSS-HI-002,status,,QUARANTINED
registry/audit_quarantine_dataset_status_v0.3.csv,AUDIT-QUARANTINE-v0.3:QDATA-SDSS-HI-002,evidence_eligibility,,HISTORICAL_DIAGNOSTIC_ONLY
registry/audit_quarantine_dataset_status_v0.3.csv,AUDIT-QUARANTINE-v0.3:QDATA-SDSS-HI-002,controlled_support_eligible,,False
registry/audit_quarantine_dataset_status_v0.3.csv,AUDIT-QUARANTINE-v0.3:QDATA-SDSS-HI-002,physical_support_eligible,,False
registry/audit_quarantine_dataset_status_v0.3.csv,AUDIT-QUARANTINE-v0.3:QDATA-PROJECTION-acsc_projected_cremona.csv,checkout_eol_status,,IDENTICAL_TO_CANONICAL_SOURCE
registry/audit_quarantine_dataset_status_v0.3.csv,AUDIT-QUARANTINE-v0.3:QDATA-PROJECTION-acsc_projected_cremona.csv,hash_status,,EXACT_AUDIT_HASH_MATCH
registry/audit_quarantine_dataset_status_v0.3.csv,AUDIT-QUARANTINE-v0.3:QDATA-PROJECTION-acsc_projected_cremona.csv,status,,QUARANTINED
registry/audit_quarantine_dataset_status_v0.3.csv,AUDIT-QUARANTINE-v0.3:QDATA-PROJECTION-acsc_projected_cremona.csv,evidence_eligibility,,HISTORICAL_DIAGNOSTIC_ONLY
registry/audit_quarantine_dataset_status_v0.3.csv,AUDIT-QUARANTINE-v0.3:QDATA-PROJECTION-acsc_projected_cremona.csv,controlled_support_eligible,,False
registry/audit_quarantine_dataset_status_v0.3.csv,AUDIT-QUARANTINE-v0.3:QDATA-PROJECTION-acsc_projected_cremona.csv,physical_support_eligible,,False
registry/audit_quarantine_dataset_status_v0.3.csv,AUDIT-QUARANTINE-v0.3:QDATA-PROJECTION-acsc_projected_cremona_aligned.csv,checkout_eol_status,,IDENTICAL_TO_CANONICAL_SOURCE
registry/audit_quarantine_dataset_status_v0.3.csv,AUDIT-QUARANTINE-v0.3:QDATA-PROJECTION-acsc_projected_cremona_aligned.csv,hash_status,,EXACT_AUDIT_HASH_MATCH
registry/audit_quarantine_dataset_status_v0.3.csv,AUDIT-QUARANTINE-v0.3:QDATA-PROJECTION-acsc_projected_cremona_aligned.csv,status,,QUARANTINED
registry/audit_quarantine_dataset_status_v0.3.csv,AUDIT-QUARANTINE-v0.3:QDATA-PROJECTION-acsc_projected_cremona_aligned.csv,evidence_eligibility,,HISTORICAL_DIAGNOSTIC_ONLY
registry/audit_quarantine_dataset_status_v0.3.csv,AUDIT-QUARANTINE-v0.3:QDATA-PROJECTION-acsc_projected_cremona_aligned.csv,controlled_support_eligible,,False
registry/audit_quarantine_dataset_status_v0.3.csv,AUDIT-QUARANTINE-v0.3:QDATA-PROJECTION-acsc_projected_cremona_aligned.csv,physical_support_eligible,,False
registry/audit_quarantine_dataset_status_v0.3.csv,AUDIT-QUARANTINE-v0.3:QDATA-PROJECTION-acsc_projected_cremona_final.csv,checkout_eol_status,,IDENTICAL_TO_CANONICAL_SOURCE
registry/audit_quarantine_dataset_status_v0.3.csv,AUDIT-QUARANTINE-v0.3:QDATA-PROJECTION-acsc_projected_cremona_final.csv,hash_status,,EXACT_AUDIT_HASH_MATCH
registry/audit_quarantine_dataset_status_v0.3.csv,AUDIT-QUARANTINE-v0.3:QDATA-PROJECTION-acsc_projected_cremona_final.csv,status,,QUARANTINED
registry/audit_quarantine_dataset_status_v0.3.csv,AUDIT-QUARANTINE-v0.3:QDATA-PROJECTION-acsc_projected_cremona_final.csv,evidence_eligibility,,HISTORICAL_DIAGNOSTIC_ONLY
registry/audit_quarantine_dataset_status_v0.3.csv,AUDIT-QUARANTINE-v0.3:QDATA-PROJECTION-acsc_projected_cremona_final.csv,controlled_support_eligible,,False
registry/audit_quarantine_dataset_status_v0.3.csv,AUDIT-QUARANTINE-v0.3:QDATA-PROJECTION-acsc_projected_cremona_final.csv,physical_support_eligible,,False
registry/audit_quarantine_dataset_status_v0.3.csv,AUDIT-QUARANTINE-v0.3:QDATA-PROJECTION-acsc_projected_cremona_ptd_aligned.csv,checkout_eol_status,,IDENTICAL_TO_CANONICAL_SOURCE
registry/audit_quarantine_dataset_status_v0.3.csv,AUDIT-QUARANTINE-v0.3:QDATA-PROJECTION-acsc_projected_cremona_ptd_aligned.csv,hash_status,,EXACT_AUDIT_HASH_MATCH
registry/audit_quarantine_dataset_status_v0.3.csv,AUDIT-QUARANTINE-v0.3:QDATA-PROJECTION-acsc_projected_cremona_ptd_aligned.csv,status,,QUARANTINED
registry/audit_quarantine_dataset_status_v0.3.csv,AUDIT-QUARANTINE-v0.3:QDATA-PROJECTION-acsc_projected_cremona_ptd_aligned.csv,evidence_eligibility,,HISTORICAL_DIAGNOSTIC_ONLY
registry/audit_quarantine_dataset_status_v0.3.csv,AUDIT-QUARANTINE-v0.3:QDATA-PROJECTION-acsc_projected_cremona_ptd_aligned.csv,controlled_support_eligible,,False
registry/audit_quarantine_dataset_status_v0.3.csv,AUDIT-QUARANTINE-v0.3:QDATA-PROJECTION-acsc_projected_cremona_ptd_aligned.csv,physical_support_eligible,,False
registry/audit_quarantine_dataset_status_v0.3.csv,AUDIT-QUARANTINE-v0.3:QDATA-PROJECTION-acsc_projected_cremona_realproj.csv,checkout_eol_status,,IDENTICAL_TO_CANONICAL_SOURCE
registry/audit_quarantine_dataset_status_v0.3.csv,AUDIT-QUARANTINE-v0.3:QDATA-PROJECTION-acsc_projected_cremona_realproj.csv,hash_status,,EXACT_AUDIT_HASH_MATCH
registry/audit_quarantine_dataset_status_v0.3.csv,AUDIT-QUARANTINE-v0.3:QDATA-PROJECTION-acsc_projected_cremona_realproj.csv,status,,QUARANTINED
registry/audit_quarantine_dataset_status_v0.3.csv,AUDIT-QUARANTINE-v0.3:QDATA-PROJECTION-acsc_projected_cremona_realproj.csv,evidence_eligibility,,HISTORICAL_DIAGNOSTIC_ONLY
registry/audit_quarantine_dataset_status_v0.3.csv,AUDIT-QUARANTINE-v0.3:QDATA-PROJECTION-acsc_projected_cremona_realproj.csv,controlled_support_eligible,,False
registry/audit_quarantine_dataset_status_v0.3.csv,AUDIT-QUARANTINE-v0.3:QDATA-PROJECTION-acsc_projected_cremona_realproj.csv,physical_support_eligible,,False
registry/audit_quarantine_dataset_status_v0.3.csv,AUDIT-QUARANTINE-v0.3:QDATA-PROJECTION-acsc_projected_cremona_with_alt.csv,checkout_eol_status,,IDENTICAL_TO_CANONICAL_SOURCE
registry/audit_quarantine_dataset_status_v0.3.csv,AUDIT-QUARANTINE-v0.3:QDATA-PROJECTION-acsc_projected_cremona_with_alt.csv,hash_status,,EXACT_AUDIT_HASH_MATCH
registry/audit_quarantine_dataset_status_v0.3.csv,AUDIT-QUARANTINE-v0.3:QDATA-PROJECTION-acsc_projected_cremona_with_alt.csv,status,,QUARANTINED
registry/audit_quarantine_dataset_status_v0.3.csv,AUDIT-QUARANTINE-v0.3:QDATA-PROJECTION-acsc_projected_cremona_with_alt.csv,evidence_eligibility,,HISTORICAL_DIAGNOSTIC_ONLY
registry/audit_quarantine_dataset_status_v0.3.csv,AUDIT-QUARANTINE-v0.3:QDATA-PROJECTION-acsc_projected_cremona_with_alt.csv,controlled_support_eligible,,False
registry/audit_quarantine_dataset_status_v0.3.csv,AUDIT-QUARANTINE-v0.3:QDATA-PROJECTION-acsc_projected_cremona_with_alt.csv,physical_support_eligible,,False
registry/audit_quarantine_dataset_status_v0.3.csv,AUDIT-QUARANTINE-v0.3:QDATA-PROJECTION-acsc_projected_cremona_final.csv.manifest.json,checkout_eol_status,,CHECKOUT_CRLF_ONLY_TRANSFORMATION
registry/audit_quarantine_dataset_status_v0.3.csv,AUDIT-QUARANTINE-v0.3:QDATA-PROJECTION-acsc_projected_cremona_final.csv.manifest.json,hash_status,,EXACT_AUDIT_HASH_MATCH
registry/audit_quarantine_dataset_status_v0.3.csv,AUDIT-QUARANTINE-v0.3:QDATA-PROJECTION-acsc_projected_cremona_final.csv.manifest.json,status,,QUARANTINED
registry/audit_quarantine_dataset_status_v0.3.csv,AUDIT-QUARANTINE-v0.3:QDATA-PROJECTION-acsc_projected_cremona_final.csv.manifest.json,evidence_eligibility,,HISTORICAL_DIAGNOSTIC_ONLY
registry/audit_quarantine_dataset_status_v0.3.csv,AUDIT-QUARANTINE-v0.3:QDATA-PROJECTION-acsc_projected_cremona_final.csv.manifest.json,controlled_support_eligible,,False
registry/audit_quarantine_dataset_status_v0.3.csv,AUDIT-QUARANTINE-v0.3:QDATA-PROJECTION-acsc_projected_cremona_final.csv.manifest.json,physical_support_eligible,,False
registry/audit_quarantine_dataset_status_v0.3.csv,LOCAL-RTCH-E1:outer_900:data/demo_torus.csv,checkout_eol_status,,CHECKOUT_CRLF_ONLY_TRANSFORMATION
registry/audit_quarantine_dataset_status_v0.3.csv,LOCAL-RTCH-E1:outer_900:data/demo_torus.csv,hash_status,,EXACT_AUDIT_HASH_MATCH
registry/audit_quarantine_dataset_status_v0.3.csv,LOCAL-RTCH-E1:outer_900:data/demo_torus.csv,status,,QUARANTINED
registry/audit_quarantine_dataset_status_v0.3.csv,LOCAL-RTCH-E1:outer_900:data/demo_torus.csv,evidence_eligibility,,HISTORICAL_DIAGNOSTIC_ONLY
registry/audit_quarantine_dataset_status_v0.3.csv,LOCAL-RTCH-E1:outer_900:data/demo_torus.csv,controlled_support_eligible,,False
registry/audit_quarantine_dataset_status_v0.3.csv,LOCAL-RTCH-E1:outer_900:data/demo_torus.csv,physical_support_eligible,,False
registry/audit_quarantine_dataset_status_v0.3.csv,LOCAL-RTCH-E1:outer_900:results/figures/geodesic_projection.png,checkout_eol_status,,IDENTICAL_TO_CANONICAL_SOURCE
registry/audit_quarantine_dataset_status_v0.3.csv,LOCAL-RTCH-E1:outer_900:results/figures/geodesic_projection.png,hash_status,,OBSERVED_NEW_SHA256_NO_PRIOR_AUDIT_DIGEST
registry/audit_quarantine_dataset_status_v0.3.csv,LOCAL-RTCH-E1:outer_900:results/figures/geodesic_projection.png,status,,QUARANTINED
registry/audit_quarantine_dataset_status_v0.3.csv,LOCAL-RTCH-E1:outer_900:results/figures/geodesic_projection.png,evidence_eligibility,,HISTORICAL_DIAGNOSTIC_ONLY
registry/audit_quarantine_dataset_status_v0.3.csv,LOCAL-RTCH-E1:outer_900:results/figures/geodesic_projection.png,controlled_support_eligible,,False
registry/audit_quarantine_dataset_status_v0.3.csv,LOCAL-RTCH-E1:outer_900:results/figures/geodesic_projection.png,physical_support_eligible,,False
registry/audit_quarantine_dataset_status_v0.3.csv,LOCAL-RTCH-E1:outer_900:results/figures/persistence_H0.png,checkout_eol_status,,IDENTICAL_TO_CANONICAL_SOURCE
registry/audit_quarantine_dataset_status_v0.3.csv,LOCAL-RTCH-E1:outer_900:results/figures/persistence_H0.png,hash_status,,OBSERVED_NEW_SHA256_NO_PRIOR_AUDIT_DIGEST
registry/audit_quarantine_dataset_status_v0.3.csv,LOCAL-RTCH-E1:outer_900:results/figures/persistence_H0.png,status,,QUARANTINED
registry/audit_quarantine_dataset_status_v0.3.csv,LOCAL-RTCH-E1:outer_900:results/figures/persistence_H0.png,evidence_eligibility,,HISTORICAL_DIAGNOSTIC_ONLY
registry/audit_quarantine_dataset_status_v0.3.csv,LOCAL-RTCH-E1:outer_900:results/figures/persistence_H0.png,controlled_support_eligible,,False
registry/audit_quarantine_dataset_status_v0.3.csv,LOCAL-RTCH-E1:outer_900:results/figures/persistence_H0.png,physical_support_eligible,,False
registry/audit_quarantine_dataset_status_v0.3.csv,LOCAL-RTCH-E1:outer_900:results/figures/scalar_embedding.png,checkout_eol_status,,IDENTICAL_TO_CANONICAL_SOURCE
registry/audit_quarantine_dataset_status_v0.3.csv,LOCAL-RTCH-E1:outer_900:results/figures/scalar_embedding.png,hash_status,,OBSERVED_NEW_SHA256_NO_PRIOR_AUDIT_DIGEST
registry/audit_quarantine_dataset_status_v0.3.csv,LOCAL-RTCH-E1:outer_900:results/figures/scalar_embedding.png,status,,QUARANTINED
registry/audit_quarantine_dataset_status_v0.3.csv,LOCAL-RTCH-E1:outer_900:results/figures/scalar_embedding.png,evidence_eligibility,,HISTORICAL_DIAGNOSTIC_ONLY
registry/audit_quarantine_dataset_status_v0.3.csv,LOCAL-RTCH-E1:outer_900:results/figures/scalar_embedding.png,controlled_support_eligible,,False
registry/audit_quarantine_dataset_status_v0.3.csv,LOCAL-RTCH-E1:outer_900:results/figures/scalar_embedding.png,physical_support_eligible,,False
registry/audit_quarantine_dataset_status_v0.3.csv,LOCAL-RTCH-E1:outer_900:results/geodesics.csv,checkout_eol_status,,CHECKOUT_CRLF_ONLY_TRANSFORMATION
registry/audit_quarantine_dataset_status_v0.3.csv,LOCAL-RTCH-E1:outer_900:results/geodesics.csv,hash_status,,EXACT_AUDIT_HASH_MATCH
registry/audit_quarantine_dataset_status_v0.3.csv,LOCAL-RTCH-E1:outer_900:results/geodesics.csv,status,,QUARANTINED
registry/audit_quarantine_dataset_status_v0.3.csv,LOCAL-RTCH-E1:outer_900:results/geodesics.csv,evidence_eligibility,,HISTORICAL_DIAGNOSTIC_ONLY
registry/audit_quarantine_dataset_status_v0.3.csv,LOCAL-RTCH-E1:outer_900:results/geodesics.csv,controlled_support_eligible,,False
registry/audit_quarantine_dataset_status_v0.3.csv,LOCAL-RTCH-E1:outer_900:results/geodesics.csv,physical_support_eligible,,False
registry/audit_quarantine_dataset_status_v0.3.csv,LOCAL-RTCH-E1:outer_900:results/null_persistence.csv,checkout_eol_status,,CHECKOUT_CRLF_ONLY_TRANSFORMATION
registry/audit_quarantine_dataset_status_v0.3.csv,LOCAL-RTCH-E1:outer_900:results/null_persistence.csv,hash_status,,EXACT_AUDIT_HASH_MATCH
registry/audit_quarantine_dataset_status_v0.3.csv,LOCAL-RTCH-E1:outer_900:results/null_persistence.csv,status,,QUARANTINED
registry/audit_quarantine_dataset_status_v0.3.csv,LOCAL-RTCH-E1:outer_900:results/null_persistence.csv,evidence_eligibility,,HISTORICAL_DIAGNOSTIC_ONLY
registry/audit_quarantine_dataset_status_v0.3.csv,LOCAL-RTCH-E1:outer_900:results/null_persistence.csv,controlled_support_eligible,,False
registry/audit_quarantine_dataset_status_v0.3.csv,LOCAL-RTCH-E1:outer_900:results/null_persistence.csv,physical_support_eligible,,False
registry/audit_quarantine_dataset_status_v0.3.csv,LOCAL-RTCH-E1:outer_900:results/prediction_tests.csv,checkout_eol_status,,CHECKOUT_CRLF_ONLY_TRANSFORMATION
registry/audit_quarantine_dataset_status_v0.3.csv,LOCAL-RTCH-E1:outer_900:results/prediction_tests.csv,hash_status,,EXACT_AUDIT_HASH_MATCH
registry/audit_quarantine_dataset_status_v0.3.csv,LOCAL-RTCH-E1:outer_900:results/prediction_tests.csv,status,,QUARANTINED
registry/audit_quarantine_dataset_status_v0.3.csv,LOCAL-RTCH-E1:outer_900:results/prediction_tests.csv,evidence_eligibility,,HISTORICAL_DIAGNOSTIC_ONLY
registry/audit_quarantine_dataset_status_v0.3.csv,LOCAL-RTCH-E1:outer_900:results/prediction_tests.csv,controlled_support_eligible,,False
registry/audit_quarantine_dataset_status_v0.3.csv,LOCAL-RTCH-E1:outer_900:results/prediction_tests.csv,physical_support_eligible,,False
registry/audit_quarantine_dataset_status_v0.3.csv,LOCAL-RTCH-E1:outer_900:results/rank_label_nulls.csv,checkout_eol_status,,CHECKOUT_CRLF_ONLY_TRANSFORMATION
registry/audit_quarantine_dataset_status_v0.3.csv,LOCAL-RTCH-E1:outer_900:results/rank_label_nulls.csv,hash_status,,EXACT_AUDIT_HASH_MATCH
registry/audit_quarantine_dataset_status_v0.3.csv,LOCAL-RTCH-E1:outer_900:results/rank_label_nulls.csv,status,,QUARANTINED
registry/audit_quarantine_dataset_status_v0.3.csv,LOCAL-RTCH-E1:outer_900:results/rank_label_nulls.csv,evidence_eligibility,,HISTORICAL_DIAGNOSTIC_ONLY
registry/audit_quarantine_dataset_status_v0.3.csv,LOCAL-RTCH-E1:outer_900:results/rank_label_nulls.csv,controlled_support_eligible,,False
registry/audit_quarantine_dataset_status_v0.3.csv,LOCAL-RTCH-E1:outer_900:results/rank_label_nulls.csv,physical_support_eligible,,False
registry/audit_quarantine_dataset_status_v0.3.csv,LOCAL-RTCH-E1:outer_900:results/result.json,checkout_eol_status,,CHECKOUT_CRLF_ONLY_TRANSFORMATION
registry/audit_quarantine_dataset_status_v0.3.csv,LOCAL-RTCH-E1:outer_900:results/result.json,hash_status,,EXACT_AUDIT_HASH_MATCH
registry/audit_quarantine_dataset_status_v0.3.csv,LOCAL-RTCH-E1:outer_900:results/result.json,status,,QUARANTINED
registry/audit_quarantine_dataset_status_v0.3.csv,LOCAL-RTCH-E1:outer_900:results/result.json,evidence_eligibility,,HISTORICAL_DIAGNOSTIC_ONLY
registry/audit_quarantine_dataset_status_v0.3.csv,LOCAL-RTCH-E1:outer_900:results/result.json,controlled_support_eligible,,False
registry/audit_quarantine_dataset_status_v0.3.csv,LOCAL-RTCH-E1:outer_900:results/result.json,physical_support_eligible,,False
registry/audit_quarantine_dataset_status_v0.3.csv,LOCAL-RTCH-E1:outer_900:results/run_manifest.json,checkout_eol_status,,CHECKOUT_CRLF_ONLY_TRANSFORMATION
registry/audit_quarantine_dataset_status_v0.3.csv,LOCAL-RTCH-E1:outer_900:results/run_manifest.json,hash_status,,EXACT_AUDIT_HASH_MATCH
registry/audit_quarantine_dataset_status_v0.3.csv,LOCAL-RTCH-E1:outer_900:results/run_manifest.json,status,,QUARANTINED
registry/audit_quarantine_dataset_status_v0.3.csv,LOCAL-RTCH-E1:outer_900:results/run_manifest.json,evidence_eligibility,,HISTORICAL_DIAGNOSTIC_ONLY
registry/audit_quarantine_dataset_status_v0.3.csv,LOCAL-RTCH-E1:outer_900:results/run_manifest.json,controlled_support_eligible,,False
registry/audit_quarantine_dataset_status_v0.3.csv,LOCAL-RTCH-E1:outer_900:results/run_manifest.json,physical_support_eligible,,False
registry/audit_quarantine_dataset_status_v0.3.csv,LOCAL-RTCH-E1:outer_900:results/scalar_embeddings.csv,checkout_eol_status,,CHECKOUT_CRLF_ONLY_TRANSFORMATION
registry/audit_quarantine_dataset_status_v0.3.csv,LOCAL-RTCH-E1:outer_900:results/scalar_embeddings.csv,hash_status,,EXACT_AUDIT_HASH_MATCH
registry/audit_quarantine_dataset_status_v0.3.csv,LOCAL-RTCH-E1:outer_900:results/scalar_embeddings.csv,status,,QUARANTINED
registry/audit_quarantine_dataset_status_v0.3.csv,LOCAL-RTCH-E1:outer_900:results/scalar_embeddings.csv,evidence_eligibility,,HISTORICAL_DIAGNOSTIC_ONLY
registry/audit_quarantine_dataset_status_v0.3.csv,LOCAL-RTCH-E1:outer_900:results/scalar_embeddings.csv,controlled_support_eligible,,False
registry/audit_quarantine_dataset_status_v0.3.csv,LOCAL-RTCH-E1:outer_900:results/scalar_embeddings.csv,physical_support_eligible,,False
registry/audit_quarantine_dataset_status_v0.3.csv,LOCAL-RTCH-E1:outer_900:results/stability_summary.csv,checkout_eol_status,,CHECKOUT_CRLF_ONLY_TRANSFORMATION
registry/audit_quarantine_dataset_status_v0.3.csv,LOCAL-RTCH-E1:outer_900:results/stability_summary.csv,hash_status,,EXACT_AUDIT_HASH_MATCH
registry/audit_quarantine_dataset_status_v0.3.csv,LOCAL-RTCH-E1:outer_900:results/stability_summary.csv,status,,QUARANTINED
registry/audit_quarantine_dataset_status_v0.3.csv,LOCAL-RTCH-E1:outer_900:results/stability_summary.csv,evidence_eligibility,,HISTORICAL_DIAGNOSTIC_ONLY
registry/audit_quarantine_dataset_status_v0.3.csv,LOCAL-RTCH-E1:outer_900:results/stability_summary.csv,controlled_support_eligible,,False
registry/audit_quarantine_dataset_status_v0.3.csv,LOCAL-RTCH-E1:outer_900:results/stability_summary.csv,physical_support_eligible,,False
registry/audit_quarantine_dataset_status_v0.3.csv,LOCAL-RTCH-E1:outer_900:results/topology_summary.csv,checkout_eol_status,,CHECKOUT_CRLF_ONLY_TRANSFORMATION
registry/audit_quarantine_dataset_status_v0.3.csv,LOCAL-RTCH-E1:outer_900:results/topology_summary.csv,hash_status,,EXACT_AUDIT_HASH_MATCH
registry/audit_quarantine_dataset_status_v0.3.csv,LOCAL-RTCH-E1:outer_900:results/topology_summary.csv,status,,QUARANTINED
registry/audit_quarantine_dataset_status_v0.3.csv,LOCAL-RTCH-E1:outer_900:results/topology_summary.csv,evidence_eligibility,,HISTORICAL_DIAGNOSTIC_ONLY
registry/audit_quarantine_dataset_status_v0.3.csv,LOCAL-RTCH-E1:outer_900:results/topology_summary.csv,controlled_support_eligible,,False
registry/audit_quarantine_dataset_status_v0.3.csv,LOCAL-RTCH-E1:outer_900:results/topology_summary.csv,physical_support_eligible,,False
registry/audit_quarantine_dataset_status_v0.3.csv,LOCAL-RTCH-E1:nested_350:data/demo_torus.csv,checkout_eol_status,,CHECKOUT_CRLF_ONLY_TRANSFORMATION
registry/audit_quarantine_dataset_status_v0.3.csv,LOCAL-RTCH-E1:nested_350:data/demo_torus.csv,hash_status,,EXACT_AUDIT_HASH_MATCH
registry/audit_quarantine_dataset_status_v0.3.csv,LOCAL-RTCH-E1:nested_350:data/demo_torus.csv,status,,QUARANTINED
registry/audit_quarantine_dataset_status_v0.3.csv,LOCAL-RTCH-E1:nested_350:data/demo_torus.csv,evidence_eligibility,,HISTORICAL_DIAGNOSTIC_ONLY
registry/audit_quarantine_dataset_status_v0.3.csv,LOCAL-RTCH-E1:nested_350:data/demo_torus.csv,controlled_support_eligible,,False
registry/audit_quarantine_dataset_status_v0.3.csv,LOCAL-RTCH-E1:nested_350:data/demo_torus.csv,physical_support_eligible,,False
registry/audit_quarantine_dataset_status_v0.3.csv,LOCAL-RTCH-E1:nested_350:results/figures/geodesic_projection.png,checkout_eol_status,,IDENTICAL_TO_CANONICAL_SOURCE
registry/audit_quarantine_dataset_status_v0.3.csv,LOCAL-RTCH-E1:nested_350:results/figures/geodesic_projection.png,hash_status,,OBSERVED_NEW_SHA256_NO_PRIOR_AUDIT_DIGEST
registry/audit_quarantine_dataset_status_v0.3.csv,LOCAL-RTCH-E1:nested_350:results/figures/geodesic_projection.png,status,,QUARANTINED
registry/audit_quarantine_dataset_status_v0.3.csv,LOCAL-RTCH-E1:nested_350:results/figures/geodesic_projection.png,evidence_eligibility,,HISTORICAL_DIAGNOSTIC_ONLY
registry/audit_quarantine_dataset_status_v0.3.csv,LOCAL-RTCH-E1:nested_350:results/figures/geodesic_projection.png,controlled_support_eligible,,False
registry/audit_quarantine_dataset_status_v0.3.csv,LOCAL-RTCH-E1:nested_350:results/figures/geodesic_projection.png,physical_support_eligible,,False
registry/audit_quarantine_dataset_status_v0.3.csv,LOCAL-RTCH-E1:nested_350:results/figures/persistence_H0.png,checkout_eol_status,,IDENTICAL_TO_CANONICAL_SOURCE
registry/audit_quarantine_dataset_status_v0.3.csv,LOCAL-RTCH-E1:nested_350:results/figures/persistence_H0.png,hash_status,,OBSERVED_NEW_SHA256_NO_PRIOR_AUDIT_DIGEST
registry/audit_quarantine_dataset_status_v0.3.csv,LOCAL-RTCH-E1:nested_350:results/figures/persistence_H0.png,status,,QUARANTINED
registry/audit_quarantine_dataset_status_v0.3.csv,LOCAL-RTCH-E1:nested_350:results/figures/persistence_H0.png,evidence_eligibility,,HISTORICAL_DIAGNOSTIC_ONLY
registry/audit_quarantine_dataset_status_v0.3.csv,LOCAL-RTCH-E1:nested_350:results/figures/persistence_H0.png,controlled_support_eligible,,False
registry/audit_quarantine_dataset_status_v0.3.csv,LOCAL-RTCH-E1:nested_350:results/figures/persistence_H0.png,physical_support_eligible,,False
registry/audit_quarantine_dataset_status_v0.3.csv,LOCAL-RTCH-E1:nested_350:results/figures/persistence_H1.png,checkout_eol_status,,IDENTICAL_TO_CANONICAL_SOURCE
registry/audit_quarantine_dataset_status_v0.3.csv,LOCAL-RTCH-E1:nested_350:results/figures/persistence_H1.png,hash_status,,OBSERVED_NEW_SHA256_NO_PRIOR_AUDIT_DIGEST
registry/audit_quarantine_dataset_status_v0.3.csv,LOCAL-RTCH-E1:nested_350:results/figures/persistence_H1.png,status,,QUARANTINED
registry/audit_quarantine_dataset_status_v0.3.csv,LOCAL-RTCH-E1:nested_350:results/figures/persistence_H1.png,evidence_eligibility,,HISTORICAL_DIAGNOSTIC_ONLY
registry/audit_quarantine_dataset_status_v0.3.csv,LOCAL-RTCH-E1:nested_350:results/figures/persistence_H1.png,controlled_support_eligible,,False
registry/audit_quarantine_dataset_status_v0.3.csv,LOCAL-RTCH-E1:nested_350:results/figures/persistence_H1.png,physical_support_eligible,,False
registry/audit_quarantine_dataset_status_v0.3.csv,LOCAL-RTCH-E1:nested_350:results/figures/persistence_H2.png,checkout_eol_status,,IDENTICAL_TO_CANONICAL_SOURCE
registry/audit_quarantine_dataset_status_v0.3.csv,LOCAL-RTCH-E1:nested_350:results/figures/persistence_H2.png,hash_status,,OBSERVED_NEW_SHA256_NO_PRIOR_AUDIT_DIGEST
registry/audit_quarantine_dataset_status_v0.3.csv,LOCAL-RTCH-E1:nested_350:results/figures/persistence_H2.png,status,,QUARANTINED
registry/audit_quarantine_dataset_status_v0.3.csv,LOCAL-RTCH-E1:nested_350:results/figures/persistence_H2.png,evidence_eligibility,,HISTORICAL_DIAGNOSTIC_ONLY
registry/audit_quarantine_dataset_status_v0.3.csv,LOCAL-RTCH-E1:nested_350:results/figures/persistence_H2.png,controlled_support_eligible,,False
registry/audit_quarantine_dataset_status_v0.3.csv,LOCAL-RTCH-E1:nested_350:results/figures/persistence_H2.png,physical_support_eligible,,False
registry/audit_quarantine_dataset_status_v0.3.csv,LOCAL-RTCH-E1:nested_350:results/figures/scalar_embedding.png,checkout_eol_status,,IDENTICAL_TO_CANONICAL_SOURCE
registry/audit_quarantine_dataset_status_v0.3.csv,LOCAL-RTCH-E1:nested_350:results/figures/scalar_embedding.png,hash_status,,OBSERVED_NEW_SHA256_NO_PRIOR_AUDIT_DIGEST
registry/audit_quarantine_dataset_status_v0.3.csv,LOCAL-RTCH-E1:nested_350:results/figures/scalar_embedding.png,status,,QUARANTINED
registry/audit_quarantine_dataset_status_v0.3.csv,LOCAL-RTCH-E1:nested_350:results/figures/scalar_embedding.png,evidence_eligibility,,HISTORICAL_DIAGNOSTIC_ONLY
registry/audit_quarantine_dataset_status_v0.3.csv,LOCAL-RTCH-E1:nested_350:results/figures/scalar_embedding.png,controlled_support_eligible,,False
registry/audit_quarantine_dataset_status_v0.3.csv,LOCAL-RTCH-E1:nested_350:results/figures/scalar_embedding.png,physical_support_eligible,,False
registry/audit_quarantine_dataset_status_v0.3.csv,LOCAL-RTCH-E1:nested_350:results/geodesics.csv,checkout_eol_status,,CHECKOUT_CRLF_ONLY_TRANSFORMATION
registry/audit_quarantine_dataset_status_v0.3.csv,LOCAL-RTCH-E1:nested_350:results/geodesics.csv,hash_status,,EXACT_AUDIT_HASH_MATCH
registry/audit_quarantine_dataset_status_v0.3.csv,LOCAL-RTCH-E1:nested_350:results/geodesics.csv,status,,QUARANTINED
registry/audit_quarantine_dataset_status_v0.3.csv,LOCAL-RTCH-E1:nested_350:results/geodesics.csv,evidence_eligibility,,HISTORICAL_DIAGNOSTIC_ONLY
registry/audit_quarantine_dataset_status_v0.3.csv,LOCAL-RTCH-E1:nested_350:results/geodesics.csv,controlled_support_eligible,,False
registry/audit_quarantine_dataset_status_v0.3.csv,LOCAL-RTCH-E1:nested_350:results/geodesics.csv,physical_support_eligible,,False
registry/audit_quarantine_dataset_status_v0.3.csv,LOCAL-RTCH-E1:nested_350:results/null_persistence.csv,checkout_eol_status,,CHECKOUT_CRLF_ONLY_TRANSFORMATION
registry/audit_quarantine_dataset_status_v0.3.csv,LOCAL-RTCH-E1:nested_350:results/null_persistence.csv,hash_status,,EXACT_AUDIT_HASH_MATCH
registry/audit_quarantine_dataset_status_v0.3.csv,LOCAL-RTCH-E1:nested_350:results/null_persistence.csv,status,,QUARANTINED
registry/audit_quarantine_dataset_status_v0.3.csv,LOCAL-RTCH-E1:nested_350:results/null_persistence.csv,evidence_eligibility,,HISTORICAL_DIAGNOSTIC_ONLY
registry/audit_quarantine_dataset_status_v0.3.csv,LOCAL-RTCH-E1:nested_350:results/null_persistence.csv,controlled_support_eligible,,False
registry/audit_quarantine_dataset_status_v0.3.csv,LOCAL-RTCH-E1:nested_350:results/null_persistence.csv,physical_support_eligible,,False
registry/audit_quarantine_dataset_status_v0.3.csv,LOCAL-RTCH-E1:nested_350:results/prediction_tests.csv,checkout_eol_status,,CHECKOUT_CRLF_ONLY_TRANSFORMATION
registry/audit_quarantine_dataset_status_v0.3.csv,LOCAL-RTCH-E1:nested_350:results/prediction_tests.csv,hash_status,,EXACT_AUDIT_HASH_MATCH
registry/audit_quarantine_dataset_status_v0.3.csv,LOCAL-RTCH-E1:nested_350:results/prediction_tests.csv,status,,QUARANTINED
registry/audit_quarantine_dataset_status_v0.3.csv,LOCAL-RTCH-E1:nested_350:results/prediction_tests.csv,evidence_eligibility,,HISTORICAL_DIAGNOSTIC_ONLY
registry/audit_quarantine_dataset_status_v0.3.csv,LOCAL-RTCH-E1:nested_350:results/prediction_tests.csv,controlled_support_eligible,,False
registry/audit_quarantine_dataset_status_v0.3.csv,LOCAL-RTCH-E1:nested_350:results/prediction_tests.csv,physical_support_eligible,,False
registry/audit_quarantine_dataset_status_v0.3.csv,LOCAL-RTCH-E1:nested_350:results/rank_label_nulls.csv,checkout_eol_status,,CHECKOUT_CRLF_ONLY_TRANSFORMATION
registry/audit_quarantine_dataset_status_v0.3.csv,LOCAL-RTCH-E1:nested_350:results/rank_label_nulls.csv,hash_status,,EXACT_AUDIT_HASH_MATCH
registry/audit_quarantine_dataset_status_v0.3.csv,LOCAL-RTCH-E1:nested_350:results/rank_label_nulls.csv,status,,QUARANTINED
registry/audit_quarantine_dataset_status_v0.3.csv,LOCAL-RTCH-E1:nested_350:results/rank_label_nulls.csv,evidence_eligibility,,HISTORICAL_DIAGNOSTIC_ONLY
registry/audit_quarantine_dataset_status_v0.3.csv,LOCAL-RTCH-E1:nested_350:results/rank_label_nulls.csv,controlled_support_eligible,,False
registry/audit_quarantine_dataset_status_v0.3.csv,LOCAL-RTCH-E1:nested_350:results/rank_label_nulls.csv,physical_support_eligible,,False
registry/audit_quarantine_dataset_status_v0.3.csv,LOCAL-RTCH-E1:nested_350:results/result.json,checkout_eol_status,,CHECKOUT_CRLF_ONLY_TRANSFORMATION
registry/audit_quarantine_dataset_status_v0.3.csv,LOCAL-RTCH-E1:nested_350:results/result.json,hash_status,,EXACT_AUDIT_HASH_MATCH
registry/audit_quarantine_dataset_status_v0.3.csv,LOCAL-RTCH-E1:nested_350:results/result.json,status,,QUARANTINED
registry/audit_quarantine_dataset_status_v0.3.csv,LOCAL-RTCH-E1:nested_350:results/result.json,evidence_eligibility,,HISTORICAL_DIAGNOSTIC_ONLY
registry/audit_quarantine_dataset_status_v0.3.csv,LOCAL-RTCH-E1:nested_350:results/result.json,controlled_support_eligible,,False
registry/audit_quarantine_dataset_status_v0.3.csv,LOCAL-RTCH-E1:nested_350:results/result.json,physical_support_eligible,,False
registry/audit_quarantine_dataset_status_v0.3.csv,LOCAL-RTCH-E1:nested_350:results/run_manifest.json,checkout_eol_status,,CHECKOUT_CRLF_ONLY_TRANSFORMATION
registry/audit_quarantine_dataset_status_v0.3.csv,LOCAL-RTCH-E1:nested_350:results/run_manifest.json,hash_status,,EXACT_AUDIT_HASH_MATCH
registry/audit_quarantine_dataset_status_v0.3.csv,LOCAL-RTCH-E1:nested_350:results/run_manifest.json,status,,QUARANTINED
registry/audit_quarantine_dataset_status_v0.3.csv,LOCAL-RTCH-E1:nested_350:results/run_manifest.json,evidence_eligibility,,HISTORICAL_DIAGNOSTIC_ONLY
registry/audit_quarantine_dataset_status_v0.3.csv,LOCAL-RTCH-E1:nested_350:results/run_manifest.json,controlled_support_eligible,,False
registry/audit_quarantine_dataset_status_v0.3.csv,LOCAL-RTCH-E1:nested_350:results/run_manifest.json,physical_support_eligible,,False
registry/audit_quarantine_dataset_status_v0.3.csv,LOCAL-RTCH-E1:nested_350:results/scalar_embeddings.csv,checkout_eol_status,,CHECKOUT_CRLF_ONLY_TRANSFORMATION
registry/audit_quarantine_dataset_status_v0.3.csv,LOCAL-RTCH-E1:nested_350:results/scalar_embeddings.csv,hash_status,,EXACT_AUDIT_HASH_MATCH
registry/audit_quarantine_dataset_status_v0.3.csv,LOCAL-RTCH-E1:nested_350:results/scalar_embeddings.csv,status,,QUARANTINED
registry/audit_quarantine_dataset_status_v0.3.csv,LOCAL-RTCH-E1:nested_350:results/scalar_embeddings.csv,evidence_eligibility,,HISTORICAL_DIAGNOSTIC_ONLY
registry/audit_quarantine_dataset_status_v0.3.csv,LOCAL-RTCH-E1:nested_350:results/scalar_embeddings.csv,controlled_support_eligible,,False
registry/audit_quarantine_dataset_status_v0.3.csv,LOCAL-RTCH-E1:nested_350:results/scalar_embeddings.csv,physical_support_eligible,,False
registry/audit_quarantine_dataset_status_v0.3.csv,LOCAL-RTCH-E1:nested_350:results/stability_summary.csv,checkout_eol_status,,CHECKOUT_CRLF_ONLY_TRANSFORMATION
registry/audit_quarantine_dataset_status_v0.3.csv,LOCAL-RTCH-E1:nested_350:results/stability_summary.csv,hash_status,,EXACT_AUDIT_HASH_MATCH
registry/audit_quarantine_dataset_status_v0.3.csv,LOCAL-RTCH-E1:nested_350:results/stability_summary.csv,status,,QUARANTINED
registry/audit_quarantine_dataset_status_v0.3.csv,LOCAL-RTCH-E1:nested_350:results/stability_summary.csv,evidence_eligibility,,HISTORICAL_DIAGNOSTIC_ONLY
registry/audit_quarantine_dataset_status_v0.3.csv,LOCAL-RTCH-E1:nested_350:results/stability_summary.csv,controlled_support_eligible,,False
registry/audit_quarantine_dataset_status_v0.3.csv,LOCAL-RTCH-E1:nested_350:results/stability_summary.csv,physical_support_eligible,,False
registry/audit_quarantine_dataset_status_v0.3.csv,LOCAL-RTCH-E1:nested_350:results/topology_summary.csv,checkout_eol_status,,CHECKOUT_CRLF_ONLY_TRANSFORMATION
registry/audit_quarantine_dataset_status_v0.3.csv,LOCAL-RTCH-E1:nested_350:results/topology_summary.csv,hash_status,,EXACT_AUDIT_HASH_MATCH
registry/audit_quarantine_dataset_status_v0.3.csv,LOCAL-RTCH-E1:nested_350:results/topology_summary.csv,status,,QUARANTINED
registry/audit_quarantine_dataset_status_v0.3.csv,LOCAL-RTCH-E1:nested_350:results/topology_summary.csv,evidence_eligibility,,HISTORICAL_DIAGNOSTIC_ONLY
registry/audit_quarantine_dataset_status_v0.3.csv,LOCAL-RTCH-E1:nested_350:results/topology_summary.csv,controlled_support_eligible,,False
registry/audit_quarantine_dataset_status_v0.3.csv,LOCAL-RTCH-E1:nested_350:results/topology_summary.csv,physical_support_eligible,,False
registry/audit_unresolved_references_v0.3.csv,STAR-PDF-v0.2,Execution_Eligible,,false
registry/audit_unresolved_references_v0.3.csv,STAR-PDF-v0.2,Execution_Eligible,,false
registry/audit_unresolved_references_v0.3.csv,STAR-PDF-v0.2,Execution_Eligible,,false
registry/audit_unresolved_references_v0.3.csv,STAR-PDF-v0.2,Execution_Eligible,,false
registry/audit_unresolved_references_v0.3.csv,STAR-PDF-v0.2,Execution_Eligible,,false
registry/audit_unresolved_references_v0.3.csv,STAR-PDF-v0.2,Execution_Eligible,,false
registry/audit_unresolved_references_v0.3.csv,STAR-PDF-v0.2,Execution_Eligible,,false
registry/audit_unresolved_references_v0.3.csv,STAR-PDF-v0.2,Execution_Eligible,,false
registry/audit_unresolved_references_v0.3.csv,STAR-PDF-v0.2,Execution_Eligible,,false
registry/audit_unresolved_references_v0.3.csv,STAR-PDF-v0.2,Execution_Eligible,,false
registry/claim_evidence_audit_v0.3.csv,STAR-PDF-v0.2:CORE-001,baseline_status_text,,PROPOSED
registry/claim_evidence_audit_v0.3.csv,STAR-PDF-v0.2:CORE-001,current_evidence_assessment,,PROPOSED / CONTROLLED TEST NOT VERIFIED
registry/claim_evidence_audit_v0.3.csv,STAR-PDF-v0.2:CORE-001,crosswalk_evidence_state,,N
registry/claim_evidence_audit_v0.3.csv,STAR-PDF-v0.2:CORE-001,replication_status,,NO NEW INDEPENDENT REPLICATION PERFORMED
registry/claim_evidence_audit_v0.3.csv,STAR-PDF-v0.2:CORE-001,controlled_or_physical_promotion,,False
registry/claim_evidence_audit_v0.3.csv,STAR-PDF-v0.2:CORE-001,artifact_status,,AUDIT_ONLY_NO_CONTROLLED_SUPPORT_VERIFIED
registry/claim_evidence_audit_v0.3.csv,STAR-PDF-v0.2:CORE-001,evidence_eligibility,,NO_NEW_CONTROLLED_OR_PHYSICAL_SUPPORT_ESTABLISHED
registry/claim_evidence_audit_v0.3.csv,STAR-PDF-v0.2:CORE-001,controlled_support_eligible,,False
registry/claim_evidence_audit_v0.3.csv,STAR-PDF-v0.2:CORE-001,physical_support_eligible,,False
registry/claim_evidence_audit_v0.3.csv,STAR-PDF-v0.2:CORE-001,Baseline_Status,,PROPOSED
registry/claim_evidence_audit_v0.3.csv,STAR-PDF-v0.2:CORE-001,Current_Evidence_Assessment,,PROPOSED / CONTROLLED TEST NOT VERIFIED
registry/claim_evidence_audit_v0.3.csv,STAR-PDF-v0.2:CORE-001,Evidence_State,,N
registry/claim_evidence_audit_v0.3.csv,STAR-PDF-v0.2:CORE-001,Controlled_Support_Eligible,,false
registry/claim_evidence_audit_v0.3.csv,STAR-PDF-v0.2:CORE-001,Physical_Support_Eligible,,false
registry/claim_evidence_audit_v0.3.csv,STAR-PDF-v0.2:CORE-001,Replication_Status,,NO NEW INDEPENDENT REPLICATION PERFORMED
registry/claim_evidence_audit_v0.3.csv,STAR-PDF-v0.2:RANK-001,baseline_status_text,,PROPOSED
registry/claim_evidence_audit_v0.3.csv,STAR-PDF-v0.2:RANK-001,current_evidence_assessment,,PROPOSED / CONTROLLED TEST NOT VERIFIED
registry/claim_evidence_audit_v0.3.csv,STAR-PDF-v0.2:RANK-001,crosswalk_evidence_state,,N
registry/claim_evidence_audit_v0.3.csv,STAR-PDF-v0.2:RANK-001,replication_status,,NO NEW INDEPENDENT REPLICATION PERFORMED
registry/claim_evidence_audit_v0.3.csv,STAR-PDF-v0.2:RANK-001,controlled_or_physical_promotion,,False
registry/claim_evidence_audit_v0.3.csv,STAR-PDF-v0.2:RANK-001,artifact_status,,AUDIT_ONLY_NO_CONTROLLED_SUPPORT_VERIFIED
registry/claim_evidence_audit_v0.3.csv,STAR-PDF-v0.2:RANK-001,evidence_eligibility,,NO_NEW_CONTROLLED_OR_PHYSICAL_SUPPORT_ESTABLISHED
registry/claim_evidence_audit_v0.3.csv,STAR-PDF-v0.2:RANK-001,controlled_support_eligible,,False
registry/claim_evidence_audit_v0.3.csv,STAR-PDF-v0.2:RANK-001,physical_support_eligible,,False
registry/claim_evidence_audit_v0.3.csv,STAR-PDF-v0.2:RANK-001,Baseline_Status,,PROPOSED
registry/claim_evidence_audit_v0.3.csv,STAR-PDF-v0.2:RANK-001,Current_Evidence_Assessment,,PROPOSED / CONTROLLED TEST NOT VERIFIED
registry/claim_evidence_audit_v0.3.csv,STAR-PDF-v0.2:RANK-001,Evidence_State,,N
registry/claim_evidence_audit_v0.3.csv,STAR-PDF-v0.2:RANK-001,Controlled_Support_Eligible,,false
registry/claim_evidence_audit_v0.3.csv,STAR-PDF-v0.2:RANK-001,Physical_Support_Eligible,,false
registry/claim_evidence_audit_v0.3.csv,STAR-PDF-v0.2:RANK-001,Replication_Status,,NO NEW INDEPENDENT REPLICATION PERFORMED
registry/claim_evidence_audit_v0.3.csv,STAR-PDF-v0.2:RANK-002,baseline_status_text,,PROPOSED
registry/claim_evidence_audit_v0.3.csv,STAR-PDF-v0.2:RANK-002,current_evidence_assessment,,CANDIDATE/HISTORICAL EVIDENCE / RECONSTRUCTION REQUIRED
registry/claim_evidence_audit_v0.3.csv,STAR-PDF-v0.2:RANK-002,crosswalk_evidence_state,,U + R + N
registry/claim_evidence_audit_v0.3.csv,STAR-PDF-v0.2:RANK-002,replication_status,,NO NEW INDEPENDENT REPLICATION PERFORMED
registry/claim_evidence_audit_v0.3.csv,STAR-PDF-v0.2:RANK-002,controlled_or_physical_promotion,,False
registry/claim_evidence_audit_v0.3.csv,STAR-PDF-v0.2:RANK-002,artifact_status,,LINKED_ARTIFACTS_QUARANTINED; HYPOTHESIS_CLASSIFICATION_PRESERVED
registry/claim_evidence_audit_v0.3.csv,STAR-PDF-v0.2:RANK-002,evidence_eligibility,,LINKED_QUARANTINED_ASSETS_HISTORICAL_DIAGNOSTIC_ONLY
registry/claim_evidence_audit_v0.3.csv,STAR-PDF-v0.2:RANK-002,controlled_support_eligible,,False
registry/claim_evidence_audit_v0.3.csv,STAR-PDF-v0.2:RANK-002,physical_support_eligible,,False
registry/claim_evidence_audit_v0.3.csv,STAR-PDF-v0.2:RANK-002,Baseline_Status,,PROPOSED
registry/claim_evidence_audit_v0.3.csv,STAR-PDF-v0.2:RANK-002,Current_Evidence_Assessment,,CANDIDATE/HISTORICAL EVIDENCE / RECONSTRUCTION REQUIRED
registry/claim_evidence_audit_v0.3.csv,STAR-PDF-v0.2:RANK-002,Evidence_State,,U + R + N
registry/claim_evidence_audit_v0.3.csv,STAR-PDF-v0.2:RANK-002,Controlled_Support_Eligible,,false
registry/claim_evidence_audit_v0.3.csv,STAR-PDF-v0.2:RANK-002,Physical_Support_Eligible,,false
registry/claim_evidence_audit_v0.3.csv,STAR-PDF-v0.2:RANK-002,Replication_Status,,NO NEW INDEPENDENT REPLICATION PERFORMED
registry/claim_evidence_audit_v0.3.csv,STAR-PDF-v0.2:RANK-003,baseline_status_text,,PROPOSED
registry/claim_evidence_audit_v0.3.csv,STAR-PDF-v0.2:RANK-003,current_evidence_assessment,,PROPOSED / CONTROLLED TEST NOT VERIFIED
registry/claim_evidence_audit_v0.3.csv,STAR-PDF-v0.2:RANK-003,crosswalk_evidence_state,,N
registry/claim_evidence_audit_v0.3.csv,STAR-PDF-v0.2:RANK-003,replication_status,,NO NEW INDEPENDENT REPLICATION PERFORMED
registry/claim_evidence_audit_v0.3.csv,STAR-PDF-v0.2:RANK-003,controlled_or_physical_promotion,,False
registry/claim_evidence_audit_v0.3.csv,STAR-PDF-v0.2:RANK-003,artifact_status,,AUDIT_ONLY_NO_CONTROLLED_SUPPORT_VERIFIED
registry/claim_evidence_audit_v0.3.csv,STAR-PDF-v0.2:RANK-003,evidence_eligibility,,NO_NEW_CONTROLLED_OR_PHYSICAL_SUPPORT_ESTABLISHED
registry/claim_evidence_audit_v0.3.csv,STAR-PDF-v0.2:RANK-003,controlled_support_eligible,,False
registry/claim_evidence_audit_v0.3.csv,STAR-PDF-v0.2:RANK-003,physical_support_eligible,,False
registry/claim_evidence_audit_v0.3.csv,STAR-PDF-v0.2:RANK-003,Baseline_Status,,PROPOSED
registry/claim_evidence_audit_v0.3.csv,STAR-PDF-v0.2:RANK-003,Current_Evidence_Assessment,,PROPOSED / CONTROLLED TEST NOT VERIFIED
registry/claim_evidence_audit_v0.3.csv,STAR-PDF-v0.2:RANK-003,Evidence_State,,N
registry/claim_evidence_audit_v0.3.csv,STAR-PDF-v0.2:RANK-003,Controlled_Support_Eligible,,false
registry/claim_evidence_audit_v0.3.csv,STAR-PDF-v0.2:RANK-003,Physical_Support_Eligible,,false
registry/claim_evidence_audit_v0.3.csv,STAR-PDF-v0.2:RANK-003,Replication_Status,,NO NEW INDEPENDENT REPLICATION PERFORMED
registry/claim_evidence_audit_v0.3.csv,STAR-PDF-v0.2:MAP-001,baseline_status_text,,EXPLORATORY
registry/claim_evidence_audit_v0.3.csv,STAR-PDF-v0.2:MAP-001,current_evidence_assessment,,CANDIDATE/HISTORICAL EVIDENCE / RECONSTRUCTION REQUIRED
registry/claim_evidence_audit_v0.3.csv,STAR-PDF-v0.2:MAP-001,crosswalk_evidence_state,,U + R + N
registry/claim_evidence_audit_v0.3.csv,STAR-PDF-v0.2:MAP-001,replication_status,,NO NEW INDEPENDENT REPLICATION PERFORMED
registry/claim_evidence_audit_v0.3.csv,STAR-PDF-v0.2:MAP-001,controlled_or_physical_promotion,,False
registry/claim_evidence_audit_v0.3.csv,STAR-PDF-v0.2:MAP-001,artifact_status,,LINKED_ARTIFACTS_QUARANTINED; HYPOTHESIS_CLASSIFICATION_PRESERVED
registry/claim_evidence_audit_v0.3.csv,STAR-PDF-v0.2:MAP-001,evidence_eligibility,,LINKED_QUARANTINED_ASSETS_HISTORICAL_DIAGNOSTIC_ONLY
registry/claim_evidence_audit_v0.3.csv,STAR-PDF-v0.2:MAP-001,controlled_support_eligible,,False
registry/claim_evidence_audit_v0.3.csv,STAR-PDF-v0.2:MAP-001,physical_support_eligible,,False
registry/claim_evidence_audit_v0.3.csv,STAR-PDF-v0.2:MAP-001,Baseline_Status,,EXPLORATORY
registry/claim_evidence_audit_v0.3.csv,STAR-PDF-v0.2:MAP-001,Current_Evidence_Assessment,,CANDIDATE/HISTORICAL EVIDENCE / RECONSTRUCTION REQUIRED
registry/claim_evidence_audit_v0.3.csv,STAR-PDF-v0.2:MAP-001,Evidence_State,,U + R + N
registry/claim_evidence_audit_v0.3.csv,STAR-PDF-v0.2:MAP-001,Controlled_Support_Eligible,,false
registry/claim_evidence_audit_v0.3.csv,STAR-PDF-v0.2:MAP-001,Physical_Support_Eligible,,false
registry/claim_evidence_audit_v0.3.csv,STAR-PDF-v0.2:MAP-001,Replication_Status,,NO NEW INDEPENDENT REPLICATION PERFORMED
registry/claim_evidence_audit_v0.3.csv,STAR-PDF-v0.2:MAP-002,baseline_status_text,,HISTORICAL / EXPLORATORY
registry/claim_evidence_audit_v0.3.csv,STAR-PDF-v0.2:MAP-002,current_evidence_assessment,,CANDIDATE/HISTORICAL EVIDENCE / RECONSTRUCTION REQUIRED
registry/claim_evidence_audit_v0.3.csv,STAR-PDF-v0.2:MAP-002,crosswalk_evidence_state,,U + R + N
registry/claim_evidence_audit_v0.3.csv,STAR-PDF-v0.2:MAP-002,replication_status,,NO NEW INDEPENDENT REPLICATION PERFORMED
registry/claim_evidence_audit_v0.3.csv,STAR-PDF-v0.2:MAP-002,controlled_or_physical_promotion,,False
registry/claim_evidence_audit_v0.3.csv,STAR-PDF-v0.2:MAP-002,artifact_status,,LINKED_ARTIFACTS_QUARANTINED; HYPOTHESIS_CLASSIFICATION_PRESERVED
registry/claim_evidence_audit_v0.3.csv,STAR-PDF-v0.2:MAP-002,evidence_eligibility,,LINKED_QUARANTINED_ASSETS_HISTORICAL_DIAGNOSTIC_ONLY
registry/claim_evidence_audit_v0.3.csv,STAR-PDF-v0.2:MAP-002,controlled_support_eligible,,False
registry/claim_evidence_audit_v0.3.csv,STAR-PDF-v0.2:MAP-002,physical_support_eligible,,False
registry/claim_evidence_audit_v0.3.csv,STAR-PDF-v0.2:MAP-002,Baseline_Status,,HISTORICAL / EXPLORATORY
registry/claim_evidence_audit_v0.3.csv,STAR-PDF-v0.2:MAP-002,Current_Evidence_Assessment,,CANDIDATE/HISTORICAL EVIDENCE / RECONSTRUCTION REQUIRED
registry/claim_evidence_audit_v0.3.csv,STAR-PDF-v0.2:MAP-002,Evidence_State,,U + R + N
registry/claim_evidence_audit_v0.3.csv,STAR-PDF-v0.2:MAP-002,Controlled_Support_Eligible,,false
registry/claim_evidence_audit_v0.3.csv,STAR-PDF-v0.2:MAP-002,Physical_Support_Eligible,,false
registry/claim_evidence_audit_v0.3.csv,STAR-PDF-v0.2:MAP-002,Replication_Status,,NO NEW INDEPENDENT REPLICATION PERFORMED
registry/claim_evidence_audit_v0.3.csv,STAR-PDF-v0.2:MAP-003,baseline_status_text,,HISTORICAL MODEL
registry/claim_evidence_audit_v0.3.csv,STAR-PDF-v0.2:MAP-003,current_evidence_assessment,,CANDIDATE/HISTORICAL EVIDENCE / RECONSTRUCTION REQUIRED
registry/claim_evidence_audit_v0.3.csv,STAR-PDF-v0.2:MAP-003,crosswalk_evidence_state,,U + R + N
registry/claim_evidence_audit_v0.3.csv,STAR-PDF-v0.2:MAP-003,replication_status,,NO NEW INDEPENDENT REPLICATION PERFORMED
registry/claim_evidence_audit_v0.3.csv,STAR-PDF-v0.2:MAP-003,controlled_or_physical_promotion,,False
registry/claim_evidence_audit_v0.3.csv,STAR-PDF-v0.2:MAP-003,artifact_status,,LINKED_ARTIFACTS_QUARANTINED; HYPOTHESIS_CLASSIFICATION_PRESERVED
registry/claim_evidence_audit_v0.3.csv,STAR-PDF-v0.2:MAP-003,evidence_eligibility,,LINKED_QUARANTINED_ASSETS_HISTORICAL_DIAGNOSTIC_ONLY
registry/claim_evidence_audit_v0.3.csv,STAR-PDF-v0.2:MAP-003,controlled_support_eligible,,False
registry/claim_evidence_audit_v0.3.csv,STAR-PDF-v0.2:MAP-003,physical_support_eligible,,False
registry/claim_evidence_audit_v0.3.csv,STAR-PDF-v0.2:MAP-003,Baseline_Status,,HISTORICAL MODEL
registry/claim_evidence_audit_v0.3.csv,STAR-PDF-v0.2:MAP-003,Current_Evidence_Assessment,,CANDIDATE/HISTORICAL EVIDENCE / RECONSTRUCTION REQUIRED
registry/claim_evidence_audit_v0.3.csv,STAR-PDF-v0.2:MAP-003,Evidence_State,,U + R + N
registry/claim_evidence_audit_v0.3.csv,STAR-PDF-v0.2:MAP-003,Controlled_Support_Eligible,,false
registry/claim_evidence_audit_v0.3.csv,STAR-PDF-v0.2:MAP-003,Physical_Support_Eligible,,false
registry/claim_evidence_audit_v0.3.csv,STAR-PDF-v0.2:MAP-003,Replication_Status,,NO NEW INDEPENDENT REPLICATION PERFORMED
registry/claim_evidence_audit_v0.3.csv,STAR-PDF-v0.2:MAP-004,baseline_status_text,,ACTIVE METHODOLOGICAL PRINCIPLE
registry/claim_evidence_audit_v0.3.csv,STAR-PDF-v0.2:MAP-004,current_evidence_assessment,,MODEL/METHODOLOGICAL REQUIREMENT RETAINED
registry/claim_evidence_audit_v0.3.csv,STAR-PDF-v0.2:MAP-004,crosswalk_evidence_state,,U + N
registry/claim_evidence_audit_v0.3.csv,STAR-PDF-v0.2:MAP-004,replication_status,,NO NEW INDEPENDENT REPLICATION PERFORMED
registry/claim_evidence_audit_v0.3.csv,STAR-PDF-v0.2:MAP-004,controlled_or_physical_promotion,,False
registry/claim_evidence_audit_v0.3.csv,STAR-PDF-v0.2:MAP-004,artifact_status,,AUDIT_ONLY_NO_CONTROLLED_SUPPORT_VERIFIED
registry/claim_evidence_audit_v0.3.csv,STAR-PDF-v0.2:MAP-004,evidence_eligibility,,NO_NEW_CONTROLLED_OR_PHYSICAL_SUPPORT_ESTABLISHED
registry/claim_evidence_audit_v0.3.csv,STAR-PDF-v0.2:MAP-004,controlled_support_eligible,,False
registry/claim_evidence_audit_v0.3.csv,STAR-PDF-v0.2:MAP-004,physical_support_eligible,,False
registry/claim_evidence_audit_v0.3.csv,STAR-PDF-v0.2:MAP-004,Baseline_Status,,ACTIVE METHODOLOGICAL PRINCIPLE
registry/claim_evidence_audit_v0.3.csv,STAR-PDF-v0.2:MAP-004,Current_Evidence_Assessment,,MODEL/METHODOLOGICAL REQUIREMENT RETAINED
registry/claim_evidence_audit_v0.3.csv,STAR-PDF-v0.2:MAP-004,Evidence_State,,U + N
registry/claim_evidence_audit_v0.3.csv,STAR-PDF-v0.2:MAP-004,Controlled_Support_Eligible,,false
registry/claim_evidence_audit_v0.3.csv,STAR-PDF-v0.2:MAP-004,Physical_Support_Eligible,,false
registry/claim_evidence_audit_v0.3.csv,STAR-PDF-v0.2:MAP-004,Replication_Status,,NO NEW INDEPENDENT REPLICATION PERFORMED
registry/claim_evidence_audit_v0.3.csv,STAR-PDF-v0.2:MAP-005,baseline_status_text,,PROPOSED EXPERIMENTAL REQUIREMENT
registry/claim_evidence_audit_v0.3.csv,STAR-PDF-v0.2:MAP-005,current_evidence_assessment,,CANDIDATE/HISTORICAL EVIDENCE / RECONSTRUCTION REQUIRED
registry/claim_evidence_audit_v0.3.csv,STAR-PDF-v0.2:MAP-005,crosswalk_evidence_state,,U + R + N
registry/claim_evidence_audit_v0.3.csv,STAR-PDF-v0.2:MAP-005,replication_status,,NO NEW INDEPENDENT REPLICATION PERFORMED
registry/claim_evidence_audit_v0.3.csv,STAR-PDF-v0.2:MAP-005,controlled_or_physical_promotion,,False
registry/claim_evidence_audit_v0.3.csv,STAR-PDF-v0.2:MAP-005,artifact_status,,AUDIT_ONLY_NO_CONTROLLED_SUPPORT_VERIFIED
registry/claim_evidence_audit_v0.3.csv,STAR-PDF-v0.2:MAP-005,evidence_eligibility,,NO_NEW_CONTROLLED_OR_PHYSICAL_SUPPORT_ESTABLISHED
registry/claim_evidence_audit_v0.3.csv,STAR-PDF-v0.2:MAP-005,controlled_support_eligible,,False
registry/claim_evidence_audit_v0.3.csv,STAR-PDF-v0.2:MAP-005,physical_support_eligible,,False
registry/claim_evidence_audit_v0.3.csv,STAR-PDF-v0.2:MAP-005,Baseline_Status,,PROPOSED EXPERIMENTAL REQUIREMENT
registry/claim_evidence_audit_v0.3.csv,STAR-PDF-v0.2:MAP-005,Current_Evidence_Assessment,,CANDIDATE/HISTORICAL EVIDENCE / RECONSTRUCTION REQUIRED
registry/claim_evidence_audit_v0.3.csv,STAR-PDF-v0.2:MAP-005,Evidence_State,,U + R + N
registry/claim_evidence_audit_v0.3.csv,STAR-PDF-v0.2:MAP-005,Controlled_Support_Eligible,,false
registry/claim_evidence_audit_v0.3.csv,STAR-PDF-v0.2:MAP-005,Physical_Support_Eligible,,false
registry/claim_evidence_audit_v0.3.csv,STAR-PDF-v0.2:MAP-005,Replication_Status,,NO NEW INDEPENDENT REPLICATION PERFORMED
registry/claim_evidence_audit_v0.3.csv,STAR-PDF-v0.2:ARITH-001,baseline_status_text,,EXPLORATORY
registry/claim_evidence_audit_v0.3.csv,STAR-PDF-v0.2:ARITH-001,current_evidence_assessment,,PROPOSED / CONTROLLED TEST NOT VERIFIED
registry/claim_evidence_audit_v0.3.csv,STAR-PDF-v0.2:ARITH-001,crosswalk_evidence_state,,N
registry/claim_evidence_audit_v0.3.csv,STAR-PDF-v0.2:ARITH-001,replication_status,,NO NEW INDEPENDENT REPLICATION PERFORMED
registry/claim_evidence_audit_v0.3.csv,STAR-PDF-v0.2:ARITH-001,controlled_or_physical_promotion,,False
registry/claim_evidence_audit_v0.3.csv,STAR-PDF-v0.2:ARITH-001,artifact_status,,AUDIT_ONLY_NO_CONTROLLED_SUPPORT_VERIFIED
registry/claim_evidence_audit_v0.3.csv,STAR-PDF-v0.2:ARITH-001,evidence_eligibility,,NO_NEW_CONTROLLED_OR_PHYSICAL_SUPPORT_ESTABLISHED
registry/claim_evidence_audit_v0.3.csv,STAR-PDF-v0.2:ARITH-001,controlled_support_eligible,,False
registry/claim_evidence_audit_v0.3.csv,STAR-PDF-v0.2:ARITH-001,physical_support_eligible,,False
registry/claim_evidence_audit_v0.3.csv,STAR-PDF-v0.2:ARITH-001,Baseline_Status,,EXPLORATORY
registry/claim_evidence_audit_v0.3.csv,STAR-PDF-v0.2:ARITH-001,Current_Evidence_Assessment,,PROPOSED / CONTROLLED TEST NOT VERIFIED
registry/claim_evidence_audit_v0.3.csv,STAR-PDF-v0.2:ARITH-001,Evidence_State,,N
registry/claim_evidence_audit_v0.3.csv,STAR-PDF-v0.2:ARITH-001,Controlled_Support_Eligible,,false
registry/claim_evidence_audit_v0.3.csv,STAR-PDF-v0.2:ARITH-001,Physical_Support_Eligible,,false
registry/claim_evidence_audit_v0.3.csv,STAR-PDF-v0.2:ARITH-001,Replication_Status,,NO NEW INDEPENDENT REPLICATION PERFORMED
registry/claim_evidence_audit_v0.3.csv,STAR-PDF-v0.2:TOPO-001,baseline_status_text,,PROPOSED
registry/claim_evidence_audit_v0.3.csv,STAR-PDF-v0.2:TOPO-001,current_evidence_assessment,,CANDIDATE/HISTORICAL EVIDENCE / RECONSTRUCTION REQUIRED
registry/claim_evidence_audit_v0.3.csv,STAR-PDF-v0.2:TOPO-001,crosswalk_evidence_state,,U + R + N
registry/claim_evidence_audit_v0.3.csv,STAR-PDF-v0.2:TOPO-001,replication_status,,NO NEW INDEPENDENT REPLICATION PERFORMED
registry/claim_evidence_audit_v0.3.csv,STAR-PDF-v0.2:TOPO-001,controlled_or_physical_promotion,,False
registry/claim_evidence_audit_v0.3.csv,STAR-PDF-v0.2:TOPO-001,artifact_status,,LINKED_ARTIFACTS_QUARANTINED; HYPOTHESIS_CLASSIFICATION_PRESERVED
registry/claim_evidence_audit_v0.3.csv,STAR-PDF-v0.2:TOPO-001,evidence_eligibility,,LINKED_QUARANTINED_ASSETS_HISTORICAL_DIAGNOSTIC_ONLY
registry/claim_evidence_audit_v0.3.csv,STAR-PDF-v0.2:TOPO-001,controlled_support_eligible,,False
registry/claim_evidence_audit_v0.3.csv,STAR-PDF-v0.2:TOPO-001,physical_support_eligible,,False
registry/claim_evidence_audit_v0.3.csv,STAR-PDF-v0.2:TOPO-001,Baseline_Status,,PROPOSED
registry/claim_evidence_audit_v0.3.csv,STAR-PDF-v0.2:TOPO-001,Current_Evidence_Assessment,,CANDIDATE/HISTORICAL EVIDENCE / RECONSTRUCTION REQUIRED
registry/claim_evidence_audit_v0.3.csv,STAR-PDF-v0.2:TOPO-001,Evidence_State,,U + R + N
registry/claim_evidence_audit_v0.3.csv,STAR-PDF-v0.2:TOPO-001,Controlled_Support_Eligible,,false
registry/claim_evidence_audit_v0.3.csv,STAR-PDF-v0.2:TOPO-001,Physical_Support_Eligible,,false
registry/claim_evidence_audit_v0.3.csv,STAR-PDF-v0.2:TOPO-001,Replication_Status,,NO NEW INDEPENDENT REPLICATION PERFORMED
registry/claim_evidence_audit_v0.3.csv,STAR-PDF-v0.2:TOPO-002,baseline_status_text,,PROPOSED
registry/claim_evidence_audit_v0.3.csv,STAR-PDF-v0.2:TOPO-002,current_evidence_assessment,,CANDIDATE/HISTORICAL EVIDENCE / RECONSTRUCTION REQUIRED
registry/claim_evidence_audit_v0.3.csv,STAR-PDF-v0.2:TOPO-002,crosswalk_evidence_state,,U + R + N
registry/claim_evidence_audit_v0.3.csv,STAR-PDF-v0.2:TOPO-002,replication_status,,NO NEW INDEPENDENT REPLICATION PERFORMED
registry/claim_evidence_audit_v0.3.csv,STAR-PDF-v0.2:TOPO-002,controlled_or_physical_promotion,,False
registry/claim_evidence_audit_v0.3.csv,STAR-PDF-v0.2:TOPO-002,artifact_status,,AUDIT_ONLY_NO_CONTROLLED_SUPPORT_VERIFIED
registry/claim_evidence_audit_v0.3.csv,STAR-PDF-v0.2:TOPO-002,evidence_eligibility,,NO_NEW_CONTROLLED_OR_PHYSICAL_SUPPORT_ESTABLISHED
registry/claim_evidence_audit_v0.3.csv,STAR-PDF-v0.2:TOPO-002,controlled_support_eligible,,False
registry/claim_evidence_audit_v0.3.csv,STAR-PDF-v0.2:TOPO-002,physical_support_eligible,,False
registry/claim_evidence_audit_v0.3.csv,STAR-PDF-v0.2:TOPO-002,Baseline_Status,,PROPOSED
registry/claim_evidence_audit_v0.3.csv,STAR-PDF-v0.2:TOPO-002,Current_Evidence_Assessment,,CANDIDATE/HISTORICAL EVIDENCE / RECONSTRUCTION REQUIRED
registry/claim_evidence_audit_v0.3.csv,STAR-PDF-v0.2:TOPO-002,Evidence_State,,U + R + N
registry/claim_evidence_audit_v0.3.csv,STAR-PDF-v0.2:TOPO-002,Controlled_Support_Eligible,,false
registry/claim_evidence_audit_v0.3.csv,STAR-PDF-v0.2:TOPO-002,Physical_Support_Eligible,,false
registry/claim_evidence_audit_v0.3.csv,STAR-PDF-v0.2:TOPO-002,Replication_Status,,NO NEW INDEPENDENT REPLICATION PERFORMED
registry/claim_evidence_audit_v0.3.csv,STAR-PDF-v0.2:TOPO-003,current_evidence_assessment,,PROPOSED / CONTROLLED TEST NOT VERIFIED
registry/claim_evidence_audit_v0.3.csv,STAR-PDF-v0.2:TOPO-003,crosswalk_evidence_state,,N
registry/claim_evidence_audit_v0.3.csv,STAR-PDF-v0.2:TOPO-003,replication_status,,NO NEW INDEPENDENT REPLICATION PERFORMED
registry/claim_evidence_audit_v0.3.csv,STAR-PDF-v0.2:TOPO-003,controlled_or_physical_promotion,,False
registry/claim_evidence_audit_v0.3.csv,STAR-PDF-v0.2:TOPO-003,artifact_status,,AUDIT_ONLY_NO_CONTROLLED_SUPPORT_VERIFIED
registry/claim_evidence_audit_v0.3.csv,STAR-PDF-v0.2:TOPO-003,evidence_eligibility,,NO_NEW_CONTROLLED_OR_PHYSICAL_SUPPORT_ESTABLISHED
registry/claim_evidence_audit_v0.3.csv,STAR-PDF-v0.2:TOPO-003,controlled_support_eligible,,False
registry/claim_evidence_audit_v0.3.csv,STAR-PDF-v0.2:TOPO-003,physical_support_eligible,,False
registry/claim_evidence_audit_v0.3.csv,STAR-PDF-v0.2:TOPO-003,Current_Evidence_Assessment,,PROPOSED / CONTROLLED TEST NOT VERIFIED
registry/claim_evidence_audit_v0.3.csv,STAR-PDF-v0.2:TOPO-003,Evidence_State,,N
registry/claim_evidence_audit_v0.3.csv,STAR-PDF-v0.2:TOPO-003,Controlled_Support_Eligible,,false
registry/claim_evidence_audit_v0.3.csv,STAR-PDF-v0.2:TOPO-003,Physical_Support_Eligible,,false
registry/claim_evidence_audit_v0.3.csv,STAR-PDF-v0.2:TOPO-003,Replication_Status,,NO NEW INDEPENDENT REPLICATION PERFORMED
registry/claim_evidence_audit_v0.3.csv,STAR-PDF-v0.2:MATH-K001,baseline_status_text,,RECONSTRUCT
registry/claim_evidence_audit_v0.3.csv,STAR-PDF-v0.2:MATH-K001,current_evidence_assessment,,THEORETICAL STATEMENT / INDEPENDENT DERIVATION AUDIT REQUIRED
registry/claim_evidence_audit_v0.3.csv,STAR-PDF-v0.2:MATH-K001,crosswalk_evidence_state,,U + D + R
registry/claim_evidence_audit_v0.3.csv,STAR-PDF-v0.2:MATH-K001,replication_status,,NO NEW INDEPENDENT REPLICATION PERFORMED
registry/claim_evidence_audit_v0.3.csv,STAR-PDF-v0.2:MATH-K001,controlled_or_physical_promotion,,False
registry/claim_evidence_audit_v0.3.csv,STAR-PDF-v0.2:MATH-K001,artifact_status,,AUDIT_ONLY_NO_CONTROLLED_SUPPORT_VERIFIED
registry/claim_evidence_audit_v0.3.csv,STAR-PDF-v0.2:MATH-K001,evidence_eligibility,,NO_NEW_CONTROLLED_OR_PHYSICAL_SUPPORT_ESTABLISHED
registry/claim_evidence_audit_v0.3.csv,STAR-PDF-v0.2:MATH-K001,controlled_support_eligible,,False
registry/claim_evidence_audit_v0.3.csv,STAR-PDF-v0.2:MATH-K001,physical_support_eligible,,False
registry/claim_evidence_audit_v0.3.csv,STAR-PDF-v0.2:MATH-K001,Baseline_Status,,RECONSTRUCT
registry/claim_evidence_audit_v0.3.csv,STAR-PDF-v0.2:MATH-K001,Current_Evidence_Assessment,,THEORETICAL STATEMENT / INDEPENDENT DERIVATION AUDIT REQUIRED
registry/claim_evidence_audit_v0.3.csv,STAR-PDF-v0.2:MATH-K001,Evidence_State,,U + D + R
registry/claim_evidence_audit_v0.3.csv,STAR-PDF-v0.2:MATH-K001,Controlled_Support_Eligible,,false
registry/claim_evidence_audit_v0.3.csv,STAR-PDF-v0.2:MATH-K001,Physical_Support_Eligible,,false
registry/claim_evidence_audit_v0.3.csv,STAR-PDF-v0.2:MATH-K001,Replication_Status,,NO NEW INDEPENDENT REPLICATION PERFORMED
registry/claim_evidence_audit_v0.3.csv,STAR-PDF-v0.2:MATH-K002,baseline_status_text,,HISTORICAL MODEL RESULT
registry/claim_evidence_audit_v0.3.csv,STAR-PDF-v0.2:MATH-K002,current_evidence_assessment,,UNVERIFIED HISTORICAL RESULT / RECONSTRUCTION REQUIRED
registry/claim_evidence_audit_v0.3.csv,STAR-PDF-v0.2:MATH-K002,crosswalk_evidence_state,,U + R
registry/claim_evidence_audit_v0.3.csv,STAR-PDF-v0.2:MATH-K002,replication_status,,NO NEW INDEPENDENT REPLICATION PERFORMED
registry/claim_evidence_audit_v0.3.csv,STAR-PDF-v0.2:MATH-K002,controlled_or_physical_promotion,,False
registry/claim_evidence_audit_v0.3.csv,STAR-PDF-v0.2:MATH-K002,artifact_status,,AUDIT_ONLY_NO_CONTROLLED_SUPPORT_VERIFIED
registry/claim_evidence_audit_v0.3.csv,STAR-PDF-v0.2:MATH-K002,evidence_eligibility,,NO_NEW_CONTROLLED_OR_PHYSICAL_SUPPORT_ESTABLISHED
registry/claim_evidence_audit_v0.3.csv,STAR-PDF-v0.2:MATH-K002,controlled_support_eligible,,False
registry/claim_evidence_audit_v0.3.csv,STAR-PDF-v0.2:MATH-K002,physical_support_eligible,,False
registry/claim_evidence_audit_v0.3.csv,STAR-PDF-v0.2:MATH-K002,Baseline_Status,,HISTORICAL MODEL RESULT
registry/claim_evidence_audit_v0.3.csv,STAR-PDF-v0.2:MATH-K002,Current_Evidence_Assessment,,UNVERIFIED HISTORICAL RESULT / RECONSTRUCTION REQUIRED
registry/claim_evidence_audit_v0.3.csv,STAR-PDF-v0.2:MATH-K002,Evidence_State,,U + R
registry/claim_evidence_audit_v0.3.csv,STAR-PDF-v0.2:MATH-K002,Controlled_Support_Eligible,,false
registry/claim_evidence_audit_v0.3.csv,STAR-PDF-v0.2:MATH-K002,Physical_Support_Eligible,,false
registry/claim_evidence_audit_v0.3.csv,STAR-PDF-v0.2:MATH-K002,Replication_Status,,NO NEW INDEPENDENT REPLICATION PERFORMED
registry/claim_evidence_audit_v0.3.csv,STAR-PDF-v0.2:MATH-K003,baseline_status_text,,NEGATIVE / DIAGNOSTIC
registry/claim_evidence_audit_v0.3.csv,STAR-PDF-v0.2:MATH-K003,current_evidence_assessment,,NEGATIVE HISTORICAL REPORT RETAINED / NOT RERUN
registry/claim_evidence_audit_v0.3.csv,STAR-PDF-v0.2:MATH-K003,crosswalk_evidence_state,,U + X + R
registry/claim_evidence_audit_v0.3.csv,STAR-PDF-v0.2:MATH-K003,replication_status,,NO NEW INDEPENDENT REPLICATION PERFORMED
registry/claim_evidence_audit_v0.3.csv,STAR-PDF-v0.2:MATH-K003,controlled_or_physical_promotion,,False
registry/claim_evidence_audit_v0.3.csv,STAR-PDF-v0.2:MATH-K003,artifact_status,,AUDIT_ONLY_NO_CONTROLLED_SUPPORT_VERIFIED
registry/claim_evidence_audit_v0.3.csv,STAR-PDF-v0.2:MATH-K003,evidence_eligibility,,NO_NEW_CONTROLLED_OR_PHYSICAL_SUPPORT_ESTABLISHED
registry/claim_evidence_audit_v0.3.csv,STAR-PDF-v0.2:MATH-K003,controlled_support_eligible,,False
registry/claim_evidence_audit_v0.3.csv,STAR-PDF-v0.2:MATH-K003,physical_support_eligible,,False
registry/claim_evidence_audit_v0.3.csv,STAR-PDF-v0.2:MATH-K003,Baseline_Status,,NEGATIVE / DIAGNOSTIC
registry/claim_evidence_audit_v0.3.csv,STAR-PDF-v0.2:MATH-K003,Current_Evidence_Assessment,,NEGATIVE HISTORICAL REPORT RETAINED / NOT RERUN
registry/claim_evidence_audit_v0.3.csv,STAR-PDF-v0.2:MATH-K003,Evidence_State,,U + X + R
registry/claim_evidence_audit_v0.3.csv,STAR-PDF-v0.2:MATH-K003,Controlled_Support_Eligible,,false
registry/claim_evidence_audit_v0.3.csv,STAR-PDF-v0.2:MATH-K003,Physical_Support_Eligible,,false
registry/claim_evidence_audit_v0.3.csv,STAR-PDF-v0.2:MATH-K003,Replication_Status,,NO NEW INDEPENDENT REPLICATION PERFORMED
registry/claim_evidence_audit_v0.3.csv,STAR-PDF-v0.2:COSMO-L001,baseline_status_text,,EXPLORATORY
registry/claim_evidence_audit_v0.3.csv,STAR-PDF-v0.2:COSMO-L001,current_evidence_assessment,,CANDIDATE/HISTORICAL EVIDENCE / RECONSTRUCTION REQUIRED
registry/claim_evidence_audit_v0.3.csv,STAR-PDF-v0.2:COSMO-L001,crosswalk_evidence_state,,U + R + N
registry/claim_evidence_audit_v0.3.csv,STAR-PDF-v0.2:COSMO-L001,replication_status,,NO NEW INDEPENDENT REPLICATION PERFORMED
registry/claim_evidence_audit_v0.3.csv,STAR-PDF-v0.2:COSMO-L001,controlled_or_physical_promotion,,False
registry/claim_evidence_audit_v0.3.csv,STAR-PDF-v0.2:COSMO-L001,artifact_status,,AUDIT_ONLY_NO_CONTROLLED_SUPPORT_VERIFIED
registry/claim_evidence_audit_v0.3.csv,STAR-PDF-v0.2:COSMO-L001,evidence_eligibility,,NO_NEW_CONTROLLED_OR_PHYSICAL_SUPPORT_ESTABLISHED
registry/claim_evidence_audit_v0.3.csv,STAR-PDF-v0.2:COSMO-L001,controlled_support_eligible,,False
registry/claim_evidence_audit_v0.3.csv,STAR-PDF-v0.2:COSMO-L001,physical_support_eligible,,False
registry/claim_evidence_audit_v0.3.csv,STAR-PDF-v0.2:COSMO-L001,Baseline_Status,,EXPLORATORY
registry/claim_evidence_audit_v0.3.csv,STAR-PDF-v0.2:COSMO-L001,Current_Evidence_Assessment,,CANDIDATE/HISTORICAL EVIDENCE / RECONSTRUCTION REQUIRED
registry/claim_evidence_audit_v0.3.csv,STAR-PDF-v0.2:COSMO-L001,Evidence_State,,U + R + N
registry/claim_evidence_audit_v0.3.csv,STAR-PDF-v0.2:COSMO-L001,Controlled_Support_Eligible,,false
registry/claim_evidence_audit_v0.3.csv,STAR-PDF-v0.2:COSMO-L001,Physical_Support_Eligible,,false
registry/claim_evidence_audit_v0.3.csv,STAR-PDF-v0.2:COSMO-L001,Replication_Status,,NO NEW INDEPENDENT REPLICATION PERFORMED
registry/claim_evidence_audit_v0.3.csv,STAR-PDF-v0.2:COSMO-L002,baseline_status_text,,PROPOSED
registry/claim_evidence_audit_v0.3.csv,STAR-PDF-v0.2:COSMO-L002,current_evidence_assessment,,CANDIDATE/HISTORICAL EVIDENCE / RECONSTRUCTION REQUIRED
registry/claim_evidence_audit_v0.3.csv,STAR-PDF-v0.2:COSMO-L002,crosswalk_evidence_state,,U + R + N
registry/claim_evidence_audit_v0.3.csv,STAR-PDF-v0.2:COSMO-L002,replication_status,,NO NEW INDEPENDENT REPLICATION PERFORMED
registry/claim_evidence_audit_v0.3.csv,STAR-PDF-v0.2:COSMO-L002,controlled_or_physical_promotion,,False
registry/claim_evidence_audit_v0.3.csv,STAR-PDF-v0.2:COSMO-L002,artifact_status,,AUDIT_ONLY_NO_CONTROLLED_SUPPORT_VERIFIED
registry/claim_evidence_audit_v0.3.csv,STAR-PDF-v0.2:COSMO-L002,evidence_eligibility,,NO_NEW_CONTROLLED_OR_PHYSICAL_SUPPORT_ESTABLISHED
registry/claim_evidence_audit_v0.3.csv,STAR-PDF-v0.2:COSMO-L002,controlled_support_eligible,,False
registry/claim_evidence_audit_v0.3.csv,STAR-PDF-v0.2:COSMO-L002,physical_support_eligible,,False
registry/claim_evidence_audit_v0.3.csv,STAR-PDF-v0.2:COSMO-L002,Baseline_Status,,PROPOSED
registry/claim_evidence_audit_v0.3.csv,STAR-PDF-v0.2:COSMO-L002,Current_Evidence_Assessment,,CANDIDATE/HISTORICAL EVIDENCE / RECONSTRUCTION REQUIRED
registry/claim_evidence_audit_v0.3.csv,STAR-PDF-v0.2:COSMO-L002,Evidence_State,,U + R + N
registry/claim_evidence_audit_v0.3.csv,STAR-PDF-v0.2:COSMO-L002,Controlled_Support_Eligible,,false
registry/claim_evidence_audit_v0.3.csv,STAR-PDF-v0.2:COSMO-L002,Physical_Support_Eligible,,false
registry/claim_evidence_audit_v0.3.csv,STAR-PDF-v0.2:COSMO-L002,Replication_Status,,NO NEW INDEPENDENT REPLICATION PERFORMED
registry/claim_evidence_audit_v0.3.csv,STAR-PDF-v0.2:COSMO-R001,baseline_status_text,,HISTORICAL FEATURE ENGINEERING
registry/claim_evidence_audit_v0.3.csv,STAR-PDF-v0.2:COSMO-R001,current_evidence_assessment,,CONFIRMED ENGINEERED FEATURE IN INSPECTED SCRIPT
registry/claim_evidence_audit_v0.3.csv,STAR-PDF-v0.2:COSMO-R001,crosswalk_evidence_state,,U + H
registry/claim_evidence_audit_v0.3.csv,STAR-PDF-v0.2:COSMO-R001,replication_status,,NO NEW INDEPENDENT REPLICATION PERFORMED
registry/claim_evidence_audit_v0.3.csv,STAR-PDF-v0.2:COSMO-R001,controlled_or_physical_promotion,,False
registry/claim_evidence_audit_v0.3.csv,STAR-PDF-v0.2:COSMO-R001,artifact_status,,AUDIT_ONLY_NO_CONTROLLED_SUPPORT_VERIFIED
registry/claim_evidence_audit_v0.3.csv,STAR-PDF-v0.2:COSMO-R001,evidence_eligibility,,NO_NEW_CONTROLLED_OR_PHYSICAL_SUPPORT_ESTABLISHED
registry/claim_evidence_audit_v0.3.csv,STAR-PDF-v0.2:COSMO-R001,controlled_support_eligible,,False
registry/claim_evidence_audit_v0.3.csv,STAR-PDF-v0.2:COSMO-R001,physical_support_eligible,,False
registry/claim_evidence_audit_v0.3.csv,STAR-PDF-v0.2:COSMO-R001,Baseline_Status,,HISTORICAL FEATURE ENGINEERING
registry/claim_evidence_audit_v0.3.csv,STAR-PDF-v0.2:COSMO-R001,Current_Evidence_Assessment,,CONFIRMED ENGINEERED FEATURE IN INSPECTED SCRIPT
registry/claim_evidence_audit_v0.3.csv,STAR-PDF-v0.2:COSMO-R001,Evidence_State,,U + H
registry/claim_evidence_audit_v0.3.csv,STAR-PDF-v0.2:COSMO-R001,Controlled_Support_Eligible,,false
registry/claim_evidence_audit_v0.3.csv,STAR-PDF-v0.2:COSMO-R001,Physical_Support_Eligible,,false
registry/claim_evidence_audit_v0.3.csv,STAR-PDF-v0.2:COSMO-R001,Replication_Status,,NO NEW INDEPENDENT REPLICATION PERFORMED
registry/claim_evidence_audit_v0.3.csv,STAR-PDF-v0.2:SFR-A001,baseline_status_text,,PROPOSED
registry/claim_evidence_audit_v0.3.csv,STAR-PDF-v0.2:SFR-A001,current_evidence_assessment,,CANDIDATE/HISTORICAL EVIDENCE / RECONSTRUCTION REQUIRED
registry/claim_evidence_audit_v0.3.csv,STAR-PDF-v0.2:SFR-A001,crosswalk_evidence_state,,U + R + N
registry/claim_evidence_audit_v0.3.csv,STAR-PDF-v0.2:SFR-A001,replication_status,,NO NEW INDEPENDENT REPLICATION PERFORMED
registry/claim_evidence_audit_v0.3.csv,STAR-PDF-v0.2:SFR-A001,controlled_or_physical_promotion,,False
registry/claim_evidence_audit_v0.3.csv,STAR-PDF-v0.2:SFR-A001,artifact_status,,AUDIT_ONLY_NO_CONTROLLED_SUPPORT_VERIFIED
registry/claim_evidence_audit_v0.3.csv,STAR-PDF-v0.2:SFR-A001,evidence_eligibility,,NO_NEW_CONTROLLED_OR_PHYSICAL_SUPPORT_ESTABLISHED
registry/claim_evidence_audit_v0.3.csv,STAR-PDF-v0.2:SFR-A001,controlled_support_eligible,,False
registry/claim_evidence_audit_v0.3.csv,STAR-PDF-v0.2:SFR-A001,physical_support_eligible,,False
registry/claim_evidence_audit_v0.3.csv,STAR-PDF-v0.2:SFR-A001,Baseline_Status,,PROPOSED
registry/claim_evidence_audit_v0.3.csv,STAR-PDF-v0.2:SFR-A001,Current_Evidence_Assessment,,CANDIDATE/HISTORICAL EVIDENCE / RECONSTRUCTION REQUIRED
registry/claim_evidence_audit_v0.3.csv,STAR-PDF-v0.2:SFR-A001,Evidence_State,,U + R + N
registry/claim_evidence_audit_v0.3.csv,STAR-PDF-v0.2:SFR-A001,Controlled_Support_Eligible,,false
registry/claim_evidence_audit_v0.3.csv,STAR-PDF-v0.2:SFR-A001,Physical_Support_Eligible,,false
registry/claim_evidence_audit_v0.3.csv,STAR-PDF-v0.2:SFR-A001,Replication_Status,,NO NEW INDEPENDENT REPLICATION PERFORMED
registry/claim_evidence_audit_v0.3.csv,STAR-PDF-v0.2:SFR-A002,baseline_status_text,,PROPOSED
registry/claim_evidence_audit_v0.3.csv,STAR-PDF-v0.2:SFR-A002,current_evidence_assessment,,PROPOSED / CONTROLLED TEST NOT VERIFIED
registry/claim_evidence_audit_v0.3.csv,STAR-PDF-v0.2:SFR-A002,crosswalk_evidence_state,,N
registry/claim_evidence_audit_v0.3.csv,STAR-PDF-v0.2:SFR-A002,replication_status,,NO NEW INDEPENDENT REPLICATION PERFORMED
registry/claim_evidence_audit_v0.3.csv,STAR-PDF-v0.2:SFR-A002,controlled_or_physical_promotion,,False
registry/claim_evidence_audit_v0.3.csv,STAR-PDF-v0.2:SFR-A002,artifact_status,,AUDIT_ONLY_NO_CONTROLLED_SUPPORT_VERIFIED
registry/claim_evidence_audit_v0.3.csv,STAR-PDF-v0.2:SFR-A002,evidence_eligibility,,NO_NEW_CONTROLLED_OR_PHYSICAL_SUPPORT_ESTABLISHED
registry/claim_evidence_audit_v0.3.csv,STAR-PDF-v0.2:SFR-A002,controlled_support_eligible,,False
registry/claim_evidence_audit_v0.3.csv,STAR-PDF-v0.2:SFR-A002,physical_support_eligible,,False
registry/claim_evidence_audit_v0.3.csv,STAR-PDF-v0.2:SFR-A002,Baseline_Status,,PROPOSED
registry/claim_evidence_audit_v0.3.csv,STAR-PDF-v0.2:SFR-A002,Current_Evidence_Assessment,,PROPOSED / CONTROLLED TEST NOT VERIFIED
registry/claim_evidence_audit_v0.3.csv,STAR-PDF-v0.2:SFR-A002,Evidence_State,,N
registry/claim_evidence_audit_v0.3.csv,STAR-PDF-v0.2:SFR-A002,Controlled_Support_Eligible,,false
registry/claim_evidence_audit_v0.3.csv,STAR-PDF-v0.2:SFR-A002,Physical_Support_Eligible,,false
registry/claim_evidence_audit_v0.3.csv,STAR-PDF-v0.2:SFR-A002,Replication_Status,,NO NEW INDEPENDENT REPLICATION PERFORMED
registry/claim_evidence_audit_v0.3.csv,STAR-PDF-v0.2:SFR-E001,baseline_status_text,,HISTORICAL OBSERVATION
registry/claim_evidence_audit_v0.3.csv,STAR-PDF-v0.2:SFR-E001,current_evidence_assessment,,UNVERIFIED HISTORICAL RESULT / RECONSTRUCTION REQUIRED
registry/claim_evidence_audit_v0.3.csv,STAR-PDF-v0.2:SFR-E001,crosswalk_evidence_state,,U + R
registry/claim_evidence_audit_v0.3.csv,STAR-PDF-v0.2:SFR-E001,replication_status,,NO NEW INDEPENDENT REPLICATION PERFORMED
registry/claim_evidence_audit_v0.3.csv,STAR-PDF-v0.2:SFR-E001,controlled_or_physical_promotion,,False
registry/claim_evidence_audit_v0.3.csv,STAR-PDF-v0.2:SFR-E001,artifact_status,,AUDIT_ONLY_NO_CONTROLLED_SUPPORT_VERIFIED
registry/claim_evidence_audit_v0.3.csv,STAR-PDF-v0.2:SFR-E001,evidence_eligibility,,NO_NEW_CONTROLLED_OR_PHYSICAL_SUPPORT_ESTABLISHED
registry/claim_evidence_audit_v0.3.csv,STAR-PDF-v0.2:SFR-E001,controlled_support_eligible,,False
registry/claim_evidence_audit_v0.3.csv,STAR-PDF-v0.2:SFR-E001,physical_support_eligible,,False
registry/claim_evidence_audit_v0.3.csv,STAR-PDF-v0.2:SFR-E001,Baseline_Status,,HISTORICAL OBSERVATION
registry/claim_evidence_audit_v0.3.csv,STAR-PDF-v0.2:SFR-E001,Current_Evidence_Assessment,,UNVERIFIED HISTORICAL RESULT / RECONSTRUCTION REQUIRED
registry/claim_evidence_audit_v0.3.csv,STAR-PDF-v0.2:SFR-E001,Evidence_State,,U + R
registry/claim_evidence_audit_v0.3.csv,STAR-PDF-v0.2:SFR-E001,Controlled_Support_Eligible,,false
registry/claim_evidence_audit_v0.3.csv,STAR-PDF-v0.2:SFR-E001,Physical_Support_Eligible,,false
registry/claim_evidence_audit_v0.3.csv,STAR-PDF-v0.2:SFR-E001,Replication_Status,,NO NEW INDEPENDENT REPLICATION PERFORMED
registry/claim_evidence_audit_v0.3.csv,STAR-PDF-v0.2:SFR-A003,baseline_status_text,,PROPOSED METHODOLOGICAL REQUIREMENT
registry/claim_evidence_audit_v0.3.csv,STAR-PDF-v0.2:SFR-A003,current_evidence_assessment,,MODEL/METHODOLOGICAL REQUIREMENT RETAINED
registry/claim_evidence_audit_v0.3.csv,STAR-PDF-v0.2:SFR-A003,crosswalk_evidence_state,,U + N
registry/claim_evidence_audit_v0.3.csv,STAR-PDF-v0.2:SFR-A003,replication_status,,NO NEW INDEPENDENT REPLICATION PERFORMED
registry/claim_evidence_audit_v0.3.csv,STAR-PDF-v0.2:SFR-A003,controlled_or_physical_promotion,,False
registry/claim_evidence_audit_v0.3.csv,STAR-PDF-v0.2:SFR-A003,artifact_status,,AUDIT_ONLY_NO_CONTROLLED_SUPPORT_VERIFIED
registry/claim_evidence_audit_v0.3.csv,STAR-PDF-v0.2:SFR-A003,evidence_eligibility,,NO_NEW_CONTROLLED_OR_PHYSICAL_SUPPORT_ESTABLISHED
registry/claim_evidence_audit_v0.3.csv,STAR-PDF-v0.2:SFR-A003,controlled_support_eligible,,False
registry/claim_evidence_audit_v0.3.csv,STAR-PDF-v0.2:SFR-A003,physical_support_eligible,,False
registry/claim_evidence_audit_v0.3.csv,STAR-PDF-v0.2:SFR-A003,Baseline_Status,,PROPOSED METHODOLOGICAL REQUIREMENT
registry/claim_evidence_audit_v0.3.csv,STAR-PDF-v0.2:SFR-A003,Current_Evidence_Assessment,,MODEL/METHODOLOGICAL REQUIREMENT RETAINED
registry/claim_evidence_audit_v0.3.csv,STAR-PDF-v0.2:SFR-A003,Evidence_State,,U + N
registry/claim_evidence_audit_v0.3.csv,STAR-PDF-v0.2:SFR-A003,Controlled_Support_Eligible,,false
registry/claim_evidence_audit_v0.3.csv,STAR-PDF-v0.2:SFR-A003,Physical_Support_Eligible,,false
registry/claim_evidence_audit_v0.3.csv,STAR-PDF-v0.2:SFR-A003,Replication_Status,,NO NEW INDEPENDENT REPLICATION PERFORMED
registry/claim_evidence_audit_v0.3.csv,STAR-PDF-v0.2:CTRL-RF001,baseline_status_text,,CONTROL
registry/claim_evidence_audit_v0.3.csv,STAR-PDF-v0.2:CTRL-RF001,current_evidence_assessment,,HISTORICAL CONTROL CANDIDATE / INPUT SCHEMA MISMATCH
registry/claim_evidence_audit_v0.3.csv,STAR-PDF-v0.2:CTRL-RF001,crosswalk_evidence_state,,U + C + X + R
registry/claim_evidence_audit_v0.3.csv,STAR-PDF-v0.2:CTRL-RF001,replication_status,,NO NEW INDEPENDENT REPLICATION PERFORMED
registry/claim_evidence_audit_v0.3.csv,STAR-PDF-v0.2:CTRL-RF001,controlled_or_physical_promotion,,False
registry/claim_evidence_audit_v0.3.csv,STAR-PDF-v0.2:CTRL-RF001,artifact_status,,AUDIT_ONLY_NO_CONTROLLED_SUPPORT_VERIFIED
registry/claim_evidence_audit_v0.3.csv,STAR-PDF-v0.2:CTRL-RF001,evidence_eligibility,,NO_NEW_CONTROLLED_OR_PHYSICAL_SUPPORT_ESTABLISHED
registry/claim_evidence_audit_v0.3.csv,STAR-PDF-v0.2:CTRL-RF001,controlled_support_eligible,,False
registry/claim_evidence_audit_v0.3.csv,STAR-PDF-v0.2:CTRL-RF001,physical_support_eligible,,False
registry/claim_evidence_audit_v0.3.csv,STAR-PDF-v0.2:CTRL-RF001,Baseline_Status,,CONTROL
registry/claim_evidence_audit_v0.3.csv,STAR-PDF-v0.2:CTRL-RF001,Current_Evidence_Assessment,,HISTORICAL CONTROL CANDIDATE / INPUT SCHEMA MISMATCH
registry/claim_evidence_audit_v0.3.csv,STAR-PDF-v0.2:CTRL-RF001,Evidence_State,,U + C + X + R
registry/claim_evidence_audit_v0.3.csv,STAR-PDF-v0.2:CTRL-RF001,Controlled_Support_Eligible,,false
registry/claim_evidence_audit_v0.3.csv,STAR-PDF-v0.2:CTRL-RF001,Physical_Support_Eligible,,false
registry/claim_evidence_audit_v0.3.csv,STAR-PDF-v0.2:CTRL-RF001,Replication_Status,,NO NEW INDEPENDENT REPLICATION PERFORMED
registry/claim_evidence_audit_v0.3.csv,STAR-PDF-v0.2:CTRL-A001,baseline_status_text,,PROPOSED CONTROL
registry/claim_evidence_audit_v0.3.csv,STAR-PDF-v0.2:CTRL-A001,current_evidence_assessment,,CONTROL REQUIRED / INVALID LOCAL SIGNIFICANCE RETAINED
registry/claim_evidence_audit_v0.3.csv,STAR-PDF-v0.2:CTRL-A001,crosswalk_evidence_state,,N + X
registry/claim_evidence_audit_v0.3.csv,STAR-PDF-v0.2:CTRL-A001,replication_status,,NO NEW INDEPENDENT REPLICATION PERFORMED
registry/claim_evidence_audit_v0.3.csv,STAR-PDF-v0.2:CTRL-A001,controlled_or_physical_promotion,,False
registry/claim_evidence_audit_v0.3.csv,STAR-PDF-v0.2:CTRL-A001,artifact_status,,LINKED_ARTIFACTS_QUARANTINED; HYPOTHESIS_CLASSIFICATION_PRESERVED
registry/claim_evidence_audit_v0.3.csv,STAR-PDF-v0.2:CTRL-A001,evidence_eligibility,,LINKED_QUARANTINED_ASSETS_HISTORICAL_DIAGNOSTIC_ONLY
registry/claim_evidence_audit_v0.3.csv,STAR-PDF-v0.2:CTRL-A001,controlled_support_eligible,,False
registry/claim_evidence_audit_v0.3.csv,STAR-PDF-v0.2:CTRL-A001,physical_support_eligible,,False
registry/claim_evidence_audit_v0.3.csv,STAR-PDF-v0.2:CTRL-A001,Baseline_Status,,PROPOSED CONTROL
registry/claim_evidence_audit_v0.3.csv,STAR-PDF-v0.2:CTRL-A001,Current_Evidence_Assessment,,CONTROL REQUIRED / INVALID LOCAL SIGNIFICANCE RETAINED
registry/claim_evidence_audit_v0.3.csv,STAR-PDF-v0.2:CTRL-A001,Evidence_State,,N + X
registry/claim_evidence_audit_v0.3.csv,STAR-PDF-v0.2:CTRL-A001,Controlled_Support_Eligible,,false
registry/claim_evidence_audit_v0.3.csv,STAR-PDF-v0.2:CTRL-A001,Physical_Support_Eligible,,false
registry/claim_evidence_audit_v0.3.csv,STAR-PDF-v0.2:CTRL-A001,Replication_Status,,NO NEW INDEPENDENT REPLICATION PERFORMED
registry/claim_evidence_audit_v0.3.csv,STAR-PDF-v0.2:CTRL-A002,baseline_status_text,,REQUIRED VALIDATION CONTROL
registry/claim_evidence_audit_v0.3.csv,STAR-PDF-v0.2:CTRL-A002,current_evidence_assessment,,STATIC LEAKAGE ROUTES DIAGNOSED / CLEAN RERUN REQUIRED
registry/claim_evidence_audit_v0.3.csv,STAR-PDF-v0.2:CTRL-A002,crosswalk_evidence_state,,X + R
registry/claim_evidence_audit_v0.3.csv,STAR-PDF-v0.2:CTRL-A002,replication_status,,NO NEW INDEPENDENT REPLICATION PERFORMED
registry/claim_evidence_audit_v0.3.csv,STAR-PDF-v0.2:CTRL-A002,controlled_or_physical_promotion,,False
registry/claim_evidence_audit_v0.3.csv,STAR-PDF-v0.2:CTRL-A002,artifact_status,,AUDIT_ONLY_NO_CONTROLLED_SUPPORT_VERIFIED
registry/claim_evidence_audit_v0.3.csv,STAR-PDF-v0.2:CTRL-A002,evidence_eligibility,,NO_NEW_CONTROLLED_OR_PHYSICAL_SUPPORT_ESTABLISHED
registry/claim_evidence_audit_v0.3.csv,STAR-PDF-v0.2:CTRL-A002,controlled_support_eligible,,False
registry/claim_evidence_audit_v0.3.csv,STAR-PDF-v0.2:CTRL-A002,physical_support_eligible,,False
registry/claim_evidence_audit_v0.3.csv,STAR-PDF-v0.2:CTRL-A002,Baseline_Status,,REQUIRED VALIDATION CONTROL
registry/claim_evidence_audit_v0.3.csv,STAR-PDF-v0.2:CTRL-A002,Current_Evidence_Assessment,,STATIC LEAKAGE ROUTES DIAGNOSED / CLEAN RERUN REQUIRED
registry/claim_evidence_audit_v0.3.csv,STAR-PDF-v0.2:CTRL-A002,Evidence_State,,X + R
registry/claim_evidence_audit_v0.3.csv,STAR-PDF-v0.2:CTRL-A002,Controlled_Support_Eligible,,false
registry/claim_evidence_audit_v0.3.csv,STAR-PDF-v0.2:CTRL-A002,Physical_Support_Eligible,,false
registry/claim_evidence_audit_v0.3.csv,STAR-PDF-v0.2:CTRL-A002,Replication_Status,,NO NEW INDEPENDENT REPLICATION PERFORMED
registry/claim_evidence_audit_v0.3.csv,STAR-PDF-v0.2:DATA-M001,baseline_status_text,,INFRASTRUCTURE
registry/claim_evidence_audit_v0.3.csv,STAR-PDF-v0.2:DATA-M001,current_evidence_assessment,,FAILED AS-FOUND ASSOCIATIONS / RECONSTRUCTION REQUIRED
registry/claim_evidence_audit_v0.3.csv,STAR-PDF-v0.2:DATA-M001,crosswalk_evidence_state,,X + R
registry/claim_evidence_audit_v0.3.csv,STAR-PDF-v0.2:DATA-M001,replication_status,,NO NEW INDEPENDENT REPLICATION PERFORMED
registry/claim_evidence_audit_v0.3.csv,STAR-PDF-v0.2:DATA-M001,controlled_or_physical_promotion,,False
registry/claim_evidence_audit_v0.3.csv,STAR-PDF-v0.2:DATA-M001,artifact_status,,LINKED_ARTIFACTS_QUARANTINED; HYPOTHESIS_CLASSIFICATION_PRESERVED
registry/claim_evidence_audit_v0.3.csv,STAR-PDF-v0.2:DATA-M001,evidence_eligibility,,LINKED_QUARANTINED_ASSETS_HISTORICAL_DIAGNOSTIC_ONLY
registry/claim_evidence_audit_v0.3.csv,STAR-PDF-v0.2:DATA-M001,controlled_support_eligible,,False
registry/claim_evidence_audit_v0.3.csv,STAR-PDF-v0.2:DATA-M001,physical_support_eligible,,False
registry/claim_evidence_audit_v0.3.csv,STAR-PDF-v0.2:DATA-M001,Baseline_Status,,INFRASTRUCTURE
registry/claim_evidence_audit_v0.3.csv,STAR-PDF-v0.2:DATA-M001,Current_Evidence_Assessment,,FAILED AS-FOUND ASSOCIATIONS / RECONSTRUCTION REQUIRED
registry/claim_evidence_audit_v0.3.csv,STAR-PDF-v0.2:DATA-M001,Evidence_State,,X + R
registry/claim_evidence_audit_v0.3.csv,STAR-PDF-v0.2:DATA-M001,Controlled_Support_Eligible,,false
registry/claim_evidence_audit_v0.3.csv,STAR-PDF-v0.2:DATA-M001,Physical_Support_Eligible,,false
registry/claim_evidence_audit_v0.3.csv,STAR-PDF-v0.2:DATA-M001,Replication_Status,,NO NEW INDEPENDENT REPLICATION PERFORMED
registry/claim_evidence_audit_v0.3.csv,STAR-PDF-v0.2:DATA-M002,baseline_status_text,,DATA INFRASTRUCTURE
registry/claim_evidence_audit_v0.3.csv,STAR-PDF-v0.2:DATA-M002,current_evidence_assessment,,PARTIAL LINEAGE / ARTIFACT CONFLICTS
registry/claim_evidence_audit_v0.3.csv,STAR-PDF-v0.2:DATA-M002,crosswalk_evidence_state,,U + X + R
registry/claim_evidence_audit_v0.3.csv,STAR-PDF-v0.2:DATA-M002,replication_status,,NO NEW INDEPENDENT REPLICATION PERFORMED
registry/claim_evidence_audit_v0.3.csv,STAR-PDF-v0.2:DATA-M002,controlled_or_physical_promotion,,False
registry/claim_evidence_audit_v0.3.csv,STAR-PDF-v0.2:DATA-M002,artifact_status,,LINKED_ARTIFACTS_QUARANTINED; HYPOTHESIS_CLASSIFICATION_PRESERVED
registry/claim_evidence_audit_v0.3.csv,STAR-PDF-v0.2:DATA-M002,evidence_eligibility,,LINKED_QUARANTINED_ASSETS_HISTORICAL_DIAGNOSTIC_ONLY
registry/claim_evidence_audit_v0.3.csv,STAR-PDF-v0.2:DATA-M002,controlled_support_eligible,,False
registry/claim_evidence_audit_v0.3.csv,STAR-PDF-v0.2:DATA-M002,physical_support_eligible,,False
registry/claim_evidence_audit_v0.3.csv,STAR-PDF-v0.2:DATA-M002,Baseline_Status,,DATA INFRASTRUCTURE
registry/claim_evidence_audit_v0.3.csv,STAR-PDF-v0.2:DATA-M002,Current_Evidence_Assessment,,PARTIAL LINEAGE / ARTIFACT CONFLICTS
registry/claim_evidence_audit_v0.3.csv,STAR-PDF-v0.2:DATA-M002,Evidence_State,,U + X + R
registry/claim_evidence_audit_v0.3.csv,STAR-PDF-v0.2:DATA-M002,Controlled_Support_Eligible,,false
registry/claim_evidence_audit_v0.3.csv,STAR-PDF-v0.2:DATA-M002,Physical_Support_Eligible,,false
registry/claim_evidence_audit_v0.3.csv,STAR-PDF-v0.2:DATA-M002,Replication_Status,,NO NEW INDEPENDENT REPLICATION PERFORMED
registry/claim_evidence_audit_v0.3.csv,STAR-PDF-v0.2:RTCH-M001,baseline_status_text,,DERIVATION AUDIT REQUIRED
registry/claim_evidence_audit_v0.3.csv,STAR-PDF-v0.2:RTCH-M001,current_evidence_assessment,,CANDIDATE/HISTORICAL EVIDENCE / RECONSTRUCTION REQUIRED
registry/claim_evidence_audit_v0.3.csv,STAR-PDF-v0.2:RTCH-M001,crosswalk_evidence_state,,U + R + N
registry/claim_evidence_audit_v0.3.csv,STAR-PDF-v0.2:RTCH-M001,replication_status,,NO NEW INDEPENDENT REPLICATION PERFORMED
registry/claim_evidence_audit_v0.3.csv,STAR-PDF-v0.2:RTCH-M001,controlled_or_physical_promotion,,False
registry/claim_evidence_audit_v0.3.csv,STAR-PDF-v0.2:RTCH-M001,artifact_status,,LINKED_ARTIFACTS_QUARANTINED; HYPOTHESIS_CLASSIFICATION_PRESERVED
registry/claim_evidence_audit_v0.3.csv,STAR-PDF-v0.2:RTCH-M001,evidence_eligibility,,LINKED_QUARANTINED_ASSETS_HISTORICAL_DIAGNOSTIC_ONLY
registry/claim_evidence_audit_v0.3.csv,STAR-PDF-v0.2:RTCH-M001,controlled_support_eligible,,False
registry/claim_evidence_audit_v0.3.csv,STAR-PDF-v0.2:RTCH-M001,physical_support_eligible,,False
registry/claim_evidence_audit_v0.3.csv,STAR-PDF-v0.2:RTCH-M001,Baseline_Status,,DERIVATION AUDIT REQUIRED
registry/claim_evidence_audit_v0.3.csv,STAR-PDF-v0.2:RTCH-M001,Current_Evidence_Assessment,,CANDIDATE/HISTORICAL EVIDENCE / RECONSTRUCTION REQUIRED
registry/claim_evidence_audit_v0.3.csv,STAR-PDF-v0.2:RTCH-M001,Evidence_State,,U + R + N
registry/claim_evidence_audit_v0.3.csv,STAR-PDF-v0.2:RTCH-M001,Controlled_Support_Eligible,,false
registry/claim_evidence_audit_v0.3.csv,STAR-PDF-v0.2:RTCH-M001,Physical_Support_Eligible,,false
registry/claim_evidence_audit_v0.3.csv,STAR-PDF-v0.2:RTCH-M001,Replication_Status,,NO NEW INDEPENDENT REPLICATION PERFORMED
registry/claim_evidence_audit_v0.3.csv,STAR-PDF-v0.2:RTCH-M002,baseline_status_text,,DERIVATION
registry/claim_evidence_audit_v0.3.csv,STAR-PDF-v0.2:RTCH-M002,current_evidence_assessment,,THEORETICAL STATEMENT / INDEPENDENT DERIVATION AUDIT REQUIRED
registry/claim_evidence_audit_v0.3.csv,STAR-PDF-v0.2:RTCH-M002,crosswalk_evidence_state,,U + D + R
registry/claim_evidence_audit_v0.3.csv,STAR-PDF-v0.2:RTCH-M002,replication_status,,NO NEW INDEPENDENT REPLICATION PERFORMED
registry/claim_evidence_audit_v0.3.csv,STAR-PDF-v0.2:RTCH-M002,controlled_or_physical_promotion,,False
registry/claim_evidence_audit_v0.3.csv,STAR-PDF-v0.2:RTCH-M002,artifact_status,,AUDIT_ONLY_NO_CONTROLLED_SUPPORT_VERIFIED
registry/claim_evidence_audit_v0.3.csv,STAR-PDF-v0.2:RTCH-M002,evidence_eligibility,,NO_NEW_CONTROLLED_OR_PHYSICAL_SUPPORT_ESTABLISHED
registry/claim_evidence_audit_v0.3.csv,STAR-PDF-v0.2:RTCH-M002,controlled_support_eligible,,False
registry/claim_evidence_audit_v0.3.csv,STAR-PDF-v0.2:RTCH-M002,physical_support_eligible,,False
registry/claim_evidence_audit_v0.3.csv,STAR-PDF-v0.2:RTCH-M002,Baseline_Status,,DERIVATION
registry/claim_evidence_audit_v0.3.csv,STAR-PDF-v0.2:RTCH-M002,Current_Evidence_Assessment,,THEORETICAL STATEMENT / INDEPENDENT DERIVATION AUDIT REQUIRED
registry/claim_evidence_audit_v0.3.csv,STAR-PDF-v0.2:RTCH-M002,Evidence_State,,U + D + R
registry/claim_evidence_audit_v0.3.csv,STAR-PDF-v0.2:RTCH-M002,Controlled_Support_Eligible,,false
registry/claim_evidence_audit_v0.3.csv,STAR-PDF-v0.2:RTCH-M002,Physical_Support_Eligible,,false
registry/claim_evidence_audit_v0.3.csv,STAR-PDF-v0.2:RTCH-M002,Replication_Status,,NO NEW INDEPENDENT REPLICATION PERFORMED
registry/claim_evidence_audit_v0.3.csv,STAR-PDF-v0.2:RTCH-H001,baseline_status_text,,PROPOSED
registry/claim_evidence_audit_v0.3.csv,STAR-PDF-v0.2:RTCH-H001,current_evidence_assessment,,PROPOSED / CONTROLLED TEST NOT VERIFIED
registry/claim_evidence_audit_v0.3.csv,STAR-PDF-v0.2:RTCH-H001,crosswalk_evidence_state,,N
registry/claim_evidence_audit_v0.3.csv,STAR-PDF-v0.2:RTCH-H001,replication_status,,NO NEW INDEPENDENT REPLICATION PERFORMED
registry/claim_evidence_audit_v0.3.csv,STAR-PDF-v0.2:RTCH-H001,controlled_or_physical_promotion,,False
registry/claim_evidence_audit_v0.3.csv,STAR-PDF-v0.2:RTCH-H001,artifact_status,,AUDIT_ONLY_NO_CONTROLLED_SUPPORT_VERIFIED
registry/claim_evidence_audit_v0.3.csv,STAR-PDF-v0.2:RTCH-H001,evidence_eligibility,,NO_NEW_CONTROLLED_OR_PHYSICAL_SUPPORT_ESTABLISHED
registry/claim_evidence_audit_v0.3.csv,STAR-PDF-v0.2:RTCH-H001,controlled_support_eligible,,False
registry/claim_evidence_audit_v0.3.csv,STAR-PDF-v0.2:RTCH-H001,physical_support_eligible,,False
registry/claim_evidence_audit_v0.3.csv,STAR-PDF-v0.2:RTCH-H001,Baseline_Status,,PROPOSED
registry/claim_evidence_audit_v0.3.csv,STAR-PDF-v0.2:RTCH-H001,Current_Evidence_Assessment,,PROPOSED / CONTROLLED TEST NOT VERIFIED
registry/claim_evidence_audit_v0.3.csv,STAR-PDF-v0.2:RTCH-H001,Evidence_State,,N
registry/claim_evidence_audit_v0.3.csv,STAR-PDF-v0.2:RTCH-H001,Controlled_Support_Eligible,,false
registry/claim_evidence_audit_v0.3.csv,STAR-PDF-v0.2:RTCH-H001,Physical_Support_Eligible,,false
registry/claim_evidence_audit_v0.3.csv,STAR-PDF-v0.2:RTCH-H001,Replication_Status,,NO NEW INDEPENDENT REPLICATION PERFORMED
registry/claim_evidence_audit_v0.3.csv,STAR-PDF-v0.2:RTCH-H002,baseline_status_text,,DERIVATION + PHYSICAL TEST REQUIRED
registry/claim_evidence_audit_v0.3.csv,STAR-PDF-v0.2:RTCH-H002,current_evidence_assessment,,THEORETICAL STATEMENT / INDEPENDENT DERIVATION AUDIT REQUIRED
registry/claim_evidence_audit_v0.3.csv,STAR-PDF-v0.2:RTCH-H002,crosswalk_evidence_state,,U + D + R
registry/claim_evidence_audit_v0.3.csv,STAR-PDF-v0.2:RTCH-H002,replication_status,,NO NEW INDEPENDENT REPLICATION PERFORMED
registry/claim_evidence_audit_v0.3.csv,STAR-PDF-v0.2:RTCH-H002,controlled_or_physical_promotion,,False
registry/claim_evidence_audit_v0.3.csv,STAR-PDF-v0.2:RTCH-H002,artifact_status,,AUDIT_ONLY_NO_CONTROLLED_SUPPORT_VERIFIED
registry/claim_evidence_audit_v0.3.csv,STAR-PDF-v0.2:RTCH-H002,evidence_eligibility,,NO_NEW_CONTROLLED_OR_PHYSICAL_SUPPORT_ESTABLISHED
registry/claim_evidence_audit_v0.3.csv,STAR-PDF-v0.2:RTCH-H002,controlled_support_eligible,,False
registry/claim_evidence_audit_v0.3.csv,STAR-PDF-v0.2:RTCH-H002,physical_support_eligible,,False
registry/claim_evidence_audit_v0.3.csv,STAR-PDF-v0.2:RTCH-H002,Baseline_Status,,DERIVATION + PHYSICAL TEST REQUIRED
registry/claim_evidence_audit_v0.3.csv,STAR-PDF-v0.2:RTCH-H002,Current_Evidence_Assessment,,THEORETICAL STATEMENT / INDEPENDENT DERIVATION AUDIT REQUIRED
registry/claim_evidence_audit_v0.3.csv,STAR-PDF-v0.2:RTCH-H002,Evidence_State,,U + D + R
registry/claim_evidence_audit_v0.3.csv,STAR-PDF-v0.2:RTCH-H002,Controlled_Support_Eligible,,false
registry/claim_evidence_audit_v0.3.csv,STAR-PDF-v0.2:RTCH-H002,Physical_Support_Eligible,,false
registry/claim_evidence_audit_v0.3.csv,STAR-PDF-v0.2:RTCH-H002,Replication_Status,,NO NEW INDEPENDENT REPLICATION PERFORMED
registry/claim_evidence_audit_v0.3.csv,STAR-PDF-v0.2:RTCH-H003,baseline_status_text,,DERIVATION AUDIT / OBSERVATIONAL CONSTRAINT
registry/claim_evidence_audit_v0.3.csv,STAR-PDF-v0.2:RTCH-H003,current_evidence_assessment,,THEORETICAL STATEMENT / INDEPENDENT DERIVATION AUDIT REQUIRED
registry/claim_evidence_audit_v0.3.csv,STAR-PDF-v0.2:RTCH-H003,crosswalk_evidence_state,,U + D + R
registry/claim_evidence_audit_v0.3.csv,STAR-PDF-v0.2:RTCH-H003,replication_status,,NO NEW INDEPENDENT REPLICATION PERFORMED
registry/claim_evidence_audit_v0.3.csv,STAR-PDF-v0.2:RTCH-H003,controlled_or_physical_promotion,,False
registry/claim_evidence_audit_v0.3.csv,STAR-PDF-v0.2:RTCH-H003,artifact_status,,AUDIT_ONLY_NO_CONTROLLED_SUPPORT_VERIFIED
registry/claim_evidence_audit_v0.3.csv,STAR-PDF-v0.2:RTCH-H003,evidence_eligibility,,NO_NEW_CONTROLLED_OR_PHYSICAL_SUPPORT_ESTABLISHED
registry/claim_evidence_audit_v0.3.csv,STAR-PDF-v0.2:RTCH-H003,controlled_support_eligible,,False
registry/claim_evidence_audit_v0.3.csv,STAR-PDF-v0.2:RTCH-H003,physical_support_eligible,,False
registry/claim_evidence_audit_v0.3.csv,STAR-PDF-v0.2:RTCH-H003,Baseline_Status,,DERIVATION AUDIT / OBSERVATIONAL CONSTRAINT
registry/claim_evidence_audit_v0.3.csv,STAR-PDF-v0.2:RTCH-H003,Current_Evidence_Assessment,,THEORETICAL STATEMENT / INDEPENDENT DERIVATION AUDIT REQUIRED
registry/claim_evidence_audit_v0.3.csv,STAR-PDF-v0.2:RTCH-H003,Evidence_State,,U + D + R
registry/claim_evidence_audit_v0.3.csv,STAR-PDF-v0.2:RTCH-H003,Controlled_Support_Eligible,,false
registry/claim_evidence_audit_v0.3.csv,STAR-PDF-v0.2:RTCH-H003,Physical_Support_Eligible,,false
registry/claim_evidence_audit_v0.3.csv,STAR-PDF-v0.2:RTCH-H003,Replication_Status,,NO NEW INDEPENDENT REPLICATION PERFORMED
registry/claim_evidence_audit_v0.3.csv,STAR-PDF-v0.2:RTCH-H004,baseline_status_text,,THEORETICAL ARCHITECTURE
registry/claim_evidence_audit_v0.3.csv,STAR-PDF-v0.2:RTCH-H004,current_evidence_assessment,,MODEL/METHODOLOGICAL REQUIREMENT RETAINED
registry/claim_evidence_audit_v0.3.csv,STAR-PDF-v0.2:RTCH-H004,crosswalk_evidence_state,,U + N
registry/claim_evidence_audit_v0.3.csv,STAR-PDF-v0.2:RTCH-H004,replication_status,,NO NEW INDEPENDENT REPLICATION PERFORMED
registry/claim_evidence_audit_v0.3.csv,STAR-PDF-v0.2:RTCH-H004,controlled_or_physical_promotion,,False
registry/claim_evidence_audit_v0.3.csv,STAR-PDF-v0.2:RTCH-H004,artifact_status,,AUDIT_ONLY_NO_CONTROLLED_SUPPORT_VERIFIED
registry/claim_evidence_audit_v0.3.csv,STAR-PDF-v0.2:RTCH-H004,evidence_eligibility,,NO_NEW_CONTROLLED_OR_PHYSICAL_SUPPORT_ESTABLISHED
registry/claim_evidence_audit_v0.3.csv,STAR-PDF-v0.2:RTCH-H004,controlled_support_eligible,,False
registry/claim_evidence_audit_v0.3.csv,STAR-PDF-v0.2:RTCH-H004,physical_support_eligible,,False
registry/claim_evidence_audit_v0.3.csv,STAR-PDF-v0.2:RTCH-H004,Baseline_Status,,THEORETICAL ARCHITECTURE
registry/claim_evidence_audit_v0.3.csv,STAR-PDF-v0.2:RTCH-H004,Current_Evidence_Assessment,,MODEL/METHODOLOGICAL REQUIREMENT RETAINED
registry/claim_evidence_audit_v0.3.csv,STAR-PDF-v0.2:RTCH-H004,Evidence_State,,U + N
registry/claim_evidence_audit_v0.3.csv,STAR-PDF-v0.2:RTCH-H004,Controlled_Support_Eligible,,false
registry/claim_evidence_audit_v0.3.csv,STAR-PDF-v0.2:RTCH-H004,Physical_Support_Eligible,,false
registry/claim_evidence_audit_v0.3.csv,STAR-PDF-v0.2:RTCH-H004,Replication_Status,,NO NEW INDEPENDENT REPLICATION PERFORMED
registry/claim_evidence_audit_v0.3.csv,STAR-PDF-v0.2:FIELD-001,baseline_status_text,,CANDIDATE CONSTRUCTION
registry/claim_evidence_audit_v0.3.csv,STAR-PDF-v0.2:FIELD-001,current_evidence_assessment,,MODEL/METHODOLOGICAL REQUIREMENT RETAINED
registry/claim_evidence_audit_v0.3.csv,STAR-PDF-v0.2:FIELD-001,crosswalk_evidence_state,,U + N
registry/claim_evidence_audit_v0.3.csv,STAR-PDF-v0.2:FIELD-001,replication_status,,NO NEW INDEPENDENT REPLICATION PERFORMED
registry/claim_evidence_audit_v0.3.csv,STAR-PDF-v0.2:FIELD-001,controlled_or_physical_promotion,,False
registry/claim_evidence_audit_v0.3.csv,STAR-PDF-v0.2:FIELD-001,artifact_status,,AUDIT_ONLY_NO_CONTROLLED_SUPPORT_VERIFIED
registry/claim_evidence_audit_v0.3.csv,STAR-PDF-v0.2:FIELD-001,evidence_eligibility,,NO_NEW_CONTROLLED_OR_PHYSICAL_SUPPORT_ESTABLISHED
registry/claim_evidence_audit_v0.3.csv,STAR-PDF-v0.2:FIELD-001,controlled_support_eligible,,False
registry/claim_evidence_audit_v0.3.csv,STAR-PDF-v0.2:FIELD-001,physical_support_eligible,,False
registry/claim_evidence_audit_v0.3.csv,STAR-PDF-v0.2:FIELD-001,Baseline_Status,,CANDIDATE CONSTRUCTION
registry/claim_evidence_audit_v0.3.csv,STAR-PDF-v0.2:FIELD-001,Current_Evidence_Assessment,,MODEL/METHODOLOGICAL REQUIREMENT RETAINED
registry/claim_evidence_audit_v0.3.csv,STAR-PDF-v0.2:FIELD-001,Evidence_State,,U + N
registry/claim_evidence_audit_v0.3.csv,STAR-PDF-v0.2:FIELD-001,Controlled_Support_Eligible,,false
registry/claim_evidence_audit_v0.3.csv,STAR-PDF-v0.2:FIELD-001,Physical_Support_Eligible,,false
registry/claim_evidence_audit_v0.3.csv,STAR-PDF-v0.2:FIELD-001,Replication_Status,,NO NEW INDEPENDENT REPLICATION PERFORMED
registry/claim_evidence_audit_v0.3.csv,STAR-PDF-v0.2:FIELD-002,baseline_status_text,,UNVALIDATED
registry/claim_evidence_audit_v0.3.csv,STAR-PDF-v0.2:FIELD-002,current_evidence_assessment,,PROPOSED / CONTROLLED TEST NOT VERIFIED
registry/claim_evidence_audit_v0.3.csv,STAR-PDF-v0.2:FIELD-002,crosswalk_evidence_state,,N
registry/claim_evidence_audit_v0.3.csv,STAR-PDF-v0.2:FIELD-002,replication_status,,NO NEW INDEPENDENT REPLICATION PERFORMED
registry/claim_evidence_audit_v0.3.csv,STAR-PDF-v0.2:FIELD-002,controlled_or_physical_promotion,,False
registry/claim_evidence_audit_v0.3.csv,STAR-PDF-v0.2:FIELD-002,artifact_status,,AUDIT_ONLY_NO_CONTROLLED_SUPPORT_VERIFIED
registry/claim_evidence_audit_v0.3.csv,STAR-PDF-v0.2:FIELD-002,evidence_eligibility,,NO_NEW_CONTROLLED_OR_PHYSICAL_SUPPORT_ESTABLISHED
registry/claim_evidence_audit_v0.3.csv,STAR-PDF-v0.2:FIELD-002,controlled_support_eligible,,False
registry/claim_evidence_audit_v0.3.csv,STAR-PDF-v0.2:FIELD-002,physical_support_eligible,,False
registry/claim_evidence_audit_v0.3.csv,STAR-PDF-v0.2:FIELD-002,Baseline_Status,,UNVALIDATED
registry/claim_evidence_audit_v0.3.csv,STAR-PDF-v0.2:FIELD-002,Current_Evidence_Assessment,,PROPOSED / CONTROLLED TEST NOT VERIFIED
registry/claim_evidence_audit_v0.3.csv,STAR-PDF-v0.2:FIELD-002,Evidence_State,,N
registry/claim_evidence_audit_v0.3.csv,STAR-PDF-v0.2:FIELD-002,Controlled_Support_Eligible,,false
registry/claim_evidence_audit_v0.3.csv,STAR-PDF-v0.2:FIELD-002,Physical_Support_Eligible,,false
registry/claim_evidence_audit_v0.3.csv,STAR-PDF-v0.2:FIELD-002,Replication_Status,,NO NEW INDEPENDENT REPLICATION PERFORMED
registry/claim_evidence_audit_v0.3.csv,STAR-PDF-v0.2:FIELD-003,baseline_status_text,,FUTURE THEORY
registry/claim_evidence_audit_v0.3.csv,STAR-PDF-v0.2:FIELD-003,current_evidence_assessment,,PROPOSED / CONTROLLED TEST NOT VERIFIED
registry/claim_evidence_audit_v0.3.csv,STAR-PDF-v0.2:FIELD-003,crosswalk_evidence_state,,N
registry/claim_evidence_audit_v0.3.csv,STAR-PDF-v0.2:FIELD-003,replication_status,,NO NEW INDEPENDENT REPLICATION PERFORMED
registry/claim_evidence_audit_v0.3.csv,STAR-PDF-v0.2:FIELD-003,controlled_or_physical_promotion,,False
registry/claim_evidence_audit_v0.3.csv,STAR-PDF-v0.2:FIELD-003,artifact_status,,AUDIT_ONLY_NO_CONTROLLED_SUPPORT_VERIFIED
registry/claim_evidence_audit_v0.3.csv,STAR-PDF-v0.2:FIELD-003,evidence_eligibility,,NO_NEW_CONTROLLED_OR_PHYSICAL_SUPPORT_ESTABLISHED
registry/claim_evidence_audit_v0.3.csv,STAR-PDF-v0.2:FIELD-003,controlled_support_eligible,,False
registry/claim_evidence_audit_v0.3.csv,STAR-PDF-v0.2:FIELD-003,physical_support_eligible,,False
registry/claim_evidence_audit_v0.3.csv,STAR-PDF-v0.2:FIELD-003,Baseline_Status,,FUTURE THEORY
registry/claim_evidence_audit_v0.3.csv,STAR-PDF-v0.2:FIELD-003,Current_Evidence_Assessment,,PROPOSED / CONTROLLED TEST NOT VERIFIED
registry/claim_evidence_audit_v0.3.csv,STAR-PDF-v0.2:FIELD-003,Evidence_State,,N
registry/claim_evidence_audit_v0.3.csv,STAR-PDF-v0.2:FIELD-003,Controlled_Support_Eligible,,false
registry/claim_evidence_audit_v0.3.csv,STAR-PDF-v0.2:FIELD-003,Physical_Support_Eligible,,false
registry/claim_evidence_audit_v0.3.csv,STAR-PDF-v0.2:FIELD-003,Replication_Status,,NO NEW INDEPENDENT REPLICATION PERFORMED
registry/claim_evidence_audit_v0.3.csv,STAR-PDF-v0.2:ECC-001,baseline_status_text,,THEORETICAL CANDIDATE
registry/claim_evidence_audit_v0.3.csv,STAR-PDF-v0.2:ECC-001,current_evidence_assessment,,CANDIDATE/HISTORICAL EVIDENCE / RECONSTRUCTION REQUIRED
registry/claim_evidence_audit_v0.3.csv,STAR-PDF-v0.2:ECC-001,crosswalk_evidence_state,,U + R + N
registry/claim_evidence_audit_v0.3.csv,STAR-PDF-v0.2:ECC-001,replication_status,,NO NEW INDEPENDENT REPLICATION PERFORMED
registry/claim_evidence_audit_v0.3.csv,STAR-PDF-v0.2:ECC-001,controlled_or_physical_promotion,,False
registry/claim_evidence_audit_v0.3.csv,STAR-PDF-v0.2:ECC-001,artifact_status,,LINKED_ARTIFACTS_QUARANTINED; HYPOTHESIS_CLASSIFICATION_PRESERVED
registry/claim_evidence_audit_v0.3.csv,STAR-PDF-v0.2:ECC-001,evidence_eligibility,,LINKED_QUARANTINED_ASSETS_HISTORICAL_DIAGNOSTIC_ONLY
registry/claim_evidence_audit_v0.3.csv,STAR-PDF-v0.2:ECC-001,controlled_support_eligible,,False
registry/claim_evidence_audit_v0.3.csv,STAR-PDF-v0.2:ECC-001,physical_support_eligible,,False
registry/claim_evidence_audit_v0.3.csv,STAR-PDF-v0.2:ECC-001,Baseline_Status,,THEORETICAL CANDIDATE
registry/claim_evidence_audit_v0.3.csv,STAR-PDF-v0.2:ECC-001,Current_Evidence_Assessment,,CANDIDATE/HISTORICAL EVIDENCE / RECONSTRUCTION REQUIRED
registry/claim_evidence_audit_v0.3.csv,STAR-PDF-v0.2:ECC-001,Evidence_State,,U + R + N
registry/claim_evidence_audit_v0.3.csv,STAR-PDF-v0.2:ECC-001,Controlled_Support_Eligible,,false
registry/claim_evidence_audit_v0.3.csv,STAR-PDF-v0.2:ECC-001,Physical_Support_Eligible,,false
registry/claim_evidence_audit_v0.3.csv,STAR-PDF-v0.2:ECC-001,Replication_Status,,NO NEW INDEPENDENT REPLICATION PERFORMED
registry/claim_evidence_audit_v0.3.csv,STAR-PDF-v0.2:ECC-002,baseline_status_text,,DERIVATION / MODEL REQUIREMENT
registry/claim_evidence_audit_v0.3.csv,STAR-PDF-v0.2:ECC-002,current_evidence_assessment,,THEORETICAL STATEMENT / INDEPENDENT DERIVATION AUDIT REQUIRED
registry/claim_evidence_audit_v0.3.csv,STAR-PDF-v0.2:ECC-002,crosswalk_evidence_state,,U + D + R
registry/claim_evidence_audit_v0.3.csv,STAR-PDF-v0.2:ECC-002,replication_status,,NO NEW INDEPENDENT REPLICATION PERFORMED
registry/claim_evidence_audit_v0.3.csv,STAR-PDF-v0.2:ECC-002,controlled_or_physical_promotion,,False
registry/claim_evidence_audit_v0.3.csv,STAR-PDF-v0.2:ECC-002,artifact_status,,LINKED_ARTIFACTS_QUARANTINED; HYPOTHESIS_CLASSIFICATION_PRESERVED
registry/claim_evidence_audit_v0.3.csv,STAR-PDF-v0.2:ECC-002,evidence_eligibility,,LINKED_QUARANTINED_ASSETS_HISTORICAL_DIAGNOSTIC_ONLY
registry/claim_evidence_audit_v0.3.csv,STAR-PDF-v0.2:ECC-002,controlled_support_eligible,,False
registry/claim_evidence_audit_v0.3.csv,STAR-PDF-v0.2:ECC-002,physical_support_eligible,,False
registry/claim_evidence_audit_v0.3.csv,STAR-PDF-v0.2:ECC-002,Baseline_Status,,DERIVATION / MODEL REQUIREMENT
registry/claim_evidence_audit_v0.3.csv,STAR-PDF-v0.2:ECC-002,Current_Evidence_Assessment,,THEORETICAL STATEMENT / INDEPENDENT DERIVATION AUDIT REQUIRED
registry/claim_evidence_audit_v0.3.csv,STAR-PDF-v0.2:ECC-002,Evidence_State,,U + D + R
registry/claim_evidence_audit_v0.3.csv,STAR-PDF-v0.2:ECC-002,Controlled_Support_Eligible,,false
registry/claim_evidence_audit_v0.3.csv,STAR-PDF-v0.2:ECC-002,Physical_Support_Eligible,,false
registry/claim_evidence_audit_v0.3.csv,STAR-PDF-v0.2:ECC-002,Replication_Status,,NO NEW INDEPENDENT REPLICATION PERFORMED
registry/claim_evidence_audit_v0.3.csv,STAR-PDF-v0.2:ECC-003,baseline_status_text,,FUTURE EXPERIMENTAL/THEORETICAL CLAIM
registry/claim_evidence_audit_v0.3.csv,STAR-PDF-v0.2:ECC-003,current_evidence_assessment,,PROPOSED / CONTROLLED TEST NOT VERIFIED
registry/claim_evidence_audit_v0.3.csv,STAR-PDF-v0.2:ECC-003,crosswalk_evidence_state,,N
registry/claim_evidence_audit_v0.3.csv,STAR-PDF-v0.2:ECC-003,replication_status,,NO NEW INDEPENDENT REPLICATION PERFORMED
registry/claim_evidence_audit_v0.3.csv,STAR-PDF-v0.2:ECC-003,controlled_or_physical_promotion,,False
registry/claim_evidence_audit_v0.3.csv,STAR-PDF-v0.2:ECC-003,artifact_status,,AUDIT_ONLY_NO_CONTROLLED_SUPPORT_VERIFIED
registry/claim_evidence_audit_v0.3.csv,STAR-PDF-v0.2:ECC-003,evidence_eligibility,,NO_NEW_CONTROLLED_OR_PHYSICAL_SUPPORT_ESTABLISHED
registry/claim_evidence_audit_v0.3.csv,STAR-PDF-v0.2:ECC-003,controlled_support_eligible,,False
registry/claim_evidence_audit_v0.3.csv,STAR-PDF-v0.2:ECC-003,physical_support_eligible,,False
registry/claim_evidence_audit_v0.3.csv,STAR-PDF-v0.2:ECC-003,Baseline_Status,,FUTURE EXPERIMENTAL/THEORETICAL CLAIM
registry/claim_evidence_audit_v0.3.csv,STAR-PDF-v0.2:ECC-003,Current_Evidence_Assessment,,PROPOSED / CONTROLLED TEST NOT VERIFIED
registry/claim_evidence_audit_v0.3.csv,STAR-PDF-v0.2:ECC-003,Evidence_State,,N
registry/claim_evidence_audit_v0.3.csv,STAR-PDF-v0.2:ECC-003,Controlled_Support_Eligible,,false
registry/claim_evidence_audit_v0.3.csv,STAR-PDF-v0.2:ECC-003,Physical_Support_Eligible,,false
registry/claim_evidence_audit_v0.3.csv,STAR-PDF-v0.2:ECC-003,Replication_Status,,NO NEW INDEPENDENT REPLICATION PERFORMED
registry/claim_evidence_audit_v0.3.csv,STAR-PDF-v0.2:ENERGY-001,baseline_status_text,,FUTURE THEORY
registry/claim_evidence_audit_v0.3.csv,STAR-PDF-v0.2:ENERGY-001,current_evidence_assessment,,PROPOSED / CONTROLLED TEST NOT VERIFIED
registry/claim_evidence_audit_v0.3.csv,STAR-PDF-v0.2:ENERGY-001,crosswalk_evidence_state,,N
registry/claim_evidence_audit_v0.3.csv,STAR-PDF-v0.2:ENERGY-001,replication_status,,NO NEW INDEPENDENT REPLICATION PERFORMED
registry/claim_evidence_audit_v0.3.csv,STAR-PDF-v0.2:ENERGY-001,controlled_or_physical_promotion,,False
registry/claim_evidence_audit_v0.3.csv,STAR-PDF-v0.2:ENERGY-001,artifact_status,,AUDIT_ONLY_NO_CONTROLLED_SUPPORT_VERIFIED
registry/claim_evidence_audit_v0.3.csv,STAR-PDF-v0.2:ENERGY-001,evidence_eligibility,,NO_NEW_CONTROLLED_OR_PHYSICAL_SUPPORT_ESTABLISHED
registry/claim_evidence_audit_v0.3.csv,STAR-PDF-v0.2:ENERGY-001,controlled_support_eligible,,False
registry/claim_evidence_audit_v0.3.csv,STAR-PDF-v0.2:ENERGY-001,physical_support_eligible,,False
registry/claim_evidence_audit_v0.3.csv,STAR-PDF-v0.2:ENERGY-001,Baseline_Status,,FUTURE THEORY
registry/claim_evidence_audit_v0.3.csv,STAR-PDF-v0.2:ENERGY-001,Current_Evidence_Assessment,,PROPOSED / CONTROLLED TEST NOT VERIFIED
registry/claim_evidence_audit_v0.3.csv,STAR-PDF-v0.2:ENERGY-001,Evidence_State,,N
registry/claim_evidence_audit_v0.3.csv,STAR-PDF-v0.2:ENERGY-001,Controlled_Support_Eligible,,false
registry/claim_evidence_audit_v0.3.csv,STAR-PDF-v0.2:ENERGY-001,Physical_Support_Eligible,,false
registry/claim_evidence_audit_v0.3.csv,STAR-PDF-v0.2:ENERGY-001,Replication_Status,,NO NEW INDEPENDENT REPLICATION PERFORMED
registry/claim_evidence_audit_v0.3.csv,STAR-PDF-v0.2:COSMO-E001,baseline_status_text,,PROPOSED
registry/claim_evidence_audit_v0.3.csv,STAR-PDF-v0.2:COSMO-E001,current_evidence_assessment,,PROPOSED / CONTROLLED TEST NOT VERIFIED
registry/claim_evidence_audit_v0.3.csv,STAR-PDF-v0.2:COSMO-E001,crosswalk_evidence_state,,N
registry/claim_evidence_audit_v0.3.csv,STAR-PDF-v0.2:COSMO-E001,replication_status,,NO NEW INDEPENDENT REPLICATION PERFORMED
registry/claim_evidence_audit_v0.3.csv,STAR-PDF-v0.2:COSMO-E001,controlled_or_physical_promotion,,False
registry/claim_evidence_audit_v0.3.csv,STAR-PDF-v0.2:COSMO-E001,artifact_status,,AUDIT_ONLY_NO_CONTROLLED_SUPPORT_VERIFIED
registry/claim_evidence_audit_v0.3.csv,STAR-PDF-v0.2:COSMO-E001,evidence_eligibility,,NO_NEW_CONTROLLED_OR_PHYSICAL_SUPPORT_ESTABLISHED
registry/claim_evidence_audit_v0.3.csv,STAR-PDF-v0.2:COSMO-E001,controlled_support_eligible,,False
registry/claim_evidence_audit_v0.3.csv,STAR-PDF-v0.2:COSMO-E001,physical_support_eligible,,False
registry/claim_evidence_audit_v0.3.csv,STAR-PDF-v0.2:COSMO-E001,Baseline_Status,,PROPOSED
registry/claim_evidence_audit_v0.3.csv,STAR-PDF-v0.2:COSMO-E001,Current_Evidence_Assessment,,PROPOSED / CONTROLLED TEST NOT VERIFIED
registry/claim_evidence_audit_v0.3.csv,STAR-PDF-v0.2:COSMO-E001,Evidence_State,,N
registry/claim_evidence_audit_v0.3.csv,STAR-PDF-v0.2:COSMO-E001,Controlled_Support_Eligible,,false
registry/claim_evidence_audit_v0.3.csv,STAR-PDF-v0.2:COSMO-E001,Physical_Support_Eligible,,false
registry/claim_evidence_audit_v0.3.csv,STAR-PDF-v0.2:COSMO-E001,Replication_Status,,NO NEW INDEPENDENT REPLICATION PERFORMED
registry/claim_evidence_audit_v0.3.csv,STAR-PDF-v0.2:COSMO-E002,baseline_status_text,,DOWNSTREAM / FUTURE
registry/claim_evidence_audit_v0.3.csv,STAR-PDF-v0.2:COSMO-E002,current_evidence_assessment,,DOWNSTREAM / UNVALIDATED; ILLUSTRATION IS CALIBRATED
registry/claim_evidence_audit_v0.3.csv,STAR-PDF-v0.2:COSMO-E002,crosswalk_evidence_state,,N + H
registry/claim_evidence_audit_v0.3.csv,STAR-PDF-v0.2:COSMO-E002,replication_status,,NO NEW INDEPENDENT REPLICATION PERFORMED
registry/claim_evidence_audit_v0.3.csv,STAR-PDF-v0.2:COSMO-E002,controlled_or_physical_promotion,,False
registry/claim_evidence_audit_v0.3.csv,STAR-PDF-v0.2:COSMO-E002,artifact_status,,AUDIT_ONLY_NO_CONTROLLED_SUPPORT_VERIFIED
registry/claim_evidence_audit_v0.3.csv,STAR-PDF-v0.2:COSMO-E002,evidence_eligibility,,NO_NEW_CONTROLLED_OR_PHYSICAL_SUPPORT_ESTABLISHED
registry/claim_evidence_audit_v0.3.csv,STAR-PDF-v0.2:COSMO-E002,controlled_support_eligible,,False
registry/claim_evidence_audit_v0.3.csv,STAR-PDF-v0.2:COSMO-E002,physical_support_eligible,,False
registry/claim_evidence_audit_v0.3.csv,STAR-PDF-v0.2:COSMO-E002,Baseline_Status,,DOWNSTREAM / FUTURE
registry/claim_evidence_audit_v0.3.csv,STAR-PDF-v0.2:COSMO-E002,Current_Evidence_Assessment,,DOWNSTREAM / UNVALIDATED; ILLUSTRATION IS CALIBRATED
registry/claim_evidence_audit_v0.3.csv,STAR-PDF-v0.2:COSMO-E002,Evidence_State,,N + H
registry/claim_evidence_audit_v0.3.csv,STAR-PDF-v0.2:COSMO-E002,Controlled_Support_Eligible,,false
registry/claim_evidence_audit_v0.3.csv,STAR-PDF-v0.2:COSMO-E002,Physical_Support_Eligible,,false
registry/claim_evidence_audit_v0.3.csv,STAR-PDF-v0.2:COSMO-E002,Replication_Status,,NO NEW INDEPENDENT REPLICATION PERFORMED
registry/claim_evidence_audit_v0.3.csv,STAR-PDF-v0.2:HIST-001,baseline_status_text,,S / HISTORICAL
registry/claim_evidence_audit_v0.3.csv,STAR-PDF-v0.2:HIST-001,current_evidence_assessment,,HISTORICAL ONLY / RECONSTRUCTION AND NEW CONTROLLED TEST REQUIRED
registry/claim_evidence_audit_v0.3.csv,STAR-PDF-v0.2:HIST-001,crosswalk_evidence_state,,H + R
registry/claim_evidence_audit_v0.3.csv,STAR-PDF-v0.2:HIST-001,replication_status,,NO NEW INDEPENDENT REPLICATION PERFORMED
registry/claim_evidence_audit_v0.3.csv,STAR-PDF-v0.2:HIST-001,controlled_or_physical_promotion,,False
registry/claim_evidence_audit_v0.3.csv,STAR-PDF-v0.2:HIST-001,artifact_status,,LINKED_ARTIFACTS_QUARANTINED; HYPOTHESIS_CLASSIFICATION_PRESERVED
registry/claim_evidence_audit_v0.3.csv,STAR-PDF-v0.2:HIST-001,evidence_eligibility,,LINKED_QUARANTINED_ASSETS_HISTORICAL_DIAGNOSTIC_ONLY
registry/claim_evidence_audit_v0.3.csv,STAR-PDF-v0.2:HIST-001,controlled_support_eligible,,False
registry/claim_evidence_audit_v0.3.csv,STAR-PDF-v0.2:HIST-001,physical_support_eligible,,False
registry/claim_evidence_audit_v0.3.csv,STAR-PDF-v0.2:HIST-001,Baseline_Status,,S / HISTORICAL
registry/claim_evidence_audit_v0.3.csv,STAR-PDF-v0.2:HIST-001,Current_Evidence_Assessment,,HISTORICAL ONLY / RECONSTRUCTION AND NEW CONTROLLED TEST REQUIRED
registry/claim_evidence_audit_v0.3.csv,STAR-PDF-v0.2:HIST-001,Evidence_State,,H + R
registry/claim_evidence_audit_v0.3.csv,STAR-PDF-v0.2:HIST-001,Controlled_Support_Eligible,,false
registry/claim_evidence_audit_v0.3.csv,STAR-PDF-v0.2:HIST-001,Physical_Support_Eligible,,false
registry/claim_evidence_audit_v0.3.csv,STAR-PDF-v0.2:HIST-001,Replication_Status,,NO NEW INDEPENDENT REPLICATION PERFORMED
registry/claim_evidence_audit_v0.3.csv,STAR-PDF-v0.2:HIST-002,baseline_status_text,,H / HISTORICAL
registry/claim_evidence_audit_v0.3.csv,STAR-PDF-v0.2:HIST-002,current_evidence_assessment,,HISTORICAL ONLY / RECONSTRUCTION AND NEW CONTROLLED TEST REQUIRED
registry/claim_evidence_audit_v0.3.csv,STAR-PDF-v0.2:HIST-002,crosswalk_evidence_state,,H + R
registry/claim_evidence_audit_v0.3.csv,STAR-PDF-v0.2:HIST-002,replication_status,,NO NEW INDEPENDENT REPLICATION PERFORMED
registry/claim_evidence_audit_v0.3.csv,STAR-PDF-v0.2:HIST-002,controlled_or_physical_promotion,,False
registry/claim_evidence_audit_v0.3.csv,STAR-PDF-v0.2:HIST-002,artifact_status,,LINKED_ARTIFACTS_QUARANTINED; HYPOTHESIS_CLASSIFICATION_PRESERVED
registry/claim_evidence_audit_v0.3.csv,STAR-PDF-v0.2:HIST-002,evidence_eligibility,,LINKED_QUARANTINED_ASSETS_HISTORICAL_DIAGNOSTIC_ONLY
registry/claim_evidence_audit_v0.3.csv,STAR-PDF-v0.2:HIST-002,controlled_support_eligible,,False
registry/claim_evidence_audit_v0.3.csv,STAR-PDF-v0.2:HIST-002,physical_support_eligible,,False
registry/claim_evidence_audit_v0.3.csv,STAR-PDF-v0.2:HIST-002,Baseline_Status,,H / HISTORICAL
registry/claim_evidence_audit_v0.3.csv,STAR-PDF-v0.2:HIST-002,Current_Evidence_Assessment,,HISTORICAL ONLY / RECONSTRUCTION AND NEW CONTROLLED TEST REQUIRED
registry/claim_evidence_audit_v0.3.csv,STAR-PDF-v0.2:HIST-002,Evidence_State,,H + R
registry/claim_evidence_audit_v0.3.csv,STAR-PDF-v0.2:HIST-002,Controlled_Support_Eligible,,false
registry/claim_evidence_audit_v0.3.csv,STAR-PDF-v0.2:HIST-002,Physical_Support_Eligible,,false
registry/claim_evidence_audit_v0.3.csv,STAR-PDF-v0.2:HIST-002,Replication_Status,,NO NEW INDEPENDENT REPLICATION PERFORMED
registry/claim_evidence_audit_v0.3.csv,STAR-PDF-v0.2:HIST-003,baseline_status_text,,H / T
registry/claim_evidence_audit_v0.3.csv,STAR-PDF-v0.2:HIST-003,current_evidence_assessment,,HISTORICAL ONLY / RECONSTRUCTION AND NEW CONTROLLED TEST REQUIRED
registry/claim_evidence_audit_v0.3.csv,STAR-PDF-v0.2:HIST-003,crosswalk_evidence_state,,H + R
registry/claim_evidence_audit_v0.3.csv,STAR-PDF-v0.2:HIST-003,replication_status,,NO NEW INDEPENDENT REPLICATION PERFORMED
registry/claim_evidence_audit_v0.3.csv,STAR-PDF-v0.2:HIST-003,controlled_or_physical_promotion,,False
registry/claim_evidence_audit_v0.3.csv,STAR-PDF-v0.2:HIST-003,artifact_status,,LINKED_ARTIFACTS_QUARANTINED; HYPOTHESIS_CLASSIFICATION_PRESERVED
registry/claim_evidence_audit_v0.3.csv,STAR-PDF-v0.2:HIST-003,evidence_eligibility,,LINKED_QUARANTINED_ASSETS_HISTORICAL_DIAGNOSTIC_ONLY
registry/claim_evidence_audit_v0.3.csv,STAR-PDF-v0.2:HIST-003,controlled_support_eligible,,False
registry/claim_evidence_audit_v0.3.csv,STAR-PDF-v0.2:HIST-003,physical_support_eligible,,False
registry/claim_evidence_audit_v0.3.csv,STAR-PDF-v0.2:HIST-003,Baseline_Status,,H / T
registry/claim_evidence_audit_v0.3.csv,STAR-PDF-v0.2:HIST-003,Current_Evidence_Assessment,,HISTORICAL ONLY / RECONSTRUCTION AND NEW CONTROLLED TEST REQUIRED
registry/claim_evidence_audit_v0.3.csv,STAR-PDF-v0.2:HIST-003,Evidence_State,,H + R
registry/claim_evidence_audit_v0.3.csv,STAR-PDF-v0.2:HIST-003,Controlled_Support_Eligible,,false
registry/claim_evidence_audit_v0.3.csv,STAR-PDF-v0.2:HIST-003,Physical_Support_Eligible,,false
registry/claim_evidence_audit_v0.3.csv,STAR-PDF-v0.2:HIST-003,Replication_Status,,NO NEW INDEPENDENT REPLICATION PERFORMED
registry/claim_evidence_audit_v0.3.csv,STAR-PDF-v0.2:HIST-004,baseline_status_text,,H / T
registry/claim_evidence_audit_v0.3.csv,STAR-PDF-v0.2:HIST-004,current_evidence_assessment,,HISTORICAL ONLY / RECONSTRUCTION AND NEW CONTROLLED TEST REQUIRED
registry/claim_evidence_audit_v0.3.csv,STAR-PDF-v0.2:HIST-004,crosswalk_evidence_state,,H + R
registry/claim_evidence_audit_v0.3.csv,STAR-PDF-v0.2:HIST-004,replication_status,,NO NEW INDEPENDENT REPLICATION PERFORMED
registry/claim_evidence_audit_v0.3.csv,STAR-PDF-v0.2:HIST-004,controlled_or_physical_promotion,,False
registry/claim_evidence_audit_v0.3.csv,STAR-PDF-v0.2:HIST-004,artifact_status,,LINKED_ARTIFACTS_QUARANTINED; HYPOTHESIS_CLASSIFICATION_PRESERVED
registry/claim_evidence_audit_v0.3.csv,STAR-PDF-v0.2:HIST-004,evidence_eligibility,,LINKED_QUARANTINED_ASSETS_HISTORICAL_DIAGNOSTIC_ONLY
registry/claim_evidence_audit_v0.3.csv,STAR-PDF-v0.2:HIST-004,controlled_support_eligible,,False
registry/claim_evidence_audit_v0.3.csv,STAR-PDF-v0.2:HIST-004,physical_support_eligible,,False
registry/claim_evidence_audit_v0.3.csv,STAR-PDF-v0.2:HIST-004,Baseline_Status,,H / T
registry/claim_evidence_audit_v0.3.csv,STAR-PDF-v0.2:HIST-004,Current_Evidence_Assessment,,HISTORICAL ONLY / RECONSTRUCTION AND NEW CONTROLLED TEST REQUIRED
registry/claim_evidence_audit_v0.3.csv,STAR-PDF-v0.2:HIST-004,Evidence_State,,H + R
registry/claim_evidence_audit_v0.3.csv,STAR-PDF-v0.2:HIST-004,Controlled_Support_Eligible,,false
registry/claim_evidence_audit_v0.3.csv,STAR-PDF-v0.2:HIST-004,Physical_Support_Eligible,,false
registry/claim_evidence_audit_v0.3.csv,STAR-PDF-v0.2:HIST-004,Replication_Status,,NO NEW INDEPENDENT REPLICATION PERFORMED
registry/claim_evidence_audit_v0.3.csv,STAR-PDF-v0.2:HIST-005,baseline_status_text,,H / T
registry/claim_evidence_audit_v0.3.csv,STAR-PDF-v0.2:HIST-005,current_evidence_assessment,,HISTORICAL ONLY / RECONSTRUCTION AND NEW CONTROLLED TEST REQUIRED
registry/claim_evidence_audit_v0.3.csv,STAR-PDF-v0.2:HIST-005,crosswalk_evidence_state,,H + R
registry/claim_evidence_audit_v0.3.csv,STAR-PDF-v0.2:HIST-005,replication_status,,NO NEW INDEPENDENT REPLICATION PERFORMED
registry/claim_evidence_audit_v0.3.csv,STAR-PDF-v0.2:HIST-005,controlled_or_physical_promotion,,False
registry/claim_evidence_audit_v0.3.csv,STAR-PDF-v0.2:HIST-005,artifact_status,,LINKED_ARTIFACTS_QUARANTINED; HYPOTHESIS_CLASSIFICATION_PRESERVED
registry/claim_evidence_audit_v0.3.csv,STAR-PDF-v0.2:HIST-005,evidence_eligibility,,LINKED_QUARANTINED_ASSETS_HISTORICAL_DIAGNOSTIC_ONLY
registry/claim_evidence_audit_v0.3.csv,STAR-PDF-v0.2:HIST-005,controlled_support_eligible,,False
registry/claim_evidence_audit_v0.3.csv,STAR-PDF-v0.2:HIST-005,physical_support_eligible,,False
registry/claim_evidence_audit_v0.3.csv,STAR-PDF-v0.2:HIST-005,Baseline_Status,,H / T
registry/claim_evidence_audit_v0.3.csv,STAR-PDF-v0.2:HIST-005,Current_Evidence_Assessment,,HISTORICAL ONLY / RECONSTRUCTION AND NEW CONTROLLED TEST REQUIRED
registry/claim_evidence_audit_v0.3.csv,STAR-PDF-v0.2:HIST-005,Evidence_State,,H + R
registry/claim_evidence_audit_v0.3.csv,STAR-PDF-v0.2:HIST-005,Controlled_Support_Eligible,,false
registry/claim_evidence_audit_v0.3.csv,STAR-PDF-v0.2:HIST-005,Physical_Support_Eligible,,false
registry/claim_evidence_audit_v0.3.csv,STAR-PDF-v0.2:HIST-005,Replication_Status,,NO NEW INDEPENDENT REPLICATION PERFORMED
registry/claim_evidence_audit_v0.3.csv,STAR-PDF-v0.2:HIST-006,baseline_status_text,,H / T
registry/claim_evidence_audit_v0.3.csv,STAR-PDF-v0.2:HIST-006,current_evidence_assessment,,HISTORICAL ONLY / RECONSTRUCTION AND NEW CONTROLLED TEST REQUIRED
registry/claim_evidence_audit_v0.3.csv,STAR-PDF-v0.2:HIST-006,crosswalk_evidence_state,,H + R
registry/claim_evidence_audit_v0.3.csv,STAR-PDF-v0.2:HIST-006,replication_status,,NO NEW INDEPENDENT REPLICATION PERFORMED
registry/claim_evidence_audit_v0.3.csv,STAR-PDF-v0.2:HIST-006,controlled_or_physical_promotion,,False
registry/claim_evidence_audit_v0.3.csv,STAR-PDF-v0.2:HIST-006,artifact_status,,LINKED_ARTIFACTS_QUARANTINED; HYPOTHESIS_CLASSIFICATION_PRESERVED
registry/claim_evidence_audit_v0.3.csv,STAR-PDF-v0.2:HIST-006,evidence_eligibility,,LINKED_QUARANTINED_ASSETS_HISTORICAL_DIAGNOSTIC_ONLY
registry/claim_evidence_audit_v0.3.csv,STAR-PDF-v0.2:HIST-006,controlled_support_eligible,,False
registry/claim_evidence_audit_v0.3.csv,STAR-PDF-v0.2:HIST-006,physical_support_eligible,,False
registry/claim_evidence_audit_v0.3.csv,STAR-PDF-v0.2:HIST-006,Baseline_Status,,H / T
registry/claim_evidence_audit_v0.3.csv,STAR-PDF-v0.2:HIST-006,Current_Evidence_Assessment,,HISTORICAL ONLY / RECONSTRUCTION AND NEW CONTROLLED TEST REQUIRED
registry/claim_evidence_audit_v0.3.csv,STAR-PDF-v0.2:HIST-006,Evidence_State,,H + R
registry/claim_evidence_audit_v0.3.csv,STAR-PDF-v0.2:HIST-006,Controlled_Support_Eligible,,false
registry/claim_evidence_audit_v0.3.csv,STAR-PDF-v0.2:HIST-006,Physical_Support_Eligible,,false
registry/claim_evidence_audit_v0.3.csv,STAR-PDF-v0.2:HIST-006,Replication_Status,,NO NEW INDEPENDENT REPLICATION PERFORMED
registry/claim_evidence_audit_v0.3.csv,STAR-PDF-v0.2:HIST-007,baseline_status_text,,EXPLORATORY / HISTORICAL
registry/claim_evidence_audit_v0.3.csv,STAR-PDF-v0.2:HIST-007,current_evidence_assessment,,HISTORICAL ONLY / RECONSTRUCTION AND NEW CONTROLLED TEST REQUIRED
registry/claim_evidence_audit_v0.3.csv,STAR-PDF-v0.2:HIST-007,crosswalk_evidence_state,,H + R
registry/claim_evidence_audit_v0.3.csv,STAR-PDF-v0.2:HIST-007,replication_status,,NO NEW INDEPENDENT REPLICATION PERFORMED
registry/claim_evidence_audit_v0.3.csv,STAR-PDF-v0.2:HIST-007,controlled_or_physical_promotion,,False
registry/claim_evidence_audit_v0.3.csv,STAR-PDF-v0.2:HIST-007,artifact_status,,LINKED_ARTIFACTS_QUARANTINED; HYPOTHESIS_CLASSIFICATION_PRESERVED
registry/claim_evidence_audit_v0.3.csv,STAR-PDF-v0.2:HIST-007,evidence_eligibility,,LINKED_QUARANTINED_ASSETS_HISTORICAL_DIAGNOSTIC_ONLY
registry/claim_evidence_audit_v0.3.csv,STAR-PDF-v0.2:HIST-007,controlled_support_eligible,,False
registry/claim_evidence_audit_v0.3.csv,STAR-PDF-v0.2:HIST-007,physical_support_eligible,,False
registry/claim_evidence_audit_v0.3.csv,STAR-PDF-v0.2:HIST-007,Baseline_Status,,EXPLORATORY / HISTORICAL
registry/claim_evidence_audit_v0.3.csv,STAR-PDF-v0.2:HIST-007,Current_Evidence_Assessment,,HISTORICAL ONLY / RECONSTRUCTION AND NEW CONTROLLED TEST REQUIRED
registry/claim_evidence_audit_v0.3.csv,STAR-PDF-v0.2:HIST-007,Evidence_State,,H + R
registry/claim_evidence_audit_v0.3.csv,STAR-PDF-v0.2:HIST-007,Controlled_Support_Eligible,,false
registry/claim_evidence_audit_v0.3.csv,STAR-PDF-v0.2:HIST-007,Physical_Support_Eligible,,false
registry/claim_evidence_audit_v0.3.csv,STAR-PDF-v0.2:HIST-007,Replication_Status,,NO NEW INDEPENDENT REPLICATION PERFORMED
registry/claim_evidence_audit_v0.3.csv,STAR-PDF-v0.2:HIST-008,baseline_status_text,,HISTORICAL MODEL RESULT
registry/claim_evidence_audit_v0.3.csv,STAR-PDF-v0.2:HIST-008,current_evidence_assessment,,HISTORICAL ONLY / RECONSTRUCTION AND NEW CONTROLLED TEST REQUIRED
registry/claim_evidence_audit_v0.3.csv,STAR-PDF-v0.2:HIST-008,crosswalk_evidence_state,,H + R
registry/claim_evidence_audit_v0.3.csv,STAR-PDF-v0.2:HIST-008,replication_status,,NO NEW INDEPENDENT REPLICATION PERFORMED
registry/claim_evidence_audit_v0.3.csv,STAR-PDF-v0.2:HIST-008,controlled_or_physical_promotion,,False
registry/claim_evidence_audit_v0.3.csv,STAR-PDF-v0.2:HIST-008,artifact_status,,LINKED_ARTIFACTS_QUARANTINED; HYPOTHESIS_CLASSIFICATION_PRESERVED
registry/claim_evidence_audit_v0.3.csv,STAR-PDF-v0.2:HIST-008,evidence_eligibility,,LINKED_QUARANTINED_ASSETS_HISTORICAL_DIAGNOSTIC_ONLY
registry/claim_evidence_audit_v0.3.csv,STAR-PDF-v0.2:HIST-008,controlled_support_eligible,,False
registry/claim_evidence_audit_v0.3.csv,STAR-PDF-v0.2:HIST-008,physical_support_eligible,,False
registry/claim_evidence_audit_v0.3.csv,STAR-PDF-v0.2:HIST-008,Baseline_Status,,HISTORICAL MODEL RESULT
registry/claim_evidence_audit_v0.3.csv,STAR-PDF-v0.2:HIST-008,Current_Evidence_Assessment,,HISTORICAL ONLY / RECONSTRUCTION AND NEW CONTROLLED TEST REQUIRED
registry/claim_evidence_audit_v0.3.csv,STAR-PDF-v0.2:HIST-008,Evidence_State,,H + R
registry/claim_evidence_audit_v0.3.csv,STAR-PDF-v0.2:HIST-008,Controlled_Support_Eligible,,false
registry/claim_evidence_audit_v0.3.csv,STAR-PDF-v0.2:HIST-008,Physical_Support_Eligible,,false
registry/claim_evidence_audit_v0.3.csv,STAR-PDF-v0.2:HIST-008,Replication_Status,,NO NEW INDEPENDENT REPLICATION PERFORMED
registry/claim_evidence_v0.2.csv,CLAIM-ACSC-001,Relation_Status,,related_scope_only_not_alias
registry/claim_evidence_v0.2.csv,CLAIM-ACSC-001,Current_Audit_Assessment,,Planned umbrella hypothesis; no independently verified controlled support. See qualified audit claim assessments.
registry/claim_evidence_v0.2.csv,CLAIM-ACSC-001,Controlled_Support_Eligible,,false
registry/claim_evidence_v0.2.csv,CLAIM-ACSC-001,Physical_Support_Eligible,,false
registry/claim_evidence_v0.2.csv,CLAIM-ACSC-002,Relation_Status,,related_scope_only_not_alias
registry/claim_evidence_v0.2.csv,CLAIM-ACSC-002,Current_Audit_Assessment,,Planned umbrella hypothesis; no independently verified controlled support. See qualified audit claim assessments.
registry/claim_evidence_v0.2.csv,CLAIM-ACSC-002,Controlled_Support_Eligible,,false
registry/claim_evidence_v0.2.csv,CLAIM-ACSC-002,Physical_Support_Eligible,,false
registry/claim_evidence_v0.2.csv,CLAIM-ACSC-003,Relation_Status,,related_scope_only_not_alias
registry/claim_evidence_v0.2.csv,CLAIM-ACSC-003,Current_Audit_Assessment,,Planned umbrella hypothesis; no independently verified controlled support. See qualified audit claim assessments.
registry/claim_evidence_v0.2.csv,CLAIM-ACSC-003,Controlled_Support_Eligible,,false
registry/claim_evidence_v0.2.csv,CLAIM-ACSC-003,Physical_Support_Eligible,,false
registry/claim_evidence_v0.2.csv,CLAIM-ECC-001,Relation_Status,,related_scope_only_not_alias
registry/claim_evidence_v0.2.csv,CLAIM-ECC-001,Current_Audit_Assessment,,Planned umbrella hypothesis; no independently verified controlled support. See qualified audit claim assessments.
registry/claim_evidence_v0.2.csv,CLAIM-ECC-001,Controlled_Support_Eligible,,false
registry/claim_evidence_v0.2.csv,CLAIM-ECC-001,Physical_Support_Eligible,,false
registry/claim_evidence_v0.2.csv,CLAIM-RTCH-001,Relation_Status,,related_scope_only_not_alias
registry/claim_evidence_v0.2.csv,CLAIM-RTCH-001,Current_Audit_Assessment,,Planned umbrella hypothesis; no independently verified controlled support. See qualified audit claim assessments.
registry/claim_evidence_v0.2.csv,CLAIM-RTCH-001,Controlled_Support_Eligible,,false
registry/claim_evidence_v0.2.csv,CLAIM-RTCH-001,Physical_Support_Eligible,,false
registry/claim_evidence_v0.2.csv,CLAIM-SFR-001,Relation_Status,,related_scope_only_not_alias
registry/claim_evidence_v0.2.csv,CLAIM-SFR-001,Current_Audit_Assessment,,Planned umbrella hypothesis; no independently verified controlled support. See qualified audit claim assessments.
registry/claim_evidence_v0.2.csv,CLAIM-SFR-001,Controlled_Support_Eligible,,false
registry/claim_evidence_v0.2.csv,CLAIM-SFR-001,Physical_Support_Eligible,,false
registry/claim_experiment_crosswalk_audit_v0.3.csv,STAR-PDF-v0.2,Current_Assessment,,PROPOSED / CONTROLLED TEST NOT VERIFIED
registry/claim_experiment_crosswalk_audit_v0.3.csv,STAR-PDF-v0.2,Evidence_State,,N
registry/claim_experiment_crosswalk_audit_v0.3.csv,STAR-PDF-v0.2,Controlled_Support_Eligible,,false
registry/claim_experiment_crosswalk_audit_v0.3.csv,STAR-PDF-v0.2,Physical_Support_Eligible,,false
registry/claim_experiment_crosswalk_audit_v0.3.csv,STAR-PDF-v0.2,Current_Assessment,,PROPOSED / CONTROLLED TEST NOT VERIFIED
registry/claim_experiment_crosswalk_audit_v0.3.csv,STAR-PDF-v0.2,Evidence_State,,N
registry/claim_experiment_crosswalk_audit_v0.3.csv,STAR-PDF-v0.2,Controlled_Support_Eligible,,false
registry/claim_experiment_crosswalk_audit_v0.3.csv,STAR-PDF-v0.2,Physical_Support_Eligible,,false
registry/claim_experiment_crosswalk_audit_v0.3.csv,STAR-PDF-v0.2,Current_Assessment,,CANDIDATE/HISTORICAL EVIDENCE / RECONSTRUCTION REQUIRED
registry/claim_experiment_crosswalk_audit_v0.3.csv,STAR-PDF-v0.2,Evidence_State,,U + R + N
registry/claim_experiment_crosswalk_audit_v0.3.csv,STAR-PDF-v0.2,Controlled_Support_Eligible,,false
registry/claim_experiment_crosswalk_audit_v0.3.csv,STAR-PDF-v0.2,Physical_Support_Eligible,,false
registry/claim_experiment_crosswalk_audit_v0.3.csv,STAR-PDF-v0.2,Current_Assessment,,PROPOSED / CONTROLLED TEST NOT VERIFIED
registry/claim_experiment_crosswalk_audit_v0.3.csv,STAR-PDF-v0.2,Evidence_State,,N
registry/claim_experiment_crosswalk_audit_v0.3.csv,STAR-PDF-v0.2,Controlled_Support_Eligible,,false
registry/claim_experiment_crosswalk_audit_v0.3.csv,STAR-PDF-v0.2,Physical_Support_Eligible,,false
registry/claim_experiment_crosswalk_audit_v0.3.csv,STAR-PDF-v0.2,Current_Assessment,,CANDIDATE/HISTORICAL EVIDENCE / RECONSTRUCTION REQUIRED
registry/claim_experiment_crosswalk_audit_v0.3.csv,STAR-PDF-v0.2,Evidence_State,,U + R + N
registry/claim_experiment_crosswalk_audit_v0.3.csv,STAR-PDF-v0.2,Controlled_Support_Eligible,,false
registry/claim_experiment_crosswalk_audit_v0.3.csv,STAR-PDF-v0.2,Physical_Support_Eligible,,false
registry/claim_experiment_crosswalk_audit_v0.3.csv,STAR-PDF-v0.2,Current_Assessment,,CANDIDATE/HISTORICAL EVIDENCE / RECONSTRUCTION REQUIRED
registry/claim_experiment_crosswalk_audit_v0.3.csv,STAR-PDF-v0.2,Evidence_State,,U + R + N
registry/claim_experiment_crosswalk_audit_v0.3.csv,STAR-PDF-v0.2,Controlled_Support_Eligible,,false
registry/claim_experiment_crosswalk_audit_v0.3.csv,STAR-PDF-v0.2,Physical_Support_Eligible,,false
registry/claim_experiment_crosswalk_audit_v0.3.csv,STAR-PDF-v0.2,Current_Assessment,,CANDIDATE/HISTORICAL EVIDENCE / RECONSTRUCTION REQUIRED
registry/claim_experiment_crosswalk_audit_v0.3.csv,STAR-PDF-v0.2,Evidence_State,,U + R + N
registry/claim_experiment_crosswalk_audit_v0.3.csv,STAR-PDF-v0.2,Controlled_Support_Eligible,,false
registry/claim_experiment_crosswalk_audit_v0.3.csv,STAR-PDF-v0.2,Physical_Support_Eligible,,false
registry/claim_experiment_crosswalk_audit_v0.3.csv,STAR-PDF-v0.2,Current_Assessment,,MODEL/METHODOLOGICAL REQUIREMENT RETAINED
registry/claim_experiment_crosswalk_audit_v0.3.csv,STAR-PDF-v0.2,Evidence_State,,U + N
registry/claim_experiment_crosswalk_audit_v0.3.csv,STAR-PDF-v0.2,Controlled_Support_Eligible,,false
registry/claim_experiment_crosswalk_audit_v0.3.csv,STAR-PDF-v0.2,Physical_Support_Eligible,,false
registry/claim_experiment_crosswalk_audit_v0.3.csv,STAR-PDF-v0.2,Current_Assessment,,CANDIDATE/HISTORICAL EVIDENCE / RECONSTRUCTION REQUIRED
registry/claim_experiment_crosswalk_audit_v0.3.csv,STAR-PDF-v0.2,Evidence_State,,U + R + N
registry/claim_experiment_crosswalk_audit_v0.3.csv,STAR-PDF-v0.2,Controlled_Support_Eligible,,false
registry/claim_experiment_crosswalk_audit_v0.3.csv,STAR-PDF-v0.2,Physical_Support_Eligible,,false
registry/claim_experiment_crosswalk_audit_v0.3.csv,STAR-PDF-v0.2,Current_Assessment,,PROPOSED / CONTROLLED TEST NOT VERIFIED
registry/claim_experiment_crosswalk_audit_v0.3.csv,STAR-PDF-v0.2,Evidence_State,,N
registry/claim_experiment_crosswalk_audit_v0.3.csv,STAR-PDF-v0.2,Controlled_Support_Eligible,,false
registry/claim_experiment_crosswalk_audit_v0.3.csv,STAR-PDF-v0.2,Physical_Support_Eligible,,false
registry/claim_experiment_crosswalk_audit_v0.3.csv,STAR-PDF-v0.2,Current_Assessment,,CANDIDATE/HISTORICAL EVIDENCE / RECONSTRUCTION REQUIRED
registry/claim_experiment_crosswalk_audit_v0.3.csv,STAR-PDF-v0.2,Evidence_State,,U + R + N
registry/claim_experiment_crosswalk_audit_v0.3.csv,STAR-PDF-v0.2,Controlled_Support_Eligible,,false
registry/claim_experiment_crosswalk_audit_v0.3.csv,STAR-PDF-v0.2,Physical_Support_Eligible,,false
registry/claim_experiment_crosswalk_audit_v0.3.csv,STAR-PDF-v0.2,Current_Assessment,,CANDIDATE/HISTORICAL EVIDENCE / RECONSTRUCTION REQUIRED
registry/claim_experiment_crosswalk_audit_v0.3.csv,STAR-PDF-v0.2,Evidence_State,,U + R + N
registry/claim_experiment_crosswalk_audit_v0.3.csv,STAR-PDF-v0.2,Controlled_Support_Eligible,,false
registry/claim_experiment_crosswalk_audit_v0.3.csv,STAR-PDF-v0.2,Physical_Support_Eligible,,false
registry/claim_experiment_crosswalk_audit_v0.3.csv,STAR-PDF-v0.2,Current_Assessment,,PROPOSED / CONTROLLED TEST NOT VERIFIED
registry/claim_experiment_crosswalk_audit_v0.3.csv,STAR-PDF-v0.2,Evidence_State,,N
registry/claim_experiment_crosswalk_audit_v0.3.csv,STAR-PDF-v0.2,Controlled_Support_Eligible,,false
registry/claim_experiment_crosswalk_audit_v0.3.csv,STAR-PDF-v0.2,Physical_Support_Eligible,,false
registry/claim_experiment_crosswalk_audit_v0.3.csv,STAR-PDF-v0.2,Current_Assessment,,THEORETICAL STATEMENT / INDEPENDENT DERIVATION AUDIT REQUIRED
registry/claim_experiment_crosswalk_audit_v0.3.csv,STAR-PDF-v0.2,Evidence_State,,U + D + R
registry/claim_experiment_crosswalk_audit_v0.3.csv,STAR-PDF-v0.2,Controlled_Support_Eligible,,false
registry/claim_experiment_crosswalk_audit_v0.3.csv,STAR-PDF-v0.2,Physical_Support_Eligible,,false
registry/claim_experiment_crosswalk_audit_v0.3.csv,STAR-PDF-v0.2,Current_Assessment,,UNVERIFIED HISTORICAL RESULT / RECONSTRUCTION REQUIRED
registry/claim_experiment_crosswalk_audit_v0.3.csv,STAR-PDF-v0.2,Evidence_State,,U + R
registry/claim_experiment_crosswalk_audit_v0.3.csv,STAR-PDF-v0.2,Controlled_Support_Eligible,,false
registry/claim_experiment_crosswalk_audit_v0.3.csv,STAR-PDF-v0.2,Physical_Support_Eligible,,false
registry/claim_experiment_crosswalk_audit_v0.3.csv,STAR-PDF-v0.2,Current_Assessment,,NEGATIVE HISTORICAL REPORT RETAINED / NOT RERUN
registry/claim_experiment_crosswalk_audit_v0.3.csv,STAR-PDF-v0.2,Evidence_State,,U + X + R
registry/claim_experiment_crosswalk_audit_v0.3.csv,STAR-PDF-v0.2,Controlled_Support_Eligible,,false
registry/claim_experiment_crosswalk_audit_v0.3.csv,STAR-PDF-v0.2,Physical_Support_Eligible,,false
registry/claim_experiment_crosswalk_audit_v0.3.csv,STAR-PDF-v0.2,Current_Assessment,,CANDIDATE/HISTORICAL EVIDENCE / RECONSTRUCTION REQUIRED
registry/claim_experiment_crosswalk_audit_v0.3.csv,STAR-PDF-v0.2,Evidence_State,,U + R + N
registry/claim_experiment_crosswalk_audit_v0.3.csv,STAR-PDF-v0.2,Controlled_Support_Eligible,,false
registry/claim_experiment_crosswalk_audit_v0.3.csv,STAR-PDF-v0.2,Physical_Support_Eligible,,false
registry/claim_experiment_crosswalk_audit_v0.3.csv,STAR-PDF-v0.2,Current_Assessment,,CANDIDATE/HISTORICAL EVIDENCE / RECONSTRUCTION REQUIRED
registry/claim_experiment_crosswalk_audit_v0.3.csv,STAR-PDF-v0.2,Evidence_State,,U + R + N
registry/claim_experiment_crosswalk_audit_v0.3.csv,STAR-PDF-v0.2,Controlled_Support_Eligible,,false
registry/claim_experiment_crosswalk_audit_v0.3.csv,STAR-PDF-v0.2,Physical_Support_Eligible,,false
registry/claim_experiment_crosswalk_audit_v0.3.csv,STAR-PDF-v0.2,Current_Assessment,,CONFIRMED ENGINEERED FEATURE IN INSPECTED SCRIPT
registry/claim_experiment_crosswalk_audit_v0.3.csv,STAR-PDF-v0.2,Evidence_State,,U + H
registry/claim_experiment_crosswalk_audit_v0.3.csv,STAR-PDF-v0.2,Controlled_Support_Eligible,,false
registry/claim_experiment_crosswalk_audit_v0.3.csv,STAR-PDF-v0.2,Physical_Support_Eligible,,false
registry/claim_experiment_crosswalk_audit_v0.3.csv,STAR-PDF-v0.2,Current_Assessment,,CANDIDATE/HISTORICAL EVIDENCE / RECONSTRUCTION REQUIRED
registry/claim_experiment_crosswalk_audit_v0.3.csv,STAR-PDF-v0.2,Evidence_State,,U + R + N
registry/claim_experiment_crosswalk_audit_v0.3.csv,STAR-PDF-v0.2,Controlled_Support_Eligible,,false
registry/claim_experiment_crosswalk_audit_v0.3.csv,STAR-PDF-v0.2,Physical_Support_Eligible,,false
registry/claim_experiment_crosswalk_audit_v0.3.csv,STAR-PDF-v0.2,Current_Assessment,,PROPOSED / CONTROLLED TEST NOT VERIFIED
registry/claim_experiment_crosswalk_audit_v0.3.csv,STAR-PDF-v0.2,Evidence_State,,N
registry/claim_experiment_crosswalk_audit_v0.3.csv,STAR-PDF-v0.2,Controlled_Support_Eligible,,false
registry/claim_experiment_crosswalk_audit_v0.3.csv,STAR-PDF-v0.2,Physical_Support_Eligible,,false
registry/claim_experiment_crosswalk_audit_v0.3.csv,STAR-PDF-v0.2,Current_Assessment,,UNVERIFIED HISTORICAL RESULT / RECONSTRUCTION REQUIRED
registry/claim_experiment_crosswalk_audit_v0.3.csv,STAR-PDF-v0.2,Evidence_State,,U + R
registry/claim_experiment_crosswalk_audit_v0.3.csv,STAR-PDF-v0.2,Controlled_Support_Eligible,,false
registry/claim_experiment_crosswalk_audit_v0.3.csv,STAR-PDF-v0.2,Physical_Support_Eligible,,false
registry/claim_experiment_crosswalk_audit_v0.3.csv,STAR-PDF-v0.2,Current_Assessment,,MODEL/METHODOLOGICAL REQUIREMENT RETAINED
registry/claim_experiment_crosswalk_audit_v0.3.csv,STAR-PDF-v0.2,Evidence_State,,U + N
registry/claim_experiment_crosswalk_audit_v0.3.csv,STAR-PDF-v0.2,Controlled_Support_Eligible,,false
registry/claim_experiment_crosswalk_audit_v0.3.csv,STAR-PDF-v0.2,Physical_Support_Eligible,,false
registry/claim_experiment_crosswalk_audit_v0.3.csv,STAR-PDF-v0.2,Current_Assessment,,HISTORICAL CONTROL CANDIDATE / INPUT SCHEMA MISMATCH
registry/claim_experiment_crosswalk_audit_v0.3.csv,STAR-PDF-v0.2,Evidence_State,,U + C + X + R
registry/claim_experiment_crosswalk_audit_v0.3.csv,STAR-PDF-v0.2,Controlled_Support_Eligible,,false
registry/claim_experiment_crosswalk_audit_v0.3.csv,STAR-PDF-v0.2,Physical_Support_Eligible,,false
registry/claim_experiment_crosswalk_audit_v0.3.csv,STAR-PDF-v0.2,Current_Assessment,,CONTROL REQUIRED / INVALID LOCAL SIGNIFICANCE RETAINED
registry/claim_experiment_crosswalk_audit_v0.3.csv,STAR-PDF-v0.2,Evidence_State,,N + X
registry/claim_experiment_crosswalk_audit_v0.3.csv,STAR-PDF-v0.2,Controlled_Support_Eligible,,false
registry/claim_experiment_crosswalk_audit_v0.3.csv,STAR-PDF-v0.2,Physical_Support_Eligible,,false
registry/claim_experiment_crosswalk_audit_v0.3.csv,STAR-PDF-v0.2,Current_Assessment,,STATIC LEAKAGE ROUTES DIAGNOSED / CLEAN RERUN REQUIRED
registry/claim_experiment_crosswalk_audit_v0.3.csv,STAR-PDF-v0.2,Evidence_State,,X + R
registry/claim_experiment_crosswalk_audit_v0.3.csv,STAR-PDF-v0.2,Controlled_Support_Eligible,,false
registry/claim_experiment_crosswalk_audit_v0.3.csv,STAR-PDF-v0.2,Physical_Support_Eligible,,false
registry/claim_experiment_crosswalk_audit_v0.3.csv,STAR-PDF-v0.2,Current_Assessment,,FAILED AS-FOUND ASSOCIATIONS / RECONSTRUCTION REQUIRED
registry/claim_experiment_crosswalk_audit_v0.3.csv,STAR-PDF-v0.2,Evidence_State,,X + R
registry/claim_experiment_crosswalk_audit_v0.3.csv,STAR-PDF-v0.2,Controlled_Support_Eligible,,false
registry/claim_experiment_crosswalk_audit_v0.3.csv,STAR-PDF-v0.2,Physical_Support_Eligible,,false
registry/claim_experiment_crosswalk_audit_v0.3.csv,STAR-PDF-v0.2,Current_Assessment,,PARTIAL LINEAGE / ARTIFACT CONFLICTS
registry/claim_experiment_crosswalk_audit_v0.3.csv,STAR-PDF-v0.2,Evidence_State,,U + X + R
registry/claim_experiment_crosswalk_audit_v0.3.csv,STAR-PDF-v0.2,Controlled_Support_Eligible,,false
registry/claim_experiment_crosswalk_audit_v0.3.csv,STAR-PDF-v0.2,Physical_Support_Eligible,,false
registry/claim_experiment_crosswalk_audit_v0.3.csv,STAR-PDF-v0.2,Current_Assessment,,CANDIDATE/HISTORICAL EVIDENCE / RECONSTRUCTION REQUIRED
registry/claim_experiment_crosswalk_audit_v0.3.csv,STAR-PDF-v0.2,Evidence_State,,U + R + N
registry/claim_experiment_crosswalk_audit_v0.3.csv,STAR-PDF-v0.2,Controlled_Support_Eligible,,false
registry/claim_experiment_crosswalk_audit_v0.3.csv,STAR-PDF-v0.2,Physical_Support_Eligible,,false
registry/claim_experiment_crosswalk_audit_v0.3.csv,STAR-PDF-v0.2,Current_Assessment,,THEORETICAL STATEMENT / INDEPENDENT DERIVATION AUDIT REQUIRED
registry/claim_experiment_crosswalk_audit_v0.3.csv,STAR-PDF-v0.2,Evidence_State,,U + D + R
registry/claim_experiment_crosswalk_audit_v0.3.csv,STAR-PDF-v0.2,Controlled_Support_Eligible,,false
registry/claim_experiment_crosswalk_audit_v0.3.csv,STAR-PDF-v0.2,Physical_Support_Eligible,,false
registry/claim_experiment_crosswalk_audit_v0.3.csv,STAR-PDF-v0.2,Current_Assessment,,PROPOSED / CONTROLLED TEST NOT VERIFIED
registry/claim_experiment_crosswalk_audit_v0.3.csv,STAR-PDF-v0.2,Evidence_State,,N
registry/claim_experiment_crosswalk_audit_v0.3.csv,STAR-PDF-v0.2,Controlled_Support_Eligible,,false
registry/claim_experiment_crosswalk_audit_v0.3.csv,STAR-PDF-v0.2,Physical_Support_Eligible,,false
registry/claim_experiment_crosswalk_audit_v0.3.csv,STAR-PDF-v0.2,Current_Assessment,,THEORETICAL STATEMENT / INDEPENDENT DERIVATION AUDIT REQUIRED
registry/claim_experiment_crosswalk_audit_v0.3.csv,STAR-PDF-v0.2,Evidence_State,,U + D + R
registry/claim_experiment_crosswalk_audit_v0.3.csv,STAR-PDF-v0.2,Controlled_Support_Eligible,,false
registry/claim_experiment_crosswalk_audit_v0.3.csv,STAR-PDF-v0.2,Physical_Support_Eligible,,false
registry/claim_experiment_crosswalk_audit_v0.3.csv,STAR-PDF-v0.2,Current_Assessment,,THEORETICAL STATEMENT / INDEPENDENT DERIVATION AUDIT REQUIRED
registry/claim_experiment_crosswalk_audit_v0.3.csv,STAR-PDF-v0.2,Evidence_State,,U + D + R
registry/claim_experiment_crosswalk_audit_v0.3.csv,STAR-PDF-v0.2,Controlled_Support_Eligible,,false
registry/claim_experiment_crosswalk_audit_v0.3.csv,STAR-PDF-v0.2,Physical_Support_Eligible,,false
registry/claim_experiment_crosswalk_audit_v0.3.csv,STAR-PDF-v0.2,Current_Assessment,,MODEL/METHODOLOGICAL REQUIREMENT RETAINED
registry/claim_experiment_crosswalk_audit_v0.3.csv,STAR-PDF-v0.2,Evidence_State,,U + N
registry/claim_experiment_crosswalk_audit_v0.3.csv,STAR-PDF-v0.2,Controlled_Support_Eligible,,false
registry/claim_experiment_crosswalk_audit_v0.3.csv,STAR-PDF-v0.2,Physical_Support_Eligible,,false
registry/claim_experiment_crosswalk_audit_v0.3.csv,STAR-PDF-v0.2,Current_Assessment,,MODEL/METHODOLOGICAL REQUIREMENT RETAINED
registry/claim_experiment_crosswalk_audit_v0.3.csv,STAR-PDF-v0.2,Evidence_State,,U + N
registry/claim_experiment_crosswalk_audit_v0.3.csv,STAR-PDF-v0.2,Controlled_Support_Eligible,,false
registry/claim_experiment_crosswalk_audit_v0.3.csv,STAR-PDF-v0.2,Physical_Support_Eligible,,false
registry/claim_experiment_crosswalk_audit_v0.3.csv,STAR-PDF-v0.2,Current_Assessment,,PROPOSED / CONTROLLED TEST NOT VERIFIED
registry/claim_experiment_crosswalk_audit_v0.3.csv,STAR-PDF-v0.2,Evidence_State,,N
registry/claim_experiment_crosswalk_audit_v0.3.csv,STAR-PDF-v0.2,Controlled_Support_Eligible,,false
registry/claim_experiment_crosswalk_audit_v0.3.csv,STAR-PDF-v0.2,Physical_Support_Eligible,,false
registry/claim_experiment_crosswalk_audit_v0.3.csv,STAR-PDF-v0.2,Current_Assessment,,PROPOSED / CONTROLLED TEST NOT VERIFIED
registry/claim_experiment_crosswalk_audit_v0.3.csv,STAR-PDF-v0.2,Evidence_State,,N
registry/claim_experiment_crosswalk_audit_v0.3.csv,STAR-PDF-v0.2,Controlled_Support_Eligible,,false
registry/claim_experiment_crosswalk_audit_v0.3.csv,STAR-PDF-v0.2,Physical_Support_Eligible,,false
registry/claim_experiment_crosswalk_audit_v0.3.csv,STAR-PDF-v0.2,Current_Assessment,,CANDIDATE/HISTORICAL EVIDENCE / RECONSTRUCTION REQUIRED
registry/claim_experiment_crosswalk_audit_v0.3.csv,STAR-PDF-v0.2,Evidence_State,,U + R + N
registry/claim_experiment_crosswalk_audit_v0.3.csv,STAR-PDF-v0.2,Controlled_Support_Eligible,,false
registry/claim_experiment_crosswalk_audit_v0.3.csv,STAR-PDF-v0.2,Physical_Support_Eligible,,false
registry/claim_experiment_crosswalk_audit_v0.3.csv,STAR-PDF-v0.2,Current_Assessment,,THEORETICAL STATEMENT / INDEPENDENT DERIVATION AUDIT REQUIRED
registry/claim_experiment_crosswalk_audit_v0.3.csv,STAR-PDF-v0.2,Evidence_State,,U + D + R
registry/claim_experiment_crosswalk_audit_v0.3.csv,STAR-PDF-v0.2,Controlled_Support_Eligible,,false
registry/claim_experiment_crosswalk_audit_v0.3.csv,STAR-PDF-v0.2,Physical_Support_Eligible,,false
registry/claim_experiment_crosswalk_audit_v0.3.csv,STAR-PDF-v0.2,Current_Assessment,,PROPOSED / CONTROLLED TEST NOT VERIFIED
registry/claim_experiment_crosswalk_audit_v0.3.csv,STAR-PDF-v0.2,Evidence_State,,N
registry/claim_experiment_crosswalk_audit_v0.3.csv,STAR-PDF-v0.2,Controlled_Support_Eligible,,false
registry/claim_experiment_crosswalk_audit_v0.3.csv,STAR-PDF-v0.2,Physical_Support_Eligible,,false
registry/claim_experiment_crosswalk_audit_v0.3.csv,STAR-PDF-v0.2,Current_Assessment,,PROPOSED / CONTROLLED TEST NOT VERIFIED
registry/claim_experiment_crosswalk_audit_v0.3.csv,STAR-PDF-v0.2,Evidence_State,,N
registry/claim_experiment_crosswalk_audit_v0.3.csv,STAR-PDF-v0.2,Controlled_Support_Eligible,,false
registry/claim_experiment_crosswalk_audit_v0.3.csv,STAR-PDF-v0.2,Physical_Support_Eligible,,false
registry/claim_experiment_crosswalk_audit_v0.3.csv,STAR-PDF-v0.2,Current_Assessment,,PROPOSED / CONTROLLED TEST NOT VERIFIED
registry/claim_experiment_crosswalk_audit_v0.3.csv,STAR-PDF-v0.2,Evidence_State,,N
registry/claim_experiment_crosswalk_audit_v0.3.csv,STAR-PDF-v0.2,Controlled_Support_Eligible,,false
registry/claim_experiment_crosswalk_audit_v0.3.csv,STAR-PDF-v0.2,Physical_Support_Eligible,,false
registry/claim_experiment_crosswalk_audit_v0.3.csv,STAR-PDF-v0.2,Current_Assessment,,DOWNSTREAM / UNVALIDATED; ILLUSTRATION IS CALIBRATED
registry/claim_experiment_crosswalk_audit_v0.3.csv,STAR-PDF-v0.2,Evidence_State,,N + H
registry/claim_experiment_crosswalk_audit_v0.3.csv,STAR-PDF-v0.2,Controlled_Support_Eligible,,false
registry/claim_experiment_crosswalk_audit_v0.3.csv,STAR-PDF-v0.2,Physical_Support_Eligible,,false
registry/claim_experiment_crosswalk_audit_v0.3.csv,STAR-PDF-v0.2,Current_Assessment,,HISTORICAL ONLY / RECONSTRUCTION AND NEW CONTROLLED TEST REQUIRED
registry/claim_experiment_crosswalk_audit_v0.3.csv,STAR-PDF-v0.2,Evidence_State,,H + R
registry/claim_experiment_crosswalk_audit_v0.3.csv,STAR-PDF-v0.2,Controlled_Support_Eligible,,false
registry/claim_experiment_crosswalk_audit_v0.3.csv,STAR-PDF-v0.2,Physical_Support_Eligible,,false
registry/claim_experiment_crosswalk_audit_v0.3.csv,STAR-PDF-v0.2,Current_Assessment,,HISTORICAL ONLY / RECONSTRUCTION AND NEW CONTROLLED TEST REQUIRED
registry/claim_experiment_crosswalk_audit_v0.3.csv,STAR-PDF-v0.2,Evidence_State,,H + R
registry/claim_experiment_crosswalk_audit_v0.3.csv,STAR-PDF-v0.2,Controlled_Support_Eligible,,false
registry/claim_experiment_crosswalk_audit_v0.3.csv,STAR-PDF-v0.2,Physical_Support_Eligible,,false
registry/claim_experiment_crosswalk_audit_v0.3.csv,STAR-PDF-v0.2,Current_Assessment,,HISTORICAL ONLY / RECONSTRUCTION AND NEW CONTROLLED TEST REQUIRED
registry/claim_experiment_crosswalk_audit_v0.3.csv,STAR-PDF-v0.2,Evidence_State,,H + R
registry/claim_experiment_crosswalk_audit_v0.3.csv,STAR-PDF-v0.2,Controlled_Support_Eligible,,false
registry/claim_experiment_crosswalk_audit_v0.3.csv,STAR-PDF-v0.2,Physical_Support_Eligible,,false
registry/claim_experiment_crosswalk_audit_v0.3.csv,STAR-PDF-v0.2,Current_Assessment,,HISTORICAL ONLY / RECONSTRUCTION AND NEW CONTROLLED TEST REQUIRED
registry/claim_experiment_crosswalk_audit_v0.3.csv,STAR-PDF-v0.2,Evidence_State,,H + R
registry/claim_experiment_crosswalk_audit_v0.3.csv,STAR-PDF-v0.2,Controlled_Support_Eligible,,false
registry/claim_experiment_crosswalk_audit_v0.3.csv,STAR-PDF-v0.2,Physical_Support_Eligible,,false
registry/claim_experiment_crosswalk_audit_v0.3.csv,STAR-PDF-v0.2,Current_Assessment,,HISTORICAL ONLY / RECONSTRUCTION AND NEW CONTROLLED TEST REQUIRED
registry/claim_experiment_crosswalk_audit_v0.3.csv,STAR-PDF-v0.2,Evidence_State,,H + R
registry/claim_experiment_crosswalk_audit_v0.3.csv,STAR-PDF-v0.2,Controlled_Support_Eligible,,false
registry/claim_experiment_crosswalk_audit_v0.3.csv,STAR-PDF-v0.2,Physical_Support_Eligible,,false
registry/claim_experiment_crosswalk_audit_v0.3.csv,STAR-PDF-v0.2,Current_Assessment,,HISTORICAL ONLY / RECONSTRUCTION AND NEW CONTROLLED TEST REQUIRED
registry/claim_experiment_crosswalk_audit_v0.3.csv,STAR-PDF-v0.2,Evidence_State,,H + R
registry/claim_experiment_crosswalk_audit_v0.3.csv,STAR-PDF-v0.2,Controlled_Support_Eligible,,false
registry/claim_experiment_crosswalk_audit_v0.3.csv,STAR-PDF-v0.2,Physical_Support_Eligible,,false
registry/claim_experiment_crosswalk_audit_v0.3.csv,STAR-PDF-v0.2,Current_Assessment,,HISTORICAL ONLY / RECONSTRUCTION AND NEW CONTROLLED TEST REQUIRED
registry/claim_experiment_crosswalk_audit_v0.3.csv,STAR-PDF-v0.2,Evidence_State,,H + R
registry/claim_experiment_crosswalk_audit_v0.3.csv,STAR-PDF-v0.2,Controlled_Support_Eligible,,false
registry/claim_experiment_crosswalk_audit_v0.3.csv,STAR-PDF-v0.2,Physical_Support_Eligible,,false
registry/claim_experiment_crosswalk_audit_v0.3.csv,STAR-PDF-v0.2,Current_Assessment,,HISTORICAL ONLY / RECONSTRUCTION AND NEW CONTROLLED TEST REQUIRED
registry/claim_experiment_crosswalk_audit_v0.3.csv,STAR-PDF-v0.2,Evidence_State,,H + R
registry/claim_experiment_crosswalk_audit_v0.3.csv,STAR-PDF-v0.2,Controlled_Support_Eligible,,false
registry/claim_experiment_crosswalk_audit_v0.3.csv,STAR-PDF-v0.2,Physical_Support_Eligible,,false
registry/claim_experiment_crosswalk_v0.2.csv,CLAIM-ACSC-001/EXP-DATA-A01,Controlled_Support_Eligible,,false
registry/claim_experiment_crosswalk_v0.2.csv,CLAIM-ACSC-001/EXP-DATA-A01,Physical_Support_Eligible,,false
registry/claim_experiment_crosswalk_v0.2.csv,CLAIM-ACSC-001/EXP-DATA-A02,Controlled_Support_Eligible,,false
registry/claim_experiment_crosswalk_v0.2.csv,CLAIM-ACSC-001/EXP-DATA-A02,Physical_Support_Eligible,,false
registry/claim_experiment_crosswalk_v0.2.csv,CLAIM-ACSC-001/EXP-CTRL-A01,Controlled_Support_Eligible,,false
registry/claim_experiment_crosswalk_v0.2.csv,CLAIM-ACSC-001/EXP-CTRL-A01,Physical_Support_Eligible,,false
registry/claim_experiment_crosswalk_v0.2.csv,CLAIM-ACSC-001/EXP-CTRL-A02,Controlled_Support_Eligible,,false
registry/claim_experiment_crosswalk_v0.2.csv,CLAIM-ACSC-001/EXP-CTRL-A02,Physical_Support_Eligible,,false
registry/claim_experiment_crosswalk_v0.2.csv,CLAIM-ACSC-001/EXP-CTRL-A03,Controlled_Support_Eligible,,false
registry/claim_experiment_crosswalk_v0.2.csv,CLAIM-ACSC-001/EXP-CTRL-A03,Physical_Support_Eligible,,false
registry/claim_experiment_crosswalk_v0.2.csv,CLAIM-ACSC-001/EXP-K001,Controlled_Support_Eligible,,false
registry/claim_experiment_crosswalk_v0.2.csv,CLAIM-ACSC-001/EXP-K001,Physical_Support_Eligible,,false
registry/claim_experiment_crosswalk_v0.2.csv,CLAIM-ACSC-001/EXP-L001,Controlled_Support_Eligible,,false
registry/claim_experiment_crosswalk_v0.2.csv,CLAIM-ACSC-001/EXP-L001,Physical_Support_Eligible,,false
registry/claim_experiment_crosswalk_v0.2.csv,CLAIM-SFR-001/EXP-SFR-A01,Controlled_Support_Eligible,,false
registry/claim_experiment_crosswalk_v0.2.csv,CLAIM-SFR-001/EXP-SFR-A01,Physical_Support_Eligible,,false
registry/claim_experiment_crosswalk_v0.2.csv,CLAIM-SFR-001/EXP-SFR-A02,Controlled_Support_Eligible,,false
registry/claim_experiment_crosswalk_v0.2.csv,CLAIM-SFR-001/EXP-SFR-A02,Physical_Support_Eligible,,false
registry/claim_experiment_crosswalk_v0.2.csv,CLAIM-SFR-001/EXP-SFR-A03,Controlled_Support_Eligible,,false
registry/claim_experiment_crosswalk_v0.2.csv,CLAIM-SFR-001/EXP-SFR-A03,Physical_Support_Eligible,,false
registry/claim_experiment_crosswalk_v0.2.csv,CLAIM-ACSC-001/EXP-RANK-A01,Controlled_Support_Eligible,,false
registry/claim_experiment_crosswalk_v0.2.csv,CLAIM-ACSC-001/EXP-RANK-A01,Physical_Support_Eligible,,false
registry/claim_experiment_crosswalk_v0.2.csv,CLAIM-ACSC-003/EXP-RANK-A02,Controlled_Support_Eligible,,false
registry/claim_experiment_crosswalk_v0.2.csv,CLAIM-ACSC-003/EXP-RANK-A02,Physical_Support_Eligible,,false
registry/claim_experiment_crosswalk_v0.2.csv,CLAIM-ACSC-003/EXP-TOPO-A01,Controlled_Support_Eligible,,false
registry/claim_experiment_crosswalk_v0.2.csv,CLAIM-ACSC-003/EXP-TOPO-A01,Physical_Support_Eligible,,false
registry/claim_experiment_crosswalk_v0.2.csv,CLAIM-ACSC-001/EXP-MAP-A01,Controlled_Support_Eligible,,false
registry/claim_experiment_crosswalk_v0.2.csv,CLAIM-ACSC-001/EXP-MAP-A01,Physical_Support_Eligible,,false
registry/claim_experiment_crosswalk_v0.2.csv,CLAIM-ACSC-002/EXP-MAP-A02,Controlled_Support_Eligible,,false
registry/claim_experiment_crosswalk_v0.2.csv,CLAIM-ACSC-002/EXP-MAP-A02,Physical_Support_Eligible,,false
registry/claim_experiment_crosswalk_v0.2.csv,CLAIM-ACSC-002/EXP-MAP-A03,Controlled_Support_Eligible,,false
registry/claim_experiment_crosswalk_v0.2.csv,CLAIM-ACSC-002/EXP-MAP-A03,Physical_Support_Eligible,,false
registry/claim_experiment_crosswalk_v0.2.csv,CLAIM-RTCH-001/EXP-RTCH-B01,Controlled_Support_Eligible,,false
registry/claim_experiment_crosswalk_v0.2.csv,CLAIM-RTCH-001/EXP-RTCH-B01,Physical_Support_Eligible,,false
registry/claim_experiment_crosswalk_v0.2.csv,CLAIM-ECC-001/EXP-ECC-B01,Controlled_Support_Eligible,,false
registry/claim_experiment_crosswalk_v0.2.csv,CLAIM-ECC-001/EXP-ECC-B01,Physical_Support_Eligible,,false
registry/data_provenance_registry_v0.1.csv,DATA-SDSS18-200K,Evidence_Status,controlled,unknown
registry/data_provenance_registry_v0.1.csv,DATA-MANGA-HI-ALL,Evidence_Status,controlled,unknown
registry/data_provenance_registry_v0.1.csv,DATA-PROVENANCE-ALL,Evidence_Status,derived,unknown
registry/data_provenance_registry_v0.1.csv,DATA-ARITHMETIC,Evidence_Status,controlled,unknown
registry/data_provenance_registry_v0.1.csv,DATA-SFR-MANGA-PIP3D,Evidence_Status,controlled,unknown
registry/data_provenance_registry_v0.1.csv,DATA-COSMIC-ENV,Evidence_Status,controlled,unknown
registry/data_provenance_registry_v0.1.csv,DATA-PHYS-CONSTRAINTS,Evidence_Status,controlled,unknown
registry/data_provenance_registry_v0.1.csv,DATA-ECC-THEORY,Evidence_Status,derived,unknown
registry/data_provenance_registry_v0.1.csv,AUDIT-QUARANTINE-v0.3:QDATA-SDSS-HI-001,Provenance_Status,,quarantined
registry/data_provenance_registry_v0.1.csv,AUDIT-QUARANTINE-v0.3:QDATA-SDSS-HI-001,Evidence_Status,,negative_null
registry/data_provenance_registry_v0.1.csv,AUDIT-QUARANTINE-v0.3:QDATA-SDSS-HI-002,Provenance_Status,,quarantined
registry/data_provenance_registry_v0.1.csv,AUDIT-QUARANTINE-v0.3:QDATA-SDSS-HI-002,Evidence_Status,,negative_null
registry/data_provenance_registry_v0.1.csv,AUDIT-QUARANTINE-v0.3:QDATA-PROJECTION-acsc_projected_cremona.csv,Provenance_Status,,quarantined
registry/data_provenance_registry_v0.1.csv,AUDIT-QUARANTINE-v0.3:QDATA-PROJECTION-acsc_projected_cremona.csv,Evidence_Status,,negative_null
registry/data_provenance_registry_v0.1.csv,AUDIT-QUARANTINE-v0.3:QDATA-PROJECTION-acsc_projected_cremona_aligned.csv,Provenance_Status,,quarantined
registry/data_provenance_registry_v0.1.csv,AUDIT-QUARANTINE-v0.3:QDATA-PROJECTION-acsc_projected_cremona_aligned.csv,Evidence_Status,,negative_null
registry/data_provenance_registry_v0.1.csv,AUDIT-QUARANTINE-v0.3:QDATA-PROJECTION-acsc_projected_cremona_final.csv,Provenance_Status,,quarantined
registry/data_provenance_registry_v0.1.csv,AUDIT-QUARANTINE-v0.3:QDATA-PROJECTION-acsc_projected_cremona_final.csv,Evidence_Status,,negative_null
registry/data_provenance_registry_v0.1.csv,AUDIT-QUARANTINE-v0.3:QDATA-PROJECTION-acsc_projected_cremona_ptd_aligned.csv,Provenance_Status,,quarantined
registry/data_provenance_registry_v0.1.csv,AUDIT-QUARANTINE-v0.3:QDATA-PROJECTION-acsc_projected_cremona_ptd_aligned.csv,Evidence_Status,,negative_null
registry/data_provenance_registry_v0.1.csv,AUDIT-QUARANTINE-v0.3:QDATA-PROJECTION-acsc_projected_cremona_realproj.csv,Provenance_Status,,quarantined
registry/data_provenance_registry_v0.1.csv,AUDIT-QUARANTINE-v0.3:QDATA-PROJECTION-acsc_projected_cremona_realproj.csv,Evidence_Status,,negative_null
registry/data_provenance_registry_v0.1.csv,AUDIT-QUARANTINE-v0.3:QDATA-PROJECTION-acsc_projected_cremona_with_alt.csv,Provenance_Status,,quarantined
registry/data_provenance_registry_v0.1.csv,AUDIT-QUARANTINE-v0.3:QDATA-PROJECTION-acsc_projected_cremona_with_alt.csv,Evidence_Status,,negative_null
registry/data_provenance_registry_v0.1.csv,AUDIT-QUARANTINE-v0.3:QDATA-PROJECTION-acsc_projected_cremona_final.csv.manifest.json,Provenance_Status,,quarantined
registry/data_provenance_registry_v0.1.csv,AUDIT-QUARANTINE-v0.3:QDATA-PROJECTION-acsc_projected_cremona_final.csv.manifest.json,Evidence_Status,,historical
registry/data_provenance_registry_v0.1.csv,LOCAL-RTCH-E1:outer_900:data/demo_torus.csv,Provenance_Status,,quarantined
registry/data_provenance_registry_v0.1.csv,LOCAL-RTCH-E1:outer_900:data/demo_torus.csv,Evidence_Status,,historical
registry/data_provenance_registry_v0.1.csv,LOCAL-RTCH-E1:outer_900:results/figures/geodesic_projection.png,Provenance_Status,,quarantined
registry/data_provenance_registry_v0.1.csv,LOCAL-RTCH-E1:outer_900:results/figures/geodesic_projection.png,Evidence_Status,,historical
registry/data_provenance_registry_v0.1.csv,LOCAL-RTCH-E1:outer_900:results/figures/persistence_H0.png,Provenance_Status,,quarantined
registry/data_provenance_registry_v0.1.csv,LOCAL-RTCH-E1:outer_900:results/figures/persistence_H0.png,Evidence_Status,,historical
registry/data_provenance_registry_v0.1.csv,LOCAL-RTCH-E1:outer_900:results/figures/scalar_embedding.png,Provenance_Status,,quarantined
registry/data_provenance_registry_v0.1.csv,LOCAL-RTCH-E1:outer_900:results/figures/scalar_embedding.png,Evidence_Status,,historical
registry/data_provenance_registry_v0.1.csv,LOCAL-RTCH-E1:outer_900:results/geodesics.csv,Provenance_Status,,quarantined
registry/data_provenance_registry_v0.1.csv,LOCAL-RTCH-E1:outer_900:results/geodesics.csv,Evidence_Status,,historical
registry/data_provenance_registry_v0.1.csv,LOCAL-RTCH-E1:outer_900:results/null_persistence.csv,Provenance_Status,,quarantined
registry/data_provenance_registry_v0.1.csv,LOCAL-RTCH-E1:outer_900:results/null_persistence.csv,Evidence_Status,,historical
registry/data_provenance_registry_v0.1.csv,LOCAL-RTCH-E1:outer_900:results/prediction_tests.csv,Provenance_Status,,quarantined
registry/data_provenance_registry_v0.1.csv,LOCAL-RTCH-E1:outer_900:results/prediction_tests.csv,Evidence_Status,,historical
registry/data_provenance_registry_v0.1.csv,LOCAL-RTCH-E1:outer_900:results/rank_label_nulls.csv,Provenance_Status,,quarantined
registry/data_provenance_registry_v0.1.csv,LOCAL-RTCH-E1:outer_900:results/rank_label_nulls.csv,Evidence_Status,,historical
registry/data_provenance_registry_v0.1.csv,LOCAL-RTCH-E1:outer_900:results/result.json,Provenance_Status,,quarantined
registry/data_provenance_registry_v0.1.csv,LOCAL-RTCH-E1:outer_900:results/result.json,Evidence_Status,,historical
registry/data_provenance_registry_v0.1.csv,LOCAL-RTCH-E1:outer_900:results/run_manifest.json,Provenance_Status,,quarantined
registry/data_provenance_registry_v0.1.csv,LOCAL-RTCH-E1:outer_900:results/run_manifest.json,Evidence_Status,,historical
registry/data_provenance_registry_v0.1.csv,LOCAL-RTCH-E1:outer_900:results/scalar_embeddings.csv,Provenance_Status,,quarantined
registry/data_provenance_registry_v0.1.csv,LOCAL-RTCH-E1:outer_900:results/scalar_embeddings.csv,Evidence_Status,,historical
registry/data_provenance_registry_v0.1.csv,LOCAL-RTCH-E1:outer_900:results/stability_summary.csv,Provenance_Status,,quarantined
registry/data_provenance_registry_v0.1.csv,LOCAL-RTCH-E1:outer_900:results/stability_summary.csv,Evidence_Status,,historical
registry/data_provenance_registry_v0.1.csv,LOCAL-RTCH-E1:outer_900:results/topology_summary.csv,Provenance_Status,,quarantined
registry/data_provenance_registry_v0.1.csv,LOCAL-RTCH-E1:outer_900:results/topology_summary.csv,Evidence_Status,,historical
registry/data_provenance_registry_v0.1.csv,LOCAL-RTCH-E1:nested_350:data/demo_torus.csv,Provenance_Status,,quarantined
registry/data_provenance_registry_v0.1.csv,LOCAL-RTCH-E1:nested_350:data/demo_torus.csv,Evidence_Status,,historical
registry/data_provenance_registry_v0.1.csv,LOCAL-RTCH-E1:nested_350:results/figures/geodesic_projection.png,Provenance_Status,,quarantined
registry/data_provenance_registry_v0.1.csv,LOCAL-RTCH-E1:nested_350:results/figures/geodesic_projection.png,Evidence_Status,,historical
registry/data_provenance_registry_v0.1.csv,LOCAL-RTCH-E1:nested_350:results/figures/persistence_H0.png,Provenance_Status,,quarantined
registry/data_provenance_registry_v0.1.csv,LOCAL-RTCH-E1:nested_350:results/figures/persistence_H0.png,Evidence_Status,,historical
registry/data_provenance_registry_v0.1.csv,LOCAL-RTCH-E1:nested_350:results/figures/persistence_H1.png,Provenance_Status,,quarantined
registry/data_provenance_registry_v0.1.csv,LOCAL-RTCH-E1:nested_350:results/figures/persistence_H1.png,Evidence_Status,,historical
registry/data_provenance_registry_v0.1.csv,LOCAL-RTCH-E1:nested_350:results/figures/persistence_H2.png,Provenance_Status,,quarantined
registry/data_provenance_registry_v0.1.csv,LOCAL-RTCH-E1:nested_350:results/figures/persistence_H2.png,Evidence_Status,,historical
registry/data_provenance_registry_v0.1.csv,LOCAL-RTCH-E1:nested_350:results/figures/scalar_embedding.png,Provenance_Status,,quarantined
registry/data_provenance_registry_v0.1.csv,LOCAL-RTCH-E1:nested_350:results/figures/scalar_embedding.png,Evidence_Status,,historical
registry/data_provenance_registry_v0.1.csv,LOCAL-RTCH-E1:nested_350:results/geodesics.csv,Provenance_Status,,quarantined
registry/data_provenance_registry_v0.1.csv,LOCAL-RTCH-E1:nested_350:results/geodesics.csv,Evidence_Status,,historical
registry/data_provenance_registry_v0.1.csv,LOCAL-RTCH-E1:nested_350:results/null_persistence.csv,Provenance_Status,,quarantined
registry/data_provenance_registry_v0.1.csv,LOCAL-RTCH-E1:nested_350:results/null_persistence.csv,Evidence_Status,,historical
registry/data_provenance_registry_v0.1.csv,LOCAL-RTCH-E1:nested_350:results/prediction_tests.csv,Provenance_Status,,quarantined
registry/data_provenance_registry_v0.1.csv,LOCAL-RTCH-E1:nested_350:results/prediction_tests.csv,Evidence_Status,,historical
registry/data_provenance_registry_v0.1.csv,LOCAL-RTCH-E1:nested_350:results/rank_label_nulls.csv,Provenance_Status,,quarantined
registry/data_provenance_registry_v0.1.csv,LOCAL-RTCH-E1:nested_350:results/rank_label_nulls.csv,Evidence_Status,,historical
registry/data_provenance_registry_v0.1.csv,LOCAL-RTCH-E1:nested_350:results/result.json,Provenance_Status,,quarantined
registry/data_provenance_registry_v0.1.csv,LOCAL-RTCH-E1:nested_350:results/result.json,Evidence_Status,,historical
registry/data_provenance_registry_v0.1.csv,LOCAL-RTCH-E1:nested_350:results/run_manifest.json,Provenance_Status,,quarantined
registry/data_provenance_registry_v0.1.csv,LOCAL-RTCH-E1:nested_350:results/run_manifest.json,Evidence_Status,,historical
registry/data_provenance_registry_v0.1.csv,LOCAL-RTCH-E1:nested_350:results/scalar_embeddings.csv,Provenance_Status,,quarantined
registry/data_provenance_registry_v0.1.csv,LOCAL-RTCH-E1:nested_350:results/scalar_embeddings.csv,Evidence_Status,,historical
registry/data_provenance_registry_v0.1.csv,LOCAL-RTCH-E1:nested_350:results/stability_summary.csv,Provenance_Status,,quarantined
registry/data_provenance_registry_v0.1.csv,LOCAL-RTCH-E1:nested_350:results/stability_summary.csv,Evidence_Status,,historical
registry/data_provenance_registry_v0.1.csv,LOCAL-RTCH-E1:nested_350:results/topology_summary.csv,Provenance_Status,,quarantined
registry/data_provenance_registry_v0.1.csv,LOCAL-RTCH-E1:nested_350:results/topology_summary.csv,Evidence_Status,,historical
registry/dataset_audit_bindings_v0.3.csv,DATA-SDSS18-200K,Achieved_Evidence_Status,,unknown
registry/dataset_audit_bindings_v0.3.csv,DATA-SDSS18-200K,Controlled_Execution_Eligible,,false
registry/dataset_audit_bindings_v0.3.csv,DATA-SDSS18-200K,Controlled_Support_Eligible,,false
registry/dataset_audit_bindings_v0.3.csv,DATA-SDSS18-200K,Physical_Support_Eligible,,false
registry/dataset_audit_bindings_v0.3.csv,DATA-MANGA-HI-ALL,Achieved_Evidence_Status,,unknown
registry/dataset_audit_bindings_v0.3.csv,DATA-MANGA-HI-ALL,Controlled_Execution_Eligible,,false
registry/dataset_audit_bindings_v0.3.csv,DATA-MANGA-HI-ALL,Controlled_Support_Eligible,,false
registry/dataset_audit_bindings_v0.3.csv,DATA-MANGA-HI-ALL,Physical_Support_Eligible,,false
registry/dataset_audit_bindings_v0.3.csv,DATA-PROVENANCE-ALL,Achieved_Evidence_Status,,unknown
registry/dataset_audit_bindings_v0.3.csv,DATA-PROVENANCE-ALL,Controlled_Execution_Eligible,,false
registry/dataset_audit_bindings_v0.3.csv,DATA-PROVENANCE-ALL,Controlled_Support_Eligible,,false
registry/dataset_audit_bindings_v0.3.csv,DATA-PROVENANCE-ALL,Physical_Support_Eligible,,false
registry/dataset_audit_bindings_v0.3.csv,DATA-ARITHMETIC,Achieved_Evidence_Status,,unknown
registry/dataset_audit_bindings_v0.3.csv,DATA-ARITHMETIC,Controlled_Execution_Eligible,,false
registry/dataset_audit_bindings_v0.3.csv,DATA-ARITHMETIC,Controlled_Support_Eligible,,false
registry/dataset_audit_bindings_v0.3.csv,DATA-ARITHMETIC,Physical_Support_Eligible,,false
registry/dataset_audit_bindings_v0.3.csv,DATA-SFR-MANGA-PIP3D,Achieved_Evidence_Status,,unknown
registry/dataset_audit_bindings_v0.3.csv,DATA-SFR-MANGA-PIP3D,Controlled_Execution_Eligible,,false
registry/dataset_audit_bindings_v0.3.csv,DATA-SFR-MANGA-PIP3D,Controlled_Support_Eligible,,false
registry/dataset_audit_bindings_v0.3.csv,DATA-SFR-MANGA-PIP3D,Physical_Support_Eligible,,false
registry/dataset_audit_bindings_v0.3.csv,DATA-COSMIC-ENV,Achieved_Evidence_Status,,unknown
registry/dataset_audit_bindings_v0.3.csv,DATA-COSMIC-ENV,Controlled_Execution_Eligible,,false
registry/dataset_audit_bindings_v0.3.csv,DATA-COSMIC-ENV,Controlled_Support_Eligible,,false
registry/dataset_audit_bindings_v0.3.csv,DATA-COSMIC-ENV,Physical_Support_Eligible,,false
registry/dataset_audit_bindings_v0.3.csv,DATA-PHYS-CONSTRAINTS,Achieved_Evidence_Status,,unknown
registry/dataset_audit_bindings_v0.3.csv,DATA-PHYS-CONSTRAINTS,Controlled_Execution_Eligible,,false
registry/dataset_audit_bindings_v0.3.csv,DATA-PHYS-CONSTRAINTS,Controlled_Support_Eligible,,false
registry/dataset_audit_bindings_v0.3.csv,DATA-PHYS-CONSTRAINTS,Physical_Support_Eligible,,false
registry/dataset_audit_bindings_v0.3.csv,DATA-ECC-THEORY,Achieved_Evidence_Status,,unknown
registry/dataset_audit_bindings_v0.3.csv,DATA-ECC-THEORY,Controlled_Execution_Eligible,,false
registry/dataset_audit_bindings_v0.3.csv,DATA-ECC-THEORY,Controlled_Support_Eligible,,false
registry/dataset_audit_bindings_v0.3.csv,DATA-ECC-THEORY,Physical_Support_Eligible,,false
registry/dataset_registry_v0.1.csv,DATA-SDSS18-200K,Provenance_Status,deferred,unknown
registry/dataset_registry_v0.1.csv,DATA-SDSS18-200K,Current_Audit_Assessment,,Source identity/complete lineage unverified; related diagnostic artifacts do not establish intended dataset identity.
registry/dataset_registry_v0.1.csv,DATA-SDSS18-200K,Achieved_Evidence_Status,,unknown
registry/dataset_registry_v0.1.csv,DATA-SDSS18-200K,Controlled_Execution_Eligible,,false
registry/dataset_registry_v0.1.csv,DATA-SDSS18-200K,Controlled_Support_Eligible,,false
registry/dataset_registry_v0.1.csv,DATA-SDSS18-200K,Physical_Support_Eligible,,false
registry/dataset_registry_v0.1.csv,DATA-MANGA-HI-ALL,Provenance_Status,deferred,unknown
registry/dataset_registry_v0.1.csv,DATA-MANGA-HI-ALL,Current_Audit_Assessment,,Source identity/complete lineage unverified; related diagnostic artifacts do not establish intended dataset identity.
registry/dataset_registry_v0.1.csv,DATA-MANGA-HI-ALL,Achieved_Evidence_Status,,unknown
registry/dataset_registry_v0.1.csv,DATA-MANGA-HI-ALL,Controlled_Execution_Eligible,,false
registry/dataset_registry_v0.1.csv,DATA-MANGA-HI-ALL,Controlled_Support_Eligible,,false
registry/dataset_registry_v0.1.csv,DATA-MANGA-HI-ALL,Physical_Support_Eligible,,false
registry/dataset_registry_v0.1.csv,DATA-PROVENANCE-ALL,Provenance_Status,deferred,unknown
registry/dataset_registry_v0.1.csv,DATA-PROVENANCE-ALL,Current_Audit_Assessment,,Source identity/complete lineage unverified; related diagnostic artifacts do not establish intended dataset identity.
registry/dataset_registry_v0.1.csv,DATA-PROVENANCE-ALL,Achieved_Evidence_Status,,unknown
registry/dataset_registry_v0.1.csv,DATA-PROVENANCE-ALL,Controlled_Execution_Eligible,,false
registry/dataset_registry_v0.1.csv,DATA-PROVENANCE-ALL,Controlled_Support_Eligible,,false
registry/dataset_registry_v0.1.csv,DATA-PROVENANCE-ALL,Physical_Support_Eligible,,false
registry/dataset_registry_v0.1.csv,DATA-ARITHMETIC,Provenance_Status,deferred,unknown
registry/dataset_registry_v0.1.csv,DATA-ARITHMETIC,Current_Audit_Assessment,,Source identity/complete lineage unverified; related diagnostic artifacts do not establish intended dataset identity.
registry/dataset_registry_v0.1.csv,DATA-ARITHMETIC,Achieved_Evidence_Status,,unknown
registry/dataset_registry_v0.1.csv,DATA-ARITHMETIC,Controlled_Execution_Eligible,,false
registry/dataset_registry_v0.1.csv,DATA-ARITHMETIC,Controlled_Support_Eligible,,false
registry/dataset_registry_v0.1.csv,DATA-ARITHMETIC,Physical_Support_Eligible,,false
registry/dataset_registry_v0.1.csv,DATA-SFR-MANGA-PIP3D,Provenance_Status,partial,unknown
registry/dataset_registry_v0.1.csv,DATA-SFR-MANGA-PIP3D,Current_Audit_Assessment,,Source identity/complete lineage unverified; related diagnostic artifacts do not establish intended dataset identity.
registry/dataset_registry_v0.1.csv,DATA-SFR-MANGA-PIP3D,Achieved_Evidence_Status,,unknown
registry/dataset_registry_v0.1.csv,DATA-SFR-MANGA-PIP3D,Controlled_Execution_Eligible,,false
registry/dataset_registry_v0.1.csv,DATA-SFR-MANGA-PIP3D,Controlled_Support_Eligible,,false
registry/dataset_registry_v0.1.csv,DATA-SFR-MANGA-PIP3D,Physical_Support_Eligible,,false
registry/dataset_registry_v0.1.csv,DATA-COSMIC-ENV,Provenance_Status,deferred,unknown
registry/dataset_registry_v0.1.csv,DATA-COSMIC-ENV,Current_Audit_Assessment,,Source identity/complete lineage unverified; related diagnostic artifacts do not establish intended dataset identity.
registry/dataset_registry_v0.1.csv,DATA-COSMIC-ENV,Achieved_Evidence_Status,,unknown
registry/dataset_registry_v0.1.csv,DATA-COSMIC-ENV,Controlled_Execution_Eligible,,false
registry/dataset_registry_v0.1.csv,DATA-COSMIC-ENV,Controlled_Support_Eligible,,false
registry/dataset_registry_v0.1.csv,DATA-COSMIC-ENV,Physical_Support_Eligible,,false
registry/dataset_registry_v0.1.csv,DATA-PHYS-CONSTRAINTS,Provenance_Status,deferred,unknown
registry/dataset_registry_v0.1.csv,DATA-PHYS-CONSTRAINTS,Current_Audit_Assessment,,Source identity/complete lineage unverified; related diagnostic artifacts do not establish intended dataset identity.
registry/dataset_registry_v0.1.csv,DATA-PHYS-CONSTRAINTS,Achieved_Evidence_Status,,unknown
registry/dataset_registry_v0.1.csv,DATA-PHYS-CONSTRAINTS,Controlled_Execution_Eligible,,false
registry/dataset_registry_v0.1.csv,DATA-PHYS-CONSTRAINTS,Controlled_Support_Eligible,,false
registry/dataset_registry_v0.1.csv,DATA-PHYS-CONSTRAINTS,Physical_Support_Eligible,,false
registry/dataset_registry_v0.1.csv,DATA-ECC-THEORY,Provenance_Status,deferred,unknown
registry/dataset_registry_v0.1.csv,DATA-ECC-THEORY,Current_Audit_Assessment,,Source identity/complete lineage unverified; related diagnostic artifacts do not establish intended dataset identity.
registry/dataset_registry_v0.1.csv,DATA-ECC-THEORY,Achieved_Evidence_Status,,unknown
registry/dataset_registry_v0.1.csv,DATA-ECC-THEORY,Controlled_Execution_Eligible,,false
registry/dataset_registry_v0.1.csv,DATA-ECC-THEORY,Controlled_Support_Eligible,,false
registry/dataset_registry_v0.1.csv,DATA-ECC-THEORY,Physical_Support_Eligible,,false
registry/dataset_registry_v0.1.csv,AUDIT-QUARANTINE-v0.3:QDATA-SDSS-HI-001,Status,,quarantined
registry/dataset_registry_v0.1.csv,AUDIT-QUARANTINE-v0.3:QDATA-SDSS-HI-001,Provenance_Status,,quarantined
registry/dataset_registry_v0.1.csv,AUDIT-QUARANTINE-v0.3:QDATA-SDSS-HI-001,Current_Audit_Assessment,,Quarantined historical/negative diagnostic artifact; no controlled or physical support eligibility.
registry/dataset_registry_v0.1.csv,AUDIT-QUARANTINE-v0.3:QDATA-SDSS-HI-001,Achieved_Evidence_Status,,negative_null
registry/dataset_registry_v0.1.csv,AUDIT-QUARANTINE-v0.3:QDATA-SDSS-HI-001,Controlled_Execution_Eligible,,false
registry/dataset_registry_v0.1.csv,AUDIT-QUARANTINE-v0.3:QDATA-SDSS-HI-001,Controlled_Support_Eligible,,false
registry/dataset_registry_v0.1.csv,AUDIT-QUARANTINE-v0.3:QDATA-SDSS-HI-001,Physical_Support_Eligible,,false
registry/dataset_registry_v0.1.csv,AUDIT-QUARANTINE-v0.3:QDATA-SDSS-HI-002,Status,,quarantined
registry/dataset_registry_v0.1.csv,AUDIT-QUARANTINE-v0.3:QDATA-SDSS-HI-002,Provenance_Status,,quarantined
registry/dataset_registry_v0.1.csv,AUDIT-QUARANTINE-v0.3:QDATA-SDSS-HI-002,Current_Audit_Assessment,,Quarantined historical/negative diagnostic artifact; no controlled or physical support eligibility.
registry/dataset_registry_v0.1.csv,AUDIT-QUARANTINE-v0.3:QDATA-SDSS-HI-002,Achieved_Evidence_Status,,negative_null
registry/dataset_registry_v0.1.csv,AUDIT-QUARANTINE-v0.3:QDATA-SDSS-HI-002,Controlled_Execution_Eligible,,false
registry/dataset_registry_v0.1.csv,AUDIT-QUARANTINE-v0.3:QDATA-SDSS-HI-002,Controlled_Support_Eligible,,false
registry/dataset_registry_v0.1.csv,AUDIT-QUARANTINE-v0.3:QDATA-SDSS-HI-002,Physical_Support_Eligible,,false
registry/dataset_registry_v0.1.csv,AUDIT-QUARANTINE-v0.3:QDATA-PROJECTION-acsc_projected_cremona.csv,Status,,quarantined
registry/dataset_registry_v0.1.csv,AUDIT-QUARANTINE-v0.3:QDATA-PROJECTION-acsc_projected_cremona.csv,Provenance_Status,,quarantined
registry/dataset_registry_v0.1.csv,AUDIT-QUARANTINE-v0.3:QDATA-PROJECTION-acsc_projected_cremona.csv,Current_Audit_Assessment,,Quarantined historical/negative diagnostic artifact; no controlled or physical support eligibility.
registry/dataset_registry_v0.1.csv,AUDIT-QUARANTINE-v0.3:QDATA-PROJECTION-acsc_projected_cremona.csv,Achieved_Evidence_Status,,negative_null
registry/dataset_registry_v0.1.csv,AUDIT-QUARANTINE-v0.3:QDATA-PROJECTION-acsc_projected_cremona.csv,Controlled_Execution_Eligible,,false
registry/dataset_registry_v0.1.csv,AUDIT-QUARANTINE-v0.3:QDATA-PROJECTION-acsc_projected_cremona.csv,Controlled_Support_Eligible,,false
registry/dataset_registry_v0.1.csv,AUDIT-QUARANTINE-v0.3:QDATA-PROJECTION-acsc_projected_cremona.csv,Physical_Support_Eligible,,false
registry/dataset_registry_v0.1.csv,AUDIT-QUARANTINE-v0.3:QDATA-PROJECTION-acsc_projected_cremona_aligned.csv,Status,,quarantined
registry/dataset_registry_v0.1.csv,AUDIT-QUARANTINE-v0.3:QDATA-PROJECTION-acsc_projected_cremona_aligned.csv,Provenance_Status,,quarantined
registry/dataset_registry_v0.1.csv,AUDIT-QUARANTINE-v0.3:QDATA-PROJECTION-acsc_projected_cremona_aligned.csv,Current_Audit_Assessment,,Quarantined historical/negative diagnostic artifact; no controlled or physical support eligibility.
registry/dataset_registry_v0.1.csv,AUDIT-QUARANTINE-v0.3:QDATA-PROJECTION-acsc_projected_cremona_aligned.csv,Achieved_Evidence_Status,,negative_null
registry/dataset_registry_v0.1.csv,AUDIT-QUARANTINE-v0.3:QDATA-PROJECTION-acsc_projected_cremona_aligned.csv,Controlled_Execution_Eligible,,false
registry/dataset_registry_v0.1.csv,AUDIT-QUARANTINE-v0.3:QDATA-PROJECTION-acsc_projected_cremona_aligned.csv,Controlled_Support_Eligible,,false
registry/dataset_registry_v0.1.csv,AUDIT-QUARANTINE-v0.3:QDATA-PROJECTION-acsc_projected_cremona_aligned.csv,Physical_Support_Eligible,,false
registry/dataset_registry_v0.1.csv,AUDIT-QUARANTINE-v0.3:QDATA-PROJECTION-acsc_projected_cremona_final.csv,Status,,quarantined
registry/dataset_registry_v0.1.csv,AUDIT-QUARANTINE-v0.3:QDATA-PROJECTION-acsc_projected_cremona_final.csv,Provenance_Status,,quarantined
registry/dataset_registry_v0.1.csv,AUDIT-QUARANTINE-v0.3:QDATA-PROJECTION-acsc_projected_cremona_final.csv,Current_Audit_Assessment,,Quarantined historical/negative diagnostic artifact; no controlled or physical support eligibility.
registry/dataset_registry_v0.1.csv,AUDIT-QUARANTINE-v0.3:QDATA-PROJECTION-acsc_projected_cremona_final.csv,Achieved_Evidence_Status,,negative_null
registry/dataset_registry_v0.1.csv,AUDIT-QUARANTINE-v0.3:QDATA-PROJECTION-acsc_projected_cremona_final.csv,Controlled_Execution_Eligible,,false
registry/dataset_registry_v0.1.csv,AUDIT-QUARANTINE-v0.3:QDATA-PROJECTION-acsc_projected_cremona_final.csv,Controlled_Support_Eligible,,false
registry/dataset_registry_v0.1.csv,AUDIT-QUARANTINE-v0.3:QDATA-PROJECTION-acsc_projected_cremona_final.csv,Physical_Support_Eligible,,false
registry/dataset_registry_v0.1.csv,AUDIT-QUARANTINE-v0.3:QDATA-PROJECTION-acsc_projected_cremona_ptd_aligned.csv,Status,,quarantined
registry/dataset_registry_v0.1.csv,AUDIT-QUARANTINE-v0.3:QDATA-PROJECTION-acsc_projected_cremona_ptd_aligned.csv,Provenance_Status,,quarantined
registry/dataset_registry_v0.1.csv,AUDIT-QUARANTINE-v0.3:QDATA-PROJECTION-acsc_projected_cremona_ptd_aligned.csv,Current_Audit_Assessment,,Quarantined historical/negative diagnostic artifact; no controlled or physical support eligibility.
registry/dataset_registry_v0.1.csv,AUDIT-QUARANTINE-v0.3:QDATA-PROJECTION-acsc_projected_cremona_ptd_aligned.csv,Achieved_Evidence_Status,,negative_null
registry/dataset_registry_v0.1.csv,AUDIT-QUARANTINE-v0.3:QDATA-PROJECTION-acsc_projected_cremona_ptd_aligned.csv,Controlled_Execution_Eligible,,false
registry/dataset_registry_v0.1.csv,AUDIT-QUARANTINE-v0.3:QDATA-PROJECTION-acsc_projected_cremona_ptd_aligned.csv,Controlled_Support_Eligible,,false
registry/dataset_registry_v0.1.csv,AUDIT-QUARANTINE-v0.3:QDATA-PROJECTION-acsc_projected_cremona_ptd_aligned.csv,Physical_Support_Eligible,,false
registry/dataset_registry_v0.1.csv,AUDIT-QUARANTINE-v0.3:QDATA-PROJECTION-acsc_projected_cremona_realproj.csv,Status,,quarantined
registry/dataset_registry_v0.1.csv,AUDIT-QUARANTINE-v0.3:QDATA-PROJECTION-acsc_projected_cremona_realproj.csv,Provenance_Status,,quarantined
registry/dataset_registry_v0.1.csv,AUDIT-QUARANTINE-v0.3:QDATA-PROJECTION-acsc_projected_cremona_realproj.csv,Current_Audit_Assessment,,Quarantined historical/negative diagnostic artifact; no controlled or physical support eligibility.
registry/dataset_registry_v0.1.csv,AUDIT-QUARANTINE-v0.3:QDATA-PROJECTION-acsc_projected_cremona_realproj.csv,Achieved_Evidence_Status,,negative_null
registry/dataset_registry_v0.1.csv,AUDIT-QUARANTINE-v0.3:QDATA-PROJECTION-acsc_projected_cremona_realproj.csv,Controlled_Execution_Eligible,,false
registry/dataset_registry_v0.1.csv,AUDIT-QUARANTINE-v0.3:QDATA-PROJECTION-acsc_projected_cremona_realproj.csv,Controlled_Support_Eligible,,false
registry/dataset_registry_v0.1.csv,AUDIT-QUARANTINE-v0.3:QDATA-PROJECTION-acsc_projected_cremona_realproj.csv,Physical_Support_Eligible,,false
registry/dataset_registry_v0.1.csv,AUDIT-QUARANTINE-v0.3:QDATA-PROJECTION-acsc_projected_cremona_with_alt.csv,Status,,quarantined
registry/dataset_registry_v0.1.csv,AUDIT-QUARANTINE-v0.3:QDATA-PROJECTION-acsc_projected_cremona_with_alt.csv,Provenance_Status,,quarantined
registry/dataset_registry_v0.1.csv,AUDIT-QUARANTINE-v0.3:QDATA-PROJECTION-acsc_projected_cremona_with_alt.csv,Current_Audit_Assessment,,Quarantined historical/negative diagnostic artifact; no controlled or physical support eligibility.
registry/dataset_registry_v0.1.csv,AUDIT-QUARANTINE-v0.3:QDATA-PROJECTION-acsc_projected_cremona_with_alt.csv,Achieved_Evidence_Status,,negative_null
registry/dataset_registry_v0.1.csv,AUDIT-QUARANTINE-v0.3:QDATA-PROJECTION-acsc_projected_cremona_with_alt.csv,Controlled_Execution_Eligible,,false
registry/dataset_registry_v0.1.csv,AUDIT-QUARANTINE-v0.3:QDATA-PROJECTION-acsc_projected_cremona_with_alt.csv,Controlled_Support_Eligible,,false
registry/dataset_registry_v0.1.csv,AUDIT-QUARANTINE-v0.3:QDATA-PROJECTION-acsc_projected_cremona_with_alt.csv,Physical_Support_Eligible,,false
registry/dataset_registry_v0.1.csv,AUDIT-QUARANTINE-v0.3:QDATA-PROJECTION-acsc_projected_cremona_final.csv.manifest.json,Status,,quarantined
registry/dataset_registry_v0.1.csv,AUDIT-QUARANTINE-v0.3:QDATA-PROJECTION-acsc_projected_cremona_final.csv.manifest.json,Provenance_Status,,quarantined
registry/dataset_registry_v0.1.csv,AUDIT-QUARANTINE-v0.3:QDATA-PROJECTION-acsc_projected_cremona_final.csv.manifest.json,Current_Audit_Assessment,,Quarantined historical/negative diagnostic artifact; no controlled or physical support eligibility.
registry/dataset_registry_v0.1.csv,AUDIT-QUARANTINE-v0.3:QDATA-PROJECTION-acsc_projected_cremona_final.csv.manifest.json,Achieved_Evidence_Status,,historical
registry/dataset_registry_v0.1.csv,AUDIT-QUARANTINE-v0.3:QDATA-PROJECTION-acsc_projected_cremona_final.csv.manifest.json,Controlled_Execution_Eligible,,false
registry/dataset_registry_v0.1.csv,AUDIT-QUARANTINE-v0.3:QDATA-PROJECTION-acsc_projected_cremona_final.csv.manifest.json,Controlled_Support_Eligible,,false
registry/dataset_registry_v0.1.csv,AUDIT-QUARANTINE-v0.3:QDATA-PROJECTION-acsc_projected_cremona_final.csv.manifest.json,Physical_Support_Eligible,,false
registry/dataset_registry_v0.1.csv,LOCAL-RTCH-E1:outer_900:data/demo_torus.csv,Status,,quarantined
registry/dataset_registry_v0.1.csv,LOCAL-RTCH-E1:outer_900:data/demo_torus.csv,Provenance_Status,,quarantined
registry/dataset_registry_v0.1.csv,LOCAL-RTCH-E1:outer_900:data/demo_torus.csv,Current_Audit_Assessment,,Quarantined historical/negative diagnostic artifact; no controlled or physical support eligibility.
registry/dataset_registry_v0.1.csv,LOCAL-RTCH-E1:outer_900:data/demo_torus.csv,Achieved_Evidence_Status,,historical
registry/dataset_registry_v0.1.csv,LOCAL-RTCH-E1:outer_900:data/demo_torus.csv,Controlled_Execution_Eligible,,false
registry/dataset_registry_v0.1.csv,LOCAL-RTCH-E1:outer_900:data/demo_torus.csv,Controlled_Support_Eligible,,false
registry/dataset_registry_v0.1.csv,LOCAL-RTCH-E1:outer_900:data/demo_torus.csv,Physical_Support_Eligible,,false
registry/dataset_registry_v0.1.csv,LOCAL-RTCH-E1:outer_900:results/figures/geodesic_projection.png,Status,,quarantined
registry/dataset_registry_v0.1.csv,LOCAL-RTCH-E1:outer_900:results/figures/geodesic_projection.png,Provenance_Status,,quarantined
registry/dataset_registry_v0.1.csv,LOCAL-RTCH-E1:outer_900:results/figures/geodesic_projection.png,Current_Audit_Assessment,,Quarantined historical/negative diagnostic artifact; no controlled or physical support eligibility.
registry/dataset_registry_v0.1.csv,LOCAL-RTCH-E1:outer_900:results/figures/geodesic_projection.png,Achieved_Evidence_Status,,historical
registry/dataset_registry_v0.1.csv,LOCAL-RTCH-E1:outer_900:results/figures/geodesic_projection.png,Controlled_Execution_Eligible,,false
registry/dataset_registry_v0.1.csv,LOCAL-RTCH-E1:outer_900:results/figures/geodesic_projection.png,Controlled_Support_Eligible,,false
registry/dataset_registry_v0.1.csv,LOCAL-RTCH-E1:outer_900:results/figures/geodesic_projection.png,Physical_Support_Eligible,,false
registry/dataset_registry_v0.1.csv,LOCAL-RTCH-E1:outer_900:results/figures/persistence_H0.png,Status,,quarantined
registry/dataset_registry_v0.1.csv,LOCAL-RTCH-E1:outer_900:results/figures/persistence_H0.png,Provenance_Status,,quarantined
registry/dataset_registry_v0.1.csv,LOCAL-RTCH-E1:outer_900:results/figures/persistence_H0.png,Current_Audit_Assessment,,Quarantined historical/negative diagnostic artifact; no controlled or physical support eligibility.
registry/dataset_registry_v0.1.csv,LOCAL-RTCH-E1:outer_900:results/figures/persistence_H0.png,Achieved_Evidence_Status,,historical
registry/dataset_registry_v0.1.csv,LOCAL-RTCH-E1:outer_900:results/figures/persistence_H0.png,Controlled_Execution_Eligible,,false
registry/dataset_registry_v0.1.csv,LOCAL-RTCH-E1:outer_900:results/figures/persistence_H0.png,Controlled_Support_Eligible,,false
registry/dataset_registry_v0.1.csv,LOCAL-RTCH-E1:outer_900:results/figures/persistence_H0.png,Physical_Support_Eligible,,false
registry/dataset_registry_v0.1.csv,LOCAL-RTCH-E1:outer_900:results/figures/scalar_embedding.png,Status,,quarantined
registry/dataset_registry_v0.1.csv,LOCAL-RTCH-E1:outer_900:results/figures/scalar_embedding.png,Provenance_Status,,quarantined
registry/dataset_registry_v0.1.csv,LOCAL-RTCH-E1:outer_900:results/figures/scalar_embedding.png,Current_Audit_Assessment,,Quarantined historical/negative diagnostic artifact; no controlled or physical support eligibility.
registry/dataset_registry_v0.1.csv,LOCAL-RTCH-E1:outer_900:results/figures/scalar_embedding.png,Achieved_Evidence_Status,,historical
registry/dataset_registry_v0.1.csv,LOCAL-RTCH-E1:outer_900:results/figures/scalar_embedding.png,Controlled_Execution_Eligible,,false
registry/dataset_registry_v0.1.csv,LOCAL-RTCH-E1:outer_900:results/figures/scalar_embedding.png,Controlled_Support_Eligible,,false
registry/dataset_registry_v0.1.csv,LOCAL-RTCH-E1:outer_900:results/figures/scalar_embedding.png,Physical_Support_Eligible,,false
registry/dataset_registry_v0.1.csv,LOCAL-RTCH-E1:outer_900:results/geodesics.csv,Status,,quarantined
registry/dataset_registry_v0.1.csv,LOCAL-RTCH-E1:outer_900:results/geodesics.csv,Provenance_Status,,quarantined
registry/dataset_registry_v0.1.csv,LOCAL-RTCH-E1:outer_900:results/geodesics.csv,Current_Audit_Assessment,,Quarantined historical/negative diagnostic artifact; no controlled or physical support eligibility.
registry/dataset_registry_v0.1.csv,LOCAL-RTCH-E1:outer_900:results/geodesics.csv,Achieved_Evidence_Status,,historical
registry/dataset_registry_v0.1.csv,LOCAL-RTCH-E1:outer_900:results/geodesics.csv,Controlled_Execution_Eligible,,false
registry/dataset_registry_v0.1.csv,LOCAL-RTCH-E1:outer_900:results/geodesics.csv,Controlled_Support_Eligible,,false
registry/dataset_registry_v0.1.csv,LOCAL-RTCH-E1:outer_900:results/geodesics.csv,Physical_Support_Eligible,,false
registry/dataset_registry_v0.1.csv,LOCAL-RTCH-E1:outer_900:results/null_persistence.csv,Status,,quarantined
registry/dataset_registry_v0.1.csv,LOCAL-RTCH-E1:outer_900:results/null_persistence.csv,Provenance_Status,,quarantined
registry/dataset_registry_v0.1.csv,LOCAL-RTCH-E1:outer_900:results/null_persistence.csv,Current_Audit_Assessment,,Quarantined historical/negative diagnostic artifact; no controlled or physical support eligibility.
registry/dataset_registry_v0.1.csv,LOCAL-RTCH-E1:outer_900:results/null_persistence.csv,Achieved_Evidence_Status,,historical
registry/dataset_registry_v0.1.csv,LOCAL-RTCH-E1:outer_900:results/null_persistence.csv,Controlled_Execution_Eligible,,false
registry/dataset_registry_v0.1.csv,LOCAL-RTCH-E1:outer_900:results/null_persistence.csv,Controlled_Support_Eligible,,false
registry/dataset_registry_v0.1.csv,LOCAL-RTCH-E1:outer_900:results/null_persistence.csv,Physical_Support_Eligible,,false
registry/dataset_registry_v0.1.csv,LOCAL-RTCH-E1:outer_900:results/prediction_tests.csv,Status,,quarantined
registry/dataset_registry_v0.1.csv,LOCAL-RTCH-E1:outer_900:results/prediction_tests.csv,Provenance_Status,,quarantined
registry/dataset_registry_v0.1.csv,LOCAL-RTCH-E1:outer_900:results/prediction_tests.csv,Current_Audit_Assessment,,Quarantined historical/negative diagnostic artifact; no controlled or physical support eligibility.
registry/dataset_registry_v0.1.csv,LOCAL-RTCH-E1:outer_900:results/prediction_tests.csv,Achieved_Evidence_Status,,historical
registry/dataset_registry_v0.1.csv,LOCAL-RTCH-E1:outer_900:results/prediction_tests.csv,Controlled_Execution_Eligible,,false
registry/dataset_registry_v0.1.csv,LOCAL-RTCH-E1:outer_900:results/prediction_tests.csv,Controlled_Support_Eligible,,false
registry/dataset_registry_v0.1.csv,LOCAL-RTCH-E1:outer_900:results/prediction_tests.csv,Physical_Support_Eligible,,false
registry/dataset_registry_v0.1.csv,LOCAL-RTCH-E1:outer_900:results/rank_label_nulls.csv,Status,,quarantined
registry/dataset_registry_v0.1.csv,LOCAL-RTCH-E1:outer_900:results/rank_label_nulls.csv,Provenance_Status,,quarantined
registry/dataset_registry_v0.1.csv,LOCAL-RTCH-E1:outer_900:results/rank_label_nulls.csv,Current_Audit_Assessment,,Quarantined historical/negative diagnostic artifact; no controlled or physical support eligibility.
registry/dataset_registry_v0.1.csv,LOCAL-RTCH-E1:outer_900:results/rank_label_nulls.csv,Achieved_Evidence_Status,,historical
registry/dataset_registry_v0.1.csv,LOCAL-RTCH-E1:outer_900:results/rank_label_nulls.csv,Controlled_Execution_Eligible,,false
registry/dataset_registry_v0.1.csv,LOCAL-RTCH-E1:outer_900:results/rank_label_nulls.csv,Controlled_Support_Eligible,,false
registry/dataset_registry_v0.1.csv,LOCAL-RTCH-E1:outer_900:results/rank_label_nulls.csv,Physical_Support_Eligible,,false
registry/dataset_registry_v0.1.csv,LOCAL-RTCH-E1:outer_900:results/result.json,Status,,quarantined
registry/dataset_registry_v0.1.csv,LOCAL-RTCH-E1:outer_900:results/result.json,Provenance_Status,,quarantined
registry/dataset_registry_v0.1.csv,LOCAL-RTCH-E1:outer_900:results/result.json,Current_Audit_Assessment,,Quarantined historical/negative diagnostic artifact; no controlled or physical support eligibility.
registry/dataset_registry_v0.1.csv,LOCAL-RTCH-E1:outer_900:results/result.json,Achieved_Evidence_Status,,historical
registry/dataset_registry_v0.1.csv,LOCAL-RTCH-E1:outer_900:results/result.json,Controlled_Execution_Eligible,,false
registry/dataset_registry_v0.1.csv,LOCAL-RTCH-E1:outer_900:results/result.json,Controlled_Support_Eligible,,false
registry/dataset_registry_v0.1.csv,LOCAL-RTCH-E1:outer_900:results/result.json,Physical_Support_Eligible,,false
registry/dataset_registry_v0.1.csv,LOCAL-RTCH-E1:outer_900:results/run_manifest.json,Status,,quarantined
registry/dataset_registry_v0.1.csv,LOCAL-RTCH-E1:outer_900:results/run_manifest.json,Provenance_Status,,quarantined
registry/dataset_registry_v0.1.csv,LOCAL-RTCH-E1:outer_900:results/run_manifest.json,Current_Audit_Assessment,,Quarantined historical/negative diagnostic artifact; no controlled or physical support eligibility.
registry/dataset_registry_v0.1.csv,LOCAL-RTCH-E1:outer_900:results/run_manifest.json,Achieved_Evidence_Status,,historical
registry/dataset_registry_v0.1.csv,LOCAL-RTCH-E1:outer_900:results/run_manifest.json,Controlled_Execution_Eligible,,false
registry/dataset_registry_v0.1.csv,LOCAL-RTCH-E1:outer_900:results/run_manifest.json,Controlled_Support_Eligible,,false
registry/dataset_registry_v0.1.csv,LOCAL-RTCH-E1:outer_900:results/run_manifest.json,Physical_Support_Eligible,,false
registry/dataset_registry_v0.1.csv,LOCAL-RTCH-E1:outer_900:results/scalar_embeddings.csv,Status,,quarantined
registry/dataset_registry_v0.1.csv,LOCAL-RTCH-E1:outer_900:results/scalar_embeddings.csv,Provenance_Status,,quarantined
registry/dataset_registry_v0.1.csv,LOCAL-RTCH-E1:outer_900:results/scalar_embeddings.csv,Current_Audit_Assessment,,Quarantined historical/negative diagnostic artifact; no controlled or physical support eligibility.
registry/dataset_registry_v0.1.csv,LOCAL-RTCH-E1:outer_900:results/scalar_embeddings.csv,Achieved_Evidence_Status,,historical
registry/dataset_registry_v0.1.csv,LOCAL-RTCH-E1:outer_900:results/scalar_embeddings.csv,Controlled_Execution_Eligible,,false
registry/dataset_registry_v0.1.csv,LOCAL-RTCH-E1:outer_900:results/scalar_embeddings.csv,Controlled_Support_Eligible,,false
registry/dataset_registry_v0.1.csv,LOCAL-RTCH-E1:outer_900:results/scalar_embeddings.csv,Physical_Support_Eligible,,false
registry/dataset_registry_v0.1.csv,LOCAL-RTCH-E1:outer_900:results/stability_summary.csv,Status,,quarantined
registry/dataset_registry_v0.1.csv,LOCAL-RTCH-E1:outer_900:results/stability_summary.csv,Provenance_Status,,quarantined
registry/dataset_registry_v0.1.csv,LOCAL-RTCH-E1:outer_900:results/stability_summary.csv,Current_Audit_Assessment,,Quarantined historical/negative diagnostic artifact; no controlled or physical support eligibility.
registry/dataset_registry_v0.1.csv,LOCAL-RTCH-E1:outer_900:results/stability_summary.csv,Achieved_Evidence_Status,,historical
registry/dataset_registry_v0.1.csv,LOCAL-RTCH-E1:outer_900:results/stability_summary.csv,Controlled_Execution_Eligible,,false
registry/dataset_registry_v0.1.csv,LOCAL-RTCH-E1:outer_900:results/stability_summary.csv,Controlled_Support_Eligible,,false
registry/dataset_registry_v0.1.csv,LOCAL-RTCH-E1:outer_900:results/stability_summary.csv,Physical_Support_Eligible,,false
registry/dataset_registry_v0.1.csv,LOCAL-RTCH-E1:outer_900:results/topology_summary.csv,Status,,quarantined
registry/dataset_registry_v0.1.csv,LOCAL-RTCH-E1:outer_900:results/topology_summary.csv,Provenance_Status,,quarantined
registry/dataset_registry_v0.1.csv,LOCAL-RTCH-E1:outer_900:results/topology_summary.csv,Current_Audit_Assessment,,Quarantined historical/negative diagnostic artifact; no controlled or physical support eligibility.
registry/dataset_registry_v0.1.csv,LOCAL-RTCH-E1:outer_900:results/topology_summary.csv,Achieved_Evidence_Status,,historical
registry/dataset_registry_v0.1.csv,LOCAL-RTCH-E1:outer_900:results/topology_summary.csv,Controlled_Execution_Eligible,,false
registry/dataset_registry_v0.1.csv,LOCAL-RTCH-E1:outer_900:results/topology_summary.csv,Controlled_Support_Eligible,,false
registry/dataset_registry_v0.1.csv,LOCAL-RTCH-E1:outer_900:results/topology_summary.csv,Physical_Support_Eligible,,false
registry/dataset_registry_v0.1.csv,LOCAL-RTCH-E1:nested_350:data/demo_torus.csv,Status,,quarantined
registry/dataset_registry_v0.1.csv,LOCAL-RTCH-E1:nested_350:data/demo_torus.csv,Provenance_Status,,quarantined
registry/dataset_registry_v0.1.csv,LOCAL-RTCH-E1:nested_350:data/demo_torus.csv,Current_Audit_Assessment,,Quarantined historical/negative diagnostic artifact; no controlled or physical support eligibility.
registry/dataset_registry_v0.1.csv,LOCAL-RTCH-E1:nested_350:data/demo_torus.csv,Achieved_Evidence_Status,,historical
registry/dataset_registry_v0.1.csv,LOCAL-RTCH-E1:nested_350:data/demo_torus.csv,Controlled_Execution_Eligible,,false
registry/dataset_registry_v0.1.csv,LOCAL-RTCH-E1:nested_350:data/demo_torus.csv,Controlled_Support_Eligible,,false
registry/dataset_registry_v0.1.csv,LOCAL-RTCH-E1:nested_350:data/demo_torus.csv,Physical_Support_Eligible,,false
registry/dataset_registry_v0.1.csv,LOCAL-RTCH-E1:nested_350:results/figures/geodesic_projection.png,Status,,quarantined
registry/dataset_registry_v0.1.csv,LOCAL-RTCH-E1:nested_350:results/figures/geodesic_projection.png,Provenance_Status,,quarantined
registry/dataset_registry_v0.1.csv,LOCAL-RTCH-E1:nested_350:results/figures/geodesic_projection.png,Current_Audit_Assessment,,Quarantined historical/negative diagnostic artifact; no controlled or physical support eligibility.
registry/dataset_registry_v0.1.csv,LOCAL-RTCH-E1:nested_350:results/figures/geodesic_projection.png,Achieved_Evidence_Status,,historical
registry/dataset_registry_v0.1.csv,LOCAL-RTCH-E1:nested_350:results/figures/geodesic_projection.png,Controlled_Execution_Eligible,,false
registry/dataset_registry_v0.1.csv,LOCAL-RTCH-E1:nested_350:results/figures/geodesic_projection.png,Controlled_Support_Eligible,,false
registry/dataset_registry_v0.1.csv,LOCAL-RTCH-E1:nested_350:results/figures/geodesic_projection.png,Physical_Support_Eligible,,false
registry/dataset_registry_v0.1.csv,LOCAL-RTCH-E1:nested_350:results/figures/persistence_H0.png,Status,,quarantined
registry/dataset_registry_v0.1.csv,LOCAL-RTCH-E1:nested_350:results/figures/persistence_H0.png,Provenance_Status,,quarantined
registry/dataset_registry_v0.1.csv,LOCAL-RTCH-E1:nested_350:results/figures/persistence_H0.png,Current_Audit_Assessment,,Quarantined historical/negative diagnostic artifact; no controlled or physical support eligibility.
registry/dataset_registry_v0.1.csv,LOCAL-RTCH-E1:nested_350:results/figures/persistence_H0.png,Achieved_Evidence_Status,,historical
registry/dataset_registry_v0.1.csv,LOCAL-RTCH-E1:nested_350:results/figures/persistence_H0.png,Controlled_Execution_Eligible,,false
registry/dataset_registry_v0.1.csv,LOCAL-RTCH-E1:nested_350:results/figures/persistence_H0.png,Controlled_Support_Eligible,,false
registry/dataset_registry_v0.1.csv,LOCAL-RTCH-E1:nested_350:results/figures/persistence_H0.png,Physical_Support_Eligible,,false
registry/dataset_registry_v0.1.csv,LOCAL-RTCH-E1:nested_350:results/figures/persistence_H1.png,Status,,quarantined
registry/dataset_registry_v0.1.csv,LOCAL-RTCH-E1:nested_350:results/figures/persistence_H1.png,Provenance_Status,,quarantined
registry/dataset_registry_v0.1.csv,LOCAL-RTCH-E1:nested_350:results/figures/persistence_H1.png,Current_Audit_Assessment,,Quarantined historical/negative diagnostic artifact; no controlled or physical support eligibility.
registry/dataset_registry_v0.1.csv,LOCAL-RTCH-E1:nested_350:results/figures/persistence_H1.png,Achieved_Evidence_Status,,historical
registry/dataset_registry_v0.1.csv,LOCAL-RTCH-E1:nested_350:results/figures/persistence_H1.png,Controlled_Execution_Eligible,,false
registry/dataset_registry_v0.1.csv,LOCAL-RTCH-E1:nested_350:results/figures/persistence_H1.png,Controlled_Support_Eligible,,false
registry/dataset_registry_v0.1.csv,LOCAL-RTCH-E1:nested_350:results/figures/persistence_H1.png,Physical_Support_Eligible,,false
registry/dataset_registry_v0.1.csv,LOCAL-RTCH-E1:nested_350:results/figures/persistence_H2.png,Status,,quarantined
registry/dataset_registry_v0.1.csv,LOCAL-RTCH-E1:nested_350:results/figures/persistence_H2.png,Provenance_Status,,quarantined
registry/dataset_registry_v0.1.csv,LOCAL-RTCH-E1:nested_350:results/figures/persistence_H2.png,Current_Audit_Assessment,,Quarantined historical/negative diagnostic artifact; no controlled or physical support eligibility.
registry/dataset_registry_v0.1.csv,LOCAL-RTCH-E1:nested_350:results/figures/persistence_H2.png,Achieved_Evidence_Status,,historical
registry/dataset_registry_v0.1.csv,LOCAL-RTCH-E1:nested_350:results/figures/persistence_H2.png,Controlled_Execution_Eligible,,false
registry/dataset_registry_v0.1.csv,LOCAL-RTCH-E1:nested_350:results/figures/persistence_H2.png,Controlled_Support_Eligible,,false
registry/dataset_registry_v0.1.csv,LOCAL-RTCH-E1:nested_350:results/figures/persistence_H2.png,Physical_Support_Eligible,,false
registry/dataset_registry_v0.1.csv,LOCAL-RTCH-E1:nested_350:results/figures/scalar_embedding.png,Status,,quarantined
registry/dataset_registry_v0.1.csv,LOCAL-RTCH-E1:nested_350:results/figures/scalar_embedding.png,Provenance_Status,,quarantined
registry/dataset_registry_v0.1.csv,LOCAL-RTCH-E1:nested_350:results/figures/scalar_embedding.png,Current_Audit_Assessment,,Quarantined historical/negative diagnostic artifact; no controlled or physical support eligibility.
registry/dataset_registry_v0.1.csv,LOCAL-RTCH-E1:nested_350:results/figures/scalar_embedding.png,Achieved_Evidence_Status,,historical
registry/dataset_registry_v0.1.csv,LOCAL-RTCH-E1:nested_350:results/figures/scalar_embedding.png,Controlled_Execution_Eligible,,false
registry/dataset_registry_v0.1.csv,LOCAL-RTCH-E1:nested_350:results/figures/scalar_embedding.png,Controlled_Support_Eligible,,false
registry/dataset_registry_v0.1.csv,LOCAL-RTCH-E1:nested_350:results/figures/scalar_embedding.png,Physical_Support_Eligible,,false
registry/dataset_registry_v0.1.csv,LOCAL-RTCH-E1:nested_350:results/geodesics.csv,Status,,quarantined
registry/dataset_registry_v0.1.csv,LOCAL-RTCH-E1:nested_350:results/geodesics.csv,Provenance_Status,,quarantined
registry/dataset_registry_v0.1.csv,LOCAL-RTCH-E1:nested_350:results/geodesics.csv,Current_Audit_Assessment,,Quarantined historical/negative diagnostic artifact; no controlled or physical support eligibility.
registry/dataset_registry_v0.1.csv,LOCAL-RTCH-E1:nested_350:results/geodesics.csv,Achieved_Evidence_Status,,historical
registry/dataset_registry_v0.1.csv,LOCAL-RTCH-E1:nested_350:results/geodesics.csv,Controlled_Execution_Eligible,,false
registry/dataset_registry_v0.1.csv,LOCAL-RTCH-E1:nested_350:results/geodesics.csv,Controlled_Support_Eligible,,false
registry/dataset_registry_v0.1.csv,LOCAL-RTCH-E1:nested_350:results/geodesics.csv,Physical_Support_Eligible,,false
registry/dataset_registry_v0.1.csv,LOCAL-RTCH-E1:nested_350:results/null_persistence.csv,Status,,quarantined
registry/dataset_registry_v0.1.csv,LOCAL-RTCH-E1:nested_350:results/null_persistence.csv,Provenance_Status,,quarantined
registry/dataset_registry_v0.1.csv,LOCAL-RTCH-E1:nested_350:results/null_persistence.csv,Current_Audit_Assessment,,Quarantined historical/negative diagnostic artifact; no controlled or physical support eligibility.
registry/dataset_registry_v0.1.csv,LOCAL-RTCH-E1:nested_350:results/null_persistence.csv,Achieved_Evidence_Status,,historical
registry/dataset_registry_v0.1.csv,LOCAL-RTCH-E1:nested_350:results/null_persistence.csv,Controlled_Execution_Eligible,,false
registry/dataset_registry_v0.1.csv,LOCAL-RTCH-E1:nested_350:results/null_persistence.csv,Controlled_Support_Eligible,,false
registry/dataset_registry_v0.1.csv,LOCAL-RTCH-E1:nested_350:results/null_persistence.csv,Physical_Support_Eligible,,false
registry/dataset_registry_v0.1.csv,LOCAL-RTCH-E1:nested_350:results/prediction_tests.csv,Status,,quarantined
registry/dataset_registry_v0.1.csv,LOCAL-RTCH-E1:nested_350:results/prediction_tests.csv,Provenance_Status,,quarantined
registry/dataset_registry_v0.1.csv,LOCAL-RTCH-E1:nested_350:results/prediction_tests.csv,Current_Audit_Assessment,,Quarantined historical/negative diagnostic artifact; no controlled or physical support eligibility.
registry/dataset_registry_v0.1.csv,LOCAL-RTCH-E1:nested_350:results/prediction_tests.csv,Achieved_Evidence_Status,,historical
registry/dataset_registry_v0.1.csv,LOCAL-RTCH-E1:nested_350:results/prediction_tests.csv,Controlled_Execution_Eligible,,false
registry/dataset_registry_v0.1.csv,LOCAL-RTCH-E1:nested_350:results/prediction_tests.csv,Controlled_Support_Eligible,,false
registry/dataset_registry_v0.1.csv,LOCAL-RTCH-E1:nested_350:results/prediction_tests.csv,Physical_Support_Eligible,,false
registry/dataset_registry_v0.1.csv,LOCAL-RTCH-E1:nested_350:results/rank_label_nulls.csv,Status,,quarantined
registry/dataset_registry_v0.1.csv,LOCAL-RTCH-E1:nested_350:results/rank_label_nulls.csv,Provenance_Status,,quarantined
registry/dataset_registry_v0.1.csv,LOCAL-RTCH-E1:nested_350:results/rank_label_nulls.csv,Current_Audit_Assessment,,Quarantined historical/negative diagnostic artifact; no controlled or physical support eligibility.
registry/dataset_registry_v0.1.csv,LOCAL-RTCH-E1:nested_350:results/rank_label_nulls.csv,Achieved_Evidence_Status,,historical
registry/dataset_registry_v0.1.csv,LOCAL-RTCH-E1:nested_350:results/rank_label_nulls.csv,Controlled_Execution_Eligible,,false
registry/dataset_registry_v0.1.csv,LOCAL-RTCH-E1:nested_350:results/rank_label_nulls.csv,Controlled_Support_Eligible,,false
registry/dataset_registry_v0.1.csv,LOCAL-RTCH-E1:nested_350:results/rank_label_nulls.csv,Physical_Support_Eligible,,false
registry/dataset_registry_v0.1.csv,LOCAL-RTCH-E1:nested_350:results/result.json,Status,,quarantined
registry/dataset_registry_v0.1.csv,LOCAL-RTCH-E1:nested_350:results/result.json,Provenance_Status,,quarantined
registry/dataset_registry_v0.1.csv,LOCAL-RTCH-E1:nested_350:results/result.json,Current_Audit_Assessment,,Quarantined historical/negative diagnostic artifact; no controlled or physical support eligibility.
registry/dataset_registry_v0.1.csv,LOCAL-RTCH-E1:nested_350:results/result.json,Achieved_Evidence_Status,,historical
registry/dataset_registry_v0.1.csv,LOCAL-RTCH-E1:nested_350:results/result.json,Controlled_Execution_Eligible,,false
registry/dataset_registry_v0.1.csv,LOCAL-RTCH-E1:nested_350:results/result.json,Controlled_Support_Eligible,,false
registry/dataset_registry_v0.1.csv,LOCAL-RTCH-E1:nested_350:results/result.json,Physical_Support_Eligible,,false
registry/dataset_registry_v0.1.csv,LOCAL-RTCH-E1:nested_350:results/run_manifest.json,Status,,quarantined
registry/dataset_registry_v0.1.csv,LOCAL-RTCH-E1:nested_350:results/run_manifest.json,Provenance_Status,,quarantined
registry/dataset_registry_v0.1.csv,LOCAL-RTCH-E1:nested_350:results/run_manifest.json,Current_Audit_Assessment,,Quarantined historical/negative diagnostic artifact; no controlled or physical support eligibility.
registry/dataset_registry_v0.1.csv,LOCAL-RTCH-E1:nested_350:results/run_manifest.json,Achieved_Evidence_Status,,historical
registry/dataset_registry_v0.1.csv,LOCAL-RTCH-E1:nested_350:results/run_manifest.json,Controlled_Execution_Eligible,,false
registry/dataset_registry_v0.1.csv,LOCAL-RTCH-E1:nested_350:results/run_manifest.json,Controlled_Support_Eligible,,false
registry/dataset_registry_v0.1.csv,LOCAL-RTCH-E1:nested_350:results/run_manifest.json,Physical_Support_Eligible,,false
registry/dataset_registry_v0.1.csv,LOCAL-RTCH-E1:nested_350:results/scalar_embeddings.csv,Status,,quarantined
registry/dataset_registry_v0.1.csv,LOCAL-RTCH-E1:nested_350:results/scalar_embeddings.csv,Provenance_Status,,quarantined
registry/dataset_registry_v0.1.csv,LOCAL-RTCH-E1:nested_350:results/scalar_embeddings.csv,Current_Audit_Assessment,,Quarantined historical/negative diagnostic artifact; no controlled or physical support eligibility.
registry/dataset_registry_v0.1.csv,LOCAL-RTCH-E1:nested_350:results/scalar_embeddings.csv,Achieved_Evidence_Status,,historical
registry/dataset_registry_v0.1.csv,LOCAL-RTCH-E1:nested_350:results/scalar_embeddings.csv,Controlled_Execution_Eligible,,false
registry/dataset_registry_v0.1.csv,LOCAL-RTCH-E1:nested_350:results/scalar_embeddings.csv,Controlled_Support_Eligible,,false
registry/dataset_registry_v0.1.csv,LOCAL-RTCH-E1:nested_350:results/scalar_embeddings.csv,Physical_Support_Eligible,,false
registry/dataset_registry_v0.1.csv,LOCAL-RTCH-E1:nested_350:results/stability_summary.csv,Status,,quarantined
registry/dataset_registry_v0.1.csv,LOCAL-RTCH-E1:nested_350:results/stability_summary.csv,Provenance_Status,,quarantined
registry/dataset_registry_v0.1.csv,LOCAL-RTCH-E1:nested_350:results/stability_summary.csv,Current_Audit_Assessment,,Quarantined historical/negative diagnostic artifact; no controlled or physical support eligibility.
registry/dataset_registry_v0.1.csv,LOCAL-RTCH-E1:nested_350:results/stability_summary.csv,Achieved_Evidence_Status,,historical
registry/dataset_registry_v0.1.csv,LOCAL-RTCH-E1:nested_350:results/stability_summary.csv,Controlled_Execution_Eligible,,false
registry/dataset_registry_v0.1.csv,LOCAL-RTCH-E1:nested_350:results/stability_summary.csv,Controlled_Support_Eligible,,false
registry/dataset_registry_v0.1.csv,LOCAL-RTCH-E1:nested_350:results/stability_summary.csv,Physical_Support_Eligible,,false
registry/dataset_registry_v0.1.csv,LOCAL-RTCH-E1:nested_350:results/topology_summary.csv,Status,,quarantined
registry/dataset_registry_v0.1.csv,LOCAL-RTCH-E1:nested_350:results/topology_summary.csv,Provenance_Status,,quarantined
registry/dataset_registry_v0.1.csv,LOCAL-RTCH-E1:nested_350:results/topology_summary.csv,Current_Audit_Assessment,,Quarantined historical/negative diagnostic artifact; no controlled or physical support eligibility.
registry/dataset_registry_v0.1.csv,LOCAL-RTCH-E1:nested_350:results/topology_summary.csv,Achieved_Evidence_Status,,historical
registry/dataset_registry_v0.1.csv,LOCAL-RTCH-E1:nested_350:results/topology_summary.csv,Controlled_Execution_Eligible,,false
registry/dataset_registry_v0.1.csv,LOCAL-RTCH-E1:nested_350:results/topology_summary.csv,Controlled_Support_Eligible,,false
registry/dataset_registry_v0.1.csv,LOCAL-RTCH-E1:nested_350:results/topology_summary.csv,Physical_Support_Eligible,,false
registry/experiment_audit_v0.3.csv,STAR-PDF-v0.2:EXP-CTRL-A03,baseline_evidence_state,,R
registry/experiment_audit_v0.3.csv,STAR-PDF-v0.2:EXP-CTRL-A03,current_status,,STATIC AUDIT FINDINGS RECORDED / CONTROLLED COMPARATIVE RERUN NOT PERFORMED
registry/experiment_audit_v0.3.csv,STAR-PDF-v0.2:EXP-CTRL-A03,evidence_promotion,,False
registry/experiment_audit_v0.3.csv,STAR-PDF-v0.2:EXP-CTRL-A03,replication_status,,NO NEW INDEPENDENT REPLICATION PERFORMED
registry/experiment_audit_v0.3.csv,STAR-PDF-v0.2:EXP-CTRL-A03,artifact_status,,LINKED_ARTIFACTS_QUARANTINED; HYPOTHESIS_CLASSIFICATION_PRESERVED
registry/experiment_audit_v0.3.csv,STAR-PDF-v0.2:EXP-CTRL-A03,evidence_eligibility,,LINKED_QUARANTINED_ASSETS_HISTORICAL_DIAGNOSTIC_ONLY
registry/experiment_audit_v0.3.csv,STAR-PDF-v0.2:EXP-CTRL-A03,controlled_support_eligible,,False
registry/experiment_audit_v0.3.csv,STAR-PDF-v0.2:EXP-CTRL-A03,physical_support_eligible,,False
registry/experiment_audit_v0.3.csv,STAR-PDF-v0.2:EXP-CTRL-A03,Baseline_Evidence_State,,R
registry/experiment_audit_v0.3.csv,STAR-PDF-v0.2:EXP-CTRL-A03,Current_Status,,STATIC AUDIT FINDINGS RECORDED / CONTROLLED COMPARATIVE RERUN NOT PERFORMED
registry/experiment_audit_v0.3.csv,STAR-PDF-v0.2:EXP-CTRL-A03,Controlled_Support_Eligible,,false
registry/experiment_audit_v0.3.csv,STAR-PDF-v0.2:EXP-CTRL-A03,Physical_Support_Eligible,,false
registry/experiment_audit_v0.3.csv,STAR-PDF-v0.2:EXP-CTRL-A03,Replication_Status,,NO NEW INDEPENDENT REPLICATION PERFORMED
registry/experiment_audit_v0.3.csv,STAR-PDF-v0.2:EXP-CTRL-A01,baseline_evidence_state,,C/R
registry/experiment_audit_v0.3.csv,STAR-PDF-v0.2:EXP-CTRL-A01,current_status,,HISTORICAL/DIAGNOSTIC ARTIFACTS LINKED / RECONSTRUCTION REQUIRED
registry/experiment_audit_v0.3.csv,STAR-PDF-v0.2:EXP-CTRL-A01,evidence_promotion,,False
registry/experiment_audit_v0.3.csv,STAR-PDF-v0.2:EXP-CTRL-A01,replication_status,,NO NEW INDEPENDENT REPLICATION PERFORMED
registry/experiment_audit_v0.3.csv,STAR-PDF-v0.2:EXP-CTRL-A01,artifact_status,,AUDIT_ONLY_NO_CONTROLLED_SUPPORT_VERIFIED
registry/experiment_audit_v0.3.csv,STAR-PDF-v0.2:EXP-CTRL-A01,evidence_eligibility,,NO_NEW_CONTROLLED_OR_PHYSICAL_SUPPORT_ESTABLISHED
registry/experiment_audit_v0.3.csv,STAR-PDF-v0.2:EXP-CTRL-A01,controlled_support_eligible,,False
registry/experiment_audit_v0.3.csv,STAR-PDF-v0.2:EXP-CTRL-A01,physical_support_eligible,,False
registry/experiment_audit_v0.3.csv,STAR-PDF-v0.2:EXP-CTRL-A01,Baseline_Evidence_State,,C/R
registry/experiment_audit_v0.3.csv,STAR-PDF-v0.2:EXP-CTRL-A01,Current_Status,,HISTORICAL/DIAGNOSTIC ARTIFACTS LINKED / RECONSTRUCTION REQUIRED
registry/experiment_audit_v0.3.csv,STAR-PDF-v0.2:EXP-CTRL-A01,Controlled_Support_Eligible,,false
registry/experiment_audit_v0.3.csv,STAR-PDF-v0.2:EXP-CTRL-A01,Physical_Support_Eligible,,false
registry/experiment_audit_v0.3.csv,STAR-PDF-v0.2:EXP-CTRL-A01,Replication_Status,,NO NEW INDEPENDENT REPLICATION PERFORMED
registry/experiment_audit_v0.3.csv,STAR-PDF-v0.2:EXP-CTRL-A02,baseline_evidence_state,,N
registry/experiment_audit_v0.3.csv,STAR-PDF-v0.2:EXP-CTRL-A02,current_status,,HISTORICAL/DIAGNOSTIC ARTIFACTS LINKED / RECONSTRUCTION REQUIRED
registry/experiment_audit_v0.3.csv,STAR-PDF-v0.2:EXP-CTRL-A02,evidence_promotion,,False
registry/experiment_audit_v0.3.csv,STAR-PDF-v0.2:EXP-CTRL-A02,replication_status,,NO NEW INDEPENDENT REPLICATION PERFORMED
registry/experiment_audit_v0.3.csv,STAR-PDF-v0.2:EXP-CTRL-A02,artifact_status,,LINKED_ARTIFACTS_QUARANTINED; HYPOTHESIS_CLASSIFICATION_PRESERVED
registry/experiment_audit_v0.3.csv,STAR-PDF-v0.2:EXP-CTRL-A02,evidence_eligibility,,LINKED_QUARANTINED_ASSETS_HISTORICAL_DIAGNOSTIC_ONLY
registry/experiment_audit_v0.3.csv,STAR-PDF-v0.2:EXP-CTRL-A02,controlled_support_eligible,,False
registry/experiment_audit_v0.3.csv,STAR-PDF-v0.2:EXP-CTRL-A02,physical_support_eligible,,False
registry/experiment_audit_v0.3.csv,STAR-PDF-v0.2:EXP-CTRL-A02,Baseline_Evidence_State,,N
registry/experiment_audit_v0.3.csv,STAR-PDF-v0.2:EXP-CTRL-A02,Current_Status,,HISTORICAL/DIAGNOSTIC ARTIFACTS LINKED / RECONSTRUCTION REQUIRED
registry/experiment_audit_v0.3.csv,STAR-PDF-v0.2:EXP-CTRL-A02,Controlled_Support_Eligible,,false
registry/experiment_audit_v0.3.csv,STAR-PDF-v0.2:EXP-CTRL-A02,Physical_Support_Eligible,,false
registry/experiment_audit_v0.3.csv,STAR-PDF-v0.2:EXP-CTRL-A02,Replication_Status,,NO NEW INDEPENDENT REPLICATION PERFORMED
registry/experiment_audit_v0.3.csv,STAR-PDF-v0.2:EXP-K001,baseline_evidence_state,,R
registry/experiment_audit_v0.3.csv,STAR-PDF-v0.2:EXP-K001,current_status,,HISTORICAL/DIAGNOSTIC ARTIFACTS LINKED / RECONSTRUCTION REQUIRED
registry/experiment_audit_v0.3.csv,STAR-PDF-v0.2:EXP-K001,evidence_promotion,,False
registry/experiment_audit_v0.3.csv,STAR-PDF-v0.2:EXP-K001,replication_status,,NO NEW INDEPENDENT REPLICATION PERFORMED
registry/experiment_audit_v0.3.csv,STAR-PDF-v0.2:EXP-K001,artifact_status,,AUDIT_ONLY_NO_CONTROLLED_SUPPORT_VERIFIED
registry/experiment_audit_v0.3.csv,STAR-PDF-v0.2:EXP-K001,evidence_eligibility,,NO_NEW_CONTROLLED_OR_PHYSICAL_SUPPORT_ESTABLISHED
registry/experiment_audit_v0.3.csv,STAR-PDF-v0.2:EXP-K001,controlled_support_eligible,,False
registry/experiment_audit_v0.3.csv,STAR-PDF-v0.2:EXP-K001,physical_support_eligible,,False
registry/experiment_audit_v0.3.csv,STAR-PDF-v0.2:EXP-K001,Baseline_Evidence_State,,R
registry/experiment_audit_v0.3.csv,STAR-PDF-v0.2:EXP-K001,Current_Status,,HISTORICAL/DIAGNOSTIC ARTIFACTS LINKED / RECONSTRUCTION REQUIRED
registry/experiment_audit_v0.3.csv,STAR-PDF-v0.2:EXP-K001,Controlled_Support_Eligible,,false
registry/experiment_audit_v0.3.csv,STAR-PDF-v0.2:EXP-K001,Physical_Support_Eligible,,false
registry/experiment_audit_v0.3.csv,STAR-PDF-v0.2:EXP-K001,Replication_Status,,NO NEW INDEPENDENT REPLICATION PERFORMED
registry/experiment_audit_v0.3.csv,STAR-PDF-v0.2:EXP-L001,baseline_evidence_state,,R
registry/experiment_audit_v0.3.csv,STAR-PDF-v0.2:EXP-L001,current_status,,HISTORICAL/DIAGNOSTIC ARTIFACTS LINKED / RECONSTRUCTION REQUIRED
registry/experiment_audit_v0.3.csv,STAR-PDF-v0.2:EXP-L001,evidence_promotion,,False
registry/experiment_audit_v0.3.csv,STAR-PDF-v0.2:EXP-L001,replication_status,,NO NEW INDEPENDENT REPLICATION PERFORMED
registry/experiment_audit_v0.3.csv,STAR-PDF-v0.2:EXP-L001,artifact_status,,AUDIT_ONLY_NO_CONTROLLED_SUPPORT_VERIFIED
registry/experiment_audit_v0.3.csv,STAR-PDF-v0.2:EXP-L001,evidence_eligibility,,NO_NEW_CONTROLLED_OR_PHYSICAL_SUPPORT_ESTABLISHED
registry/experiment_audit_v0.3.csv,STAR-PDF-v0.2:EXP-L001,controlled_support_eligible,,False
registry/experiment_audit_v0.3.csv,STAR-PDF-v0.2:EXP-L001,physical_support_eligible,,False
registry/experiment_audit_v0.3.csv,STAR-PDF-v0.2:EXP-L001,Baseline_Evidence_State,,R
registry/experiment_audit_v0.3.csv,STAR-PDF-v0.2:EXP-L001,Current_Status,,HISTORICAL/DIAGNOSTIC ARTIFACTS LINKED / RECONSTRUCTION REQUIRED
registry/experiment_audit_v0.3.csv,STAR-PDF-v0.2:EXP-L001,Controlled_Support_Eligible,,false
registry/experiment_audit_v0.3.csv,STAR-PDF-v0.2:EXP-L001,Physical_Support_Eligible,,false
registry/experiment_audit_v0.3.csv,STAR-PDF-v0.2:EXP-L001,Replication_Status,,NO NEW INDEPENDENT REPLICATION PERFORMED
registry/experiment_audit_v0.3.csv,STAR-PDF-v0.2:EXP-SFR-A01,baseline_evidence_state,,N/R
registry/experiment_audit_v0.3.csv,STAR-PDF-v0.2:EXP-SFR-A01,current_status,,HISTORICAL/DIAGNOSTIC ARTIFACTS LINKED / RECONSTRUCTION REQUIRED
registry/experiment_audit_v0.3.csv,STAR-PDF-v0.2:EXP-SFR-A01,evidence_promotion,,False
registry/experiment_audit_v0.3.csv,STAR-PDF-v0.2:EXP-SFR-A01,replication_status,,NO NEW INDEPENDENT REPLICATION PERFORMED
registry/experiment_audit_v0.3.csv,STAR-PDF-v0.2:EXP-SFR-A01,artifact_status,,AUDIT_ONLY_NO_CONTROLLED_SUPPORT_VERIFIED
registry/experiment_audit_v0.3.csv,STAR-PDF-v0.2:EXP-SFR-A01,evidence_eligibility,,NO_NEW_CONTROLLED_OR_PHYSICAL_SUPPORT_ESTABLISHED
registry/experiment_audit_v0.3.csv,STAR-PDF-v0.2:EXP-SFR-A01,controlled_support_eligible,,False
registry/experiment_audit_v0.3.csv,STAR-PDF-v0.2:EXP-SFR-A01,physical_support_eligible,,False
registry/experiment_audit_v0.3.csv,STAR-PDF-v0.2:EXP-SFR-A01,Baseline_Evidence_State,,N/R
registry/experiment_audit_v0.3.csv,STAR-PDF-v0.2:EXP-SFR-A01,Current_Status,,HISTORICAL/DIAGNOSTIC ARTIFACTS LINKED / RECONSTRUCTION REQUIRED
registry/experiment_audit_v0.3.csv,STAR-PDF-v0.2:EXP-SFR-A01,Controlled_Support_Eligible,,false
registry/experiment_audit_v0.3.csv,STAR-PDF-v0.2:EXP-SFR-A01,Physical_Support_Eligible,,false
registry/experiment_audit_v0.3.csv,STAR-PDF-v0.2:EXP-SFR-A01,Replication_Status,,NO NEW INDEPENDENT REPLICATION PERFORMED
registry/experiment_audit_v0.3.csv,STAR-PDF-v0.2:EXP-SFR-A02,baseline_evidence_state,,N
registry/experiment_audit_v0.3.csv,STAR-PDF-v0.2:EXP-SFR-A02,current_status,,PLANNED CONTROLLED EXPERIMENT / COMPLETED EXECUTION NOT VERIFIED
registry/experiment_audit_v0.3.csv,STAR-PDF-v0.2:EXP-SFR-A02,evidence_promotion,,False
registry/experiment_audit_v0.3.csv,STAR-PDF-v0.2:EXP-SFR-A02,replication_status,,NO NEW INDEPENDENT REPLICATION PERFORMED
registry/experiment_audit_v0.3.csv,STAR-PDF-v0.2:EXP-SFR-A02,artifact_status,,AUDIT_ONLY_NO_CONTROLLED_SUPPORT_VERIFIED
registry/experiment_audit_v0.3.csv,STAR-PDF-v0.2:EXP-SFR-A02,evidence_eligibility,,NO_NEW_CONTROLLED_OR_PHYSICAL_SUPPORT_ESTABLISHED
registry/experiment_audit_v0.3.csv,STAR-PDF-v0.2:EXP-SFR-A02,controlled_support_eligible,,False
registry/experiment_audit_v0.3.csv,STAR-PDF-v0.2:EXP-SFR-A02,physical_support_eligible,,False
registry/experiment_audit_v0.3.csv,STAR-PDF-v0.2:EXP-SFR-A02,Baseline_Evidence_State,,N
registry/experiment_audit_v0.3.csv,STAR-PDF-v0.2:EXP-SFR-A02,Current_Status,,PLANNED CONTROLLED EXPERIMENT / COMPLETED EXECUTION NOT VERIFIED
registry/experiment_audit_v0.3.csv,STAR-PDF-v0.2:EXP-SFR-A02,Controlled_Support_Eligible,,false
registry/experiment_audit_v0.3.csv,STAR-PDF-v0.2:EXP-SFR-A02,Physical_Support_Eligible,,false
registry/experiment_audit_v0.3.csv,STAR-PDF-v0.2:EXP-SFR-A02,Replication_Status,,NO NEW INDEPENDENT REPLICATION PERFORMED
registry/experiment_audit_v0.3.csv,STAR-PDF-v0.2:EXP-SFR-A03,baseline_evidence_state,,R/N
registry/experiment_audit_v0.3.csv,STAR-PDF-v0.2:EXP-SFR-A03,current_status,,HISTORICAL/DIAGNOSTIC ARTIFACTS LINKED / RECONSTRUCTION REQUIRED
registry/experiment_audit_v0.3.csv,STAR-PDF-v0.2:EXP-SFR-A03,evidence_promotion,,False
registry/experiment_audit_v0.3.csv,STAR-PDF-v0.2:EXP-SFR-A03,replication_status,,NO NEW INDEPENDENT REPLICATION PERFORMED
registry/experiment_audit_v0.3.csv,STAR-PDF-v0.2:EXP-SFR-A03,artifact_status,,AUDIT_ONLY_NO_CONTROLLED_SUPPORT_VERIFIED
registry/experiment_audit_v0.3.csv,STAR-PDF-v0.2:EXP-SFR-A03,evidence_eligibility,,NO_NEW_CONTROLLED_OR_PHYSICAL_SUPPORT_ESTABLISHED
registry/experiment_audit_v0.3.csv,STAR-PDF-v0.2:EXP-SFR-A03,controlled_support_eligible,,False
registry/experiment_audit_v0.3.csv,STAR-PDF-v0.2:EXP-SFR-A03,physical_support_eligible,,False
registry/experiment_audit_v0.3.csv,STAR-PDF-v0.2:EXP-SFR-A03,Baseline_Evidence_State,,R/N
registry/experiment_audit_v0.3.csv,STAR-PDF-v0.2:EXP-SFR-A03,Current_Status,,HISTORICAL/DIAGNOSTIC ARTIFACTS LINKED / RECONSTRUCTION REQUIRED
registry/experiment_audit_v0.3.csv,STAR-PDF-v0.2:EXP-SFR-A03,Controlled_Support_Eligible,,false
registry/experiment_audit_v0.3.csv,STAR-PDF-v0.2:EXP-SFR-A03,Physical_Support_Eligible,,false
registry/experiment_audit_v0.3.csv,STAR-PDF-v0.2:EXP-SFR-A03,Replication_Status,,NO NEW INDEPENDENT REPLICATION PERFORMED
registry/experiment_audit_v0.3.csv,STAR-PDF-v0.2:EXP-RANK-A01,baseline_evidence_state,,N
registry/experiment_audit_v0.3.csv,STAR-PDF-v0.2:EXP-RANK-A01,current_status,,HISTORICAL/DIAGNOSTIC ARTIFACTS LINKED / RECONSTRUCTION REQUIRED
registry/experiment_audit_v0.3.csv,STAR-PDF-v0.2:EXP-RANK-A01,evidence_promotion,,False
registry/experiment_audit_v0.3.csv,STAR-PDF-v0.2:EXP-RANK-A01,replication_status,,NO NEW INDEPENDENT REPLICATION PERFORMED
registry/experiment_audit_v0.3.csv,STAR-PDF-v0.2:EXP-RANK-A01,artifact_status,,AUDIT_ONLY_NO_CONTROLLED_SUPPORT_VERIFIED
registry/experiment_audit_v0.3.csv,STAR-PDF-v0.2:EXP-RANK-A01,evidence_eligibility,,NO_NEW_CONTROLLED_OR_PHYSICAL_SUPPORT_ESTABLISHED
registry/experiment_audit_v0.3.csv,STAR-PDF-v0.2:EXP-RANK-A01,controlled_support_eligible,,False
registry/experiment_audit_v0.3.csv,STAR-PDF-v0.2:EXP-RANK-A01,physical_support_eligible,,False
registry/experiment_audit_v0.3.csv,STAR-PDF-v0.2:EXP-RANK-A01,Baseline_Evidence_State,,N
registry/experiment_audit_v0.3.csv,STAR-PDF-v0.2:EXP-RANK-A01,Current_Status,,HISTORICAL/DIAGNOSTIC ARTIFACTS LINKED / RECONSTRUCTION REQUIRED
registry/experiment_audit_v0.3.csv,STAR-PDF-v0.2:EXP-RANK-A01,Controlled_Support_Eligible,,false
registry/experiment_audit_v0.3.csv,STAR-PDF-v0.2:EXP-RANK-A01,Physical_Support_Eligible,,false
registry/experiment_audit_v0.3.csv,STAR-PDF-v0.2:EXP-RANK-A01,Replication_Status,,NO NEW INDEPENDENT REPLICATION PERFORMED
registry/experiment_audit_v0.3.csv,STAR-PDF-v0.2:EXP-RANK-A02,baseline_evidence_state,,N/R
registry/experiment_audit_v0.3.csv,STAR-PDF-v0.2:EXP-RANK-A02,current_status,,PLANNED CONTROLLED EXPERIMENT / COMPLETED EXECUTION NOT VERIFIED
registry/experiment_audit_v0.3.csv,STAR-PDF-v0.2:EXP-RANK-A02,evidence_promotion,,False
registry/experiment_audit_v0.3.csv,STAR-PDF-v0.2:EXP-RANK-A02,replication_status,,NO NEW INDEPENDENT REPLICATION PERFORMED
registry/experiment_audit_v0.3.csv,STAR-PDF-v0.2:EXP-RANK-A02,artifact_status,,AUDIT_ONLY_NO_CONTROLLED_SUPPORT_VERIFIED
registry/experiment_audit_v0.3.csv,STAR-PDF-v0.2:EXP-RANK-A02,evidence_eligibility,,NO_NEW_CONTROLLED_OR_PHYSICAL_SUPPORT_ESTABLISHED
registry/experiment_audit_v0.3.csv,STAR-PDF-v0.2:EXP-RANK-A02,controlled_support_eligible,,False
registry/experiment_audit_v0.3.csv,STAR-PDF-v0.2:EXP-RANK-A02,physical_support_eligible,,False
registry/experiment_audit_v0.3.csv,STAR-PDF-v0.2:EXP-RANK-A02,Baseline_Evidence_State,,N/R
registry/experiment_audit_v0.3.csv,STAR-PDF-v0.2:EXP-RANK-A02,Current_Status,,PLANNED CONTROLLED EXPERIMENT / COMPLETED EXECUTION NOT VERIFIED
registry/experiment_audit_v0.3.csv,STAR-PDF-v0.2:EXP-RANK-A02,Controlled_Support_Eligible,,false
registry/experiment_audit_v0.3.csv,STAR-PDF-v0.2:EXP-RANK-A02,Physical_Support_Eligible,,false
registry/experiment_audit_v0.3.csv,STAR-PDF-v0.2:EXP-RANK-A02,Replication_Status,,NO NEW INDEPENDENT REPLICATION PERFORMED
registry/experiment_audit_v0.3.csv,STAR-PDF-v0.2:EXP-TOPO-A01,baseline_evidence_state,,R/N
registry/experiment_audit_v0.3.csv,STAR-PDF-v0.2:EXP-TOPO-A01,current_status,,HISTORICAL/DIAGNOSTIC ARTIFACTS LINKED / RECONSTRUCTION REQUIRED
registry/experiment_audit_v0.3.csv,STAR-PDF-v0.2:EXP-TOPO-A01,evidence_promotion,,False
registry/experiment_audit_v0.3.csv,STAR-PDF-v0.2:EXP-TOPO-A01,replication_status,,NO NEW INDEPENDENT REPLICATION PERFORMED
registry/experiment_audit_v0.3.csv,STAR-PDF-v0.2:EXP-TOPO-A01,artifact_status,,LINKED_ARTIFACTS_QUARANTINED; HYPOTHESIS_CLASSIFICATION_PRESERVED
registry/experiment_audit_v0.3.csv,STAR-PDF-v0.2:EXP-TOPO-A01,evidence_eligibility,,LINKED_QUARANTINED_ASSETS_HISTORICAL_DIAGNOSTIC_ONLY
registry/experiment_audit_v0.3.csv,STAR-PDF-v0.2:EXP-TOPO-A01,controlled_support_eligible,,False
registry/experiment_audit_v0.3.csv,STAR-PDF-v0.2:EXP-TOPO-A01,physical_support_eligible,,False
registry/experiment_audit_v0.3.csv,STAR-PDF-v0.2:EXP-TOPO-A01,Baseline_Evidence_State,,R/N
registry/experiment_audit_v0.3.csv,STAR-PDF-v0.2:EXP-TOPO-A01,Current_Status,,HISTORICAL/DIAGNOSTIC ARTIFACTS LINKED / RECONSTRUCTION REQUIRED
registry/experiment_audit_v0.3.csv,STAR-PDF-v0.2:EXP-TOPO-A01,Controlled_Support_Eligible,,false
registry/experiment_audit_v0.3.csv,STAR-PDF-v0.2:EXP-TOPO-A01,Physical_Support_Eligible,,false
registry/experiment_audit_v0.3.csv,STAR-PDF-v0.2:EXP-TOPO-A01,Replication_Status,,NO NEW INDEPENDENT REPLICATION PERFORMED
registry/experiment_audit_v0.3.csv,STAR-PDF-v0.2:EXP-MAP-A01,baseline_evidence_state,,R/N
registry/experiment_audit_v0.3.csv,STAR-PDF-v0.2:EXP-MAP-A01,current_status,,HISTORICAL/DIAGNOSTIC ARTIFACTS LINKED / RECONSTRUCTION REQUIRED
registry/experiment_audit_v0.3.csv,STAR-PDF-v0.2:EXP-MAP-A01,evidence_promotion,,False
registry/experiment_audit_v0.3.csv,STAR-PDF-v0.2:EXP-MAP-A01,replication_status,,NO NEW INDEPENDENT REPLICATION PERFORMED
registry/experiment_audit_v0.3.csv,STAR-PDF-v0.2:EXP-MAP-A01,artifact_status,,LINKED_ARTIFACTS_QUARANTINED; HYPOTHESIS_CLASSIFICATION_PRESERVED
registry/experiment_audit_v0.3.csv,STAR-PDF-v0.2:EXP-MAP-A01,evidence_eligibility,,LINKED_QUARANTINED_ASSETS_HISTORICAL_DIAGNOSTIC_ONLY
registry/experiment_audit_v0.3.csv,STAR-PDF-v0.2:EXP-MAP-A01,controlled_support_eligible,,False
registry/experiment_audit_v0.3.csv,STAR-PDF-v0.2:EXP-MAP-A01,physical_support_eligible,,False
registry/experiment_audit_v0.3.csv,STAR-PDF-v0.2:EXP-MAP-A01,Baseline_Evidence_State,,R/N
registry/experiment_audit_v0.3.csv,STAR-PDF-v0.2:EXP-MAP-A01,Current_Status,,HISTORICAL/DIAGNOSTIC ARTIFACTS LINKED / RECONSTRUCTION REQUIRED
registry/experiment_audit_v0.3.csv,STAR-PDF-v0.2:EXP-MAP-A01,Controlled_Support_Eligible,,false
registry/experiment_audit_v0.3.csv,STAR-PDF-v0.2:EXP-MAP-A01,Physical_Support_Eligible,,false
registry/experiment_audit_v0.3.csv,STAR-PDF-v0.2:EXP-MAP-A01,Replication_Status,,NO NEW INDEPENDENT REPLICATION PERFORMED
registry/experiment_audit_v0.3.csv,STAR-PDF-v0.2:EXP-MAP-A02,baseline_evidence_state,,N
registry/experiment_audit_v0.3.csv,STAR-PDF-v0.2:EXP-MAP-A02,current_status,,PLANNED CONTROLLED EXPERIMENT / COMPLETED EXECUTION NOT VERIFIED
registry/experiment_audit_v0.3.csv,STAR-PDF-v0.2:EXP-MAP-A02,evidence_promotion,,False
registry/experiment_audit_v0.3.csv,STAR-PDF-v0.2:EXP-MAP-A02,replication_status,,NO NEW INDEPENDENT REPLICATION PERFORMED
registry/experiment_audit_v0.3.csv,STAR-PDF-v0.2:EXP-MAP-A02,artifact_status,,AUDIT_ONLY_NO_CONTROLLED_SUPPORT_VERIFIED
registry/experiment_audit_v0.3.csv,STAR-PDF-v0.2:EXP-MAP-A02,evidence_eligibility,,NO_NEW_CONTROLLED_OR_PHYSICAL_SUPPORT_ESTABLISHED
registry/experiment_audit_v0.3.csv,STAR-PDF-v0.2:EXP-MAP-A02,controlled_support_eligible,,False
registry/experiment_audit_v0.3.csv,STAR-PDF-v0.2:EXP-MAP-A02,physical_support_eligible,,False
registry/experiment_audit_v0.3.csv,STAR-PDF-v0.2:EXP-MAP-A02,Baseline_Evidence_State,,N
registry/experiment_audit_v0.3.csv,STAR-PDF-v0.2:EXP-MAP-A02,Current_Status,,PLANNED CONTROLLED EXPERIMENT / COMPLETED EXECUTION NOT VERIFIED
registry/experiment_audit_v0.3.csv,STAR-PDF-v0.2:EXP-MAP-A02,Controlled_Support_Eligible,,false
registry/experiment_audit_v0.3.csv,STAR-PDF-v0.2:EXP-MAP-A02,Physical_Support_Eligible,,false
registry/experiment_audit_v0.3.csv,STAR-PDF-v0.2:EXP-MAP-A02,Replication_Status,,NO NEW INDEPENDENT REPLICATION PERFORMED
registry/experiment_audit_v0.3.csv,STAR-PDF-v0.2:EXP-MAP-A03,baseline_evidence_state,,N/R
registry/experiment_audit_v0.3.csv,STAR-PDF-v0.2:EXP-MAP-A03,current_status,,PLANNED CONTROLLED EXPERIMENT / COMPLETED EXECUTION NOT VERIFIED
registry/experiment_audit_v0.3.csv,STAR-PDF-v0.2:EXP-MAP-A03,evidence_promotion,,False
registry/experiment_audit_v0.3.csv,STAR-PDF-v0.2:EXP-MAP-A03,replication_status,,NO NEW INDEPENDENT REPLICATION PERFORMED
registry/experiment_audit_v0.3.csv,STAR-PDF-v0.2:EXP-MAP-A03,artifact_status,,AUDIT_ONLY_NO_CONTROLLED_SUPPORT_VERIFIED
registry/experiment_audit_v0.3.csv,STAR-PDF-v0.2:EXP-MAP-A03,evidence_eligibility,,NO_NEW_CONTROLLED_OR_PHYSICAL_SUPPORT_ESTABLISHED
registry/experiment_audit_v0.3.csv,STAR-PDF-v0.2:EXP-MAP-A03,controlled_support_eligible,,False
registry/experiment_audit_v0.3.csv,STAR-PDF-v0.2:EXP-MAP-A03,physical_support_eligible,,False
registry/experiment_audit_v0.3.csv,STAR-PDF-v0.2:EXP-MAP-A03,Baseline_Evidence_State,,N/R
registry/experiment_audit_v0.3.csv,STAR-PDF-v0.2:EXP-MAP-A03,Current_Status,,PLANNED CONTROLLED EXPERIMENT / COMPLETED EXECUTION NOT VERIFIED
registry/experiment_audit_v0.3.csv,STAR-PDF-v0.2:EXP-MAP-A03,Controlled_Support_Eligible,,false
registry/experiment_audit_v0.3.csv,STAR-PDF-v0.2:EXP-MAP-A03,Physical_Support_Eligible,,false
registry/experiment_audit_v0.3.csv,STAR-PDF-v0.2:EXP-MAP-A03,Replication_Status,,NO NEW INDEPENDENT REPLICATION PERFORMED
registry/experiment_audit_v0.3.csv,STAR-PDF-v0.2:EXP-DATA-A01,baseline_evidence_state,,U/R
registry/experiment_audit_v0.3.csv,STAR-PDF-v0.2:EXP-DATA-A01,current_status,,INSPECTED ASSOCIATIONS FAILED / MATCH REBUILD REQUIRED
registry/experiment_audit_v0.3.csv,STAR-PDF-v0.2:EXP-DATA-A01,evidence_promotion,,False
registry/experiment_audit_v0.3.csv,STAR-PDF-v0.2:EXP-DATA-A01,replication_status,,NO NEW INDEPENDENT REPLICATION PERFORMED
registry/experiment_audit_v0.3.csv,STAR-PDF-v0.2:EXP-DATA-A01,artifact_status,,LINKED_ARTIFACTS_QUARANTINED; HYPOTHESIS_CLASSIFICATION_PRESERVED
registry/experiment_audit_v0.3.csv,STAR-PDF-v0.2:EXP-DATA-A01,evidence_eligibility,,LINKED_QUARANTINED_ASSETS_HISTORICAL_DIAGNOSTIC_ONLY
registry/experiment_audit_v0.3.csv,STAR-PDF-v0.2:EXP-DATA-A01,controlled_support_eligible,,False
registry/experiment_audit_v0.3.csv,STAR-PDF-v0.2:EXP-DATA-A01,physical_support_eligible,,False
registry/experiment_audit_v0.3.csv,STAR-PDF-v0.2:EXP-DATA-A01,Baseline_Evidence_State,,U/R
registry/experiment_audit_v0.3.csv,STAR-PDF-v0.2:EXP-DATA-A01,Current_Status,,INSPECTED ASSOCIATIONS FAILED / MATCH REBUILD REQUIRED
registry/experiment_audit_v0.3.csv,STAR-PDF-v0.2:EXP-DATA-A01,Controlled_Support_Eligible,,false
registry/experiment_audit_v0.3.csv,STAR-PDF-v0.2:EXP-DATA-A01,Physical_Support_Eligible,,false
registry/experiment_audit_v0.3.csv,STAR-PDF-v0.2:EXP-DATA-A01,Replication_Status,,NO NEW INDEPENDENT REPLICATION PERFORMED
registry/experiment_audit_v0.3.csv,STAR-PDF-v0.2:EXP-DATA-A02,baseline_evidence_state,,R
registry/experiment_audit_v0.3.csv,STAR-PDF-v0.2:EXP-DATA-A02,current_status,,PROVENANCE AUDIT PARTIALLY COMPLETED / LINEAGE GAPS REMAIN
registry/experiment_audit_v0.3.csv,STAR-PDF-v0.2:EXP-DATA-A02,evidence_promotion,,False
registry/experiment_audit_v0.3.csv,STAR-PDF-v0.2:EXP-DATA-A02,replication_status,,NO NEW INDEPENDENT REPLICATION PERFORMED
registry/experiment_audit_v0.3.csv,STAR-PDF-v0.2:EXP-DATA-A02,artifact_status,,LINKED_ARTIFACTS_QUARANTINED; HYPOTHESIS_CLASSIFICATION_PRESERVED
registry/experiment_audit_v0.3.csv,STAR-PDF-v0.2:EXP-DATA-A02,evidence_eligibility,,LINKED_QUARANTINED_ASSETS_HISTORICAL_DIAGNOSTIC_ONLY
registry/experiment_audit_v0.3.csv,STAR-PDF-v0.2:EXP-DATA-A02,controlled_support_eligible,,False
registry/experiment_audit_v0.3.csv,STAR-PDF-v0.2:EXP-DATA-A02,physical_support_eligible,,False
registry/experiment_audit_v0.3.csv,STAR-PDF-v0.2:EXP-DATA-A02,Baseline_Evidence_State,,R
registry/experiment_audit_v0.3.csv,STAR-PDF-v0.2:EXP-DATA-A02,Current_Status,,PROVENANCE AUDIT PARTIALLY COMPLETED / LINEAGE GAPS REMAIN
registry/experiment_audit_v0.3.csv,STAR-PDF-v0.2:EXP-DATA-A02,Controlled_Support_Eligible,,false
registry/experiment_audit_v0.3.csv,STAR-PDF-v0.2:EXP-DATA-A02,Physical_Support_Eligible,,false
registry/experiment_audit_v0.3.csv,STAR-PDF-v0.2:EXP-DATA-A02,Replication_Status,,NO NEW INDEPENDENT REPLICATION PERFORMED
registry/experiment_audit_v0.3.csv,STAR-PDF-v0.2:EXP-RTCH-B01,baseline_evidence_state,,D
registry/experiment_audit_v0.3.csv,STAR-PDF-v0.2:EXP-RTCH-B01,current_status,,THEORETICAL/PHYSICAL AUDIT OR TEST REQUIRED / NOT VERIFIED COMPLETE
registry/experiment_audit_v0.3.csv,STAR-PDF-v0.2:EXP-RTCH-B01,evidence_promotion,,False
registry/experiment_audit_v0.3.csv,STAR-PDF-v0.2:EXP-RTCH-B01,replication_status,,NO NEW INDEPENDENT REPLICATION PERFORMED
registry/experiment_audit_v0.3.csv,STAR-PDF-v0.2:EXP-RTCH-B01,artifact_status,,LINKED_ARTIFACTS_QUARANTINED; HYPOTHESIS_CLASSIFICATION_PRESERVED
registry/experiment_audit_v0.3.csv,STAR-PDF-v0.2:EXP-RTCH-B01,evidence_eligibility,,LINKED_QUARANTINED_ASSETS_HISTORICAL_DIAGNOSTIC_ONLY
registry/experiment_audit_v0.3.csv,STAR-PDF-v0.2:EXP-RTCH-B01,controlled_support_eligible,,False
registry/experiment_audit_v0.3.csv,STAR-PDF-v0.2:EXP-RTCH-B01,physical_support_eligible,,False
registry/experiment_audit_v0.3.csv,STAR-PDF-v0.2:EXP-RTCH-B01,Baseline_Evidence_State,,D
registry/experiment_audit_v0.3.csv,STAR-PDF-v0.2:EXP-RTCH-B01,Current_Status,,THEORETICAL/PHYSICAL AUDIT OR TEST REQUIRED / NOT VERIFIED COMPLETE
registry/experiment_audit_v0.3.csv,STAR-PDF-v0.2:EXP-RTCH-B01,Controlled_Support_Eligible,,false
registry/experiment_audit_v0.3.csv,STAR-PDF-v0.2:EXP-RTCH-B01,Physical_Support_Eligible,,false
registry/experiment_audit_v0.3.csv,STAR-PDF-v0.2:EXP-RTCH-B01,Replication_Status,,NO NEW INDEPENDENT REPLICATION PERFORMED
registry/experiment_audit_v0.3.csv,STAR-PDF-v0.2:EXP-RTCH-B02,baseline_evidence_state,,N
registry/experiment_audit_v0.3.csv,STAR-PDF-v0.2:EXP-RTCH-B02,current_status,,PLANNED CONTROLLED EXPERIMENT / COMPLETED EXECUTION NOT VERIFIED
registry/experiment_audit_v0.3.csv,STAR-PDF-v0.2:EXP-RTCH-B02,evidence_promotion,,False
registry/experiment_audit_v0.3.csv,STAR-PDF-v0.2:EXP-RTCH-B02,replication_status,,NO NEW INDEPENDENT REPLICATION PERFORMED
registry/experiment_audit_v0.3.csv,STAR-PDF-v0.2:EXP-RTCH-B02,artifact_status,,AUDIT_ONLY_NO_CONTROLLED_SUPPORT_VERIFIED
registry/experiment_audit_v0.3.csv,STAR-PDF-v0.2:EXP-RTCH-B02,evidence_eligibility,,NO_NEW_CONTROLLED_OR_PHYSICAL_SUPPORT_ESTABLISHED
registry/experiment_audit_v0.3.csv,STAR-PDF-v0.2:EXP-RTCH-B02,controlled_support_eligible,,False
registry/experiment_audit_v0.3.csv,STAR-PDF-v0.2:EXP-RTCH-B02,physical_support_eligible,,False
registry/experiment_audit_v0.3.csv,STAR-PDF-v0.2:EXP-RTCH-B02,Baseline_Evidence_State,,N
registry/experiment_audit_v0.3.csv,STAR-PDF-v0.2:EXP-RTCH-B02,Current_Status,,PLANNED CONTROLLED EXPERIMENT / COMPLETED EXECUTION NOT VERIFIED
registry/experiment_audit_v0.3.csv,STAR-PDF-v0.2:EXP-RTCH-B02,Controlled_Support_Eligible,,false
registry/experiment_audit_v0.3.csv,STAR-PDF-v0.2:EXP-RTCH-B02,Physical_Support_Eligible,,false
registry/experiment_audit_v0.3.csv,STAR-PDF-v0.2:EXP-RTCH-B02,Replication_Status,,NO NEW INDEPENDENT REPLICATION PERFORMED
registry/experiment_audit_v0.3.csv,STAR-PDF-v0.2:EXP-RTCH-B03,baseline_evidence_state,,D/N
registry/experiment_audit_v0.3.csv,STAR-PDF-v0.2:EXP-RTCH-B03,current_status,,THEORETICAL/PHYSICAL AUDIT OR TEST REQUIRED / NOT VERIFIED COMPLETE
registry/experiment_audit_v0.3.csv,STAR-PDF-v0.2:EXP-RTCH-B03,evidence_promotion,,False
registry/experiment_audit_v0.3.csv,STAR-PDF-v0.2:EXP-RTCH-B03,replication_status,,NO NEW INDEPENDENT REPLICATION PERFORMED
registry/experiment_audit_v0.3.csv,STAR-PDF-v0.2:EXP-RTCH-B03,artifact_status,,AUDIT_ONLY_NO_CONTROLLED_SUPPORT_VERIFIED
registry/experiment_audit_v0.3.csv,STAR-PDF-v0.2:EXP-RTCH-B03,evidence_eligibility,,NO_NEW_CONTROLLED_OR_PHYSICAL_SUPPORT_ESTABLISHED
registry/experiment_audit_v0.3.csv,STAR-PDF-v0.2:EXP-RTCH-B03,controlled_support_eligible,,False
registry/experiment_audit_v0.3.csv,STAR-PDF-v0.2:EXP-RTCH-B03,physical_support_eligible,,False
registry/experiment_audit_v0.3.csv,STAR-PDF-v0.2:EXP-RTCH-B03,Baseline_Evidence_State,,D/N
registry/experiment_audit_v0.3.csv,STAR-PDF-v0.2:EXP-RTCH-B03,Current_Status,,THEORETICAL/PHYSICAL AUDIT OR TEST REQUIRED / NOT VERIFIED COMPLETE
registry/experiment_audit_v0.3.csv,STAR-PDF-v0.2:EXP-RTCH-B03,Controlled_Support_Eligible,,false
registry/experiment_audit_v0.3.csv,STAR-PDF-v0.2:EXP-RTCH-B03,Physical_Support_Eligible,,false
registry/experiment_audit_v0.3.csv,STAR-PDF-v0.2:EXP-RTCH-B03,Replication_Status,,NO NEW INDEPENDENT REPLICATION PERFORMED
registry/experiment_audit_v0.3.csv,STAR-PDF-v0.2:EXP-FIELD-B01,baseline_evidence_state,,N
registry/experiment_audit_v0.3.csv,STAR-PDF-v0.2:EXP-FIELD-B01,current_status,,THEORETICAL/PHYSICAL AUDIT OR TEST REQUIRED / NOT VERIFIED COMPLETE
registry/experiment_audit_v0.3.csv,STAR-PDF-v0.2:EXP-FIELD-B01,evidence_promotion,,False
registry/experiment_audit_v0.3.csv,STAR-PDF-v0.2:EXP-FIELD-B01,replication_status,,NO NEW INDEPENDENT REPLICATION PERFORMED
registry/experiment_audit_v0.3.csv,STAR-PDF-v0.2:EXP-FIELD-B01,artifact_status,,AUDIT_ONLY_NO_CONTROLLED_SUPPORT_VERIFIED
registry/experiment_audit_v0.3.csv,STAR-PDF-v0.2:EXP-FIELD-B01,evidence_eligibility,,NO_NEW_CONTROLLED_OR_PHYSICAL_SUPPORT_ESTABLISHED
registry/experiment_audit_v0.3.csv,STAR-PDF-v0.2:EXP-FIELD-B01,controlled_support_eligible,,False
registry/experiment_audit_v0.3.csv,STAR-PDF-v0.2:EXP-FIELD-B01,physical_support_eligible,,False
registry/experiment_audit_v0.3.csv,STAR-PDF-v0.2:EXP-FIELD-B01,Baseline_Evidence_State,,N
registry/experiment_audit_v0.3.csv,STAR-PDF-v0.2:EXP-FIELD-B01,Current_Status,,THEORETICAL/PHYSICAL AUDIT OR TEST REQUIRED / NOT VERIFIED COMPLETE
registry/experiment_audit_v0.3.csv,STAR-PDF-v0.2:EXP-FIELD-B01,Controlled_Support_Eligible,,false
registry/experiment_audit_v0.3.csv,STAR-PDF-v0.2:EXP-FIELD-B01,Physical_Support_Eligible,,false
registry/experiment_audit_v0.3.csv,STAR-PDF-v0.2:EXP-FIELD-B01,Replication_Status,,NO NEW INDEPENDENT REPLICATION PERFORMED
registry/experiment_audit_v0.3.csv,STAR-PDF-v0.2:EXP-FIELD-B02,baseline_evidence_state,,N
registry/experiment_audit_v0.3.csv,STAR-PDF-v0.2:EXP-FIELD-B02,current_status,,THEORETICAL/PHYSICAL AUDIT OR TEST REQUIRED / NOT VERIFIED COMPLETE
registry/experiment_audit_v0.3.csv,STAR-PDF-v0.2:EXP-FIELD-B02,evidence_promotion,,False
registry/experiment_audit_v0.3.csv,STAR-PDF-v0.2:EXP-FIELD-B02,replication_status,,NO NEW INDEPENDENT REPLICATION PERFORMED
registry/experiment_audit_v0.3.csv,STAR-PDF-v0.2:EXP-FIELD-B02,artifact_status,,AUDIT_ONLY_NO_CONTROLLED_SUPPORT_VERIFIED
registry/experiment_audit_v0.3.csv,STAR-PDF-v0.2:EXP-FIELD-B02,evidence_eligibility,,NO_NEW_CONTROLLED_OR_PHYSICAL_SUPPORT_ESTABLISHED
registry/experiment_audit_v0.3.csv,STAR-PDF-v0.2:EXP-FIELD-B02,controlled_support_eligible,,False
registry/experiment_audit_v0.3.csv,STAR-PDF-v0.2:EXP-FIELD-B02,physical_support_eligible,,False
registry/experiment_audit_v0.3.csv,STAR-PDF-v0.2:EXP-FIELD-B02,Baseline_Evidence_State,,N
registry/experiment_audit_v0.3.csv,STAR-PDF-v0.2:EXP-FIELD-B02,Current_Status,,THEORETICAL/PHYSICAL AUDIT OR TEST REQUIRED / NOT VERIFIED COMPLETE
registry/experiment_audit_v0.3.csv,STAR-PDF-v0.2:EXP-FIELD-B02,Controlled_Support_Eligible,,false
registry/experiment_audit_v0.3.csv,STAR-PDF-v0.2:EXP-FIELD-B02,Physical_Support_Eligible,,false
registry/experiment_audit_v0.3.csv,STAR-PDF-v0.2:EXP-FIELD-B02,Replication_Status,,NO NEW INDEPENDENT REPLICATION PERFORMED
registry/experiment_audit_v0.3.csv,STAR-PDF-v0.2:EXP-ECC-B01,baseline_evidence_state,,D/R
registry/experiment_audit_v0.3.csv,STAR-PDF-v0.2:EXP-ECC-B01,current_status,,THEORETICAL/PHYSICAL AUDIT OR TEST REQUIRED / NOT VERIFIED COMPLETE
registry/experiment_audit_v0.3.csv,STAR-PDF-v0.2:EXP-ECC-B01,evidence_promotion,,False
registry/experiment_audit_v0.3.csv,STAR-PDF-v0.2:EXP-ECC-B01,replication_status,,NO NEW INDEPENDENT REPLICATION PERFORMED
registry/experiment_audit_v0.3.csv,STAR-PDF-v0.2:EXP-ECC-B01,artifact_status,,LINKED_ARTIFACTS_QUARANTINED; HYPOTHESIS_CLASSIFICATION_PRESERVED
registry/experiment_audit_v0.3.csv,STAR-PDF-v0.2:EXP-ECC-B01,evidence_eligibility,,LINKED_QUARANTINED_ASSETS_HISTORICAL_DIAGNOSTIC_ONLY
registry/experiment_audit_v0.3.csv,STAR-PDF-v0.2:EXP-ECC-B01,controlled_support_eligible,,False
registry/experiment_audit_v0.3.csv,STAR-PDF-v0.2:EXP-ECC-B01,physical_support_eligible,,False
registry/experiment_audit_v0.3.csv,STAR-PDF-v0.2:EXP-ECC-B01,Baseline_Evidence_State,,D/R
registry/experiment_audit_v0.3.csv,STAR-PDF-v0.2:EXP-ECC-B01,Current_Status,,THEORETICAL/PHYSICAL AUDIT OR TEST REQUIRED / NOT VERIFIED COMPLETE
registry/experiment_audit_v0.3.csv,STAR-PDF-v0.2:EXP-ECC-B01,Controlled_Support_Eligible,,false
registry/experiment_audit_v0.3.csv,STAR-PDF-v0.2:EXP-ECC-B01,Physical_Support_Eligible,,false
registry/experiment_audit_v0.3.csv,STAR-PDF-v0.2:EXP-ECC-B01,Replication_Status,,NO NEW INDEPENDENT REPLICATION PERFORMED
registry/experiment_audit_v0.3.csv,STAR-PDF-v0.2:EXP-ENERGY-B01,baseline_evidence_state,,N
registry/experiment_audit_v0.3.csv,STAR-PDF-v0.2:EXP-ENERGY-B01,current_status,,THEORETICAL/PHYSICAL AUDIT OR TEST REQUIRED / NOT VERIFIED COMPLETE
registry/experiment_audit_v0.3.csv,STAR-PDF-v0.2:EXP-ENERGY-B01,evidence_promotion,,False
registry/experiment_audit_v0.3.csv,STAR-PDF-v0.2:EXP-ENERGY-B01,replication_status,,NO NEW INDEPENDENT REPLICATION PERFORMED
registry/experiment_audit_v0.3.csv,STAR-PDF-v0.2:EXP-ENERGY-B01,artifact_status,,AUDIT_ONLY_NO_CONTROLLED_SUPPORT_VERIFIED
registry/experiment_audit_v0.3.csv,STAR-PDF-v0.2:EXP-ENERGY-B01,evidence_eligibility,,NO_NEW_CONTROLLED_OR_PHYSICAL_SUPPORT_ESTABLISHED
registry/experiment_audit_v0.3.csv,STAR-PDF-v0.2:EXP-ENERGY-B01,controlled_support_eligible,,False
registry/experiment_audit_v0.3.csv,STAR-PDF-v0.2:EXP-ENERGY-B01,physical_support_eligible,,False
registry/experiment_audit_v0.3.csv,STAR-PDF-v0.2:EXP-ENERGY-B01,Baseline_Evidence_State,,N
registry/experiment_audit_v0.3.csv,STAR-PDF-v0.2:EXP-ENERGY-B01,Current_Status,,THEORETICAL/PHYSICAL AUDIT OR TEST REQUIRED / NOT VERIFIED COMPLETE
registry/experiment_audit_v0.3.csv,STAR-PDF-v0.2:EXP-ENERGY-B01,Controlled_Support_Eligible,,false
registry/experiment_audit_v0.3.csv,STAR-PDF-v0.2:EXP-ENERGY-B01,Physical_Support_Eligible,,false
registry/experiment_audit_v0.3.csv,STAR-PDF-v0.2:EXP-ENERGY-B01,Replication_Status,,NO NEW INDEPENDENT REPLICATION PERFORMED
registry/experiment_audit_v0.3.csv,STAR-PDF-v0.2:EXP-COSMO-B01,baseline_evidence_state,,N
registry/experiment_audit_v0.3.csv,STAR-PDF-v0.2:EXP-COSMO-B01,current_status,,PLANNED CONTROLLED EXPERIMENT / COMPLETED EXECUTION NOT VERIFIED
registry/experiment_audit_v0.3.csv,STAR-PDF-v0.2:EXP-COSMO-B01,evidence_promotion,,False
registry/experiment_audit_v0.3.csv,STAR-PDF-v0.2:EXP-COSMO-B01,replication_status,,NO NEW INDEPENDENT REPLICATION PERFORMED
registry/experiment_audit_v0.3.csv,STAR-PDF-v0.2:EXP-COSMO-B01,artifact_status,,AUDIT_ONLY_NO_CONTROLLED_SUPPORT_VERIFIED
registry/experiment_audit_v0.3.csv,STAR-PDF-v0.2:EXP-COSMO-B01,evidence_eligibility,,NO_NEW_CONTROLLED_OR_PHYSICAL_SUPPORT_ESTABLISHED
registry/experiment_audit_v0.3.csv,STAR-PDF-v0.2:EXP-COSMO-B01,controlled_support_eligible,,False
registry/experiment_audit_v0.3.csv,STAR-PDF-v0.2:EXP-COSMO-B01,physical_support_eligible,,False
registry/experiment_audit_v0.3.csv,STAR-PDF-v0.2:EXP-COSMO-B01,Baseline_Evidence_State,,N
registry/experiment_audit_v0.3.csv,STAR-PDF-v0.2:EXP-COSMO-B01,Current_Status,,PLANNED CONTROLLED EXPERIMENT / COMPLETED EXECUTION NOT VERIFIED
registry/experiment_audit_v0.3.csv,STAR-PDF-v0.2:EXP-COSMO-B01,Controlled_Support_Eligible,,false
registry/experiment_audit_v0.3.csv,STAR-PDF-v0.2:EXP-COSMO-B01,Physical_Support_Eligible,,false
registry/experiment_audit_v0.3.csv,STAR-PDF-v0.2:EXP-COSMO-B01,Replication_Status,,NO NEW INDEPENDENT REPLICATION PERFORMED
registry/experiment_audit_v0.3.csv,STAR-PDF-v0.2:EXP-COSMO-C01,baseline_evidence_state,,N
registry/experiment_audit_v0.3.csv,STAR-PDF-v0.2:EXP-COSMO-C01,current_status,,DEFERRED / PREREQUISITES UNVERIFIED; CALIBRATED DEMO INSUFFICIENT
registry/experiment_audit_v0.3.csv,STAR-PDF-v0.2:EXP-COSMO-C01,evidence_promotion,,False
registry/experiment_audit_v0.3.csv,STAR-PDF-v0.2:EXP-COSMO-C01,replication_status,,NO NEW INDEPENDENT REPLICATION PERFORMED
registry/experiment_audit_v0.3.csv,STAR-PDF-v0.2:EXP-COSMO-C01,artifact_status,,AUDIT_ONLY_NO_CONTROLLED_SUPPORT_VERIFIED
registry/experiment_audit_v0.3.csv,STAR-PDF-v0.2:EXP-COSMO-C01,evidence_eligibility,,NO_NEW_CONTROLLED_OR_PHYSICAL_SUPPORT_ESTABLISHED
registry/experiment_audit_v0.3.csv,STAR-PDF-v0.2:EXP-COSMO-C01,controlled_support_eligible,,False
registry/experiment_audit_v0.3.csv,STAR-PDF-v0.2:EXP-COSMO-C01,physical_support_eligible,,False
registry/experiment_audit_v0.3.csv,STAR-PDF-v0.2:EXP-COSMO-C01,Baseline_Evidence_State,,N
registry/experiment_audit_v0.3.csv,STAR-PDF-v0.2:EXP-COSMO-C01,Current_Status,,DEFERRED / PREREQUISITES UNVERIFIED; CALIBRATED DEMO INSUFFICIENT
registry/experiment_audit_v0.3.csv,STAR-PDF-v0.2:EXP-COSMO-C01,Controlled_Support_Eligible,,false
registry/experiment_audit_v0.3.csv,STAR-PDF-v0.2:EXP-COSMO-C01,Physical_Support_Eligible,,false
registry/experiment_audit_v0.3.csv,STAR-PDF-v0.2:EXP-COSMO-C01,Replication_Status,,NO NEW INDEPENDENT REPLICATION PERFORMED
registry/experiment_registry_v0.2.csv,EXP-DATA-A01,Current_Audit_Assessment,,Planned; parameters/nulls not preregistered; controlled execution and independent reproduction unverified.
registry/experiment_registry_v0.2.csv,EXP-DATA-A01,Controlled_Execution_Eligible,,false
registry/experiment_registry_v0.2.csv,EXP-DATA-A01,Controlled_Support_Eligible,,false
registry/experiment_registry_v0.2.csv,EXP-DATA-A01,Physical_Support_Eligible,,false
registry/experiment_registry_v0.2.csv,EXP-DATA-A02,Current_Audit_Assessment,,Planned; parameters/nulls not preregistered; controlled execution and independent reproduction unverified.
registry/experiment_registry_v0.2.csv,EXP-DATA-A02,Controlled_Execution_Eligible,,false
registry/experiment_registry_v0.2.csv,EXP-DATA-A02,Controlled_Support_Eligible,,false
registry/experiment_registry_v0.2.csv,EXP-DATA-A02,Physical_Support_Eligible,,false
registry/experiment_registry_v0.2.csv,EXP-CTRL-A01,Current_Audit_Assessment,,Planned; parameters/nulls not preregistered; controlled execution and independent reproduction unverified.
registry/experiment_registry_v0.2.csv,EXP-CTRL-A01,Controlled_Execution_Eligible,,false
registry/experiment_registry_v0.2.csv,EXP-CTRL-A01,Controlled_Support_Eligible,,false
registry/experiment_registry_v0.2.csv,EXP-CTRL-A01,Physical_Support_Eligible,,false
registry/experiment_registry_v0.2.csv,EXP-CTRL-A02,Current_Audit_Assessment,,Planned; parameters/nulls not preregistered; controlled execution and independent reproduction unverified.
registry/experiment_registry_v0.2.csv,EXP-CTRL-A02,Controlled_Execution_Eligible,,false
registry/experiment_registry_v0.2.csv,EXP-CTRL-A02,Controlled_Support_Eligible,,false
registry/experiment_registry_v0.2.csv,EXP-CTRL-A02,Physical_Support_Eligible,,false
registry/experiment_registry_v0.2.csv,EXP-CTRL-A03,Current_Audit_Assessment,,Planned; parameters/nulls not preregistered; controlled execution and independent reproduction unverified.
registry/experiment_registry_v0.2.csv,EXP-CTRL-A03,Controlled_Execution_Eligible,,false
registry/experiment_registry_v0.2.csv,EXP-CTRL-A03,Controlled_Support_Eligible,,false
registry/experiment_registry_v0.2.csv,EXP-CTRL-A03,Physical_Support_Eligible,,false
registry/experiment_registry_v0.2.csv,EXP-K001,Current_Audit_Assessment,,Planned; parameters/nulls not preregistered; controlled execution and independent reproduction unverified.
registry/experiment_registry_v0.2.csv,EXP-K001,Controlled_Execution_Eligible,,false
registry/experiment_registry_v0.2.csv,EXP-K001,Controlled_Support_Eligible,,false
registry/experiment_registry_v0.2.csv,EXP-K001,Physical_Support_Eligible,,false
registry/experiment_registry_v0.2.csv,EXP-L001,Current_Audit_Assessment,,Planned; parameters/nulls not preregistered; controlled execution and independent reproduction unverified.
registry/experiment_registry_v0.2.csv,EXP-L001,Controlled_Execution_Eligible,,false
registry/experiment_registry_v0.2.csv,EXP-L001,Controlled_Support_Eligible,,false
registry/experiment_registry_v0.2.csv,EXP-L001,Physical_Support_Eligible,,false
registry/experiment_registry_v0.2.csv,EXP-SFR-A01,Current_Audit_Assessment,,Planned; parameters/nulls not preregistered; controlled execution and independent reproduction unverified.
registry/experiment_registry_v0.2.csv,EXP-SFR-A01,Controlled_Execution_Eligible,,false
registry/experiment_registry_v0.2.csv,EXP-SFR-A01,Controlled_Support_Eligible,,false
registry/experiment_registry_v0.2.csv,EXP-SFR-A01,Physical_Support_Eligible,,false
registry/experiment_registry_v0.2.csv,EXP-SFR-A02,Current_Audit_Assessment,,Planned; parameters/nulls not preregistered; controlled execution and independent reproduction unverified.
registry/experiment_registry_v0.2.csv,EXP-SFR-A02,Controlled_Execution_Eligible,,false
registry/experiment_registry_v0.2.csv,EXP-SFR-A02,Controlled_Support_Eligible,,false
registry/experiment_registry_v0.2.csv,EXP-SFR-A02,Physical_Support_Eligible,,false
registry/experiment_registry_v0.2.csv,EXP-SFR-A03,Current_Audit_Assessment,,Planned; parameters/nulls not preregistered; controlled execution and independent reproduction unverified.
registry/experiment_registry_v0.2.csv,EXP-SFR-A03,Controlled_Execution_Eligible,,false
registry/experiment_registry_v0.2.csv,EXP-SFR-A03,Controlled_Support_Eligible,,false
registry/experiment_registry_v0.2.csv,EXP-SFR-A03,Physical_Support_Eligible,,false
registry/experiment_registry_v0.2.csv,EXP-RANK-A01,Current_Audit_Assessment,,Planned; parameters/nulls not preregistered; controlled execution and independent reproduction unverified.
registry/experiment_registry_v0.2.csv,EXP-RANK-A01,Controlled_Execution_Eligible,,false
registry/experiment_registry_v0.2.csv,EXP-RANK-A01,Controlled_Support_Eligible,,false
registry/experiment_registry_v0.2.csv,EXP-RANK-A01,Physical_Support_Eligible,,false
registry/experiment_registry_v0.2.csv,EXP-RANK-A02,Current_Audit_Assessment,,Planned; parameters/nulls not preregistered; controlled execution and independent reproduction unverified.
registry/experiment_registry_v0.2.csv,EXP-RANK-A02,Controlled_Execution_Eligible,,false
registry/experiment_registry_v0.2.csv,EXP-RANK-A02,Controlled_Support_Eligible,,false
registry/experiment_registry_v0.2.csv,EXP-RANK-A02,Physical_Support_Eligible,,false
registry/experiment_registry_v0.2.csv,EXP-TOPO-A01,Current_Audit_Assessment,,Planned; parameters/nulls not preregistered; controlled execution and independent reproduction unverified.
registry/experiment_registry_v0.2.csv,EXP-TOPO-A01,Controlled_Execution_Eligible,,false
registry/experiment_registry_v0.2.csv,EXP-TOPO-A01,Controlled_Support_Eligible,,false
registry/experiment_registry_v0.2.csv,EXP-TOPO-A01,Physical_Support_Eligible,,false
registry/experiment_registry_v0.2.csv,EXP-MAP-A01,Current_Audit_Assessment,,Planned; parameters/nulls not preregistered; controlled execution and independent reproduction unverified.
registry/experiment_registry_v0.2.csv,EXP-MAP-A01,Controlled_Execution_Eligible,,false
registry/experiment_registry_v0.2.csv,EXP-MAP-A01,Controlled_Support_Eligible,,false
registry/experiment_registry_v0.2.csv,EXP-MAP-A01,Physical_Support_Eligible,,false
registry/experiment_registry_v0.2.csv,EXP-MAP-A02,Current_Audit_Assessment,,Planned; parameters/nulls not preregistered; controlled execution and independent reproduction unverified.
registry/experiment_registry_v0.2.csv,EXP-MAP-A02,Controlled_Execution_Eligible,,false
registry/experiment_registry_v0.2.csv,EXP-MAP-A02,Controlled_Support_Eligible,,false
registry/experiment_registry_v0.2.csv,EXP-MAP-A02,Physical_Support_Eligible,,false
registry/experiment_registry_v0.2.csv,EXP-MAP-A03,Current_Audit_Assessment,,Planned; parameters/nulls not preregistered; controlled execution and independent reproduction unverified.
registry/experiment_registry_v0.2.csv,EXP-MAP-A03,Controlled_Execution_Eligible,,false
registry/experiment_registry_v0.2.csv,EXP-MAP-A03,Controlled_Support_Eligible,,false
registry/experiment_registry_v0.2.csv,EXP-MAP-A03,Physical_Support_Eligible,,false
registry/experiment_registry_v0.2.csv,EXP-RTCH-B01,Current_Audit_Assessment,,Planned; parameters/nulls not preregistered; controlled execution and independent reproduction unverified.
registry/experiment_registry_v0.2.csv,EXP-RTCH-B01,Controlled_Execution_Eligible,,false
registry/experiment_registry_v0.2.csv,EXP-RTCH-B01,Controlled_Support_Eligible,,false
registry/experiment_registry_v0.2.csv,EXP-RTCH-B01,Physical_Support_Eligible,,false
registry/experiment_registry_v0.2.csv,EXP-ECC-B01,Current_Audit_Assessment,,Planned; parameters/nulls not preregistered; controlled execution and independent reproduction unverified.
registry/experiment_registry_v0.2.csv,EXP-ECC-B01,Controlled_Execution_Eligible,,false
registry/experiment_registry_v0.2.csv,EXP-ECC-B01,Controlled_Support_Eligible,,false
registry/experiment_registry_v0.2.csv,EXP-ECC-B01,Physical_Support_Eligible,,false
registry/namespace_relationships_v0.3.csv,REPO-CSV-v0.2,Resolution_Status,,protocol_review_pending
registry/namespace_relationships_v0.3.csv,REPO-CSV-v0.2,Evidence_Eligible,,false
registry/namespace_relationships_v0.3.csv,REPO-CSV-v0.2,Resolution_Status,,protocol_review_pending
registry/namespace_relationships_v0.3.csv,REPO-CSV-v0.2,Evidence_Eligible,,false
registry/namespace_relationships_v0.3.csv,REPO-CSV-v0.2,Resolution_Status,,protocol_review_pending
registry/namespace_relationships_v0.3.csv,REPO-CSV-v0.2,Evidence_Eligible,,false
registry/namespace_relationships_v0.3.csv,REPO-CSV-v0.2,Resolution_Status,,protocol_review_pending
registry/namespace_relationships_v0.3.csv,REPO-CSV-v0.2,Evidence_Eligible,,false
registry/namespace_relationships_v0.3.csv,REPO-CSV-v0.2,Resolution_Status,,protocol_review_pending
registry/namespace_relationships_v0.3.csv,REPO-CSV-v0.2,Evidence_Eligible,,false
registry/namespace_relationships_v0.3.csv,REPO-CSV-v0.2,Resolution_Status,,protocol_review_pending
registry/namespace_relationships_v0.3.csv,REPO-CSV-v0.2,Evidence_Eligible,,false
registry/namespace_relationships_v0.3.csv,REPO-CSV-v0.2,Resolution_Status,,protocol_review_pending
registry/namespace_relationships_v0.3.csv,REPO-CSV-v0.2,Evidence_Eligible,,false
registry/namespace_relationships_v0.3.csv,REPO-CSV-v0.2,Resolution_Status,,protocol_review_pending
registry/namespace_relationships_v0.3.csv,REPO-CSV-v0.2,Evidence_Eligible,,false
registry/namespace_relationships_v0.3.csv,REPO-CSV-v0.2,Resolution_Status,,protocol_review_pending
registry/namespace_relationships_v0.3.csv,REPO-CSV-v0.2,Evidence_Eligible,,false
registry/namespace_relationships_v0.3.csv,REPO-CSV-v0.2,Resolution_Status,,protocol_review_pending
registry/namespace_relationships_v0.3.csv,REPO-CSV-v0.2,Evidence_Eligible,,false
registry/namespace_relationships_v0.3.csv,REPO-CSV-v0.2,Resolution_Status,,protocol_review_pending
registry/namespace_relationships_v0.3.csv,REPO-CSV-v0.2,Evidence_Eligible,,false
registry/namespace_relationships_v0.3.csv,REPO-CSV-v0.2,Resolution_Status,,protocol_review_pending
registry/namespace_relationships_v0.3.csv,REPO-CSV-v0.2,Evidence_Eligible,,false
registry/namespace_relationships_v0.3.csv,REPO-CSV-v0.2,Resolution_Status,,protocol_review_pending
registry/namespace_relationships_v0.3.csv,REPO-CSV-v0.2,Evidence_Eligible,,false
registry/namespace_relationships_v0.3.csv,REPO-CSV-v0.2,Resolution_Status,,protocol_review_pending
registry/namespace_relationships_v0.3.csv,REPO-CSV-v0.2,Evidence_Eligible,,false
registry/namespace_relationships_v0.3.csv,REPO-CSV-v0.2,Resolution_Status,,protocol_review_pending
registry/namespace_relationships_v0.3.csv,REPO-CSV-v0.2,Evidence_Eligible,,false
registry/namespace_relationships_v0.3.csv,REPO-CSV-v0.2,Resolution_Status,,protocol_review_pending
registry/namespace_relationships_v0.3.csv,REPO-CSV-v0.2,Evidence_Eligible,,false
registry/namespace_relationships_v0.3.csv,REPO-CSV-v0.2,Resolution_Status,,protocol_review_pending
registry/namespace_relationships_v0.3.csv,REPO-CSV-v0.2,Evidence_Eligible,,false
registry/namespace_relationships_v0.3.csv,REPO-CSV-v0.2,Resolution_Status,,protocol_review_pending
registry/namespace_relationships_v0.3.csv,REPO-CSV-v0.2,Evidence_Eligible,,false
registry/namespace_relationships_v0.3.csv,REPO-CSV-v0.2,Resolution_Status,,protocol_review_pending
registry/namespace_relationships_v0.3.csv,REPO-CSV-v0.2,Evidence_Eligible,,false
registry/namespace_relationships_v0.3.csv,REPO-CSV-v0.2,Resolution_Status,,protocol_review_pending
registry/namespace_relationships_v0.3.csv,REPO-CSV-v0.2,Evidence_Eligible,,false
registry/namespace_relationships_v0.3.csv,REPO-CSV-v0.2,Resolution_Status,,protocol_review_pending
registry/namespace_relationships_v0.3.csv,REPO-CSV-v0.2,Evidence_Eligible,,false
registry/namespace_relationships_v0.3.csv,REPO-CSV-v0.2,Resolution_Status,,protocol_review_pending
registry/namespace_relationships_v0.3.csv,REPO-CSV-v0.2,Evidence_Eligible,,false
registry/namespace_relationships_v0.3.csv,REPO-CSV-v0.2,Resolution_Status,,protocol_review_pending
registry/namespace_relationships_v0.3.csv,REPO-CSV-v0.2,Evidence_Eligible,,false
registry/namespace_relationships_v0.3.csv,REPO-CSV-v0.2,Resolution_Status,,protocol_review_pending
registry/namespace_relationships_v0.3.csv,REPO-CSV-v0.2,Evidence_Eligible,,false
registry/namespace_relationships_v0.3.csv,REPO-CSV-v0.2,Resolution_Status,,protocol_review_pending
registry/namespace_relationships_v0.3.csv,REPO-CSV-v0.2,Evidence_Eligible,,false
registry/namespace_relationships_v0.3.csv,REPO-CSV-v0.2,Resolution_Status,,same_string_scope_conflict
registry/namespace_relationships_v0.3.csv,REPO-CSV-v0.2,Evidence_Eligible,,false
registry/namespace_relationships_v0.3.csv,REPO-CSV-v0.2,Resolution_Status,,same_string_scope_conflict
registry/namespace_relationships_v0.3.csv,REPO-CSV-v0.2,Evidence_Eligible,,false
registry/namespace_relationships_v0.3.csv,REPO-CSV-v0.2,Resolution_Status,,same_string_scope_conflict
registry/namespace_relationships_v0.3.csv,REPO-CSV-v0.2,Evidence_Eligible,,false
registry/namespace_relationships_v0.3.csv,REPO-CSV-v0.2,Resolution_Status,,same_string_scope_conflict
registry/namespace_relationships_v0.3.csv,REPO-CSV-v0.2,Evidence_Eligible,,false
registry/namespace_relationships_v0.3.csv,REPO-CSV-v0.2,Resolution_Status,,same_string_scope_conflict
registry/namespace_relationships_v0.3.csv,REPO-CSV-v0.2,Evidence_Eligible,,false
registry/namespace_relationships_v0.3.csv,REPO-CSV-v0.2,Resolution_Status,,protocol_review_pending
registry/namespace_relationships_v0.3.csv,REPO-CSV-v0.2,Evidence_Eligible,,false
registry/namespace_relationships_v0.3.csv,REPO-CSV-v0.2,Resolution_Status,,protocol_review_pending
registry/namespace_relationships_v0.3.csv,REPO-CSV-v0.2,Evidence_Eligible,,false
registry/namespace_relationships_v0.3.csv,REPO-CSV-v0.2,Resolution_Status,,protocol_review_pending
registry/namespace_relationships_v0.3.csv,REPO-CSV-v0.2,Evidence_Eligible,,false
registry/namespace_relationships_v0.3.csv,REPO-CSV-v0.2,Resolution_Status,,same_string_scope_conflict
registry/namespace_relationships_v0.3.csv,REPO-CSV-v0.2,Evidence_Eligible,,false
registry/namespace_relationships_v0.3.csv,REPO-CSV-v0.2,Resolution_Status,,protocol_review_pending
registry/namespace_relationships_v0.3.csv,REPO-CSV-v0.2,Evidence_Eligible,,false
registry/namespace_relationships_v0.3.csv,REPO-CSV-v0.2,Resolution_Status,,protocol_review_pending
registry/namespace_relationships_v0.3.csv,REPO-CSV-v0.2,Evidence_Eligible,,false
registry/namespace_relationships_v0.3.csv,REPO-CSV-v0.2,Resolution_Status,,same_string_scope_conflict
registry/namespace_relationships_v0.3.csv,REPO-CSV-v0.2,Evidence_Eligible,,false
registry/namespace_relationships_v0.3.csv,REPO-CSV-v0.2,Resolution_Status,,protocol_review_pending
registry/namespace_relationships_v0.3.csv,REPO-CSV-v0.2,Evidence_Eligible,,false
registry/namespace_relationships_v0.3.csv,REPO-CSV-v0.2,Resolution_Status,,protocol_review_pending
registry/namespace_relationships_v0.3.csv,REPO-CSV-v0.2,Evidence_Eligible,,false
registry/namespace_relationships_v0.3.csv,REPO-CSV-v0.2,Resolution_Status,,same_string_scope_conflict
registry/namespace_relationships_v0.3.csv,REPO-CSV-v0.2,Evidence_Eligible,,false
registry/namespace_relationships_v0.3.csv,REPO-CSV-v0.2,Resolution_Status,,same_string_scope_conflict
registry/namespace_relationships_v0.3.csv,REPO-CSV-v0.2,Evidence_Eligible,,false
registry/namespace_relationships_v0.3.csv,REPO-CSV-v0.2,Resolution_Status,,protocol_review_pending
registry/namespace_relationships_v0.3.csv,REPO-CSV-v0.2,Evidence_Eligible,,false
registry/namespace_relationships_v0.3.csv,REPO-CSV-v0.2,Resolution_Status,,protocol_review_pending
registry/namespace_relationships_v0.3.csv,REPO-CSV-v0.2,Evidence_Eligible,,false
registry/namespace_relationships_v0.3.csv,WEB-DISPLAY-main,Resolution_Status,,protocol_review_pending
registry/namespace_relationships_v0.3.csv,WEB-DISPLAY-main,Evidence_Eligible,,false
registry/namespace_relationships_v0.3.csv,WEB-DISPLAY-main,Resolution_Status,,protocol_review_pending
registry/namespace_relationships_v0.3.csv,WEB-DISPLAY-main,Evidence_Eligible,,false
registry/namespace_relationships_v0.3.csv,WEB-DISPLAY-main,Resolution_Status,,protocol_review_pending
registry/namespace_relationships_v0.3.csv,WEB-DISPLAY-main,Evidence_Eligible,,false
registry/namespace_relationships_v0.3.csv,WEB-DISPLAY-main,Resolution_Status,,protocol_review_pending
registry/namespace_relationships_v0.3.csv,WEB-DISPLAY-main,Evidence_Eligible,,false
registry/namespace_relationships_v0.3.csv,WEB-DISPLAY-main,Resolution_Status,,protocol_review_pending
registry/namespace_relationships_v0.3.csv,WEB-DISPLAY-main,Evidence_Eligible,,false
registry/namespace_relationships_v0.3.csv,WEB-DISPLAY-main,Resolution_Status,,protocol_review_pending
registry/namespace_relationships_v0.3.csv,WEB-DISPLAY-main,Evidence_Eligible,,false
registry/namespace_relationships_v0.3.csv,WEB-DISPLAY-main,Resolution_Status,,protocol_review_pending
registry/namespace_relationships_v0.3.csv,WEB-DISPLAY-main,Evidence_Eligible,,false
registry/namespace_relationships_v0.3.csv,WEB-DISPLAY-main,Resolution_Status,,protocol_review_pending
registry/namespace_relationships_v0.3.csv,WEB-DISPLAY-main,Evidence_Eligible,,false
registry/namespace_relationships_v0.3.csv,WEB-DISPLAY-main,Resolution_Status,,protocol_review_pending
registry/namespace_relationships_v0.3.csv,WEB-DISPLAY-main,Evidence_Eligible,,false
registry/namespace_relationships_v0.3.csv,WEB-DISPLAY-main,Resolution_Status,,canonical_relationship_not_assigned
registry/namespace_relationships_v0.3.csv,WEB-DISPLAY-main,Evidence_Eligible,,false
registry/namespace_relationships_v0.3.csv,WEB-DISPLAY-main,Resolution_Status,,protocol_review_pending
registry/namespace_relationships_v0.3.csv,WEB-DISPLAY-main,Evidence_Eligible,,false
registry/namespace_relationships_v0.3.csv,WEB-DISPLAY-main,Resolution_Status,,protocol_review_pending
registry/namespace_relationships_v0.3.csv,WEB-DISPLAY-main,Evidence_Eligible,,false
registry/namespace_relationships_v0.3.csv,WEB-DISPLAY-main,Resolution_Status,,protocol_review_pending
registry/namespace_relationships_v0.3.csv,WEB-DISPLAY-main,Evidence_Eligible,,false
registry/namespace_relationships_v0.3.csv,WEB-DISPLAY-main,Resolution_Status,,canonical_relationship_not_assigned
registry/namespace_relationships_v0.3.csv,WEB-DISPLAY-main,Evidence_Eligible,,false
registry/namespace_relationships_v0.3.csv,WEB-DISPLAY-main,Resolution_Status,,protocol_review_pending
registry/namespace_relationships_v0.3.csv,WEB-DISPLAY-main,Evidence_Eligible,,false
registry/namespace_relationships_v0.3.csv,WEB-DISPLAY-main,Resolution_Status,,protocol_review_pending
registry/namespace_relationships_v0.3.csv,WEB-DISPLAY-main,Evidence_Eligible,,false
registry/namespace_relationships_v0.3.csv,WEB-DISPLAY-main,Resolution_Status,,protocol_review_pending
registry/namespace_relationships_v0.3.csv,WEB-DISPLAY-main,Evidence_Eligible,,false
registry/namespace_relationships_v0.3.csv,WEB-DISPLAY-main,Resolution_Status,,protocol_review_pending
registry/namespace_relationships_v0.3.csv,WEB-DISPLAY-main,Evidence_Eligible,,false
registry/namespace_relationships_v0.3.csv,WEB-DISPLAY-main,Resolution_Status,,protocol_review_pending
registry/namespace_relationships_v0.3.csv,WEB-DISPLAY-main,Evidence_Eligible,,false
registry/namespace_relationships_v0.3.csv,WEB-DISPLAY-main,Resolution_Status,,canonical_relationship_not_assigned
registry/namespace_relationships_v0.3.csv,WEB-DISPLAY-main,Evidence_Eligible,,false
