objid,ra,dec,u,g,r,i,z,run,rerun,camcol,field,specobjid,class,redshift,plate,mjd,fiberid,arcsec_separation,PLATEIFU,MANGAID,OBJRA,OBJDEC,LOGMSTARS,SINI,VOPT,SESSION,EXP,RMS,LOGHILIM200KMS,PEAK,SNR,FHI,EFHI,LOGMHI,VHI,EV,WM50,WP50,WP20,W2P50,WF50,DW,PR,PL,AR,BR,AL,BL,NEGDET,BLSTRUCT,conflag,conf_prob
1237662307274457227,242.395734171344,26.9127573743777,17.43651,15.71449,14.86973,14.43448,14.10382,3919,301,5,252,1568535572895524864,GALAXY,0.03187571,1393,52824,571,1291630216.7193174,10001-12701,1-48157,133.371090612,57.5984251446,9.428999281013445,0.927642710084122,11754.1,AGBT17A_012_19,896.8291,1.4207177,-999.0,0.0137383435,8.670002,3.313165,0.14617112,10.35004,11955.675,47.163033,432.4681,303.13943,434.7268,307.13962,287.3401,6.6275935,11.448619,7.819415,8.402823,0.02141115,56.474014,-0.34800306,0,0,1,0.8186065239067744
1237661356999180331,158.01702736729,43.8592802260884,17.34012,15.61009,14.85985,14.48389,14.20056,3698,301,3,42,1608951424094332928,GALAXY,0.02837604,1429,52990,147,238029586.4091492,10001-12701,1-48157,133.371090612,57.5984251446,9.428999281013445,0.927642710084122,11754.1,AGBT17A_012_19,896.8291,1.4207177,-999.0,0.0137383435,8.670002,3.313165,0.14617112,10.35004,11955.675,47.163033,432.4681,303.13943,434.7268,307.13962,287.3401,6.6275935,11.448619,7.819415,8.402823,0.02141115,56.474014,-0.34800306,0,0,1,0.8186065239067744
1237657589783134312,171.954213290575,53.7394357890152,18.60017,16.69944,15.87934,15.5024,15.17843,2821,301,2,151,1140555892501014528,GALAXY,0.04916706,1013,52707,70,554027269.5797008,10001-12701,1-48157,133.371090612,57.5984251446,9.428999281013445,0.927642710084122,11754.1,AGBT17A_012_19,896.8291,1.4207177,-999.0,0.0137383435,8.670002,3.313165,0.14617112,10.35004,11955.675,47.163033,432.4681,303.13943,434.7268,307.13962,287.3401,6.6275935,11.448619,7.819415,8.402823,0.02141115,56.474014,-0.34800306,0,0,1,0.8186065239067744
1237662305115504869,213.8584802132,37.490292230853,17.58129,16.44041,16.03027,15.77555,15.5901,3919,301,1,77,1849996811062765568,GALAXY,0.04560365,1643,53143,521,308778414.9519032,10001-12701,1-48157,133.371090612,57.5984251446,9.428999281013445,0.927642710084122,11754.1,AGBT17A_012_19,896.8291,1.4207177,-999.0,0.0137383435,8.670002,3.313165,0.14617112,10.35004,11955.675,47.163033,432.4681,303.13943,434.7268,307.13962,287.3401,6.6275935,11.448619,7.819415,8.402823,0.02141115,56.474014,-0.34800306,0,0,1,0.8186065239067744
1237666214070059072,18.5726919460662,14.6262411374142,18.6005,16.66402,15.7396,15.3227,14.97022,4829,301,2,38,476319737698084864,GALAXY,0.05880603,423,51821,233,1142500761.802667,10001-12701,1-48157,133.371090612,57.5984251446,9.428999281013445,0.927642710084122,11754.1,AGBT17A_012_19,896.8291,1.4207177,-999.0,0.0137383435,8.670002,3.313165,0.14617112,10.35004,11955.675,47.163033,432.4681,303.13943,434.7268,307.13962,287.3401,6.6275935,11.448619,7.819415,8.402823,0.02141115,56.474014,-0.34800306,0,0,1,0.8186065239067744
1237662306186035279,205.01142763684,40.4209237620578,16.95524,15.22185,14.39465,13.99851,13.67039,3919,301,3,28,1550451359189329920,GALAXY,0.02411054,1377,53050,317,298671439.44579554,10001-12701,1-48157,133.371090612,57.5984251446,9.428999281013445,0.927642710084122,11754.1,AGBT17A_012_19,896.8291,1.4207177,-999.0,0.0137383435,8.670002,3.313165,0.14617112,10.35004,11955.675,47.163033,432.4681,303.13943,434.7268,307.13962,287.3401,6.6275935,11.448619,7.819415,8.402823,0.02141115,56.474014,-0.34800306,0,0,1,0.8186065239067744
1237666213532729349,18.8024231864592,13.4642830889097,17.36479,15.32728,14.39976,13.96457,13.63657,4829,301,1,31,476312041116690432,GALAXY,0.05966095,423,51821,205,1141881967.3839254,10001-12701,1-48157,133.371090612,57.5984251446,9.428999281013445,0.927642710084122,11754.1,AGBT17A_012_19,896.8291,1.4207177,-999.0,0.0137383435,8.670002,3.313165,0.14617112,10.35004,11955.675,47.163033,432.4681,303.13943,434.7268,307.13962,287.3401,6.6275935,11.448619,7.819415,8.402823,0.02141115,56.474014,-0.34800306,0,0,1,0.8186065239067744
1237667442974785715,194.486076326311,27.037503631457,17.55573,15.90558,15.11777,14.69798,14.36654,5115,301,3,148,2522044167891216384,GALAXY,0.02471841,2240,53823,103,1036893181.0041534,10001-12701,1-48157,133.371090612,57.5984251446,9.428999281013445,0.927642710084122,11754.1,AGBT17A_012_19,896.8291,1.4207177,-999.0,0.0137383435,8.670002,3.313165,0.14617112,10.35004,11955.675,47.163033,432.4681,303.13943,434.7268,307.13962,287.3401,6.6275935,11.448619,7.819415,8.402823,0.02141115,56.474014,-0.34800306,0,0,1,0.8186065239067744
1237661382230933525,135.030418011554,29.6327614847606,16.94848,15.49143,14.85147,14.49322,14.25451,3704,301,2,24,1790209489077561344,GALAXY,0.02676185,1590,52974,104,779474702.8077772,10001-12701,1-48157,133.371090612,57.5984251446,9.428999281013445,0.927642710084122,11754.1,AGBT17A_012_19,896.8291,1.4207177,-999.0,0.0137383435,8.670002,3.313165,0.14617112,10.35004,11955.675,47.163033,432.4681,303.13943,434.7268,307.13962,287.3401,6.6275935,11.448619,7.819415,8.402823,0.02141115,56.474014,-0.34800306,0,0,1,0.8186065239067744
1237661382230999263,135.187240278138,29.6821705858108,17.85088,16.24406,15.55342,15.19544,14.93087,3704,301,2,25,1790202067374073856,GALAXY,0.05848054,1590,52974,77,778030849.1640475,10001-12701,1-48157,133.371090612,57.5984251446,9.428999281013445,0.927642710084122,11754.1,AGBT17A_012_19,896.8291,1.4207177,-999.0,0.0137383435,8.670002,3.313165,0.14617112,10.35004,11955.675,47.163033,432.4681,303.13943,434.7268,307.13962,287.3401,6.6275935,11.448619,7.819415,8.402823,0.02141115,56.474014,-0.34800306,0,0,1,0.8186065239067744
1237661382230606184,134.307386341744,29.2926813791097,18.1421,16.9751,16.52611,16.27236,16.18581,3704,301,2,19,1789059399881353216,GALAXY,0.02093584,1589,52972,16,778237113.9702946,10001-12701,1-48157,133.371090612,57.5984251446,9.428999281013445,0.927642710084122,11754.1,AGBT17A_012_19,896.8291,1.4207177,-999.0,0.0137383435,8.670002,3.313165,0.14617112,10.35004,11955.675,47.163033,432.4681,303.13943,434.7268,307.13962,287.3401,6.6275935,11.448619,7.819415,8.402823,0.02141115,56.474014,-0.34800306,0,0,1,0.8186065239067744
1237661361838489694,213.495323010202,43.8929916887574,18.19471,16.98671,16.59397,16.35069,16.21863,3699,301,4,156,1569622719782217728,GALAXY,0.04034506,1394,53108,430,295989996.9645833,10001-12701,1-48157,133.371090612,57.5984251446,9.428999281013445,0.927642710084122,11754.1,AGBT17A_012_19,896.8291,1.4207177,-999.0,0.0137383435,8.670002,3.313165,0.14617112,10.35004,11955.675,47.163033,432.4681,303.13943,434.7268,307.13962,287.3401,6.6275935,11.448619,7.819415,8.402823,0.02141115,56.474014,-0.34800306,0,0,1,0.8186065239067744
1237661137956962487,145.816010385556,35.2062233888363,17.44021,16.27067,15.74992,15.41636,15.18633,3647,301,3,59,1794834310163884032,GALAXY,0.05023938,1594,52992,545,967381941.298882,10001-12701,1-48157,133.371090612,57.5984251446,9.428999281013445,0.927642710084122,11754.1,AGBT17A_012_19,896.8291,1.4207177,-999.0,0.0137383435,8.670002,3.313165,0.14617112,10.35004,11955.675,47.163033,432.4681,303.13943,434.7268,307.13962,287.3401,6.6275935,11.448619,7.819415,8.402823,0.02141115,56.474014,-0.34800306,0,0,1,0.8186065239067744
1237662635834933567,231.592455982452,9.39642815665972,16.72104,15.09044,14.29728,13.88418,13.5534,3996,301,1,183,1937843953810302976,GALAXY,0.0323387,1721,53857,619,755135455.6706197,10001-12701,1-48157,133.371090612,57.5984251446,9.428999281013445,0.927642710084122,11754.1,AGBT17A_012_19,896.8291,1.4207177,-999.0,0.0137383435,8.670002,3.313165,0.14617112,10.35004,11955.675,47.163033,432.4681,303.13943,434.7268,307.13962,287.3401,6.6275935,11.448619,7.819415,8.402823,0.02141115,56.474014,-0.34800306,0,0,1,0.8186065239067744
1237661356464537746,165.095273451753,44.9572173426345,18.51949,16.77063,16.0241,15.67896,15.38966,3698,301,2,76,1616851141335738368,GALAXY,0.02141713,1436,53054,214,545570412.5235698,10001-12701,1-48157,133.371090612,57.5984251446,9.428999281013445,0.927642710084122,11754.1,AGBT17A_012_19,896.8291,1.4207177,-999.0,0.0137383435,8.670002,3.313165,0.14617112,10.35004,11955.675,47.163033,432.4681,303.13943,434.7268,307.13962,287.3401,6.6275935,11.448619,7.819415,8.402823,0.02141115,56.474014,-0.34800306,0,0,1,0.8186065239067744
1237661356464799824,165.891936735806,45.1704162054392,17.34801,16.08047,15.57165,15.2955,15.10325,3698,301,2,80,1616818430864812032,GALAXY,0.02176394,1436,53054,95,249580415.5589866,10001-12701,1-48157,133.371090612,57.5984251446,9.428999281013445,0.927642710084122,11754.1,AGBT17A_012_19,896.8291,1.4207177,-999.0,0.0137383435,8.670002,3.313165,0.14617112,10.35004,11955.675,47.163033,432.4681,303.13943,434.7268,307.13962,287.3401,6.6275935,11.448619,7.819415,8.402823,0.02141115,56.474014,-0.34800306,0,0,1,0.8186065239067744
1237657627914928141,171.718210676672,50.5424008701721,16.97095,15.95219,15.46548,15.24588,15.08549,2830,301,1,364,989699867775363072,GALAXY,0.02331581,879,52365,123,519581046.93643576,10001-12701,1-48157,133.371090612,57.5984251446,9.428999281013445,0.927642710084122,11754.1,AGBT17A_012_19,896.8291,1.4207177,-999.0,0.0137383435,8.670002,3.313165,0.14617112,10.35004,11955.675,47.163033,432.4681,303.13943,434.7268,307.13962,287.3401,6.6275935,11.448619,7.819415,8.402823,0.02141115,56.474014,-0.34800306,0,0,1,0.8186065239067744
1237657627912634522,163.792811374133,49.3714875983193,17.88151,16.81401,16.35106,16.10382,15.92152,2830,301,1,329,986299908044646400,GALAXY,0.02218493,876,52669,42,559390154.5421253,10001-12701,1-48157,133.371090612,57.5984251446,9.428999281013445,0.927642710084122,11754.1,AGBT17A_012_19,896.8291,1.4207177,-999.0,0.0137383435,8.670002,3.313165,0.14617112,10.35004,11955.675,47.163033,432.4681,303.13943,434.7268,307.13962,287.3401,6.6275935,11.448619,7.819415,8.402823,0.02141115,56.474014,-0.34800306,0,0,1,0.8186065239067744
1237661417673851010,206.446269970884,55.7570481303557,17.2324,15.40203,14.59749,14.19993,13.89346,3712,301,4,168,1488572489700239360,GALAXY,0.03977123,1322,52791,483,49503553.499303125,10001-12701,1-48157,133.371090612,57.5984251446,9.428999281013445,0.927642710084122,11754.1,AGBT17A_012_19,896.8291,1.4207177,-999.0,0.0137383435,8.670002,3.313165,0.14617112,10.35004,11955.675,47.163033,432.4681,303.13943,434.7268,307.13962,287.3401,6.6275935,11.448619,7.819415,8.402823,0.02141115,56.474014,-0.34800306,0,0,1,0.8186065239067744
1237661417675489410,212.467936405367,54.4470075421809,17.68868,16.58262,16.11556,15.89767,15.68646,3712,301,4,193,1491937269672601600,GALAXY,0.01644954,1325,52762,436,406960462.72552115,10001-12701,1-48157,133.371090612,57.5984251446,9.428999281013445,0.927642710084122,11754.1,AGBT17A_012_19,896.8291,1.4207177,-999.0,0.0137383435,8.670002,3.313165,0.14617112,10.35004,11955.675,47.163033,432.4681,303.13943,434.7268,307.13962,287.3401,6.6275935,11.448619,7.819415,8.402823,0.02141115,56.474014,-0.34800306,0,0,1,0.8186065239067744
1237657776618209435,138.027325647719,42.9546075279652,18.55608,16.70556,15.8113,15.34272,14.98269,2864,301,6,212,5182758164890933248,GALAXY,0.04913418,4603,55999,876,227716346.09679437,10001-12701,1-48157,133.371090612,57.5984251446,9.428999281013445,0.927642710084122,11754.1,AGBT17A_012_19,896.8291,1.4207177,-999.0,0.0137383435,8.670002,3.313165,0.14617112,10.35004,11955.675,47.163033,432.4681,303.13943,434.7268,307.13962,287.3401,6.6275935,11.448619,7.819415,8.402823,0.02141115,56.474014,-0.34800306,0,0,1,0.8186065239067744
1237658297920913599,152.870770294315,5.14908039785655,18.63601,17.27522,16.70804,16.42084,16.16631,2986,301,1,228,646356196235700224,GALAXY,0.03164083,574,52355,326,962431585.9489516,10001-12701,1-48157,133.371090612,57.5984251446,9.428999281013445,0.927642710084122,11754.1,AGBT17A_012_19,896.8291,1.4207177,-999.0,0.0137383435,8.670002,3.313165,0.14617112,10.35004,11955.675,47.163033,432.4681,303.13943,434.7268,307.13962,287.3401,6.6275935,11.448619,7.819415,8.402823,0.02141115,56.474014,-0.34800306,0,0,1,0.8186065239067744
1237658297923928175,159.715448797141,5.67008930393257,17.59841,15.863,15.12357,14.77382,14.51758,2986,301,1,274,1125967846027847680,GALAXY,0.02830022,1000,52643,247,704806842.9463282,10001-12701,1-48157,133.371090612,57.5984251446,9.428999281013445,0.927642710084122,11754.1,AGBT17A_012_19,896.8291,1.4207177,-999.0,0.0137383435,8.670002,3.313165,0.14617112,10.35004,11955.675,47.163033,432.4681,303.13943,434.7268,307.13962,287.3401,6.6275935,11.448619,7.819415,8.402823,0.02141115,56.474014,-0.34800306,0,0,1,0.8186065239067744
1237657629513810033,135.833453401868,40.4646511862213,17.59429,15.47289,14.57861,14.09329,13.6249,2830,301,4,185,1351157998298359808,GALAXY,0.04124673,1200,52668,284,314760094.3330691,10001-12701,1-48157,133.371090612,57.5984251446,9.428999281013445,0.927642710084122,11754.1,AGBT17A_012_19,896.8291,1.4207177,-999.0,0.0137383435,8.670002,3.313165,0.14617112,10.35004,11955.675,47.163033,432.4681,303.13943,434.7268,307.13962,287.3401,6.6275935,11.448619,7.819415,8.402823,0.02141115,56.474014,-0.34800306,0,0,1,0.8186065239067744
1237662336255918376,241.452766395647,30.7170539381468,17.84655,16.12584,15.33003,14.91405,14.61278,3926,301,3,106,1581928174311204864,QSO,0.05538845,1405,52826,141,1268322293.6133955,10001-12701,1-48157,133.371090612,57.5984251446,9.428999281013445,0.927642710084122,11754.1,AGBT17A_012_19,896.8291,1.4207177,-999.0,0.0137383435,8.670002,3.313165,0.14617112,10.35004,11955.675,47.163033,432.4681,303.13943,434.7268,307.13962,287.3401,6.6275935,11.448619,7.819415,8.402823,0.02141115,56.474014,-0.34800306,0,0,1,0.8186065239067744
1237662698111238452,239.219448406189,24.6618285015214,17.98516,16.44342,15.72652,15.34171,15.04799,4010,301,5,172,2084144415659550720,GALAXY,0.02470529,1851,53524,377,923653802.3744975,10001-12701,1-48157,133.371090612,57.5984251446,9.428999281013445,0.927642710084122,11754.1,AGBT17A_012_19,896.8291,1.4207177,-999.0,0.0137383435,8.670002,3.313165,0.14617112,10.35004,11955.675,47.163033,432.4681,303.13943,434.7268,307.13962,287.3401,6.6275935,11.448619,7.819415,8.402823,0.02141115,56.474014,-0.34800306,0,0,1,0.8186065239067744
1237678596462739488,320.826360201967,1.25506704242995,17.21779,15.95166,15.14729,14.74595,14.34134,7712,301,2,68,1156439160081377280,GALAXY,0.01790388,1027,52557,509,448832218.3936817,10001-12701,1-48157,133.371090612,57.5984251446,9.428999281013445,0.927642710084122,11754.1,AGBT17A_012_19,896.8291,1.4207177,-999.0,0.0137383435,8.670002,3.313165,0.14617112,10.35004,11955.675,47.163033,432.4681,303.13943,434.7268,307.13962,287.3401,6.6275935,11.448619,7.819415,8.402823,0.02141115,56.474014,-0.34800306,0,0,1,0.8186065239067744
1237661382235652236,146.342201977659,34.6944532007583,19.23354,17.42162,16.62725,16.24678,15.9734,3704,301,2,96,1794704292913899520,GALAXY,0.04050151,1594,52992,72,738840535.9770992,10001-12701,1-48157,133.371090612,57.5984251446,9.428999281013445,0.927642710084122,11754.1,AGBT17A_012_19,896.8291,1.4207177,-999.0,0.0137383435,8.670002,3.313165,0.14617112,10.35004,11955.675,47.163033,432.4681,303.13943,434.7268,307.13962,287.3401,6.6275935,11.448619,7.819415,8.402823,0.02141115,56.474014,-0.34800306,0,0,1,0.8186065239067744
1237661361833574526,198.189114390864,46.9349759970175,16.68247,15.36907,14.64433,14.28516,13.94987,3699,301,4,81,1642846346052397056,GALAXY,0.02768055,1459,53117,576,350650170.6200638,10001-12701,1-48157,133.371090612,57.5984251446,9.428999281013445,0.927642710084122,11754.1,AGBT17A_012_19,896.8291,1.4207177,-999.0,0.0137383435,8.670002,3.313165,0.14617112,10.35004,11955.675,47.163033,432.4681,303.13943,434.7268,307.13962,287.3401,6.6275935,11.448619,7.819415,8.402823,0.02141115,56.474014,-0.34800306,0,0,1,0.8186065239067744
1237661361835278446,203.653206232903,46.1540725381156,16.85856,15.01188,14.23164,13.84703,13.5615,3699,301,4,107,1649540447133001728,GALAXY,0.03662126,1465,53082,353,292483495.2583826,10001-12701,1-48157,133.371090612,57.5984251446,9.428999281013445,0.927642710084122,11754.1,AGBT17A_012_19,896.8291,1.4207177,-999.0,0.0137383435,8.670002,3.313165,0.14617112,10.35004,11955.675,47.163033,432.4681,303.13943,434.7268,307.13962,287.3401,6.6275935,11.448619,7.819415,8.402823,0.02141115,56.474014,-0.34800306,0,0,1,0.8186065239067744
1237660958105731241,119.378366377803,22.8222759393616,18.5282,17.03147,16.30858,15.93212,15.60373,3605,301,4,67,1423262322234779648,GALAXY,0.02266905,1264,52707,454,664172676.1156503,10001-12701,1-48157,133.371090612,57.5984251446,9.428999281013445,0.927642710084122,11754.1,AGBT17A_012_19,896.8291,1.4207177,-999.0,0.0137383435,8.670002,3.313165,0.14617112,10.35004,11955.675,47.163033,432.4681,303.13943,434.7268,307.13962,287.3401,6.6275935,11.448619,7.819415,8.402823,0.02141115,56.474014,-0.34800306,0,0,1,0.8186065239067744
1237660958108418271,124.54792729327,26.6539252154177,18.19473,17.02337,16.66913,16.43844,16.33757,3605,301,4,108,1425509724035508224,GALAXY,0.03832386,1266,52709,438,866724715.8502989,10001-12701,1-48157,133.371090612,57.5984251446,9.428999281013445,0.927642710084122,11754.1,AGBT17A_012_19,896.8291,1.4207177,-999.0,0.0137383435,8.670002,3.313165,0.14617112,10.35004,11955.675,47.163033,432.4681,303.13943,434.7268,307.13962,287.3401,6.6275935,11.448619,7.819415,8.402823,0.02141115,56.474014,-0.34800306,0,0,1,0.8186065239067744
1237651495756562636,117.898455059759,42.8801118828714,16.4644,14.72591,13.8928,13.47277,13.16933,1402,301,3,77,488781603561039872,GALAXY,0.03203221,434,51885,513,188319768.10359898,10001-12701,1-48157,133.371090612,57.5984251446,9.428999281013445,0.927642710084122,11754.1,AGBT17A_012_19,896.8291,1.4207177,-999.0,0.0137383435,8.670002,3.313165,0.14617112,10.35004,11955.675,47.163033,432.4681,303.13943,434.7268,307.13962,287.3401,6.6275935,11.448619,7.819415,8.402823,0.02141115,56.474014,-0.34800306,0,0,1,0.8186065239067744
1237662336256377151,242.487353897392,30.1065165843078,19.37276,17.26294,16.19775,15.66861,15.25689,3926,301,3,113,1583122244777830400,GALAXY,0.04822156,1406,52876,389,1265434586.325936,10001-12701,1-48157,133.371090612,57.5984251446,9.428999281013445,0.927642710084122,11754.1,AGBT17A_012_19,896.8291,1.4207177,-999.0,0.0137383435,8.670002,3.313165,0.14617112,10.35004,11955.675,47.163033,432.4681,303.13943,434.7268,307.13962,287.3401,6.6275935,11.448619,7.819415,8.402823,0.02141115,56.474014,-0.34800306,0,0,1,0.8186065239067744
1237657590319284259,169.010831109808,53.8236246674045,17.22659,15.44009,14.64484,14.24686,13.95936,2821,301,3,140,1140612242471938048,GALAXY,0.02101812,1013,52707,275,562071597.0233376,10001-12701,1-48157,133.371090612,57.5984251446,9.428999281013445,0.927642710084122,11754.1,AGBT17A_012_19,896.8291,1.4207177,-999.0,0.0137383435,8.670002,3.313165,0.14617112,10.35004,11955.675,47.163033,432.4681,303.13943,434.7268,307.13962,287.3401,6.6275935,11.448619,7.819415,8.402823,0.02141115,56.474014,-0.34800306,0,0,1,0.8186065239067744
1237657628449374411,163.063860446003,49.6957075370419,16.52681,15.40873,14.92917,14.68397,14.47564,2830,301,2,327,986334542660921344,GALAXY,0.0227975,876,52669,168,557533771.2859015,10001-12701,1-48157,133.371090612,57.5984251446,9.428999281013445,0.927642710084122,11754.1,AGBT17A_012_19,896.8291,1.4207177,-999.0,0.0137383435,8.670002,3.313165,0.14617112,10.35004,11955.675,47.163033,432.4681,303.13943,434.7268,307.13962,287.3401,6.6275935,11.448619,7.819415,8.402823,0.02141115,56.474014,-0.34800306,0,0,1,0.8186065239067744
1237662193461297250,210.218826804914,38.7249323434536,19.12803,17.587,16.85739,16.5072,16.25352,3893,301,1,305,1552699861038557184,GALAXY,0.01859938,1379,53084,305,307334561.3081736,10001-12701,1-48157,133.371090612,57.5984251446,9.428999281013445,0.927642710084122,11754.1,AGBT17A_012_19,896.8291,1.4207177,-999.0,0.0137383435,8.670002,3.313165,0.14617112,10.35004,11955.675,47.163033,432.4681,303.13943,434.7268,307.13962,287.3401,6.6275935,11.448619,7.819415,8.402823,0.02141115,56.474014,-0.34800306,0,0,1,0.8186065239067744
1237660765374841028,130.155036711349,30.661924336814,18.56575,16.7123,15.83923,15.39696,15.00034,3560,301,5,155,1428884403924264960,GALAXY,0.04994292,1269,52937,427,945724136.6429368,10001-12701,1-48157,133.371090612,57.5984251446,9.428999281013445,0.927642710084122,11754.1,AGBT17A_012_19,896.8291,1.4207177,-999.0,0.0137383435,8.670002,3.313165,0.14617112,10.35004,11955.675,47.163033,432.4681,303.13943,434.7268,307.13962,287.3401,6.6275935,11.448619,7.819415,8.402823,0.02141115,56.474014,-0.34800306,0,0,1,0.8186065239067744
1237659327099896118,241.271451928519,45.4429910567286,17.03163,15.19285,14.39746,14.00671,13.70181,3225,301,6,189,1316349935490197504,GALAXY,0.04334218,1169,52753,629,374370623.33847994,10001-12701,1-48157,133.371090612,57.5984251446,9.428999281013445,0.927642710084122,11754.1,AGBT17A_012_19,896.8291,1.4207177,-999.0,0.0137383435,8.670002,3.313165,0.14617112,10.35004,11955.675,47.163033,432.4681,303.13943,434.7268,307.13962,287.3401,6.6275935,11.448619,7.819415,8.402823,0.02141115,56.474014,-0.34800306,0,0,1,0.8186065239067744
1237665530633846805,203.162318064036,25.441170941161,16.55571,15.06987,14.26988,13.84358,13.50493,4670,301,1,45,2527681920221865984,GALAXY,0.02504776,2245,54208,133,1252027373.919875,10001-12701,1-48157,133.371090612,57.5984251446,9.428999281013445,0.927642710084122,11754.1,AGBT17A_012_19,896.8291,1.4207177,-999.0,0.0137383435,8.670002,3.313165,0.14617112,10.35004,11955.675,47.163033,432.4681,303.13943,434.7268,307.13962,287.3401,6.6275935,11.448619,7.819415,8.402823,0.02141115,56.474014,-0.34800306,0,0,1,0.8186065239067744
1237657627915190367,172.621915084084,50.7652553553257,18.09142,16.23907,15.41157,15.02635,14.73503,2830,301,1,368,989680626321876992,GALAXY,0.02613906,879,52365,53,542888970.0423577,10001-12701,1-48157,133.371090612,57.5984251446,9.428999281013445,0.927642710084122,11754.1,AGBT17A_012_19,896.8291,1.4207177,-999.0,0.0137383435,8.670002,3.313165,0.14617112,10.35004,11955.675,47.163033,432.4681,303.13943,434.7268,307.13962,287.3401,6.6275935,11.448619,7.819415,8.402823,0.02141115,56.474014,-0.34800306,0,0,1,0.8186065239067744
1237657627915321423,173.03783939931,50.7655425677943,18.22651,16.44385,15.66973,15.28628,15.0023,2830,301,1,370,989667157304436736,GALAXY,0.04855552,879,52365,4,544126558.8798403,10001-12701,1-48157,133.371090612,57.5984251446,9.428999281013445,0.927642710084122,11754.1,AGBT17A_012_19,896.8291,1.4207177,-999.0,0.0137383435,8.670002,3.313165,0.14617112,10.35004,11955.675,47.163033,432.4681,303.13943,434.7268,307.13962,287.3401,6.6275935,11.448619,7.819415,8.402823,0.02141115,56.474014,-0.34800306,0,0,1,0.8186065239067744
1237661966358348015,191.046880657079,41.6682776297103,18.12026,17.00989,16.66765,16.55416,16.4862,3840,301,2,205,1639377111955302400,GALAXY,0.0169801,1456,53115,243,69098710.09277728,10001-12701,1-48157,133.371090612,57.5984251446,9.428999281013445,0.927642710084122,11754.1,AGBT17A_012_19,896.8291,1.4207177,-999.0,0.0137383435,8.670002,3.313165,0.14617112,10.35004,11955.675,47.163033,432.4681,303.13943,434.7268,307.13962,287.3401,6.6275935,11.448619,7.819415,8.402823,0.02141115,56.474014,-0.34800306,0,0,1,0.8186065239067744
1237661139034833111,156.396663104856,39.6736087626091,17.0247,15.8394,15.26366,14.97701,14.77278,3647,301,5,122,1607932726705416192,GALAXY,0.02325931,1428,52998,537,334974045.3452845,10001-12701,1-48157,133.371090612,57.5984251446,9.428999281013445,0.927642710084122,11754.1,AGBT17A_012_19,896.8291,1.4207177,-999.0,0.0137383435,8.670002,3.313165,0.14617112,10.35004,11955.675,47.163033,432.4681,303.13943,434.7268,307.13962,287.3401,6.6275935,11.448619,7.819415,8.402823,0.02141115,56.474014,-0.34800306,0,0,1,0.8186065239067744
1237661139034570872,155.708653445047,39.3689363410901,18.74728,17.48293,16.77783,16.43149,16.12172,3647,301,5,118,1607902490135652352,GALAXY,0.02615115,1428,52998,427,334148986.1202961,10001-12701,1-48157,133.371090612,57.5984251446,9.428999281013445,0.927642710084122,11754.1,AGBT17A_012_19,896.8291,1.4207177,-999.0,0.0137383435,8.670002,3.313165,0.14617112,10.35004,11955.675,47.163033,432.4681,303.13943,434.7268,307.13962,287.3401,6.6275935,11.448619,7.819415,8.402823,0.02141115,56.474014,-0.34800306,0,0,1,0.8186065239067744
1237678600220377313,333.791034976338,14.041776825316,19.27845,17.82433,17.0245,16.59759,16.26129,7713,301,1,61,828787987901868032,GALAXY,0.02771362,736,52221,457,1123524399.627934,10001-12701,1-48157,133.371090612,57.5984251446,9.428999281013445,0.927642710084122,11754.1,AGBT17A_012_19,896.8291,1.4207177,-999.0,0.0137383435,8.670002,3.313165,0.14617112,10.35004,11955.675,47.163033,432.4681,303.13943,434.7268,307.13962,287.3401,6.6275935,11.448619,7.819415,8.402823,0.02141115,56.474014,-0.34800306,0,0,1,0.8186065239067744
1237678617437339686,44.6236530170027,0.846102557825878,18.26472,16.949,16.39002,16.08865,15.83964,7717,301,1,627,462836701417465856,GALAXY,0.04250409,411,51817,334,205439747.02210796,10001-12701,1-48157,133.371090612,57.5984251446,9.428999281013445,0.927642710084122,11754.1,AGBT17A_012_19,896.8291,1.4207177,-999.0,0.0137383435,8.670002,3.313165,0.14617112,10.35004,11955.675,47.163033,432.4681,303.13943,434.7268,307.13962,287.3401,6.6275935,11.448619,7.819415,8.402823,0.02141115,56.474014,-0.34800306,0,0,1,0.8186065239067744
1237678617399198237,317.422607275885,0.627778255505887,19.04864,17.3475,16.52711,16.13713,15.90075,7717,301,1,45,1110230807621953536,GALAXY,0.02415264,986,52443,340,131390681.57940039,10001-12701,1-48157,133.371090612,57.5984251446,9.428999281013445,0.927642710084122,11754.1,AGBT17A_012_19,896.8291,1.4207177,-999.0,0.0137383435,8.670002,3.313165,0.14617112,10.35004,11955.675,47.163033,432.4681,303.13943,434.7268,307.13962,287.3401,6.6275935,11.448619,7.819415,8.402823,0.02141115,56.474014,-0.34800306,0,0,1,0.8186065239067744
1237657629505880110,119.210330975286,28.3758402177512,17.04633,15.4826,14.71317,14.34116,13.97885,2830,301,4,64,967267905618077696,GALAXY,0.0216744,859,52317,436,823409106.5384086,10001-12701,1-48157,133.371090612,57.5984251446,9.428999281013445,0.927642710084122,11754.1,AGBT17A_012_19,896.8291,1.4207177,-999.0,0.0137383435,8.670002,3.313165,0.14617112,10.35004,11955.675,47.163033,432.4681,303.13943,434.7268,307.13962,287.3401,6.6275935,11.448619,7.819415,8.402823,0.02141115,56.474014,-0.34800306,0,0,1,0.8186065239067744
1237651737384648741,219.008405904559,2.85161279237179,17.16901,15.28423,14.4411,14.04219,13.71016,1458,301,5,629,603582164704978944,GALAXY,0.02877122,536,52024,363,1022660909.3731037,10001-12701,1-48157,133.371090612,57.5984251446,9.428999281013445,0.927642710084122,11754.1,AGBT17A_012_19,896.8291,1.4207177,-999.0,0.0137383435,8.670002,3.313165,0.14617112,10.35004,11955.675,47.163033,432.4681,303.13943,434.7268,307.13962,287.3401,6.6275935,11.448619,7.819415,8.402823,0.02141115,56.474014,-0.34800306,0,0,1,0.8186065239067744
1237664668445835365,185.791077606646,39.8890463202531,17.8492,16.29433,15.82314,15.55777,15.56224,4469,301,3,452,2236103243987970048,GALAXY,0.02913606,1986,53475,240,534019583.3737325,10001-12701,1-48157,133.371090612,57.5984251446,9.428999281013445,0.927642710084122,11754.1,AGBT17A_012_19,896.8291,1.4207177,-999.0,0.0137383435,8.670002,3.313165,0.14617112,10.35004,11955.675,47.163033,432.4681,303.13943,434.7268,307.13962,287.3401,6.6275935,11.448619,7.819415,8.402823,0.02141115,56.474014,-0.34800306,0,0,1,0.8186065239067744
1237665443130179595,204.881347674802,29.3577150784274,17.06178,15.23308,14.39335,13.98622,13.6997,4649,301,6,141,7308234543575881728,GALAXY,0.03669475,6491,56337,66,1109704657.6093783,10001-12701,1-48157,133.371090612,57.5984251446,9.428999281013445,0.927642710084122,11754.1,AGBT17A_012_19,896.8291,1.4207177,-999.0,0.0137383435,8.670002,3.313165,0.14617112,10.35004,11955.675,47.163033,432.4681,303.13943,434.7268,307.13962,287.3401,6.6275935,11.448619,7.819415,8.402823,0.02141115,56.474014,-0.34800306,0,0,1,0.8186065239067744
1237658298986463428,133.971613697964,4.37502390708498,17.53447,15.75509,14.94024,14.53333,14.17792,2986,301,3,103,1339838801001867264,GALAXY,0.0339429,1190,52670,65,969032059.7488587,10001-12701,1-48157,133.371090612,57.5984251446,9.428999281013445,0.927642710084122,11754.1,AGBT17A_012_19,896.8291,1.4207177,-999.0,0.0137383435,8.670002,3.313165,0.14617112,10.35004,11955.675,47.163033,432.4681,303.13943,434.7268,307.13962,287.3401,6.6275935,11.448619,7.819415,8.402823,0.02141115,56.474014,-0.34800306,0,0,1,0.8186065239067744
1237649961382772816,53.3040011515922,-7.54957694450222,15.6583,14.4576,13.99589,13.67997,13.44971,1045,301,1,127,519062154209421312,GALAXY,0.03407234,461,51910,81,617969359.5163008,10001-12701,1-48157,133.371090612,57.5984251446,9.428999281013445,0.927642710084122,11754.1,AGBT17A_012_19,896.8291,1.4207177,-999.0,0.0137383435,8.670002,3.313165,0.14617112,10.35004,11955.675,47.163033,432.4681,303.13943,434.7268,307.13962,287.3401,6.6275935,11.448619,7.819415,8.402823,0.02141115,56.474014,-0.34800306,0,0,1,0.8186065239067744
1237663915730862215,124.339177024217,55.340524061745,17.86921,16.15112,15.31687,14.91356,14.58132,4294,301,1,117,2107712170207766528,GALAXY,0.03080718,1872,53386,100,27020689.618369624,10001-12701,1-48157,133.371090612,57.5984251446,9.428999281013445,0.927642710084122,11754.1,AGBT17A_012_19,896.8291,1.4207177,-999.0,0.0137383435,8.670002,3.313165,0.14617112,10.35004,11955.675,47.163033,432.4681,303.13943,434.7268,307.13962,287.3401,6.6275935,11.448619,7.819415,8.402823,0.02141115,56.474014,-0.34800306,0,0,1,0.8186065239067744
1237651753993896159,142.515574606525,2.01740849339158,18.593,17.2086,16.48133,16.10434,15.80429,1462,301,4,114,534956145467484160,GALAXY,0.02485481,475,51965,559,1008222372.9358071,10001-12701,1-48157,133.371090612,57.5984251446,9.428999281013445,0.927642710084122,11754.1,AGBT17A_012_19,896.8291,1.4207177,-999.0,0.0137383435,8.670002,3.313165,0.14617112,10.35004,11955.675,47.163033,432.4681,303.13943,434.7268,307.13962,287.3401,6.6275935,11.448619,7.819415,8.402823,0.02141115,56.474014,-0.34800306,0,0,1,0.8186065239067744
1237664874576937381,117.700426793288,16.3893724412212,17.13817,15.58915,14.79797,14.39722,14.08358,4517,301,3,35,2341965046046812160,GALAXY,0.04086727,2080,53350,339,929841746.5619104,10001-12701,1-48157,133.371090612,57.5984251446,9.428999281013445,0.927642710084122,11754.1,AGBT17A_012_19,896.8291,1.4207177,-999.0,0.0137383435,8.670002,3.313165,0.14617112,10.35004,11955.675,47.163033,432.4681,303.13943,434.7268,307.13962,287.3401,6.6275935,11.448619,7.819415,8.402823,0.02141115,56.474014,-0.34800306,0,0,1,0.8186065239067744
1237664874577723550,119.207580782575,17.3803361383104,17.43933,15.73213,14.93812,14.52441,14.20022,4517,301,3,47,2163007158566807552,GALAXY,0.03640513,1921,53317,558,932523189.0431226,10001-12701,1-48157,133.371090612,57.5984251446,9.428999281013445,0.927642710084122,11754.1,AGBT17A_012_19,896.8291,1.4207177,-999.0,0.0137383435,8.670002,3.313165,0.14617112,10.35004,11955.675,47.163033,432.4681,303.13943,434.7268,307.13962,287.3401,6.6275935,11.448619,7.819415,8.402823,0.02141115,56.474014,-0.34800306,0,0,1,0.8186065239067744
1237667442973933744,192.397238803045,27.1976146804204,17.73628,15.89164,15.12246,14.75408,14.43417,5115,301,3,135,2519791824730613760,GALAXY,0.0208457,2238,54205,101,1215724768.020386,10001-12701,1-48157,133.371090612,57.5984251446,9.428999281013445,0.927642710084122,11754.1,AGBT17A_012_19,896.8291,1.4207177,-999.0,0.0137383435,8.670002,3.313165,0.14617112,10.35004,11955.675,47.163033,432.4681,303.13943,434.7268,307.13962,287.3401,6.6275935,11.448619,7.819415,8.402823,0.02141115,56.474014,-0.34800306,0,0,1,0.8186065239067744
1237667442974392369,193.522992345204,27.0686168812715,16.59862,14.84986,14.07859,13.68847,13.42196,5115,301,3,142,2522076878362142720,GALAXY,0.02521358,2240,53823,222,1246870753.7636976,10001-12701,1-48157,133.371090612,57.5984251446,9.428999281013445,0.927642710084122,11754.1,AGBT17A_012_19,896.8291,1.4207177,-999.0,0.0137383435,8.670002,3.313165,0.14617112,10.35004,11955.675,47.163033,432.4681,303.13943,434.7268,307.13962,287.3401,6.6275935,11.448619,7.819415,8.402823,0.02141115,56.474014,-0.34800306,0,0,1,0.8186065239067744
1237667442974654493,194.133499902156,27.0555849073229,17.32537,15.54972,14.79552,14.3998,14.14025,5115,301,3,146,2522061485199353856,GALAXY,0.02041028,2240,53823,166,1326076439.3625827,10001-12701,1-48157,133.371090612,57.5984251446,9.428999281013445,0.927642710084122,11754.1,AGBT17A_012_19,896.8291,1.4207177,-999.0,0.0137383435,8.670002,3.313165,0.14617112,10.35004,11955.675,47.163033,432.4681,303.13943,434.7268,307.13962,287.3401,6.6275935,11.448619,7.819415,8.402823,0.02141115,56.474014,-0.34800306,0,0,1,0.8186065239067744
1237667442974654645,194.181321571822,27.0347577597302,17.76308,16.14923,15.43681,15.09046,14.79501,5115,301,3,146,2523200310172739584,GALAXY,0.01871678,2241,54169,213,1214693443.9891505,10001-12701,1-48157,133.371090612,57.5984251446,9.428999281013445,0.927642710084122,11754.1,AGBT17A_012_19,896.8291,1.4207177,-999.0,0.0137383435,8.670002,3.313165,0.14617112,10.35004,11955.675,47.163033,432.4681,303.13943,434.7268,307.13962,287.3401,6.6275935,11.448619,7.819415,8.402823,0.02141115,56.474014,-0.34800306,0,0,1,0.8186065239067744
1237667442974720162,194.402256994964,27.0313687905942,17.45817,15.59577,14.77747,14.38971,14.08384,5115,301,3,147,2522055437885401088,GALAXY,0.02452595,2240,53823,144,979345300.0612135,10001-12701,1-48157,133.371090612,57.5984251446,9.428999281013445,0.927642710084122,11754.1,AGBT17A_012_19,896.8291,1.4207177,-999.0,0.0137383435,8.670002,3.313165,0.14617112,10.35004,11955.675,47.163033,432.4681,303.13943,434.7268,307.13962,287.3401,6.6275935,11.448619,7.819415,8.402823,0.02141115,56.474014,-0.34800306,0,0,1,0.8186065239067744
1237667442976096309,197.803083975842,26.8140034158925,18.48757,16.90662,16.11099,15.71479,15.41856,5115,301,3,168,2525468046613571584,GALAXY,0.02120708,2243,53794,271,1351240745.7247283,10001-12701,1-48157,133.371090612,57.5984251446,9.428999281013445,0.927642710084122,11754.1,AGBT17A_012_19,896.8291,1.4207177,-999.0,0.0137383435,8.670002,3.313165,0.14617112,10.35004,11955.675,47.163033,432.4681,303.13943,434.7268,307.13962,287.3401,6.6275935,11.448619,7.819415,8.402823,0.02141115,56.474014,-0.34800306,0,0,1,0.8186065239067744
1237667442974982309,195.004939532932,26.9561033987463,19.07417,17.59794,17.08089,16.82557,16.65449,5115,301,3,151,2522023826926102528,GALAXY,0.02391594,2240,53823,29,1346909184.7935393,10001-12701,1-48157,133.371090612,57.5984251446,9.428999281013445,0.927642710084122,11754.1,AGBT17A_012_19,896.8291,1.4207177,-999.0,0.0137383435,8.670002,3.313165,0.14617112,10.35004,11955.675,47.163033,432.4681,303.13943,434.7268,307.13962,287.3401,6.6275935,11.448619,7.819415,8.402823,0.02141115,56.474014,-0.34800306,0,0,1,0.8186065239067744
1237651252560527508,132.221834667836,53.9896275345241,19.12892,17.21891,16.36363,15.94165,15.61618,1345,301,6,176,502170356887349248,GALAXY,0.04486097,446,51899,69,219259489.04066342,10001-12701,1-48157,133.371090612,57.5984251446,9.428999281013445,0.927642710084122,11754.1,AGBT17A_012_19,896.8291,1.4207177,-999.0,0.0137383435,8.670002,3.313165,0.14617112,10.35004,11955.675,47.163033,432.4681,303.13943,434.7268,307.13962,287.3401,6.6275935,11.448619,7.819415,8.402823,0.02141115,56.474014,-0.34800306,0,0,1,0.8186065239067744
1237655129846710645,259.600417519182,29.7057684418449,18.2495,16.50534,15.68859,15.27542,14.95593,2248,301,4,244,1100170275674155008,GALAXY,0.02860747,977,52410,604,126234061.42322297,10001-12701,1-48157,133.371090612,57.5984251446,9.428999281013445,0.927642710084122,11754.1,AGBT17A_012_19,896.8291,1.4207177,-999.0,0.0137383435,8.670002,3.313165,0.14617112,10.35004,11955.675,47.163033,432.4681,303.13943,434.7268,307.13962,287.3401,6.6275935,11.448619,7.819415,8.402823,0.02141115,56.474014,-0.34800306,0,0,1,0.8186065239067744
1237659326029431063,247.241644502034,39.3191097325383,16.99409,15.32532,14.4886,14.01839,13.62622,3225,301,4,239,1320793337476704256,GALAXY,0.03392422,1173,52790,410,678198682.9404529,10001-12701,1-48157,133.371090612,57.5984251446,9.428999281013445,0.927642710084122,11754.1,AGBT17A_012_19,896.8291,1.4207177,-999.0,0.0137383435,8.670002,3.313165,0.14617112,10.35004,11955.675,47.163033,432.4681,303.13943,434.7268,307.13962,287.3401,6.6275935,11.448619,7.819415,8.402823,0.02141115,56.474014,-0.34800306,0,0,1,0.8186065239067744
1237659326026547328,241.398164080806,44.2061425567493,16.55308,14.58439,13.69218,13.22702,12.94298,3225,301,4,195,1316181985089054720,GALAXY,0.04450108,1169,52753,18,576922663.0731285,10001-12701,1-48157,133.371090612,57.5984251446,9.428999281013445,0.927642710084122,11754.1,AGBT17A_012_19,896.8291,1.4207177,-999.0,0.0137383435,8.670002,3.313165,0.14617112,10.35004,11955.675,47.163033,432.4681,303.13943,434.7268,307.13962,287.3401,6.6275935,11.448619,7.819415,8.402823,0.02141115,56.474014,-0.34800306,0,0,1,0.8186065239067744
1237662474231152925,243.938121636247,31.821837411612,18.21051,16.41755,15.58841,15.17249,14.92152,3958,301,4,97,1598891445073242112,GALAXY,0.05863496,1420,53146,413,1330614265.1000187,10001-12701,1-48157,133.371090612,57.5984251446,9.428999281013445,0.927642710084122,11754.1,AGBT17A_012_19,896.8291,1.4207177,-999.0,0.0137383435,8.670002,3.313165,0.14617112,10.35004,11955.675,47.163033,432.4681,303.13943,434.7268,307.13962,287.3401,6.6275935,11.448619,7.819415,8.402823,0.02141115,56.474014,-0.34800306,0,0,1,0.8186065239067744
1237649961380479108,48.0278676277573,-8.23259016126399,17.51147,16.44245,15.87482,15.61248,15.35077,1045,301,1,92,516847738025961472,GALAXY,0.01364556,459,51924,217,611575150.5226407,10001-12701,1-48157,133.371090612,57.5984251446,9.428999281013445,0.927642710084122,11754.1,AGBT17A_012_19,896.8291,1.4207177,-999.0,0.0137383435,8.670002,3.313165,0.14617112,10.35004,11955.675,47.163033,432.4681,303.13943,434.7268,307.13962,287.3401,6.6275935,11.448619,7.819415,8.402823,0.02141115,56.474014,-0.34800306,0,0,1,0.8186065239067744
1237674461486841981,135.436941516716,0.521282294567886,18.68412,17.41502,17.00665,16.86193,16.79718,6749,301,4,127,528075675706353664,STAR,0.0002190138,469,51913,104,785868911.8014371,10001-12701,1-48157,133.371090612,57.5984251446,9.428999281013445,0.927642710084122,11754.1,AGBT17A_012_19,896.8291,1.4207177,-999.0,0.0137383435,8.670002,3.313165,0.14617112,10.35004,11955.675,47.163033,432.4681,303.13943,434.7268,307.13962,287.3401,6.6275935,11.448619,7.819415,8.402823,0.02141115,56.474014,-0.34800306,0,0,1,0.8186065239067744
1237653009194090726,316.882242708421,10.9772649952056,18.12889,16.81512,16.29043,15.98108,15.76304,1754,301,6,53,818702992139118592,GALAXY,0.04227131,727,52207,632,136134772.1230836,10001-12701,1-48157,133.371090612,57.5984251446,9.428999281013445,0.927642710084122,11754.1,AGBT17A_012_19,896.8291,1.4207177,-999.0,0.0137383435,8.670002,3.313165,0.14617112,10.35004,11955.675,47.163033,432.4681,303.13943,434.7268,307.13962,287.3401,6.6275935,11.448619,7.819415,8.402823,0.02141115,56.474014,-0.34800306,0,0,1,0.8186065239067744
1237661357538803723,166.297821291971,46.1029299530063,17.10709,15.388,14.59891,14.19298,13.86615,3698,301,4,84,1619129879184304128,GALAXY,0.03682927,1438,53054,312,248549091.52775115,10001-12701,1-48157,133.371090612,57.5984251446,9.428999281013445,0.927642710084122,11754.1,AGBT17A_012_19,896.8291,1.4207177,-999.0,0.0137383435,8.670002,3.313165,0.14617112,10.35004,11955.675,47.163033,432.4681,303.13943,434.7268,307.13962,287.3401,6.6275935,11.448619,7.819415,8.402823,0.02141115,56.474014,-0.34800306,0,0,1,0.8186065239067744
1237665441516028062,195.482640212853,29.3227824543352,17.90609,16.22661,15.46587,15.10016,14.84801,4649,301,3,87,2264332380800051200,GALAXY,0.02373173,2011,53499,537,989864805.1798154,10001-12701,1-48157,133.371090612,57.5984251446,9.428999281013445,0.927642710084122,11754.1,AGBT17A_012_19,896.8291,1.4207177,-999.0,0.0137383435,8.670002,3.313165,0.14617112,10.35004,11955.675,47.163033,432.4681,303.13943,434.7268,307.13962,287.3401,6.6275935,11.448619,7.819415,8.402823,0.02141115,56.474014,-0.34800306,0,0,1,0.8186065239067744
1237665441516028047,195.430527156299,29.1783589861483,18.59951,17.04009,16.32684,16.0044,15.78101,4649,301,3,87,2264209785253554176,GALAXY,0.02344234,2011,53499,91,992339982.8547806,10001-12701,1-48157,133.371090612,57.5984251446,9.428999281013445,0.927642710084122,11754.1,AGBT17A_012_19,896.8291,1.4207177,-999.0,0.0137383435,8.670002,3.313165,0.14617112,10.35004,11955.675,47.163033,432.4681,303.13943,434.7268,307.13962,287.3401,6.6275935,11.448619,7.819415,8.402823,0.02141115,56.474014,-0.34800306,0,0,1,0.8186065239067744
1237668330962747476,239.477363063227,9.40992336254941,16.94767,15.02926,14.13832,13.71072,13.3888,5322,301,1,201,1945662570442549248,GALAXY,0.04277682,1728,53228,391,1057932191.2413573,10001-12701,1-48157,133.371090612,57.5984251446,9.428999281013445,0.927642710084122,11754.1,AGBT17A_012_19,896.8291,1.4207177,-999.0,0.0137383435,8.670002,3.313165,0.14617112,10.35004,11955.675,47.163033,432.4681,303.13943,434.7268,307.13962,287.3401,6.6275935,11.448619,7.819415,8.402823,0.02141115,56.474014,-0.34800306,0,0,1,0.8186065239067744
1237671935506645588,257.293341938194,36.1089728292696,18.72378,17.58839,17.1674,16.96555,16.83348,6161,301,3,88,3345065192911300608,GALAXY,0.03666694,2971,54590,60,446357040.71871656,10001-12701,1-48157,133.371090612,57.5984251446,9.428999281013445,0.927642710084122,11754.1,AGBT17A_012_19,896.8291,1.4207177,-999.0,0.0137383435,8.670002,3.313165,0.14617112,10.35004,11955.675,47.163033,432.4681,303.13943,434.7268,307.13962,287.3401,6.6275935,11.448619,7.819415,8.402823,0.02141115,56.474014,-0.34800306,0,0,1,0.8186065239067744
1237663789024018502,110.556106677379,42.1836322219378,18.06315,16.95913,16.5308,16.22726,16.06137,4264,301,5,36,2098776163106187264,GALAXY,0.0443854,1864,53313,359,175737614.9225261,10001-12701,1-48157,133.371090612,57.5984251446,9.428999281013445,0.927642710084122,11754.1,AGBT17A_012_19,896.8291,1.4207177,-999.0,0.0137383435,8.670002,3.313165,0.14617112,10.35004,11955.675,47.163033,432.4681,303.13943,434.7268,307.13962,287.3401,6.6275935,11.448619,7.819415,8.402823,0.02141115,56.474014,-0.34800306,0,0,1,0.8186065239067744
1237662529533837423,224.592557014217,11.2676073505633,18.55928,17.03531,16.39297,16.05405,15.77981,3971,301,3,173,1932099829685577728,GALAXY,0.02920635,1716,53827,202,757404368.5393379,10001-12701,1-48157,133.371090612,57.5984251446,9.428999281013445,0.927642710084122,11754.1,AGBT17A_012_19,896.8291,1.4207177,-999.0,0.0137383435,8.670002,3.313165,0.14617112,10.35004,11955.675,47.163033,432.4681,303.13943,434.7268,307.13962,287.3401,6.6275935,11.448619,7.819415,8.402823,0.02141115,56.474014,-0.34800306,0,0,1,0.8186065239067744
1237664817678844137,188.585300385158,36.5119555373641,17.68204,16.48962,16.00756,15.81495,15.73029,4504,301,1,191,2263187239372613632,GALAXY,0.02122284,2010,53495,467,79824480.01762629,10001-12701,1-48157,133.371090612,57.5984251446,9.428999281013445,0.927642710084122,11754.1,AGBT17A_012_19,896.8291,1.4207177,-999.0,0.0137383435,8.670002,3.313165,0.14617112,10.35004,11955.675,47.163033,432.4681,303.13943,434.7268,307.13962,287.3401,6.6275935,11.448619,7.819415,8.402823,0.02141115,56.474014,-0.34800306,0,0,1,0.8186065239067744
1237661137954341065,139.444732295295,32.4682918624016,17.86107,16.12572,15.31817,14.92968,14.62512,3647,301,3,19,1792477232078284800,GALAXY,0.02359762,1592,52990,162,951499551.2178556,10001-12701,1-48157,133.371090612,57.5984251446,9.428999281013445,0.927642710084122,11754.1,AGBT17A_012_19,896.8291,1.4207177,-999.0,0.0137383435,8.670002,3.313165,0.14617112,10.35004,11955.675,47.163033,432.4681,303.13943,434.7268,307.13962,287.3401,6.6275935,11.448619,7.819415,8.402823,0.02141115,56.474014,-0.34800306,0,0,1,0.8186065239067744
1237661137955782782,142.777361920525,34.0929056888725,18.03232,16.73569,16.22303,15.93509,15.69672,3647,301,3,41,1793697690001893376,GALAXY,0.04175189,1593,52991,506,1157145563.0462105,10001-12701,1-48157,133.371090612,57.5984251446,9.428999281013445,0.927642710084122,11754.1,AGBT17A_012_19,896.8291,1.4207177,-999.0,0.0137383435,8.670002,3.313165,0.14617112,10.35004,11955.675,47.163033,432.4681,303.13943,434.7268,307.13962,287.3401,6.6275935,11.448619,7.819415,8.402823,0.02141115,56.474014,-0.34800306,0,0,1,0.8186065239067744
1237663479258612215,332.970496310101,0.108714584839398,16.48029,14.73313,13.87349,13.44377,13.08502,4192,301,4,175,420136617110431744,GALAXY,0.03329295,373,51788,640,758641957.3768204,10001-12701,1-48157,133.371090612,57.5984251446,9.428999281013445,0.927642710084122,11754.1,AGBT17A_012_19,896.8291,1.4207177,-999.0,0.0137383435,8.670002,3.313165,0.14617112,10.35004,11955.675,47.163033,432.4681,303.13943,434.7268,307.13962,287.3401,6.6275935,11.448619,7.819415,8.402823,0.02141115,56.474014,-0.34800306,0,0,1,0.8186065239067744
1237663479259267238,334.423450035989,0.152108070528517,18.6963,16.83988,15.99333,15.57697,15.26083,4192,301,4,185,422310357504124928,GALAXY,0.04507232,375,52140,356,1059788574.4975811,10001-12701,1-48157,133.371090612,57.5984251446,9.428999281013445,0.927642710084122,11754.1,AGBT17A_012_19,896.8291,1.4207177,-999.0,0.0137383435,8.670002,3.313165,0.14617112,10.35004,11955.675,47.163033,432.4681,303.13943,434.7268,307.13962,287.3401,6.6275935,11.448619,7.819415,8.402823,0.02141115,56.474014,-0.34800306,0,0,1,0.8186065239067744
1237663479260839991,338.030225461376,0.0370866203101279,16.33289,14.75509,13.95145,13.52649,13.20025,4192,301,4,209,423488209385711616,GALAXY,0.03894215,376,52143,545,759260751.7955617,10001-12701,1-48157,133.371090612,57.5984251446,9.428999281013445,0.927642710084122,11754.1,AGBT17A_012_19,896.8291,1.4207177,-999.0,0.0137383435,8.670002,3.313165,0.14617112,10.35004,11955.675,47.163033,432.4681,303.13943,434.7268,307.13962,287.3401,6.6275935,11.448619,7.819415,8.402823,0.02141115,56.474014,-0.34800306,0,0,1,0.8186065239067744
1237663479261102206,338.568629877738,0.0926178884415824,18.15018,17.08959,16.66657,16.38578,16.19134,4192,301,4,213,424583597878437888,GALAXY,0.03827372,377,52145,434,759467016.6018088,10001-12701,1-48157,133.371090612,57.5984251446,9.428999281013445,0.927642710084122,11754.1,AGBT17A_012_19,896.8291,1.4207177,-999.0,0.0137383435,8.670002,3.313165,0.14617112,10.35004,11955.675,47.163033,432.4681,303.13943,434.7268,307.13962,287.3401,6.6275935,11.448619,7.819415,8.402823,0.02141115,56.474014,-0.34800306,0,0,1,0.8186065239067744
1237663479263133899,343.239360859767,0.101888765937263,18.12945,16.84155,16.27718,15.95585,15.72919,4192,301,4,244,426853258783385600,GALAXY,0.04255866,379,51789,499,1061851222.5600522,10001-12701,1-48157,133.371090612,57.5984251446,9.428999281013445,0.927642710084122,11754.1,AGBT17A_012_19,896.8291,1.4207177,-999.0,0.0137383435,8.670002,3.313165,0.14617112,10.35004,11955.675,47.163033,432.4681,303.13943,434.7268,307.13962,287.3401,6.6275935,11.448619,7.819415,8.402823,0.02141115,56.474014,-0.34800306,0,0,1,0.8186065239067744
1237663479258612184,332.95134374714,0.0800263876453752,18.61065,17.39748,16.81799,16.4983,16.31814,4192,301,4,175,421194622224590848,GALAXY,0.03347958,374,51791,393,759054486.9893147,10001-12701,1-48157,133.371090612,57.5984251446,9.428999281013445,0.927642710084122,11754.1,AGBT17A_012_19,896.8291,1.4207177,-999.0,0.0137383435,8.670002,3.313165,0.14617112,10.35004,11955.675,47.163033,432.4681,303.13943,434.7268,307.13962,287.3401,6.6275935,11.448619,7.819415,8.402823,0.02141115,56.474014,-0.34800306,0,0,1,0.8186065239067744
1237665548349866072,207.628334954775,24.9629108108573,16.84515,14.95326,14.11133,13.6882,13.35446,4674,301,2,34,2381323717134280704,GALAXY,0.02970226,2115,53535,165,923447537.5682504,10001-12701,1-48157,133.371090612,57.5984251446,9.428999281013445,0.927642710084122,11754.1,AGBT17A_012_19,896.8291,1.4207177,-999.0,0.0137383435,8.670002,3.313165,0.14617112,10.35004,11955.675,47.163033,432.4681,303.13943,434.7268,307.13962,287.3401,6.6275935,11.448619,7.819415,8.402823,0.02141115,56.474014,-0.34800306,0,0,1,0.8186065239067744
1237665548349014044,205.386558429584,25.3121058757942,17.3262,16.56833,16.29735,16.13249,16.04616,4674,301,2,21,2528809461997398016,GALAXY,0.03918394,2246,53767,139,922416213.537015,10001-12701,1-48157,133.371090612,57.5984251446,9.428999281013445,0.927642710084122,11754.1,AGBT17A_012_19,896.8291,1.4207177,-999.0,0.0137383435,8.670002,3.313165,0.14617112,10.35004,11955.675,47.163033,432.4681,303.13943,434.7268,307.13962,287.3401,6.6275935,11.448619,7.819415,8.402823,0.02141115,56.474014,-0.34800306,0,0,1,0.8186065239067744
1237666301628907718,49.4064204048152,0.815252427049335,17.83575,16.60695,16.02789,15.71875,15.47559,4849,301,5,784,465110766408722432,GALAXY,0.02407397,413,51821,415,156761252.74779323,10001-12701,1-48157,133.371090612,57.5984251446,9.428999281013445,0.927642710084122,11754.1,AGBT17A_012_19,896.8291,1.4207177,-999.0,0.0137383435,8.670002,3.313165,0.14617112,10.35004,11955.675,47.163033,432.4681,303.13943,434.7268,307.13962,287.3401,6.6275935,11.448619,7.819415,8.402823,0.02141115,56.474014,-0.34800306,0,0,1,0.8186065239067744
1237656242242060356,351.083697311246,14.6471319320886,16.27343,14.2205,13.31386,12.83664,12.48118,2507,301,4,226,6916550017680693248,GALAXY,0.04161967,6143,56267,534,1080208790.3160436,10001-12701,1-48157,133.371090612,57.5984251446,9.428999281013445,0.927642710084122,11754.1,AGBT17A_012_19,896.8291,1.4207177,-999.0,0.0137383435,8.670002,3.313165,0.14617112,10.35004,11955.675,47.163033,432.4681,303.13943,434.7268,307.13962,287.3401,6.6275935,11.448619,7.819415,8.402823,0.02141115,56.474014,-0.34800306,0,0,1,0.8186065239067744
1237656242242060352,351.155155440245,14.64245632527,18.73137,16.8779,15.78921,15.27377,15.11759,2507,301,4,226,6916561012796971008,GALAXY,0.04217678,6143,56267,574,1081652643.9597733,10001-12701,1-48157,133.371090612,57.5984251446,9.428999281013445,0.927642710084122,11754.1,AGBT17A_012_19,896.8291,1.4207177,-999.0,0.0137383435,8.670002,3.313165,0.14617112,10.35004,11955.675,47.163033,432.4681,303.13943,434.7268,307.13962,287.3401,6.6275935,11.448619,7.819415,8.402823,0.02141115,56.474014,-0.34800306,0,0,1,0.8186065239067744
1237659161195249691,225.971418787807,48.5761056081502,17.4733,16.18893,15.63887,15.39204,15.22849,3187,301,1,13,1497532685352986624,GALAXY,0.02481377,1330,52822,312,416242379.0066405,10001-12701,1-48157,133.371090612,57.5984251446,9.428999281013445,0.927642710084122,11754.1,AGBT17A_012_19,896.8291,1.4207177,-999.0,0.0137383435,8.670002,3.313165,0.14617112,10.35004,11955.675,47.163033,432.4681,303.13943,434.7268,307.13962,287.3401,6.6275935,11.448619,7.819415,8.402823,0.02141115,56.474014,-0.34800306,0,0,1,0.8186065239067744
1237664854714024139,205.3328744358,36.9352204075531,16.93157,15.0747,14.26428,13.87681,13.5913,4512,301,6,55,2365657056247048192,GALAXY,0.03461342,2101,53858,514,323629481.0016942,10001-12701,1-48157,133.371090612,57.5984251446,9.428999281013445,0.927642710084122,11754.1,AGBT17A_012_19,896.8291,1.4207177,-999.0,0.0137383435,8.670002,3.313165,0.14617112,10.35004,11955.675,47.163033,432.4681,303.13943,434.7268,307.13962,287.3401,6.6275935,11.448619,7.819415,8.402823,0.02141115,56.474014,-0.34800306,0,0,1,0.8186065239067744
1237664854714089550,205.584101027071,36.9536797117806,16.47433,15.54351,15.12186,14.93196,14.7647,4512,301,6,56,2365667226729605120,GALAXY,0.02146324,2101,53858,551,323216951.38920003,10001-12701,1-48157,133.371090612,57.5984251446,9.428999281013445,0.927642710084122,11754.1,AGBT17A_012_19,896.8291,1.4207177,-999.0,0.0137383435,8.670002,3.313165,0.14617112,10.35004,11955.675,47.163033,432.4681,303.13943,434.7268,307.13962,287.3401,6.6275935,11.448619,7.819415,8.402823,0.02141115,56.474014,-0.34800306,0,0,1,0.8186065239067744
1237664874580672554,125.164419864978,21.0793047820373,19.14251,17.32482,16.50265,16.14048,15.77662,4517,301,3,92,2169658929104054272,GALAXY,0.01498336,1927,53321,181,641071017.8159754,10001-12701,1-48157,133.371090612,57.5984251446,9.428999281013445,0.927642710084122,11754.1,AGBT17A_012_19,896.8291,1.4207177,-999.0,0.0137383435,8.670002,3.313165,0.14617112,10.35004,11955.675,47.163033,432.4681,303.13943,434.7268,307.13962,287.3401,6.6275935,11.448619,7.819415,8.402823,0.02141115,56.474014,-0.34800306,0,0,1,0.8186065239067744
1237662500004561215,236.096084027943,39.5589412037363,18.17729,16.63328,15.87678,15.44199,15.14464,3964,301,4,152,1891663904178726912,GALAXY,0.04793393,1680,53171,553,277426164.4023446,10001-12701,1-48157,133.371090612,57.5984251446,9.428999281013445,0.927642710084122,11754.1,AGBT17A_012_19,896.8291,1.4207177,-999.0,0.0137383435,8.670002,3.313165,0.14617112,10.35004,11955.675,47.163033,432.4681,303.13943,434.7268,307.13962,287.3401,6.6275935,11.448619,7.819415,8.402823,0.02141115,56.474014,-0.34800306,0,0,1,0.8186065239067744
1237662500001743084,228.984613442069,43.1667851663394,17.6071,15.80399,14.93023,14.48076,14.11598,3964,301,4,109,1889351635621144576,GALAXY,0.01798042,1678,53433,333,683767832.7091244,10001-12701,1-48157,133.371090612,57.5984251446,9.428999281013445,0.927642710084122,11754.1,AGBT17A_012_19,896.8291,1.4207177,-999.0,0.0137383435,8.670002,3.313165,0.14617112,10.35004,11955.675,47.163033,432.4681,303.13943,434.7268,307.13962,287.3401,6.6275935,11.448619,7.819415,8.402823,0.02141115,56.474014,-0.34800306,0,0,1,0.8186065239067744
1237665441518518285,201.97191520539,28.5081805360246,16.32962,14.44359,13.61539,13.21151,12.90784,4649,301,3,125,2227096044699674624,GALAXY,0.03699426,1978,53473,240,1255740140.4323227,10001-12701,1-48157,133.371090612,57.5984251446,9.428999281013445,0.927642710084122,11754.1,AGBT17A_012_19,896.8291,1.4207177,-999.0,0.0137383435,8.670002,3.313165,0.14617112,10.35004,11955.675,47.163033,432.4681,303.13943,434.7268,307.13962,287.3401,6.6275935,11.448619,7.819415,8.402823,0.02141115,56.474014,-0.34800306,0,0,1,0.8186065239067744
1237666301091381369,47.7874834876529,0.235200474098824,16.80036,15.61567,15.08095,14.76969,14.53805,4849,301,4,774,464005489676544000,GALAXY,0.026421,412,52258,490,155523663.91031066,10001-12701,1-48157,133.371090612,57.5984251446,9.428999281013445,0.927642710084122,11754.1,AGBT17A_012_19,896.8291,1.4207177,-999.0,0.0137383435,8.670002,3.313165,0.14617112,10.35004,11955.675,47.163033,432.4681,303.13943,434.7268,307.13962,287.3401,6.6275935,11.448619,7.819415,8.402823,0.02141115,56.474014,-0.34800306,0,0,1,0.8186065239067744
1237666301092954220,51.3696104587172,0.2785353776456,17.74597,15.85865,14.91479,14.44174,14.09094,4849,301,4,798,466251785405753344,GALAXY,0.02269321,414,51869,470,167280757.86639515,10001-12701,1-48157,133.371090612,57.5984251446,9.428999281013445,0.927642710084122,11754.1,AGBT17A_012_19,896.8291,1.4207177,-999.0,0.0137383435,8.670002,3.313165,0.14617112,10.35004,11955.675,47.163033,432.4681,303.13943,434.7268,307.13962,287.3401,6.6275935,11.448619,7.819415,8.402823,0.02141115,56.474014,-0.34800306,0,0,1,0.8186065239067744
1237673808653910347,118.637422376893,18.3280592196254,17.61913,16.55644,16.24101,15.98158,15.80929,6597,301,4,159,2161878234952656896,GALAXY,0.04483093,1920,53314,547,10313240.312354818,10001-12701,1-48157,133.371090612,57.5984251446,9.428999281013445,0.927642710084122,11754.1,AGBT17A_012_19,896.8291,1.4207177,-999.0,0.0137383435,8.670002,3.313165,0.14617112,10.35004,11955.675,47.163033,432.4681,303.13943,434.7268,307.13962,287.3401,6.6275935,11.448619,7.819415,8.402823,0.02141115,56.474014,-0.34800306,0,0,1,0.8186065239067744
1237657589783265349,172.301957720702,53.7339696710313,16.78453,15.43071,14.81457,14.46177,14.17484,2821,301,2,153,1142866516639770624,GALAXY,0.02724707,1015,52734,284,553202210.3547125,10001-12701,1-48157,133.371090612,57.5984251446,9.428999281013445,0.927642710084122,11754.1,AGBT17A_012_19,896.8291,1.4207177,-999.0,0.0137383435,8.670002,3.313165,0.14617112,10.35004,11955.675,47.163033,432.4681,303.13943,434.7268,307.13962,287.3401,6.6275935,11.448619,7.819415,8.402823,0.02141115,56.474014,-0.34800306,0,0,1,0.8186065239067744
1237661387070308495,221.437950538696,51.5808171580546,15.79359,14.17369,13.46286,13.08397,12.78935,3705,301,3,139,1494074170839951360,GALAXY,0.02962679,1327,52781,18,413354671.7191811,10001-12701,1-48157,133.371090612,57.5984251446,9.428999281013445,0.927642710084122,11754.1,AGBT17A_012_19,896.8291,1.4207177,-999.0,0.0137383435,8.670002,3.313165,0.14617112,10.35004,11955.675,47.163033,432.4681,303.13943,434.7268,307.13962,287.3401,6.6275935,11.448619,7.819415,8.402823,0.02141115,56.474014,-0.34800306,0,0,1,0.8186065239067744
1237667106889859364,127.048481482745,17.3747029492357,16.74825,16.01857,15.77151,15.68539,15.60715,5037,301,1,91,2560441311329019904,GALAXY,0.02087294,2274,53726,527,830628374.7570571,10001-12701,1-48157,133.371090612,57.5984251446,9.428999281013445,0.927642710084122,11754.1,AGBT17A_012_19,896.8291,1.4207177,-999.0,0.0137383435,8.670002,3.313165,0.14617112,10.35004,11955.675,47.163033,432.4681,303.13943,434.7268,307.13962,287.3401,6.6275935,11.448619,7.819415,8.402823,0.02141115,56.474014,-0.34800306,0,0,1,0.8186065239067744
1237649961383755999,55.5390498141568,-7.4379548098032,16.98535,15.06838,14.18784,13.7354,13.40096,1045,301,1,142,520189428489021440,GALAXY,0.03351963,462,51909,86,509474071.430328,10001-12701,1-48157,133.371090612,57.5984251446,9.428999281013445,0.927642710084122,11754.1,AGBT17A_012_19,896.8291,1.4207177,-999.0,0.0137383435,8.670002,3.313165,0.14617112,10.35004,11955.675,47.163033,432.4681,303.13943,434.7268,307.13962,287.3401,6.6275935,11.448619,7.819415,8.402823,0.02141115,56.474014,-0.34800306,0,0,1,0.8186065239067744
1237649961384739017,57.7295885929359,-7.06062763093974,16.22783,14.82673,14.13823,13.77955,13.53278,1045,301,1,157,521319176669784064,GALAXY,0.02840531,463,51908,100,509886601.0428222,10001-12701,1-48157,133.371090612,57.5984251446,9.428999281013445,0.927642710084122,11754.1,AGBT17A_012_19,896.8291,1.4207177,-999.0,0.0137383435,8.670002,3.313165,0.14617112,10.35004,11955.675,47.163033,432.4681,303.13943,434.7268,307.13962,287.3401,6.6275935,11.448619,7.819415,8.402823,0.02141115,56.474014,-0.34800306,0,0,1,0.8186065239067744
1237662340011524405,237.240502718219,28.7397606503724,17.49007,15.89246,15.15123,14.73218,14.42626,3927,301,2,68,1565063320510162944,GALAXY,0.03274501,1390,53142,227,1361760250.8433301,10001-12701,1-48157,133.371090612,57.5984251446,9.428999281013445,0.927642710084122,11754.1,AGBT17A_012_19,896.8291,1.4207177,-999.0,0.0137383435,8.670002,3.313165,0.14617112,10.35004,11955.675,47.163033,432.4681,303.13943,434.7268,307.13962,287.3401,6.6275935,11.448619,7.819415,8.402823,0.02141115,56.474014,-0.34800306,0,0,1,0.8186065239067744
1237678600220443096,333.959626785058,14.1155900808721,18.44782,16.73637,15.89812,15.4857,15.16844,7713,301,1,62,828785514000705536,GALAXY,0.02466615,736,52221,448,1123318134.8216867,10001-12701,1-48157,133.371090612,57.5984251446,9.428999281013445,0.927642710084122,11754.1,AGBT17A_012_19,896.8291,1.4207177,-999.0,0.0137383435,8.670002,3.313165,0.14617112,10.35004,11955.675,47.163033,432.4681,303.13943,434.7268,307.13962,287.3401,6.6275935,11.448619,7.819415,8.402823,0.02141115,56.474014,-0.34800306,0,0,1,0.8186065239067744
1237664817678516278,187.781402220361,36.6188733567208,16.63218,14.7109,13.85227,13.40029,13.10433,4504,301,1,186,2263170471820290048,GALAXY,0.02262556,2010,53495,406,531750670.5050144,10001-12701,1-48157,133.371090612,57.5984251446,9.428999281013445,0.927642710084122,11754.1,AGBT17A_012_19,896.8291,1.4207177,-999.0,0.0137383435,8.670002,3.313165,0.14617112,10.35004,11955.675,47.163033,432.4681,303.13943,434.7268,307.13962,287.3401,6.6275935,11.448619,7.819415,8.402823,0.02141115,56.474014,-0.34800306,0,0,1,0.8186065239067744
1237664874582049076,128.195857134117,22.5765656501046,17.3735,16.01542,15.42592,15.12629,14.8838,4517,301,3,113,2171909904753780736,GALAXY,0.01540031,1929,53349,178,649734139.6783535,10001-12701,1-48157,133.371090612,57.5984251446,9.428999281013445,0.927642710084122,11754.1,AGBT17A_012_19,896.8291,1.4207177,-999.0,0.0137383435,8.670002,3.313165,0.14617112,10.35004,11955.675,47.163033,432.4681,303.13943,434.7268,307.13962,287.3401,6.6275935,11.448619,7.819415,8.402823,0.02141115,56.474014,-0.34800306,0,0,1,0.8186065239067744
1237667444048789675,195.233046065291,27.8984995989503,18.65288,17.06194,16.37935,16.02368,15.80573,5115,301,5,152,2523304214021564416,GALAXY,0.02007744,2241,54169,591,980789153.7049433,10001-12701,1-48157,133.371090612,57.5984251446,9.428999281013445,0.927642710084122,11754.1,AGBT17A_012_19,896.8291,1.4207177,-999.0,0.0137383435,8.670002,3.313165,0.14617112,10.35004,11955.675,47.163033,432.4681,303.13943,434.7268,307.13962,287.3401,6.6275935,11.448619,7.819415,8.402823,0.02141115,56.474014,-0.34800306,0,0,1,0.8186065239067744
1237667444048724355,195.139020437817,27.8242445365237,18.05951,16.4216,15.80171,15.49826,15.26256,5115,301,5,151,2523292944027379712,GALAXY,0.02734583,2241,54169,550,1335977150.062443,10001-12701,1-48157,133.371090612,57.5984251446,9.428999281013445,0.927642710084122,11754.1,AGBT17A_012_19,896.8291,1.4207177,-999.0,0.0137383435,8.670002,3.313165,0.14617112,10.35004,11955.675,47.163033,432.4681,303.13943,434.7268,307.13962,287.3401,6.6275935,11.448619,7.819415,8.402823,0.02141115,56.474014,-0.34800306,0,0,1,0.8186065239067744
1237661384380907586,139.895133054491,33.8880955087356,17.32243,15.46826,14.63298,14.22466,13.91509,3704,301,6,62,1792545401799206912,GALAXY,0.02144107,1592,52990,410,948818108.7366433,10001-12701,1-48157,133.371090612,57.5984251446,9.428999281013445,0.927642710084122,11754.1,AGBT17A_012_19,896.8291,1.4207177,-999.0,0.0137383435,8.670002,3.313165,0.14617112,10.35004,11955.675,47.163033,432.4681,303.13943,434.7268,307.13962,287.3401,6.6275935,11.448619,7.819415,8.402823,0.02141115,56.474014,-0.34800306,0,0,1,0.8186065239067744
1237658297912328596,133.190042819057,3.59762773037008,19.15711,17.83603,17.15479,16.7696,16.45304,2986,301,1,97,636226668305868800,GALAXY,0.02703154,565,52225,339,969444589.3613529,10001-12701,1-48157,133.371090612,57.5984251446,9.428999281013445,0.927642710084122,11754.1,AGBT17A_012_19,896.8291,1.4207177,-999.0,0.0137383435,8.670002,3.313165,0.14617112,10.35004,11955.675,47.163033,432.4681,303.13943,434.7268,307.13962,287.3401,6.6275935,11.448619,7.819415,8.402823,0.02141115,56.474014,-0.34800306,0,0,1,0.8186065239067744
1237661387605147789,214.863274530918,54.1002963295623,16.68106,15.09732,14.35825,14.00094,13.71537,3705,301,4,108,1493036231578118144,GALAXY,0.04257972,1326,52764,338,407372992.3380153,10001-12701,1-48157,133.371090612,57.5984251446,9.428999281013445,0.927642710084122,11754.1,AGBT17A_012_19,896.8291,1.4207177,-999.0,0.0137383435,8.670002,3.313165,0.14617112,10.35004,11955.675,47.163033,432.4681,303.13943,434.7268,307.13962,287.3401,6.6275935,11.448619,7.819415,8.402823,0.02141115,56.474014,-0.34800306,0,0,1,0.8186065239067744
1237661387606065388,218.103278767368,53.2166365101653,18.5825,17.03296,16.29082,15.88097,15.57846,3705,301,4,122,1492965313078126592,GALAXY,0.04511559,1326,52764,80,369214003.18230253,10001-12701,1-48157,133.371090612,57.5984251446,9.428999281013445,0.927642710084122,11754.1,AGBT17A_012_19,896.8291,1.4207177,-999.0,0.0137383435,8.670002,3.313165,0.14617112,10.35004,11955.675,47.163033,432.4681,303.13943,434.7268,307.13962,287.3401,6.6275935,11.448619,7.819415,8.402823,0.02141115,56.474014,-0.34800306,0,0,1,0.8186065239067744
1237678600220115129,333.17216477214,14.0762016828214,17.48147,15.65782,14.86235,14.44002,14.15233,7713,301,1,57,828751978896058368,GALAXY,0.02518244,736,52221,326,1122905605.2091925,10001-12701,1-48157,133.371090612,57.5984251446,9.428999281013445,0.927642710084122,11754.1,AGBT17A_012_19,896.8291,1.4207177,-999.0,0.0137383435,8.670002,3.313165,0.14617112,10.35004,11955.675,47.163033,432.4681,303.13943,434.7268,307.13962,287.3401,6.6275935,11.448619,7.819415,8.402823,0.02141115,56.474014,-0.34800306,0,0,1,0.8186065239067744
1237671935506448807,256.933909699581,36.3925752491194,19.1025,17.30505,16.53593,16.14208,15.87364,6161,301,3,85,3345073989004322816,GALAXY,0.03604549,2971,54590,92,447388364.749952,10001-12701,1-48157,133.371090612,57.5984251446,9.428999281013445,0.927642710084122,11754.1,AGBT17A_012_19,896.8291,1.4207177,-999.0,0.0137383435,8.670002,3.313165,0.14617112,10.35004,11955.675,47.163033,432.4681,303.13943,434.7268,307.13962,287.3401,6.6275935,11.448619,7.819415,8.402823,0.02141115,56.474014,-0.34800306,0,0,1,0.8186065239067744
1237660935555317888,136.0172096505,57.0923171133253,18.05899,16.47844,15.69032,15.27064,14.9128,3600,301,2,39,543956746964592640,GALAXY,0.04620935,483,51924,535,412529.6124941927,10001-12701,1-48157,133.371090612,57.5984251446,9.428999281013445,0.927642710084122,11754.1,AGBT17A_012_19,896.8291,1.4207177,-999.0,0.0137383435,8.670002,3.313165,0.14617112,10.35004,11955.675,47.163033,432.4681,303.13943,434.7268,307.13962,287.3401,6.6275935,11.448619,7.819415,8.402823,0.02141115,56.474014,-0.34800306,0,0,1,0.8186065239067744
1237663789031686258,123.338039698834,57.8522358144126,16.0366,14.24319,13.46464,13.05154,12.78879,4264,301,5,153,2107810026742638592,GALAXY,0.02666728,1872,53386,456,19182626.98097996,10001-12701,1-48157,133.371090612,57.5984251446,9.428999281013445,0.927642710084122,11754.1,AGBT17A_012_19,896.8291,1.4207177,-999.0,0.0137383435,8.670002,3.313165,0.14617112,10.35004,11955.675,47.163033,432.4681,303.13943,434.7268,307.13962,287.3401,6.6275935,11.448619,7.819415,8.402823,0.02141115,56.474014,-0.34800306,0,0,1,0.8186065239067744
1237654383587623140,134.273876458799,51.8140814933298,17.21997,15.57774,15.10138,15.04394,15.07579,2074,301,6,114,620488254973569024,GALAXY,0.01723163,551,51993,427,220703342.6843931,10001-12701,1-48157,133.371090612,57.5984251446,9.428999281013445,0.927642710084122,11754.1,AGBT17A_012_19,896.8291,1.4207177,-999.0,0.0137383435,8.670002,3.313165,0.14617112,10.35004,11955.675,47.163033,432.4681,303.13943,434.7268,307.13962,287.3401,6.6275935,11.448619,7.819415,8.402823,0.02141115,56.474014,-0.34800306,0,0,1,0.8186065239067744
1237667211577131492,122.025536568888,14.8377468260767,16.79191,14.94309,14.01611,13.51042,13.05913,5061,301,4,52,2553652650923026432,GALAXY,0.02849707,2268,53682,406,733890180.6271689,10001-12701,1-48157,133.371090612,57.5984251446,9.428999281013445,0.927642710084122,11754.1,AGBT17A_012_19,896.8291,1.4207177,-999.0,0.0137383435,8.670002,3.313165,0.14617112,10.35004,11955.675,47.163033,432.4681,303.13943,434.7268,307.13962,287.3401,6.6275935,11.448619,7.819415,8.402823,0.02141115,56.474014,-0.34800306,0,0,1,0.8186065239067744
1237659133284778105,224.615815032758,48.492383438142,16.6533,14.72462,13.84677,13.41798,13.11589,3180,301,5,117,1180106150872377344,GALAXY,0.03760483,1048,52736,593,417273703.03787595,10001-12701,1-48157,133.371090612,57.5984251446,9.428999281013445,0.927642710084122,11754.1,AGBT17A_012_19,896.8291,1.4207177,-999.0,0.0137383435,8.670002,3.313165,0.14617112,10.35004,11955.675,47.163033,432.4681,303.13943,434.7268,307.13962,287.3401,6.6275935,11.448619,7.819415,8.402823,0.02141115,56.474014,-0.34800306,0,0,1,0.8186065239067744
1237661150841077836,193.671715817857,49.3721336744776,17.2531,15.62242,14.83038,14.4092,14.07464,3650,301,3,47,1440045543085598720,GALAXY,0.03086181,1279,52736,71,54041379.23673925,10001-12701,1-48157,133.371090612,57.5984251446,9.428999281013445,0.927642710084122,11754.1,AGBT17A_012_19,896.8291,1.4207177,-999.0,0.0137383435,8.670002,3.313165,0.14617112,10.35004,11955.675,47.163033,432.4681,303.13943,434.7268,307.13962,287.3401,6.6275935,11.448619,7.819415,8.402823,0.02141115,56.474014,-0.34800306,0,0,1,0.8186065239067744
1237665532243738764,201.539209253696,26.7700662919526,18.07728,17.0627,16.65402,16.384,16.17471,4670,301,4,34,2526668713327880192,GALAXY,0.03714085,2244,53795,543,919322241.4433085,10001-12701,1-48157,133.371090612,57.5984251446,9.428999281013445,0.927642710084122,11754.1,AGBT17A_012_19,896.8291,1.4207177,-999.0,0.0137383435,8.670002,3.313165,0.14617112,10.35004,11955.675,47.163033,432.4681,303.13943,434.7268,307.13962,287.3401,6.6275935,11.448619,7.819415,8.402823,0.02141115,56.474014,-0.34800306,0,0,1,0.8186065239067744
1237657595148435694,120.662608861764,34.7764682382951,16.19426,14.56927,13.73915,13.33794,12.99041,2822,301,4,99,1003287636145629184,GALAXY,0.03211583,891,52584,403,628076335.0224085,10001-12701,1-48157,133.371090612,57.5984251446,9.428999281013445,0.927642710084122,11754.1,AGBT17A_012_19,896.8291,1.4207177,-999.0,0.0137383435,8.670002,3.313165,0.14617112,10.35004,11955.675,47.163033,432.4681,303.13943,434.7268,307.13962,287.3401,6.6275935,11.448619,7.819415,8.402823,0.02141115,56.474014,-0.34800306,0,0,1,0.8186065239067744
1237666300017049830,46.5212497991678,-0.534055765208389,18.25595,16.49545,15.69985,15.32027,14.9959,4849,301,2,765,463955461897480192,GALAXY,0.02476844,412,52258,308,622507185.2537367,10001-12701,1-48157,133.371090612,57.5984251446,9.428999281013445,0.927642710084122,11754.1,AGBT17A_012_19,896.8291,1.4207177,-999.0,0.0137383435,8.670002,3.313165,0.14617112,10.35004,11955.675,47.163033,432.4681,303.13943,434.7268,307.13962,287.3401,6.6275935,11.448619,7.819415,8.402823,0.02141115,56.474014,-0.34800306,0,0,1,0.8186065239067744
1237666300017115373,46.6713577846736,-0.555072938643001,18.06484,16.12892,15.23701,14.81418,14.47226,4849,301,2,766,463944466781202432,GALAXY,0.02486676,412,52258,268,623538509.2849723,10001-12701,1-48157,133.371090612,57.5984251446,9.428999281013445,0.927642710084122,11754.1,AGBT17A_012_19,896.8291,1.4207177,-999.0,0.0137383435,8.670002,3.313165,0.14617112,10.35004,11955.675,47.163033,432.4681,303.13943,434.7268,307.13962,287.3401,6.6275935,11.448619,7.819415,8.402823,0.02141115,56.474014,-0.34800306,0,0,1,0.8186065239067744
1237666300018360472,49.4574498554473,-0.554651314466396,17.40121,15.73673,15.02255,14.67605,14.42188,4849,301,2,785,465047269612218368,GALAXY,0.02101669,413,51821,184,155317399.10406357,10001-12701,1-48157,133.371090612,57.5984251446,9.428999281013445,0.927642710084122,11754.1,AGBT17A_012_19,896.8291,1.4207177,-999.0,0.0137383435,8.670002,3.313165,0.14617112,10.35004,11955.675,47.163033,432.4681,303.13943,434.7268,307.13962,287.3401,6.6275935,11.448619,7.819415,8.402823,0.02141115,56.474014,-0.34800306,0,0,1,0.8186065239067744
1237666300020064503,53.4336376569821,-0.527272718975058,17.9918,15.92641,14.95541,14.47811,14.09575,4849,301,2,811,467293571683215360,GALAXY,0.03260551,415,51810,164,169755935.54136032,10001-12701,1-48157,133.371090612,57.5984251446,9.428999281013445,0.927642710084122,11754.1,AGBT17A_012_19,896.8291,1.4207177,-999.0,0.0137383435,8.670002,3.313165,0.14617112,10.35004,11955.675,47.163033,432.4681,303.13943,434.7268,307.13962,287.3401,6.6275935,11.448619,7.819415,8.402823,0.02141115,56.474014,-0.34800306,0,0,1,0.8186065239067744
1237655473430135086,246.323461033937,42.6942327421496,18.53721,16.88544,16.12247,15.74747,15.44113,2328,301,4,31,918828921896593408,GALAXY,0.03148495,816,52379,344,389015424.58202374,10001-12701,1-48157,133.371090612,57.5984251446,9.428999281013445,0.927642710084122,11754.1,AGBT17A_012_19,896.8291,1.4207177,-999.0,0.0137383435,8.670002,3.313165,0.14617112,10.35004,11955.675,47.163033,432.4681,303.13943,434.7268,307.13962,287.3401,6.6275935,11.448619,7.819415,8.402823,0.02141115,56.474014,-0.34800306,0,0,1,0.8186065239067744
1237655473429741692,245.661984516981,43.4646478338826,16.28413,14.36204,13.51063,13.08436,12.77267,2328,301,4,25,917745353103534080,GALAXY,0.03199966,815,52374,498,389840483.80701214,10001-12701,1-48157,133.371090612,57.5984251446,9.428999281013445,0.927642710084122,11754.1,AGBT17A_012_19,896.8291,1.4207177,-999.0,0.0137383435,8.670002,3.313165,0.14617112,10.35004,11955.675,47.163033,432.4681,303.13943,434.7268,307.13962,287.3401,6.6275935,11.448619,7.819415,8.402823,0.02141115,56.474014,-0.34800306,0,0,1,0.8186065239067744
1237664853653061897,237.067862275402,25.5270182358112,19.23054,17.4593,16.66894,16.24361,15.79638,4512,301,4,250,2083017420636710912,GALAXY,0.0416887,1850,53786,373,924066331.9869916,10001-12701,1-48157,133.371090612,57.5984251446,9.428999281013445,0.927642710084122,11754.1,AGBT17A_012_19,896.8291,1.4207177,-999.0,0.0137383435,8.670002,3.313165,0.14617112,10.35004,11955.675,47.163033,432.4681,303.13943,434.7268,307.13962,287.3401,6.6275935,11.448619,7.819415,8.402823,0.02141115,56.474014,-0.34800306,0,0,1,0.8186065239067744
1237662341086970143,241.426267237893,27.2246949401119,18.88323,17.54229,17.01789,16.75376,16.72259,3927,301,4,94,1568479772680415232,GALAXY,0.03208113,1393,52824,368,1289361303.8505995,10001-12701,1-48157,133.371090612,57.5984251446,9.428999281013445,0.927642710084122,11754.1,AGBT17A_012_19,896.8291,1.4207177,-999.0,0.0137383435,8.670002,3.313165,0.14617112,10.35004,11955.675,47.163033,432.4681,303.13943,434.7268,307.13962,287.3401,6.6275935,11.448619,7.819415,8.402823,0.02141115,56.474014,-0.34800306,0,0,1,0.8186065239067744
1237662336256835778,243.22210729723,29.4184815415586,17.74318,15.87068,15.0376,14.62391,14.30204,3926,301,3,120,1584236050224539648,GALAXY,0.03112174,1407,52886,345,1266053380.7446775,10001-12701,1-48157,133.371090612,57.5984251446,9.428999281013445,0.927642710084122,11754.1,AGBT17A_012_19,896.8291,1.4207177,-999.0,0.0137383435,8.670002,3.313165,0.14617112,10.35004,11955.675,47.163033,432.4681,303.13943,434.7268,307.13962,287.3401,6.6275935,11.448619,7.819415,8.402823,0.02141115,56.474014,-0.34800306,0,0,1,0.8186065239067744
1237661361833508978,197.9830814815,46.907171921077,17.18407,15.26311,14.42799,14.02123,13.71263,3699,301,4,80,1642845246540769280,GALAXY,0.02830498,1459,53117,572,349825111.39507544,10001-12701,1-48157,133.371090612,57.5984251446,9.428999281013445,0.927642710084122,11754.1,AGBT17A_012_19,896.8291,1.4207177,-999.0,0.0137383435,8.670002,3.313165,0.14617112,10.35004,11955.675,47.163033,432.4681,303.13943,434.7268,307.13962,287.3401,6.6275935,11.448619,7.819415,8.402823,0.02141115,56.474014,-0.34800306,0,0,1,0.8186065239067744
1237661361837047890,209.093601599202,44.8962995215526,18.31358,16.89107,16.26835,15.89007,15.57562,3699,301,4,134,1650611646353139712,GALAXY,0.04305045,1466,53083,154,293308554.483371,10001-12701,1-48157,133.371090612,57.5984251446,9.428999281013445,0.927642710084122,11754.1,AGBT17A_012_19,896.8291,1.4207177,-999.0,0.0137383435,8.670002,3.313165,0.14617112,10.35004,11955.675,47.163033,432.4681,303.13943,434.7268,307.13962,287.3401,6.6275935,11.448619,7.819415,8.402823,0.02141115,56.474014,-0.34800306,0,0,1,0.8186065239067744
1237661361838424237,213.416822433644,43.8665874307176,15.85379,14.31141,13.62663,13.24919,12.95425,3699,301,4,155,1569620795636869120,GALAXY,0.03504451,1394,53108,423,294752408.1271007,10001-12701,1-48157,133.371090612,57.5984251446,9.428999281013445,0.927642710084122,11754.1,AGBT17A_012_19,896.8291,1.4207177,-999.0,0.0137383435,8.670002,3.313165,0.14617112,10.35004,11955.675,47.163033,432.4681,303.13943,434.7268,307.13962,287.3401,6.6275935,11.448619,7.819415,8.402823,0.02141115,56.474014,-0.34800306,0,0,1,0.8186065239067744
1237661361838424208,213.365387752523,43.9138355819242,18.03742,16.94187,16.50975,16.22813,16.07841,3699,301,4,155,1569611724665939968,GALAXY,0.0404058,1394,53108,390,295164937.7395949,10001-12701,1-48157,133.371090612,57.5984251446,9.428999281013445,0.927642710084122,11754.1,AGBT17A_012_19,896.8291,1.4207177,-999.0,0.0137383435,8.670002,3.313165,0.14617112,10.35004,11955.675,47.163033,432.4681,303.13943,434.7268,307.13962,287.3401,6.6275935,11.448619,7.819415,8.402823,0.02141115,56.474014,-0.34800306,0,0,1,0.8186065239067744
1237660958107369616,122.589214132012,25.1222912335034,17.03669,15.26942,14.45516,14.04161,13.73495,3605,301,4,92,1424425055747598336,GALAXY,0.02769466,1265,52705,588,934585837.1055937,10001-12701,1-48157,133.371090612,57.5984251446,9.428999281013445,0.927642710084122,11754.1,AGBT17A_012_19,896.8291,1.4207177,-999.0,0.0137383435,8.670002,3.313165,0.14617112,10.35004,11955.675,47.163033,432.4681,303.13943,434.7268,307.13962,287.3401,6.6275935,11.448619,7.819415,8.402823,0.02141115,56.474014,-0.34800306,0,0,1,0.8186065239067744
1237662193461297276,210.307768258225,38.6913245959492,19.28909,17.50985,16.74808,16.38794,16.11745,3893,301,1,305,1552688591044372480,GALAXY,0.01809062,1379,53084,264,306715766.8894323,10001-12701,1-48157,133.371090612,57.5984251446,9.428999281013445,0.927642710084122,11754.1,AGBT17A_012_19,896.8291,1.4207177,-999.0,0.0137383435,8.670002,3.313165,0.14617112,10.35004,11955.675,47.163033,432.4681,303.13943,434.7268,307.13962,287.3401,6.6275935,11.448619,7.819415,8.402823,0.02141115,56.474014,-0.34800306,0,0,1,0.8186065239067744
1237662193451925517,182.321704035486,41.5938122597264,19.12366,17.38099,16.62565,16.28226,16.0804,3893,301,1,162,1630308615011198976,GALAXY,0.02357973,1448,53120,20,255768359.7463995,10001-12701,1-48157,133.371090612,57.5984251446,9.428999281013445,0.927642710084122,11754.1,AGBT17A_012_19,896.8291,1.4207177,-999.0,0.0137383435,8.670002,3.313165,0.14617112,10.35004,11955.675,47.163033,432.4681,303.13943,434.7268,307.13962,287.3401,6.6275935,11.448619,7.819415,8.402823,0.02141115,56.474014,-0.34800306,0,0,1,0.8186065239067744
1237661387612356774,236.083619783946,44.9435189237516,18.82786,17.48862,16.96874,16.63508,16.4156,3705,301,4,218,1500962061448931328,GALAXY,0.03681619,1333,52782,500,581460488.8105646,10001-12701,1-48157,133.371090612,57.5984251446,9.428999281013445,0.927642710084122,11754.1,AGBT17A_012_19,896.8291,1.4207177,-999.0,0.0137383435,8.670002,3.313165,0.14617112,10.35004,11955.675,47.163033,432.4681,303.13943,434.7268,307.13962,287.3401,6.6275935,11.448619,7.819415,8.402823,0.02141115,56.474014,-0.34800306,0,0,1,0.8186065239067744
1237661387611766822,234.591696214645,45.8019580964966,17.81966,16.977,16.62516,16.49037,16.34897,3705,301,4,209,1499716039879976960,GALAXY,0.02135135,1332,52781,63,380971097.138387,10001-12701,1-48157,133.371090612,57.5984251446,9.428999281013445,0.927642710084122,11754.1,AGBT17A_012_19,896.8291,1.4207177,-999.0,0.0137383435,8.670002,3.313165,0.14617112,10.35004,11955.675,47.163033,432.4681,303.13943,434.7268,307.13962,287.3401,6.6275935,11.448619,7.819415,8.402823,0.02141115,56.474014,-0.34800306,0,0,1,0.8186065239067744
1237661387607900287,223.782738969953,51.020265124177,17.45483,15.74164,14.82637,14.34347,13.93102,3705,301,4,150,1496410632814094336,GALAXY,0.02617961,1329,52767,326,670773149.9155574,10001-12701,1-48157,133.371090612,57.5984251446,9.428999281013445,0.927642710084122,11754.1,AGBT17A_012_19,896.8291,1.4207177,-999.0,0.0137383435,8.670002,3.313165,0.14617112,10.35004,11955.675,47.163033,432.4681,303.13943,434.7268,307.13962,287.3401,6.6275935,11.448619,7.819415,8.402823,0.02141115,56.474014,-0.34800306,0,0,1,0.8186065239067744
1237658297922551842,156.502219187819,5.48432454888237,16.95987,14.98706,14.11185,13.65951,13.34951,2986,301,1,253,648608270423975936,GALAXY,0.04540995,576,52325,327,718420320.1586367,10001-12701,1-48157,133.371090612,57.5984251446,9.428999281013445,0.927642710084122,11754.1,AGBT17A_012_19,896.8291,1.4207177,-999.0,0.0137383435,8.670002,3.313165,0.14617112,10.35004,11955.675,47.163033,432.4681,303.13943,434.7268,307.13962,287.3401,6.6275935,11.448619,7.819415,8.402823,0.02141115,56.474014,-0.34800306,0,0,1,0.8186065239067744
1237678600220442800,333.969154426085,14.0794534638571,17.89568,16.35157,15.55452,15.08287,14.65418,7713,301,1,62,828784964244891648,GALAXY,0.02535995,736,52221,446,799894918.6262397,10001-12701,1-48157,133.371090612,57.5984251446,9.428999281013445,0.927642710084122,11754.1,AGBT17A_012_19,896.8291,1.4207177,-999.0,0.0137383435,8.670002,3.313165,0.14617112,10.35004,11955.675,47.163033,432.4681,303.13943,434.7268,307.13962,287.3401,6.6275935,11.448619,7.819415,8.402823,0.02141115,56.474014,-0.34800306,0,0,1,0.8186065239067744
1237660961866186818,139.242379222673,34.6673723810945,17.56882,15.76239,14.95234,14.56232,14.23788,3606,301,3,103,1433424013496969216,GALAXY,0.0219347,1273,52993,558,30939720.937064454,10001-12701,1-48157,133.371090612,57.5984251446,9.428999281013445,0.927642710084122,11754.1,AGBT17A_012_19,896.8291,1.4207177,-999.0,0.0137383435,8.670002,3.313165,0.14617112,10.35004,11955.675,47.163033,432.4681,303.13943,434.7268,307.13962,287.3401,6.6275935,11.448619,7.819415,8.402823,0.02141115,56.474014,-0.34800306,0,0,1,0.8186065239067744
1237660961866383404,139.635721068701,35.0017054222448,17.19948,15.37323,14.58076,14.19797,13.90652,3606,301,3,106,1434474322012956672,GALAXY,0.02309186,1274,52995,283,33002368.99953542,10001-12701,1-48157,133.371090612,57.5984251446,9.428999281013445,0.927642710084122,11754.1,AGBT17A_012_19,896.8291,1.4207177,-999.0,0.0137383435,8.670002,3.313165,0.14617112,10.35004,11955.675,47.163033,432.4681,303.13943,434.7268,307.13962,287.3401,6.6275935,11.448619,7.819415,8.402823,0.02141115,56.474014,-0.34800306,0,0,1,0.8186065239067744
1237665565529931801,206.264008730775,23.0613330986006,17.60662,15.84603,15.0194,14.61337,14.29917,4678,301,2,37,6756634844242139136,GALAXY,0.02868156,6001,56072,398,1358460013.9433765,10001-12701,1-48157,133.371090612,57.5984251446,9.428999281013445,0.927642710084122,11754.1,AGBT17A_012_19,896.8291,1.4207177,-999.0,0.0137383435,8.670002,3.313165,0.14617112,10.35004,11955.675,47.163033,432.4681,303.13943,434.7268,307.13962,287.3401,6.6275935,11.448619,7.819415,8.402823,0.02141115,56.474014,-0.34800306,0,0,1,0.8186065239067744
1237659324955426912,245.842354296511,39.2153901568087,17.79171,16.72181,16.35775,16.17124,16.05874,3225,301,2,235,1319628954142795776,GALAXY,0.02938292,1172,52759,270,268350512.92747235,10001-12701,1-48157,133.371090612,57.5984251446,9.428999281013445,0.927642710084122,11754.1,AGBT17A_012_19,896.8291,1.4207177,-999.0,0.0137383435,8.670002,3.313165,0.14617112,10.35004,11955.675,47.163033,432.4681,303.13943,434.7268,307.13962,287.3401,6.6275935,11.448619,7.819415,8.402823,0.02141115,56.474014,-0.34800306,0,0,1,0.8186065239067744
1237659324955492627,246.085599485402,39.1775292494178,18.44399,16.55521,15.72948,15.33898,15.04098,3225,301,2,236,1319566007102105600,GALAXY,0.0,1172,52759,41,377670860.2384335,10001-12701,1-48157,133.371090612,57.5984251446,9.428999281013445,0.927642710084122,11754.1,AGBT17A_012_19,896.8291,1.4207177,-999.0,0.0137383435,8.670002,3.313165,0.14617112,10.35004,11955.675,47.163033,432.4681,303.13943,434.7268,307.13962,287.3401,6.6275935,11.448619,7.819415,8.402823,0.02141115,56.474014,-0.34800306,0,0,1,0.8186065239067744
1237662303514394683,231.991104214139,42.9711967456606,17.85741,16.3314,15.66162,15.33769,15.1137,3918,301,6,222,1184532780155955200,GALAXY,0.01892589,1052,52466,313,113445643.435903,10001-12701,1-48157,133.371090612,57.5984251446,9.428999281013445,0.927642710084122,11754.1,AGBT17A_012_19,896.8291,1.4207177,-999.0,0.0137383435,8.670002,3.313165,0.14617112,10.35004,11955.675,47.163033,432.4681,303.13943,434.7268,307.13962,287.3401,6.6275935,11.448619,7.819415,8.402823,0.02141115,56.474014,-0.34800306,0,0,1,0.8186065239067744
1237661362911248509,210.957038305449,45.3485566398727,19.01371,17.33788,16.53961,16.18377,15.8709,3699,301,6,141,1651810389442193408,GALAXY,0.04103645,1467,53115,419,294339878.5146065,10001-12701,1-48157,133.371090612,57.5984251446,9.428999281013445,0.927642710084122,11754.1,AGBT17A_012_19,896.8291,1.4207177,-999.0,0.0137383435,8.670002,3.313165,0.14617112,10.35004,11955.675,47.163033,432.4681,303.13943,434.7268,307.13962,287.3401,6.6275935,11.448619,7.819415,8.402823,0.02141115,56.474014,-0.34800306,0,0,1,0.8186065239067744
1237662199357898935,228.987368232918,9.11408635092132,18.55778,17.02336,16.31638,15.94652,15.65387,3894,301,4,168,1935575936518875136,GALAXY,0.04510931,1719,53876,560,1051744247.0539445,10001-12701,1-48157,133.371090612,57.5984251446,9.428999281013445,0.927642710084122,11754.1,AGBT17A_012_19,896.8291,1.4207177,-999.0,0.0137383435,8.670002,3.313165,0.14617112,10.35004,11955.675,47.163033,432.4681,303.13943,434.7268,307.13962,287.3401,6.6275935,11.448619,7.819415,8.402823,0.02141115,56.474014,-0.34800306,0,0,1,0.8186065239067744
1237663784215314649,40.9688697956661,0.152685642574978,18.22597,16.71659,15.986,15.60437,15.20944,4263,301,4,389,459542289769850880,GALAXY,0.02731059,408,51821,637,1129506079.0090997,10001-12701,1-48157,133.371090612,57.5984251446,9.428999281013445,0.927642710084122,11754.1,AGBT17A_012_19,896.8291,1.4207177,-999.0,0.0137383435,8.670002,3.313165,0.14617112,10.35004,11955.675,47.163033,432.4681,303.13943,434.7268,307.13962,287.3401,6.6275935,11.448619,7.819415,8.402823,0.02141115,56.474014,-0.34800306,0,0,1,0.8186065239067744
1237663784191852635,347.324133581927,0.0643543904407984,18.22867,16.31122,15.43749,14.96799,14.55907,4263,301,4,31,763510818317821952,GALAXY,0.01574833,678,52884,548,760704605.4392914,10001-12701,1-48157,133.371090612,57.5984251446,9.428999281013445,0.927642710084122,11754.1,AGBT17A_012_19,896.8291,1.4207177,-999.0,0.0137383435,8.670002,3.313165,0.14617112,10.35004,11955.675,47.163033,432.4681,303.13943,434.7268,307.13962,287.3401,6.6275935,11.448619,7.819415,8.402823,0.02141115,56.474014,-0.34800306,0,0,1,0.8186065239067744
1237654599952957574,150.529335504371,3.05768775342507,16.14634,14.75936,13.99339,13.61942,13.34815,2125,301,1,211,564176496139200512,GALAXY,0.02335178,501,52235,366,712232375.9712237,10001-12701,1-48157,133.371090612,57.5984251446,9.428999281013445,0.927642710084122,11754.1,AGBT17A_012_19,896.8291,1.4207177,-999.0,0.0137383435,8.670002,3.313165,0.14617112,10.35004,11955.675,47.163033,432.4681,303.13943,434.7268,307.13962,287.3401,6.6275935,11.448619,7.819415,8.402823,0.02141115,56.474014,-0.34800306,0,0,1,0.8186065239067744
1237657070091567274,41.5347078760576,-0.555450979452852,19.0266,17.35824,16.56195,16.1667,15.86834,2700,301,2,143,460569509346961408,GALAXY,0.04263905,409,51871,278,1136106552.8090067,10001-12701,1-48157,133.371090612,57.5984251446,9.428999281013445,0.927642710084122,11754.1,AGBT17A_012_19,896.8291,1.4207177,-999.0,0.0137383435,8.670002,3.313165,0.14617112,10.35004,11955.675,47.163033,432.4681,303.13943,434.7268,307.13962,287.3401,6.6275935,11.448619,7.819415,8.402823,0.02141115,56.474014,-0.34800306,0,0,1,0.8186065239067744
1237667442437062869,192.35639710972,26.7864685314686,18.78926,17.07431,16.24331,15.81607,15.46809,5115,301,2,135,2519793473998055424,GALAXY,0.04526638,2238,54205,107,1243157987.2512498,10001-12701,1-48157,133.371090612,57.5984251446,9.428999281013445,0.927642710084122,11754.1,AGBT17A_012_19,896.8291,1.4207177,-999.0,0.0137383435,8.670002,3.313165,0.14617112,10.35004,11955.675,47.163033,432.4681,303.13943,434.7268,307.13962,287.3401,6.6275935,11.448619,7.819415,8.402823,0.02141115,56.474014,-0.34800306,0,0,1,0.8186065239067744
1237665225701982343,204.017181683521,30.1410689432165,17.69734,16.14049,15.51848,15.19427,14.94003,4599,301,1,210,2357720506322413568,GALAXY,0.02576846,2094,53851,313,1109910922.4156256,10001-12701,1-48157,133.371090612,57.5984251446,9.428999281013445,0.927642710084122,11754.1,AGBT17A_012_19,896.8291,1.4207177,-999.0,0.0137383435,8.670002,3.313165,0.14617112,10.35004,11955.675,47.163033,432.4681,303.13943,434.7268,307.13962,287.3401,6.6275935,11.448619,7.819415,8.402823,0.02141115,56.474014,-0.34800306,0,0,1,0.8186065239067744
1237665548349735016,207.142459037092,24.891463005242,18.46246,17.02897,16.29121,15.82603,15.43136,4674,301,2,32,2381351754680788992,GALAXY,0.02971591,2115,53535,267,841972939.1006473,10001-12701,1-48157,133.371090612,57.5984251446,9.428999281013445,0.927642710084122,11754.1,AGBT17A_012_19,896.8291,1.4207177,-999.0,0.0137383435,8.670002,3.313165,0.14617112,10.35004,11955.675,47.163033,432.4681,303.13943,434.7268,307.13962,287.3401,6.6275935,11.448619,7.819415,8.402823,0.02141115,56.474014,-0.34800306,0,0,1,0.8186065239067744
1237650797287637041,132.167557807179,1.0387989101087,16.32248,14.49791,13.67579,13.28125,12.98785,1239,301,6,79,527016845992028160,GALAXY,0.02875791,468,51912,348,742140772.8770528,10001-12701,1-48157,133.371090612,57.5984251446,9.428999281013445,0.927642710084122,11754.1,AGBT17A_012_19,896.8291,1.4207177,-999.0,0.0137383435,8.670002,3.313165,0.14617112,10.35004,11955.675,47.163033,432.4681,303.13943,434.7268,307.13962,287.3401,6.6275935,11.448619,7.819415,8.402823,0.02141115,56.474014,-0.34800306,0,0,1,0.8186065239067744
1237660958105010490,117.995874397654,21.7087736587404,18.19625,16.68368,15.96456,15.52287,15.21955,3605,301,4,56,1423221640304551936,GALAXY,0.04990333,1264,52707,306,662522557.6656735,10001-12701,1-48157,133.371090612,57.5984251446,9.428999281013445,0.927642710084122,11754.1,AGBT17A_012_19,896.8291,1.4207177,-999.0,0.0137383435,8.670002,3.313165,0.14617112,10.35004,11955.675,47.163033,432.4681,303.13943,434.7268,307.13962,287.3401,6.6275935,11.448619,7.819415,8.402823,0.02141115,56.474014,-0.34800306,0,0,1,0.8186065239067744
1237659324950052912,233.865417453941,47.9917428831569,18.40412,17.38291,17.01798,16.78219,16.64334,3225,301,2,153,1313987909384169472,GALAXY,0.03757053,1167,52738,228,363438588.6073838,10001-12701,1-48157,133.371090612,57.5984251446,9.428999281013445,0.927642710084122,11754.1,AGBT17A_012_19,896.8291,1.4207177,-999.0,0.0137383435,8.670002,3.313165,0.14617112,10.35004,11955.675,47.163033,432.4681,303.13943,434.7268,307.13962,287.3401,6.6275935,11.448619,7.819415,8.402823,0.02141115,56.474014,-0.34800306,0,0,1,0.8186065239067744
1237663479799283862,341.67066877123,0.54340283620608,18.70988,16.82436,15.88877,15.48559,15.18445,4192,301,5,233,425743032906704896,GALAXY,0.04929942,378,52146,556,1061232428.1413109,10001-12701,1-48157,133.371090612,57.5984251446,9.428999281013445,0.927642710084122,11754.1,AGBT17A_012_19,896.8291,1.4207177,-999.0,0.0137383435,8.670002,3.313165,0.14617112,10.35004,11955.675,47.163033,432.4681,303.13943,434.7268,307.13962,287.3401,6.6275935,11.448619,7.819415,8.402823,0.02141115,56.474014,-0.34800306,0,0,1,0.8186065239067744
1237660343390175559,123.807466991762,27.4087846398113,18.5085,17.29249,16.85792,16.59428,16.34042,3462,301,3,92,1357865294139254784,GALAXY,0.03767187,1206,52670,109,865280862.2065692,10001-12701,1-48157,133.371090612,57.5984251446,9.428999281013445,0.927642710084122,11754.1,AGBT17A_012_19,896.8291,1.4207177,-999.0,0.0137383435,8.670002,3.313165,0.14617112,10.35004,11955.675,47.163033,432.4681,303.13943,434.7268,307.13962,287.3401,6.6275935,11.448619,7.819415,8.402823,0.02141115,56.474014,-0.34800306,0,0,1,0.8186065239067744
1237661465989611737,243.516620664286,31.1339990265462,17.21941,16.01008,15.46335,15.1671,14.95553,3723,301,6,128,1598898866776729600,GALAXY,0.02255848,1420,53146,440,883019635.5438195,10001-12701,1-48157,133.371090612,57.5984251446,9.428999281013445,0.927642710084122,11754.1,AGBT17A_012_19,896.8291,1.4207177,-999.0,0.0137383435,8.670002,3.313165,0.14617112,10.35004,11955.675,47.163033,432.4681,303.13943,434.7268,307.13962,287.3401,6.6275935,11.448619,7.819415,8.402823,0.02141115,56.474014,-0.34800306,0,0,1,0.8186065239067744
1237656241168973832,352.625848594811,13.905623075335,17.22813,15.20152,14.24409,13.78177,13.44576,2507,301,2,236,6916436218227218432,GALAXY,0.04043354,6143,56267,120,1081858908.7660205,10001-12701,1-48157,133.371090612,57.5984251446,9.428999281013445,0.927642710084122,11754.1,AGBT17A_012_19,896.8291,1.4207177,-999.0,0.0137383435,8.670002,3.313165,0.14617112,10.35004,11955.675,47.163033,432.4681,303.13943,434.7268,307.13962,287.3401,6.6275935,11.448619,7.819415,8.402823,0.02141115,56.474014,-0.34800306,0,0,1,0.8186065239067744
1237656241168318872,351.203987700447,13.9965434621595,17.29417,15.3702,14.47673,14.02883,13.6964,2507,301,2,226,839993111185745920,GALAXY,0.04054656,746,52238,261,853317503.4442376,10001-12701,1-48157,133.371090612,57.5984251446,9.428999281013445,0.927642710084122,11754.1,AGBT17A_012_19,896.8291,1.4207177,-999.0,0.0137383435,8.670002,3.313165,0.14617112,10.35004,11955.675,47.163033,432.4681,303.13943,434.7268,307.13962,287.3401,6.6275935,11.448619,7.819415,8.402823,0.02141115,56.474014,-0.34800306,0,0,1,0.8186065239067744
1237648722831343722,157.120617358163,1.24986386241418,18.16587,17.09403,16.67676,16.44368,16.25431,756,301,6,276,307459218087110656,GALAXY,0.02231555,273,51957,322,748328717.0644655,10001-12701,1-48157,133.371090612,57.5984251446,9.428999281013445,0.927642710084122,11754.1,AGBT17A_012_19,896.8291,1.4207177,-999.0,0.0137383435,8.670002,3.313165,0.14617112,10.35004,11955.675,47.163033,432.4681,303.13943,434.7268,307.13962,287.3401,6.6275935,11.448619,7.819415,8.402823,0.02141115,56.474014,-0.34800306,0,0,1,0.8186065239067744
1237660239778414770,53.7267420275128,-0.788898682941118,18.17543,17.08074,16.50077,16.1901,15.90256,3438,301,2,158,467264709502986240,GALAXY,0.02341247,415,51810,59,206883600.66583765,10001-12701,1-48157,133.371090612,57.5984251446,9.428999281013445,0.927642710084122,11754.1,AGBT17A_012_19,896.8291,1.4207177,-999.0,0.0137383435,8.670002,3.313165,0.14617112,10.35004,11955.675,47.163033,432.4681,303.13943,434.7268,307.13962,287.3401,6.6275935,11.448619,7.819415,8.402823,0.02141115,56.474014,-0.34800306,0,0,1,0.8186065239067744
1237667211575492697,118.479087996582,13.1545855950317,17.31676,15.26286,14.36386,13.94003,13.60351,5061,301,4,27,2549097099371243520,GALAXY,0.04762896,2264,53682,217,995433954.948487,10001-12701,1-48157,133.371090612,57.5984251446,9.428999281013445,0.927642710084122,11754.1,AGBT17A_012_19,896.8291,1.4207177,-999.0,0.0137383435,8.670002,3.313165,0.14617112,10.35004,11955.675,47.163033,432.4681,303.13943,434.7268,307.13962,287.3401,6.6275935,11.448619,7.819415,8.402823,0.02141115,56.474014,-0.34800306,0,0,1,0.8186065239067744
1237655107292823762,141.344176442254,50.5536703556395,17.10679,15.42673,14.62001,14.19645,13.76407,2243,301,2,163,863620516789905408,GALAXY,0.02530012,767,52252,201,313316240.6893394,10001-12701,1-48157,133.371090612,57.5984251446,9.428999281013445,0.927642710084122,11754.1,AGBT17A_012_19,896.8291,1.4207177,-999.0,0.0137383435,8.670002,3.313165,0.14617112,10.35004,11955.675,47.163033,432.4681,303.13943,434.7268,307.13962,287.3401,6.6275935,11.448619,7.819415,8.402823,0.02141115,56.474014,-0.34800306,0,0,1,0.8186065239067744
1237654605851853084,135.510714716355,3.59043482387926,18.06824,16.69102,16.126,15.81159,15.67092,2126,301,4,109,637354217698256896,GALAXY,0.02582191,566,52238,345,954799788.117809,10001-12701,1-48157,133.371090612,57.5984251446,9.428999281013445,0.927642710084122,11754.1,AGBT17A_012_19,896.8291,1.4207177,-999.0,0.0137383435,8.670002,3.313165,0.14617112,10.35004,11955.675,47.163033,432.4681,303.13943,434.7268,307.13962,287.3401,6.6275935,11.448619,7.819415,8.402823,0.02141115,56.474014,-0.34800306,0,0,1,0.8186065239067744
1237654605858865195,151.508997637981,4.52212462972926,16.66081,15.35509,14.63876,14.263,13.98435,2126,301,4,216,645269328488327168,GALAXY,0.02300071,573,52325,468,715120083.2586831,10001-12701,1-48157,133.371090612,57.5984251446,9.428999281013445,0.927642710084122,11754.1,AGBT17A_012_19,896.8291,1.4207177,-999.0,0.0137383435,8.670002,3.313165,0.14617112,10.35004,11955.675,47.163033,432.4681,303.13943,434.7268,307.13962,287.3401,6.6275935,11.448619,7.819415,8.402823,0.02141115,56.474014,-0.34800306,0,0,1,0.8186065239067744
1237664669506142271,147.542047825773,34.4149360003584,18.05696,16.49682,15.73369,16.46001,15.29647,4469,301,5,247,2190023809703110656,GALAXY,0.02197363,1945,53387,540,868374834.3002757,10001-12701,1-48157,133.371090612,57.5984251446,9.428999281013445,0.927642710084122,11754.1,AGBT17A_012_19,896.8291,1.4207177,-999.0,0.0137383435,8.670002,3.313165,0.14617112,10.35004,11955.675,47.163033,432.4681,303.13943,434.7268,307.13962,287.3401,6.6275935,11.448619,7.819415,8.402823,0.02141115,56.474014,-0.34800306,0,0,1,0.8186065239067744
1237659324953854249,242.695766921221,41.9837122163219,18.23207,17.06639,16.74673,16.56661,16.40211,3225,301,2,211,1317354064534595584,GALAXY,0.03855023,1170,52756,186,274125927.50239104,10001-12701,1-48157,133.371090612,57.5984251446,9.428999281013445,0.927642710084122,11754.1,AGBT17A_012_19,896.8291,1.4207177,-999.0,0.0137383435,8.670002,3.313165,0.14617112,10.35004,11955.675,47.163033,432.4681,303.13943,434.7268,307.13962,287.3401,6.6275935,11.448619,7.819415,8.402823,0.02141115,56.474014,-0.34800306,0,0,1,0.8186065239067744
1237666300021768312,57.2429695609079,-0.521109805282426,17.76438,15.78056,14.82267,14.32026,13.92205,4849,301,2,837,1398418035626240000,GALAXY,0.03980677,1242,52901,183,174087496.47254932,10001-12701,1-48157,133.371090612,57.5984251446,9.428999281013445,0.927642710084122,11754.1,AGBT17A_012_19,896.8291,1.4207177,-999.0,0.0137383435,8.670002,3.313165,0.14617112,10.35004,11955.675,47.163033,432.4681,303.13943,434.7268,307.13962,287.3401,6.6275935,11.448619,7.819415,8.402823,0.02141115,56.474014,-0.34800306,0,0,1,0.8186065239067744
1237654602628399113,129.913369490276,3.82850791855259,16.70836,15.73147,15.18045,14.90771,14.65053,2125,301,6,75,1337648298625886208,GALAXY,0.02667053,1188,52650,288,1318032111.9189458,10001-12701,1-48157,133.371090612,57.5984251446,9.428999281013445,0.927642710084122,11754.1,AGBT17A_012_19,896.8291,1.4207177,-999.0,0.0137383435,8.670002,3.313165,0.14617112,10.35004,11955.675,47.163033,432.4681,303.13943,434.7268,307.13962,287.3401,6.6275935,11.448619,7.819415,8.402823,0.02141115,56.474014,-0.34800306,0,0,1,0.8186065239067744
1237666339726295124,17.6698585333973,0.274468411046326,18.28355,16.75096,16.05749,15.69475,15.44332,4858,301,4,472,447113134998579200,GALAXY,0.04513438,397,51794,476,1118161514.6655095,10001-12701,1-48157,133.371090612,57.5984251446,9.428999281013445,0.927642710084122,11754.1,AGBT17A_012_19,896.8291,1.4207177,-999.0,0.0137383435,8.670002,3.313165,0.14617112,10.35004,11955.675,47.163033,432.4681,303.13943,434.7268,307.13962,287.3401,6.6275935,11.448619,7.819415,8.402823,0.02141115,56.474014,-0.34800306,0,0,1,0.8186065239067744
1237654879122882724,206.827184375296,3.767447748115,17.02113,15.28709,14.44901,13.99475,13.65163,2190,301,1,166,962725824056813568,GALAXY,0.02385703,855,52375,296,1037924505.035389,10001-12701,1-48157,133.371090612,57.5984251446,9.428999281013445,0.927642710084122,11754.1,AGBT17A_012_19,896.8291,1.4207177,-999.0,0.0137383435,8.670002,3.313165,0.14617112,10.35004,11955.675,47.163033,432.4681,303.13943,434.7268,307.13962,287.3401,6.6275935,11.448619,7.819415,8.402823,0.02141115,56.474014,-0.34800306,0,0,1,0.8186065239067744
1237651312144744486,261.557244067812,62.1494933203737,16.92083,15.04722,14.15775,13.70167,13.30859,1359,301,5,47,398714282377766912,GALAXY,0.02782802,354,51792,530,438931507.6938211,10001-12701,1-48157,133.371090612,57.5984251446,9.428999281013445,0.927642710084122,11754.1,AGBT17A_012_19,896.8291,1.4207177,-999.0,0.0137383435,8.670002,3.313165,0.14617112,10.35004,11955.675,47.163033,432.4681,303.13943,434.7268,307.13962,287.3401,6.6275935,11.448619,7.819415,8.402823,0.02141115,56.474014,-0.34800306,0,0,1,0.8186065239067744
1237661958300238168,219.70468078434,46.6081906902934,19.01731,17.56874,16.93143,16.59797,16.36507,3838,301,3,128,1884785364351084544,GALAXY,0.03610332,1674,53464,105,676548564.4904761,10001-12701,1-48157,133.371090612,57.5984251446,9.428999281013445,0.927642710084122,11754.1,AGBT17A_012_19,896.8291,1.4207177,-999.0,0.0137383435,8.670002,3.313165,0.14617112,10.35004,11955.675,47.163033,432.4681,303.13943,434.7268,307.13962,287.3401,6.6275935,11.448619,7.819415,8.402823,0.02141115,56.474014,-0.34800306,0,0,1,0.8186065239067744
1237661382772916308,147.069574609447,35.4250315807582,19.01337,17.34428,16.5749,16.22194,15.95589,3704,301,3,102,1795864002920736768,GALAXY,0.0425178,1595,52999,195,966969411.6863877,10001-12701,1-48157,133.371090612,57.5984251446,9.428999281013445,0.927642710084122,11754.1,AGBT17A_012_19,896.8291,1.4207177,-999.0,0.0137383435,8.670002,3.313165,0.14617112,10.35004,11955.675,47.163033,432.4681,303.13943,434.7268,307.13962,287.3401,6.6275935,11.448619,7.819415,8.402823,0.02141115,56.474014,-0.34800306,0,0,1,0.8186065239067744
1237661381694390402,136.039675933437,29.805693854221,16.46121,15.46101,15.04762,14.83125,14.64729,3704,301,1,29,2179840681806161920,GALAXY,0.02292572,1936,53330,358,777824584.3578004,10001-12701,1-48157,133.371090612,57.5984251446,9.428999281013445,0.927642710084122,11754.1,AGBT17A_012_19,896.8291,1.4207177,-999.0,0.0137383435,8.670002,3.313165,0.14617112,10.35004,11955.675,47.163033,432.4681,303.13943,434.7268,307.13962,287.3401,6.6275935,11.448619,7.819415,8.402823,0.02141115,56.474014,-0.34800306,0,0,1,0.8186065239067744
1237661381695963176,139.668667392835,31.4567504397294,18.5923,16.7164,15.84421,15.42906,15.11274,3704,301,1,53,2182094131709372416,GALAXY,0.04822973,1938,53379,364,1005128400.8421006,10001-12701,1-48157,133.371090612,57.5984251446,9.428999281013445,0.927642710084122,11754.1,AGBT17A_012_19,896.8291,1.4207177,-999.0,0.0137383435,8.670002,3.313165,0.14617112,10.35004,11955.675,47.163033,432.4681,303.13943,434.7268,307.13962,287.3401,6.6275935,11.448619,7.819415,8.402823,0.02141115,56.474014,-0.34800306,0,0,1,0.8186065239067744
1237659133818110102,213.520120782939,52.6632675652131,18.79229,17.04651,16.22279,15.86063,15.57373,3180,301,6,63,1491850683131914240,GALAXY,0.04411682,1325,52762,121,406135403.50053275,10001-12701,1-48157,133.371090612,57.5984251446,9.428999281013445,0.927642710084122,11754.1,AGBT17A_012_19,896.8291,1.4207177,-999.0,0.0137383435,8.670002,3.313165,0.14617112,10.35004,11955.675,47.163033,432.4681,303.13943,434.7268,307.13962,287.3401,6.6275935,11.448619,7.819415,8.402823,0.02141115,56.474014,-0.34800306,0,0,1,0.8186065239067744
1237659133817520197,211.468306135152,53.1289866217752,16.77036,14.84807,14.00762,13.6171,13.29207,3180,301,6,54,1175586328952203264,GALAXY,0.04095029,1044,52468,534,267731718.50873107,10001-12701,1-48157,133.371090612,57.5984251446,9.428999281013445,0.927642710084122,11754.1,AGBT17A_012_19,896.8291,1.4207177,-999.0,0.0137383435,8.670002,3.313165,0.14617112,10.35004,11955.675,47.163033,432.4681,303.13943,434.7268,307.13962,287.3401,6.6275935,11.448619,7.819415,8.402823,0.02141115,56.474014,-0.34800306,0,0,1,0.8186065239067744
1237663457241923656,322.451925307262,-0.313551815297311,17.70318,15.79135,14.90441,14.45378,14.12647,4187,301,3,99,1112431756314699776,GALAXY,0.02993195,988,52520,155,132834535.22313006,10001-12701,1-48157,133.371090612,57.5984251446,9.428999281013445,0.927642710084122,11754.1,AGBT17A_012_19,896.8291,1.4207177,-999.0,0.0137383435,8.670002,3.313165,0.14617112,10.35004,11955.675,47.163033,432.4681,303.13943,434.7268,307.13962,287.3401,6.6275935,11.448619,7.819415,8.402823,0.02141115,56.474014,-0.34800306,0,0,1,0.8186065239067744
1237652899164586100,62.5043703106168,-6.66564769511633,19.5715,17.87161,16.9535,16.45307,16.05151,1729,301,1,496,523571251394930688,GALAXY,0.03855423,465,51910,101,211421426.40327376,10001-12701,1-48157,133.371090612,57.5984251446,9.428999281013445,0.927642710084122,11754.1,AGBT17A_012_19,896.8291,1.4207177,-999.0,0.0137383435,8.670002,3.313165,0.14617112,10.35004,11955.675,47.163033,432.4681,303.13943,434.7268,307.13962,287.3401,6.6275935,11.448619,7.819415,8.402823,0.02141115,56.474014,-0.34800306,0,0,1,0.8186065239067744
1237663918412923225,117.02270834641,51.9445300038994,18.39749,17.40404,16.98939,16.77575,16.58756,4294,301,6,82,2104399340683421696,GALAXY,0.0195266,1869,53327,336,471521347.0808623,10001-12701,1-48157,133.371090612,57.5984251446,9.428999281013445,0.927642710084122,11754.1,AGBT17A_012_19,896.8291,1.4207177,-999.0,0.0137383435,8.670002,3.313165,0.14617112,10.35004,11955.675,47.163033,432.4681,303.13943,434.7268,307.13962,287.3401,6.6275935,11.448619,7.819415,8.402823,0.02141115,56.474014,-0.34800306,0,0,1,0.8186065239067744
1237660962398798050,129.247308567665,29.7563975070342,18.44658,16.60011,15.74893,15.32552,15.0664,3606,301,4,38,1428851418575431680,GALAXY,0.05068766,1269,52937,307,1002034428.7483941,10001-12701,1-48157,133.371090612,57.5984251446,9.428999281013445,0.927642710084122,11754.1,AGBT17A_012_19,896.8291,1.4207177,-999.0,0.0137383435,8.670002,3.313165,0.14617112,10.35004,11955.675,47.163033,432.4681,303.13943,434.7268,307.13962,287.3401,6.6275935,11.448619,7.819415,8.402823,0.02141115,56.474014,-0.34800306,0,0,1,0.8186065239067744
1237661356461981794,157.343583826939,43.1706167830569,16.77645,15.74654,15.22936,14.92973,14.69223,3698,301,2,37,1608970665547819008,GALAXY,0.02725727,1429,52990,217,238648380.82789052,10001-12701,1-48157,133.371090612,57.5984251446,9.428999281013445,0.927642710084122,11754.1,AGBT17A_012_19,896.8291,1.4207177,-999.0,0.0137383435,8.670002,3.313165,0.14617112,10.35004,11955.675,47.163033,432.4681,303.13943,434.7268,307.13962,287.3401,6.6275935,11.448619,7.819415,8.402823,0.02141115,56.474014,-0.34800306,0,0,1,0.8186065239067744
1237667442437259402,192.888636296963,26.7698123801462,16.90672,15.759,15.29447,14.981,14.81245,5115,301,2,138,2519783853271312384,GALAXY,0.04564369,2238,54205,72,855998945.92545,10001-12701,1-48157,133.371090612,57.5984251446,9.428999281013445,0.927642710084122,11754.1,AGBT17A_012_19,896.8291,1.4207177,-999.0,0.0137383435,8.670002,3.313165,0.14617112,10.35004,11955.675,47.163033,432.4681,303.13943,434.7268,307.13962,287.3401,6.6275935,11.448619,7.819415,8.402823,0.02141115,56.474014,-0.34800306,0,0,1,0.8186065239067744
1237654602638950539,154.180692928192,5.15449138232939,18.43492,16.88467,16.07558,15.61954,15.30602,2125,301,6,236,646414195474065408,GALAXY,0.04571308,574,52355,537,963462909.980187,10001-12701,1-48157,133.371090612,57.5984251446,9.428999281013445,0.927642710084122,11754.1,AGBT17A_012_19,896.8291,1.4207177,-999.0,0.0137383435,8.670002,3.313165,0.14617112,10.35004,11955.675,47.163033,432.4681,303.13943,434.7268,307.13962,287.3401,6.6275935,11.448619,7.819415,8.402823,0.02141115,56.474014,-0.34800306,0,0,1,0.8186065239067744
1237654602641244319,159.34712055024,5.43850418986383,17.92723,16.09712,15.28707,14.8817,14.57945,2125,301,6,271,649756985901737984,GALAXY,0.02931095,577,52367,410,945930401.449184,10001-12701,1-48157,133.371090612,57.5984251446,9.428999281013445,0.927642710084122,11754.1,AGBT17A_012_19,896.8291,1.4207177,-999.0,0.0137383435,8.670002,3.313165,0.14617112,10.35004,11955.675,47.163033,432.4681,303.13943,434.7268,307.13962,287.3401,6.6275935,11.448619,7.819415,8.402823,0.02141115,56.474014,-0.34800306,0,0,1,0.8186065239067744
1237659896174084252,262.67638119226,56.63938575909,16.73163,14.88012,14.05188,13.63671,13.33907,3358,301,2,52,403124423952984064,GALAXY,0.02938787,358,51818,190,464302078.8622139,10001-12701,1-48157,133.371090612,57.5984251446,9.428999281013445,0.927642710084122,11754.1,AGBT17A_012_19,896.8291,1.4207177,-999.0,0.0137383435,8.670002,3.313165,0.14617112,10.35004,11955.675,47.163033,432.4681,303.13943,434.7268,307.13962,287.3401,6.6275935,11.448619,7.819415,8.402823,0.02141115,56.474014,-0.34800306,0,0,1,0.8186065239067744
1237659330852159843,247.303817603805,39.6153999113147,19.25898,17.58821,16.80747,16.42257,16.12732,3226,301,5,100,1319706744590460928,GALAXY,0.03089439,1172,52759,553,425936824.90025395,10001-12701,1-48157,133.371090612,57.5984251446,9.428999281013445,0.927642710084122,11754.1,AGBT17A_012_19,896.8291,1.4207177,-999.0,0.0137383435,8.670002,3.313165,0.14617112,10.35004,11955.675,47.163033,432.4681,303.13943,434.7268,307.13962,287.3401,6.6275935,11.448619,7.819415,8.402823,0.02141115,56.474014,-0.34800306,0,0,1,0.8186065239067744
1237659326028972124,246.41112905857,40.0988402121766,17.07021,15.42603,14.69567,14.32791,14.02005,3225,301,4,232,1319677607532324864,GALAXY,0.0325493,1172,52759,447,270825690.6024375,10001-12701,1-48157,133.371090612,57.5984251446,9.428999281013445,0.927642710084122,11754.1,AGBT17A_012_19,896.8291,1.4207177,-999.0,0.0137383435,8.670002,3.313165,0.14617112,10.35004,11955.675,47.163033,432.4681,303.13943,434.7268,307.13962,287.3401,6.6275935,11.448619,7.819415,8.402823,0.02141115,56.474014,-0.34800306,0,0,1,0.8186065239067744
1237674289682055479,118.917346803054,33.706021674097,17.9886,16.3431,15.59159,15.20008,14.86316,6709,301,4,34,1003261522744469504,GALAXY,0.046132,891,52584,308,627870070.2161614,10001-12701,1-48157,133.371090612,57.5984251446,9.428999281013445,0.927642710084122,11754.1,AGBT17A_012_19,896.8291,1.4207177,-999.0,0.0137383435,8.670002,3.313165,0.14617112,10.35004,11955.675,47.163033,432.4681,303.13943,434.7268,307.13962,287.3401,6.6275935,11.448619,7.819415,8.402823,0.02141115,56.474014,-0.34800306,0,0,1,0.8186065239067744
1237664887462756465,243.356557960805,21.9094255654111,16.53222,14.73601,13.9418,13.52361,13.21144,4520,301,3,49,2086398690079041536,GALAXY,0.03186696,1853,53566,386,596311554.8603556,10001-12701,1-48157,133.371090612,57.5984251446,9.428999281013445,0.927642710084122,11754.1,AGBT17A_012_19,896.8291,1.4207177,-999.0,0.0137383435,8.670002,3.313165,0.14617112,10.35004,11955.675,47.163033,432.4681,303.13943,434.7268,307.13962,287.3401,6.6275935,11.448619,7.819415,8.402823,0.02141115,56.474014,-0.34800306,0,0,1,0.8186065239067744
1237661139035095061,157.183632683255,39.7785455462236,17.25729,16.08642,15.70503,15.48789,15.33995,3647,301,5,126,1610144944167610368,GALAXY,0.03004428,1430,53002,393,335386574.9577787,10001-12701,1-48157,133.371090612,57.5984251446,9.428999281013445,0.927642710084122,11754.1,AGBT17A_012_19,896.8291,1.4207177,-999.0,0.0137383435,8.670002,3.313165,0.14617112,10.35004,11955.675,47.163033,432.4681,303.13943,434.7268,307.13962,287.3401,6.6275935,11.448619,7.819415,8.402823,0.02141115,56.474014,-0.34800306,0,0,1,0.8186065239067744
1237661139030442098,144.732061567194,35.6951577622909,17.07283,15.87158,15.27554,14.96835,14.7538,3647,301,5,55,1794798576035981312,GALAXY,0.02006746,1594,52992,415,848367148.0943073,10001-12701,1-48157,133.371090612,57.5984251446,9.428999281013445,0.927642710084122,11754.1,AGBT17A_012_19,896.8291,1.4207177,-999.0,0.0137383435,8.670002,3.313165,0.14617112,10.35004,11955.675,47.163033,432.4681,303.13943,434.7268,307.13962,287.3401,6.6275935,11.448619,7.819415,8.402823,0.02141115,56.474014,-0.34800306,0,0,1,0.8186065239067744
1237661383309590763,146.292963080512,35.777733746212,17.33291,16.45996,16.16545,15.94577,15.87246,3704,301,4,99,1794851902349928448,GALAXY,0.02215646,1594,52992,609,719657908.9961191,10001-12701,1-48157,133.371090612,57.5984251446,9.428999281013445,0.927642710084122,11754.1,AGBT17A_012_19,896.8291,1.4207177,-999.0,0.0137383435,8.670002,3.313165,0.14617112,10.35004,11955.675,47.163033,432.4681,303.13943,434.7268,307.13962,287.3401,6.6275935,11.448619,7.819415,8.402823,0.02141115,56.474014,-0.34800306,0,0,1,0.8186065239067744
1237662697037431050,238.639540736813,24.0217285709097,19.43705,17.98712,17.42405,17.09722,16.94244,4010,301,3,171,2084138093467691008,GALAXY,0.04185771,1851,53524,354,1359903867.5871065,10001-12701,1-48157,133.371090612,57.5984251446,9.428999281013445,0.927642710084122,11754.1,AGBT17A_012_19,896.8291,1.4207177,-999.0,0.0137383435,8.670002,3.313165,0.14617112,10.35004,11955.675,47.163033,432.4681,303.13943,434.7268,307.13962,287.3401,6.6275935,11.448619,7.819415,8.402823,0.02141115,56.474014,-0.34800306,0,0,1,0.8186065239067744
1237662697030942890,223.652031316695,30.6179834210908,17.5057,16.24636,15.75511,15.4736,15.29905,4010,301,3,72,2075052009152604160,GALAXY,0.05116798,1843,53816,67,878481809.8063834,10001-12701,1-48157,133.371090612,57.5984251446,9.428999281013445,0.927642710084122,11754.1,AGBT17A_012_19,896.8291,1.4207177,-999.0,0.0137383435,8.670002,3.313165,0.14617112,10.35004,11955.675,47.163033,432.4681,303.13943,434.7268,307.13962,287.3401,6.6275935,11.448619,7.819415,8.402823,0.02141115,56.474014,-0.34800306,0,0,1,0.8186065239067744
1237663478726197411,343.097394566155,-0.387225051595073,18.61144,17.33632,16.7077,16.3588,16.06608,4192,301,3,243,426778491992696832,GALAXY,0.04221323,379,51789,227,107463964.05473721,10001-12701,1-48157,133.371090612,57.5984251446,9.428999281013445,0.927642710084122,11754.1,AGBT17A_012_19,896.8291,1.4207177,-999.0,0.0137383435,8.670002,3.313165,0.14617112,10.35004,11955.675,47.163033,432.4681,303.13943,434.7268,307.13962,287.3401,6.6275935,11.448619,7.819415,8.402823,0.02141115,56.474014,-0.34800306,0,0,1,0.8186065239067744
1237660936090812554,131.491122424397,55.1360435359289,18.53744,16.78217,16.01464,15.63589,15.35088,3600,301,3,18,504480430834083840,GALAXY,0.02553242,448,51900,281,501017214.37419707,10001-12701,1-48157,133.371090612,57.5984251446,9.428999281013445,0.927642710084122,11754.1,AGBT17A_012_19,896.8291,1.4207177,-999.0,0.0137383435,8.670002,3.313165,0.14617112,10.35004,11955.675,47.163033,432.4681,303.13943,434.7268,307.13962,287.3401,6.6275935,11.448619,7.819415,8.402823,0.02141115,56.474014,-0.34800306,0,0,1,0.8186065239067744
1237664853103083742,204.105143890746,35.8183258763429,18.3078,16.66474,15.85981,15.43788,15.11561,4512,301,3,50,2365585313113335808,GALAXY,0.05172038,2101,53858,253,1190147932.045746,10001-12701,1-48157,133.371090612,57.5984251446,9.428999281013445,0.927642710084122,11754.1,AGBT17A_012_19,896.8291,1.4207177,-999.0,0.0137383435,8.670002,3.313165,0.14617112,10.35004,11955.675,47.163033,432.4681,303.13943,434.7268,307.13962,287.3401,6.6275935,11.448619,7.819415,8.402823,0.02141115,56.474014,-0.34800306,0,0,1,0.8186065239067744
1237662306202354034,245.207238349838,24.0420768196147,17.83072,15.86332,14.94247,14.4914,14.15268,3919,301,3,277,1772237430187911168,GALAXY,0.05770345,1574,53476,258,1282967094.8569396,10001-12701,1-48157,133.371090612,57.5984251446,9.428999281013445,0.927642710084122,11754.1,AGBT17A_012_19,896.8291,1.4207177,-999.0,0.0137383435,8.670002,3.313165,0.14617112,10.35004,11955.675,47.163033,432.4681,303.13943,434.7268,307.13962,287.3401,6.6275935,11.448619,7.819415,8.402823,0.02141115,56.474014,-0.34800306,0,0,1,0.8186065239067744
1237657608568701025,118.31986407636,32.5437503444289,16.97105,14.88138,13.99058,13.53776,13.17405,2825,301,5,76,1002170257437124608,GALAXY,0.02795325,890,52583,434,524118872.6738719,10001-12701,1-48157,133.371090612,57.5984251446,9.428999281013445,0.927642710084122,11754.1,AGBT17A_012_19,896.8291,1.4207177,-999.0,0.0137383435,8.670002,3.313165,0.14617112,10.35004,11955.675,47.163033,432.4681,303.13943,434.7268,307.13962,287.3401,6.6275935,11.448619,7.819415,8.402823,0.02141115,56.474014,-0.34800306,0,0,1,0.8186065239067744
1237678600220049618,332.955123775514,13.9676676035917,17.89253,16.12026,15.27974,14.8576,14.52076,7713,301,1,56,828752528651872256,GALAXY,0.02620053,736,52221,328,1125174518.0779107,10001-12701,1-48157,133.371090612,57.5984251446,9.428999281013445,0.927642710084122,11754.1,AGBT17A_012_19,896.8291,1.4207177,-999.0,0.0137383435,8.670002,3.313165,0.14617112,10.35004,11955.675,47.163033,432.4681,303.13943,434.7268,307.13962,287.3401,6.6275935,11.448619,7.819415,8.402823,0.02141115,56.474014,-0.34800306,0,0,1,0.8186065239067744
1237653009194090657,316.841299427983,11.0663953300605,19.04054,17.49974,16.69521,16.23748,15.90881,1754,301,6,53,818703267017025536,QSO,0.04247234,727,52207,633,135309712.89809522,10001-12701,1-48157,133.371090612,57.5984251446,9.428999281013445,0.927642710084122,11754.1,AGBT17A_012_19,896.8291,1.4207177,-999.0,0.0137383435,8.670002,3.313165,0.14617112,10.35004,11955.675,47.163033,432.4681,303.13943,434.7268,307.13962,287.3401,6.6275935,11.448619,7.819415,8.402823,0.02141115,56.474014,-0.34800306,0,0,1,0.8186065239067744
1237653009194614868,317.97942688278,11.3793946249178,18.6477,16.7566,15.87304,15.39034,15.00146,1754,301,6,61,819776395617003520,GALAXY,0.01770023,728,52520,441,452338720.09988236,10001-12701,1-48157,133.371090612,57.5984251446,9.428999281013445,0.927642710084122,11754.1,AGBT17A_012_19,896.8291,1.4207177,-999.0,0.0137383435,8.670002,3.313165,0.14617112,10.35004,11955.675,47.163033,432.4681,303.13943,434.7268,307.13962,287.3401,6.6275935,11.448619,7.819415,8.402823,0.02141115,56.474014,-0.34800306,0,0,1,0.8186065239067744
1237664093436313810,130.344456337047,26.055883315615,18.90503,17.65625,17.22521,16.97725,16.86252,4335,301,4,135,2173147130179381248,GALAXY,0.03678867,1930,53347,583,940361251.6805123,10001-12701,1-48157,133.371090612,57.5984251446,9.428999281013445,0.927642710084122,11754.1,AGBT17A_012_19,896.8291,1.4207177,-999.0,0.0137383435,8.670002,3.313165,0.14617112,10.35004,11955.675,47.163033,432.4681,303.13943,434.7268,307.13962,287.3401,6.6275935,11.448619,7.819415,8.402823,0.02141115,56.474014,-0.34800306,0,0,1,0.8186065239067744
1237666300017115211,46.6602512981619,-0.509987565590771,17.49479,15.50332,14.58612,14.11315,13.76446,4849,301,2,766,463946665804457984,GALAXY,0.02533663,412,52258,276,622094655.6412426,10001-12701,1-48157,133.371090612,57.5984251446,9.428999281013445,0.927642710084122,11754.1,AGBT17A_012_19,896.8291,1.4207177,-999.0,0.0137383435,8.670002,3.313165,0.14617112,10.35004,11955.675,47.163033,432.4681,303.13943,434.7268,307.13962,287.3401,6.6275935,11.448619,7.819415,8.402823,0.02141115,56.474014,-0.34800306,0,0,1,0.8186065239067744
1237666300020326617,54.0324059484205,-0.596428954289183,17.67311,15.73408,14.82317,14.35264,13.97282,4849,301,2,815,467278178520426496,GALAXY,0.02343717,415,51810,108,207296130.27833185,10001-12701,1-48157,133.371090612,57.5984251446,9.428999281013445,0.927642710084122,11754.1,AGBT17A_012_19,896.8291,1.4207177,-999.0,0.0137383435,8.670002,3.313165,0.14617112,10.35004,11955.675,47.163033,432.4681,303.13943,434.7268,307.13962,287.3401,6.6275935,11.448619,7.819415,8.402823,0.02141115,56.474014,-0.34800306,0,0,1,0.8186065239067744
1237662683068694587,206.66549756195,34.2245430319924,17.10369,15.28428,14.4784,14.08211,13.77454,4007,301,1,17,2283377027056691200,GALAXY,0.02529442,2028,53818,189,1189116608.0145106,10001-12701,1-48157,133.371090612,57.5984251446,9.428999281013445,0.927642710084122,11754.1,AGBT17A_012_19,896.8291,1.4207177,-999.0,0.0137383435,8.670002,3.313165,0.14617112,10.35004,11955.675,47.163033,432.4681,303.13943,434.7268,307.13962,287.3401,6.6275935,11.448619,7.819415,8.402823,0.02141115,56.474014,-0.34800306,0,0,1,0.8186065239067744
1237662341093393015,254.317485612619,18.4526309164431,19.01066,17.92526,17.26291,16.91928,16.64811,3927,301,4,192,1764330836972300288,GALAXY,0.03282385,1567,53172,166,100863490.25483012,10001-12701,1-48157,133.371090612,57.5984251446,9.428999281013445,0.927642710084122,11754.1,AGBT17A_012_19,896.8291,1.4207177,-999.0,0.0137383435,8.670002,3.313165,0.14617112,10.35004,11955.675,47.163033,432.4681,303.13943,434.7268,307.13962,287.3401,6.6275935,11.448619,7.819415,8.402823,0.02141115,56.474014,-0.34800306,0,0,1,0.8186065239067744
1237663462605324350,346.302319671774,0.834398031372037,16.60147,14.91498,14.2014,13.83426,13.57863,4188,301,5,18,429061078501058560,GALAXY,0.0251704,381,51811,339,760085811.02055,10001-12701,1-48157,133.371090612,57.5984251446,9.428999281013445,0.927642710084122,11754.1,AGBT17A_012_19,896.8291,1.4207177,-999.0,0.0137383435,8.670002,3.313165,0.14617112,10.35004,11955.675,47.163033,432.4681,303.13943,434.7268,307.13962,287.3401,6.6275935,11.448619,7.819415,8.402823,0.02141115,56.474014,-0.34800306,0,0,1,0.8186065239067744
1237657770170581181,143.184451805149,48.7963990187041,17.02538,15.89266,15.43711,15.181,14.98636,2863,301,2,133,1014502655705245696,GALAXY,0.02638659,901,52641,243,312903711.07684517,10001-12701,1-48157,133.371090612,57.5984251446,9.428999281013445,0.927642710084122,11754.1,AGBT17A_012_19,896.8291,1.4207177,-999.0,0.0137383435,8.670002,3.313165,0.14617112,10.35004,11955.675,47.163033,432.4681,303.13943,434.7268,307.13962,287.3401,6.6275935,11.448619,7.819415,8.402823,0.02141115,56.474014,-0.34800306,0,0,1,0.8186065239067744
1237662500000759984,226.431655676987,44.4049257964173,16.97669,15.27234,14.36258,13.8481,13.35605,3964,301,4,94,1887018467148720128,GALAXY,0.02834018,1676,53147,37,382414950.78211665,10001-12701,1-48157,133.371090612,57.5984251446,9.428999281013445,0.927642710084122,11754.1,AGBT17A_012_19,896.8291,1.4207177,-999.0,0.0137383435,8.670002,3.313165,0.14617112,10.35004,11955.675,47.163033,432.4681,303.13943,434.7268,307.13962,287.3401,6.6275935,11.448619,7.819415,8.402823,0.02141115,56.474014,-0.34800306,0,0,1,0.8186065239067744
1237662500002136311,230.233600357477,42.7754897018742,16.73473,15.7134,15.2681,15.03932,14.82566,3964,301,4,115,1889397540231604224,GALAXY,0.01834222,1678,53433,500,114683232.27338557,10001-12701,1-48157,133.371090612,57.5984251446,9.428999281013445,0.927642710084122,11754.1,AGBT17A_012_19,896.8291,1.4207177,-999.0,0.0137383435,8.670002,3.313165,0.14617112,10.35004,11955.675,47.163033,432.4681,303.13943,434.7268,307.13962,287.3401,6.6275935,11.448619,7.819415,8.402823,0.02141115,56.474014,-0.34800306,0,0,1,0.8186065239067744
1237663782589562890,6.31307620397318,-1.11175307299135,16.41606,14.78892,14.01136,13.62993,13.36142,4263,301,1,158,440295612949227520,GALAXY,0.03790227,391,51782,250,1210568147.8642085,10001-12701,1-48157,133.371090612,57.5984251446,9.428999281013445,0.927642710084122,11754.1,AGBT17A_012_19,896.8291,1.4207177,-999.0,0.0137383435,8.670002,3.313165,0.14617112,10.35004,11955.675,47.163033,432.4681,303.13943,434.7268,307.13962,287.3401,6.6275935,11.448619,7.819415,8.402823,0.02141115,56.474014,-0.34800306,0,0,1,0.8186065239067744
1237667736116789267,178.351504019485,23.0709079004359,16.57834,14.72509,13.84837,13.44585,13.06557,5183,301,5,308,2827306255024941056,GALAXY,0.02681152,2511,53882,624,1166840008.939824,10001-12701,1-48157,133.371090612,57.5984251446,9.428999281013445,0.927642710084122,11754.1,AGBT17A_012_19,896.8291,1.4207177,-999.0,0.0137383435,8.670002,3.313165,0.14617112,10.35004,11955.675,47.163033,432.4681,303.13943,434.7268,307.13962,287.3401,6.6275935,11.448619,7.819415,8.402823,0.02141115,56.474014,-0.34800306,0,0,1,0.8186065239067744
1237655124465287251,168.230523981322,4.03543421963187,19.10272,17.48079,16.64739,16.18973,15.82763,2247,301,2,50,940197654615320576,GALAXY,0.03927926,835,52326,259,1097122504.4283054,10001-12701,1-48157,133.371090612,57.5984251446,9.428999281013445,0.927642710084122,11754.1,AGBT17A_012_19,896.8291,1.4207177,-999.0,0.0137383435,8.670002,3.313165,0.14617112,10.35004,11955.675,47.163033,432.4681,303.13943,434.7268,307.13962,287.3401,6.6275935,11.448619,7.819415,8.402823,0.02141115,56.474014,-0.34800306,0,0,1,0.8186065239067744
1237671935507890382,258.991906346377,33.6435093394969,19.31084,17.71109,16.90544,16.46941,16.12859,6161,301,3,107,3347434365608028160,GALAXY,0.03806071,2973,54591,487,121489970.87953976,10001-12701,1-48157,133.371090612,57.5984251446,9.428999281013445,0.927642710084122,11754.1,AGBT17A_012_19,896.8291,1.4207177,-999.0,0.0137383435,8.670002,3.313165,0.14617112,10.35004,11955.675,47.163033,432.4681,303.13943,434.7268,307.13962,287.3401,6.6275935,11.448619,7.819415,8.402823,0.02141115,56.474014,-0.34800306,0,0,1,0.8186065239067744
1237671935507693981,258.62475152785,33.9022887055409,17.3107,16.21166,15.72394,15.47165,15.262,6161,301,3,104,3347428043416168448,GALAXY,0.02445893,2973,54591,464,607243589.5914516,10001-12701,1-48157,133.371090612,57.5984251446,9.428999281013445,0.927642710084122,11754.1,AGBT17A_012_19,896.8291,1.4207177,-999.0,0.0137383435,8.670002,3.313165,0.14617112,10.35004,11955.675,47.163033,432.4681,303.13943,434.7268,307.13962,287.3401,6.6275935,11.448619,7.819415,8.402823,0.02141115,56.474014,-0.34800306,0,0,1,0.8186065239067744
1237671935506514166,257.001354607663,36.3444215574274,16.8802,14.9581,14.07547,13.62167,13.27408,6161,301,3,86,3345074813638043648,GALAXY,0.03623623,2971,54590,95,446769570.33121073,10001-12701,1-48157,133.371090612,57.5984251446,9.428999281013445,0.927642710084122,11754.1,AGBT17A_012_19,896.8291,1.4207177,-999.0,0.0137383435,8.670002,3.313165,0.14617112,10.35004,11955.675,47.163033,432.4681,303.13943,434.7268,307.13962,287.3401,6.6275935,11.448619,7.819415,8.402823,0.02141115,56.474014,-0.34800306,0,0,1,0.8186065239067744
1237664673250213895,188.065026307922,37.5282585805353,17.26777,16.04619,15.38207,15.05896,14.7463,4470,301,4,33,2263177343767963648,GALAXY,0.02101149,2010,53495,431,532575729.7300028,10001-12701,1-48157,133.371090612,57.5984251446,9.428999281013445,0.927642710084122,11754.1,AGBT17A_012_19,896.8291,1.4207177,-999.0,0.0137383435,8.670002,3.313165,0.14617112,10.35004,11955.675,47.163033,432.4681,303.13943,434.7268,307.13962,287.3401,6.6275935,11.448619,7.819415,8.402823,0.02141115,56.474014,-0.34800306,0,0,1,0.8186065239067744
1237662662136299670,223.383354169671,32.830681405863,18.59858,16.91203,16.0568,15.6378,15.29768,4002,301,2,102,1854406408955521024,GALAXY,0.04513133,1647,53531,179,1262134349.4259825,10001-12701,1-48157,133.371090612,57.5984251446,9.428999281013445,0.927642710084122,11754.1,AGBT17A_012_19,896.8291,1.4207177,-999.0,0.0137383435,8.670002,3.313165,0.14617112,10.35004,11955.675,47.163033,432.4681,303.13943,434.7268,307.13962,287.3401,6.6275935,11.448619,7.819415,8.402823,0.02141115,56.474014,-0.34800306,0,0,1,0.8186065239067744
1237665532244983982,204.692774852279,26.498776900854,19.14579,17.68586,17.08191,16.73881,16.47686,4670,301,4,53,2527817160152082432,GALAXY,0.029503,2245,54208,625,797832270.5637687,10001-12701,1-48157,133.371090612,57.5984251446,9.428999281013445,0.927642710084122,11754.1,AGBT17A_012_19,896.8291,1.4207177,-999.0,0.0137383435,8.670002,3.313165,0.14617112,10.35004,11955.675,47.163033,432.4681,303.13943,434.7268,307.13962,287.3401,6.6275935,11.448619,7.819415,8.402823,0.02141115,56.474014,-0.34800306,0,0,1,0.8186065239067744
1237661387606851771,220.716816629992,52.2809975857886,17.40928,16.08888,15.63213,15.38471,15.24003,3705,301,4,134,1495284733226018816,GALAXY,0.02503742,1328,52786,326,412735877.3004398,10001-12701,1-48157,133.371090612,57.5984251446,9.428999281013445,0.927642710084122,11754.1,AGBT17A_012_19,896.8291,1.4207177,-999.0,0.0137383435,8.670002,3.313165,0.14617112,10.35004,11955.675,47.163033,432.4681,303.13943,434.7268,307.13962,287.3401,6.6275935,11.448619,7.819415,8.402823,0.02141115,56.474014,-0.34800306,0,0,1,0.8186065239067744
1237657071697854529,31.6216434796305,0.706454111700958,18.08123,16.86205,16.37886,16.07752,15.91427,2700,301,5,77,455010377567070208,GALAXY,0.04054231,404,51812,534,1070926874.0349243,10001-12701,1-48157,133.371090612,57.5984251446,9.428999281013445,0.927642710084122,11754.1,AGBT17A_012_19,896.8291,1.4207177,-999.0,0.0137383435,8.670002,3.313165,0.14617112,10.35004,11955.675,47.163033,432.4681,303.13943,434.7268,307.13962,287.3401,6.6275935,11.448619,7.819415,8.402823,0.02141115,56.474014,-0.34800306,0,0,1,0.8186065239067744
1237661464378998852,242.669812927247,30.2551333674407,17.68264,15.82611,14.99776,14.5938,14.24914,3723,301,3,128,1583132690138294272,GALAXY,0.03068992,1406,52876,427,1265022056.7134418,10001-12701,1-48157,133.371090612,57.5984251446,9.428999281013445,0.927642710084122,11754.1,AGBT17A_012_19,896.8291,1.4207177,-999.0,0.0137383435,8.670002,3.313165,0.14617112,10.35004,11955.675,47.163033,432.4681,303.13943,434.7268,307.13962,287.3401,6.6275935,11.448619,7.819415,8.402823,0.02141115,56.474014,-0.34800306,0,0,1,0.8186065239067744
1237661387602919648,206.711500417586,55.9876734027834,18.50436,17.27904,16.78712,16.50267,16.27275,3705,301,4,74,1488573589211867136,GALAXY,0.03784182,1322,52791,487,48884759.08056184,10001-12701,1-48157,133.371090612,57.5984251446,9.428999281013445,0.927642710084122,11754.1,AGBT17A_012_19,896.8291,1.4207177,-999.0,0.0137383435,8.670002,3.313165,0.14617112,10.35004,11955.675,47.163033,432.4681,303.13943,434.7268,307.13962,287.3401,6.6275935,11.448619,7.819415,8.402823,0.02141115,56.474014,-0.34800306,0,0,1,0.8186065239067744
1237665428089995563,195.433250063168,28.9995424101428,17.2175,15.48108,14.75265,14.38551,14.10109,4646,301,2,22,2264208410864019456,GALAXY,0.02142398,2011,53499,86,1228925715.6202002,10001-12701,1-48157,133.371090612,57.5984251446,9.428999281013445,0.927642710084122,11754.1,AGBT17A_012_19,896.8291,1.4207177,-999.0,0.0137383435,8.670002,3.313165,0.14617112,10.35004,11955.675,47.163033,432.4681,303.13943,434.7268,307.13962,287.3401,6.6275935,11.448619,7.819415,8.402823,0.02141115,56.474014,-0.34800306,0,0,1,0.8186065239067744
1237665428090192022,196.042606512841,29.0154335046959,17.4114,15.84243,15.10929,14.74952,14.47448,4646,301,2,25,2262020939275331584,GALAXY,0.02210143,2009,53904,320,1229131980.4264474,10001-12701,1-48157,133.371090612,57.5984251446,9.428999281013445,0.927642710084122,11754.1,AGBT17A_012_19,896.8291,1.4207177,-999.0,0.0137383435,8.670002,3.313165,0.14617112,10.35004,11955.675,47.163033,432.4681,303.13943,434.7268,307.13962,287.3401,6.6275935,11.448619,7.819415,8.402823,0.02141115,56.474014,-0.34800306,0,0,1,0.8186065239067744
1237656906354000003,357.543152871032,-1.01688068901936,17.45961,16.26743,15.74381,15.45436,15.2063,2662,301,1,266,1229518476675147776,GALAXY,0.02265564,1092,52639,130,1209124294.220479,10001-12701,1-48157,133.371090612,57.5984251446,9.428999281013445,0.927642710084122,11754.1,AGBT17A_012_19,896.8291,1.4207177,-999.0,0.0137383435,8.670002,3.313165,0.14617112,10.35004,11955.675,47.163033,432.4681,303.13943,434.7268,307.13962,287.3401,6.6275935,11.448619,7.819415,8.402823,0.02141115,56.474014,-0.34800306,0,0,1,0.8186065239067744
1237658297923731566,159.191553755773,5.5544490229299,18.46085,16.61641,15.81881,15.42379,15.11635,2986,301,1,271,649755061756389376,GALAXY,0.02858066,577,52367,403,946136666.2554309,10001-12701,1-48157,133.371090612,57.5984251446,9.428999281013445,0.927642710084122,11754.1,AGBT17A_012_19,896.8291,1.4207177,-999.0,0.0137383435,8.670002,3.313165,0.14617112,10.35004,11955.675,47.163033,432.4681,303.13943,434.7268,307.13962,287.3401,6.6275935,11.448619,7.819415,8.402823,0.02141115,56.474014,-0.34800306,0,0,1,0.8186065239067744
1237658297921634528,154.495753804026,5.3062782687083,18.02847,16.76823,16.2077,15.84292,15.55433,2986,301,1,239,646422441811273728,GALAXY,0.04268034,574,52355,567,963669174.786434,10001-12701,1-48157,133.371090612,57.5984251446,9.428999281013445,0.927642710084122,11754.1,AGBT17A_012_19,896.8291,1.4207177,-999.0,0.0137383435,8.670002,3.313165,0.14617112,10.35004,11955.675,47.163033,432.4681,303.13943,434.7268,307.13962,287.3401,6.6275935,11.448619,7.819415,8.402823,0.02141115,56.474014,-0.34800306,0,0,1,0.8186065239067744
1237665530633388076,201.948047299266,25.4495876478006,17.76765,16.05639,15.2759,14.88997,14.60182,4670,301,1,38,2527725076053256192,GALAXY,0.02499253,2245,54208,290,1349178097.6622572,10001-12701,1-48157,133.371090612,57.5984251446,9.428999281013445,0.927642710084122,11754.1,AGBT17A_012_19,896.8291,1.4207177,-999.0,0.0137383435,8.670002,3.313165,0.14617112,10.35004,11955.675,47.163033,432.4681,303.13943,434.7268,307.13962,287.3401,6.6275935,11.448619,7.819415,8.402823,0.02141115,56.474014,-0.34800306,0,0,1,0.8186065239067744
1237664853103935666,206.516376967907,35.52036009497,17.67603,15.86982,14.9818,14.5181,14.14287,4512,301,3,63,2283436675562498048,GALAXY,0.02453607,2028,53818,406,1188497813.5957692,10001-12701,1-48157,133.371090612,57.5984251446,9.428999281013445,0.927642710084122,11754.1,AGBT17A_012_19,896.8291,1.4207177,-999.0,0.0137383435,8.670002,3.313165,0.14617112,10.35004,11955.675,47.163033,432.4681,303.13943,434.7268,307.13962,287.3401,6.6275935,11.448619,7.819415,8.402823,0.02141115,56.474014,-0.34800306,0,0,1,0.8186065239067744
1237653652376584390,11.2482000867699,15.2540945804883,18.77257,16.75027,15.79584,15.34233,14.96295,1904,301,4,223,471885683154249728,GALAXY,0.05603563,419,51879,486,1197779729.8768885,10001-12701,1-48157,133.371090612,57.5984251446,9.428999281013445,0.927642710084122,11754.1,AGBT17A_012_19,896.8291,1.4207177,-999.0,0.0137383435,8.670002,3.313165,0.14617112,10.35004,11955.675,47.163033,432.4681,303.13943,434.7268,307.13962,287.3401,6.6275935,11.448619,7.819415,8.402823,0.02141115,56.474014,-0.34800306,0,0,1,0.8186065239067744
1237659330852225269,247.394227451842,39.6301883768259,19.30414,17.54188,16.79813,16.45276,16.15825,3226,301,5,101,1319707294346274816,GALAXY,0.02851587,1172,52759,555,426555619.3189953,10001-12701,1-48157,133.371090612,57.5984251446,9.428999281013445,0.927642710084122,11754.1,AGBT17A_012_19,896.8291,1.4207177,-999.0,0.0137383435,8.670002,3.313165,0.14617112,10.35004,11955.675,47.163033,432.4681,303.13943,434.7268,307.13962,287.3401,6.6275935,11.448619,7.819415,8.402823,0.02141115,56.474014,-0.34800306,0,0,1,0.8186065239067744
1237659330846916727,235.77487736035,48.3788037963396,19.14164,17.55654,16.88675,16.54955,16.34046,3226,301,5,20,1313942004773709824,GALAXY,0.03810316,1167,52738,61,365294971.86360765,10001-12701,1-48157,133.371090612,57.5984251446,9.428999281013445,0.927642710084122,11754.1,AGBT17A_012_19,896.8291,1.4207177,-999.0,0.0137383435,8.670002,3.313165,0.14617112,10.35004,11955.675,47.163033,432.4681,303.13943,434.7268,307.13962,287.3401,6.6275935,11.448619,7.819415,8.402823,0.02141115,56.474014,-0.34800306,0,0,1,0.8186065239067744
1237673808117498264,119.9442321292,18.4017798718357,17.37386,15.35611,14.32282,13.66418,13.34034,6597,301,3,166,2165170997483825152,GALAXY,0.04128448,1923,53319,238,645196313.9409175,10001-12701,1-48157,133.371090612,57.5984251446,9.428999281013445,0.927642710084122,11754.1,AGBT17A_012_19,896.8291,1.4207177,-999.0,0.0137383435,8.670002,3.313165,0.14617112,10.35004,11955.675,47.163033,432.4681,303.13943,434.7268,307.13962,287.3401,6.6275935,11.448619,7.819415,8.402823,0.02141115,56.474014,-0.34800306,0,0,1,0.8186065239067744
1237666089514500292,18.2783575752401,14.1080648032674,17.76988,16.16395,15.39901,15.00077,14.69357,4800,301,2,15,476331557448083456,GALAXY,0.0586499,423,51821,276,1084746616.05348,10001-12701,1-48157,133.371090612,57.5984251446,9.428999281013445,0.927642710084122,11754.1,AGBT17A_012_19,896.8291,1.4207177,-999.0,0.0137383435,8.670002,3.313165,0.14617112,10.35004,11955.675,47.163033,432.4681,303.13943,434.7268,307.13962,287.3401,6.6275935,11.448619,7.819415,8.402823,0.02141115,56.474014,-0.34800306,0,0,1,0.8186065239067744
1237671934428643511,249.856611426415,44.0654946030949,17.53329,16.39135,15.99655,15.84139,15.71976,6161,301,1,23,708263368703633408,GALAXY,0.02251702,629,52051,263,567228217.179515,10001-12701,1-48157,133.371090612,57.5984251446,9.428999281013445,0.927642710084122,11754.1,AGBT17A_012_19,896.8291,1.4207177,-999.0,0.0137383435,8.670002,3.313165,0.14617112,10.35004,11955.675,47.163033,432.4681,303.13943,434.7268,307.13962,287.3401,6.6275935,11.448619,7.819415,8.402823,0.02141115,56.474014,-0.34800306,0,0,1,0.8186065239067744
1237661418211770487,210.586810118522,55.3094131773764,18.30531,17.09266,16.5394,16.21667,15.97431,3712,301,5,184,1489729450911229952,GALAXY,0.0416738,1323,52797,596,48059699.85557345,10001-12701,1-48157,133.371090612,57.5984251446,9.428999281013445,0.927642710084122,11754.1,AGBT17A_012_19,896.8291,1.4207177,-999.0,0.0137383435,8.670002,3.313165,0.14617112,10.35004,11955.675,47.163033,432.4681,303.13943,434.7268,307.13962,287.3401,6.6275935,11.448619,7.819415,8.402823,0.02141115,56.474014,-0.34800306,0,0,1,0.8186065239067744
1237662238022238371,228.707765638218,7.59026189519164,18.73347,17.25849,16.54508,16.14052,15.82928,3903,301,4,315,2046983413570758656,GALAXY,0.04379644,1818,54539,354,1054838219.1476508,10001-12701,1-48157,133.371090612,57.5984251446,9.428999281013445,0.927642710084122,11754.1,AGBT17A_012_19,896.8291,1.4207177,-999.0,0.0137383435,8.670002,3.313165,0.14617112,10.35004,11955.675,47.163033,432.4681,303.13943,434.7268,307.13962,287.3401,6.6275935,11.448619,7.819415,8.402823,0.02141115,56.474014,-0.34800306,0,0,1,0.8186065239067744
1237653665254932538,141.027035196327,2.08250503514556,17.54039,16.48125,16.0804,15.84626,15.68902,1907,301,4,123,532725510648653824,GALAXY,0.02425363,473,51929,636,709138403.8775173,10001-12701,1-48157,133.371090612,57.5984251446,9.428999281013445,0.927642710084122,11754.1,AGBT17A_012_19,896.8291,1.4207177,-999.0,0.0137383435,8.670002,3.313165,0.14617112,10.35004,11955.675,47.163033,432.4681,303.13943,434.7268,307.13962,287.3401,6.6275935,11.448619,7.819415,8.402823,0.02141115,56.474014,-0.34800306,0,0,1,0.8186065239067744
1237662337333068409,248.823659806619,26.3046707680755,18.82545,17.34268,16.77771,16.44751,16.25309,3926,301,5,158,1586541999945705472,GALAXY,0.038933,1409,52824,542,1011316345.0295136,10001-12701,1-48157,133.371090612,57.5984251446,9.428999281013445,0.927642710084122,11754.1,AGBT17A_012_19,896.8291,1.4207177,-999.0,0.0137383435,8.670002,3.313165,0.14617112,10.35004,11955.675,47.163033,432.4681,303.13943,434.7268,307.13962,287.3401,6.6275935,11.448619,7.819415,8.402823,0.02141115,56.474014,-0.34800306,0,0,1,0.8186065239067744
1237662195056640213,164.470991350867,40.8621636434649,18.40224,16.66782,15.86846,15.49649,15.19863,3893,301,4,72,1615813201386039296,GALAXY,0.0251058,1435,52996,534,246073913.85278597,10001-12701,1-48157,133.371090612,57.5984251446,9.428999281013445,0.927642710084122,11754.1,AGBT17A_012_19,896.8291,1.4207177,-999.0,0.0137383435,8.670002,3.313165,0.14617112,10.35004,11955.675,47.163033,432.4681,303.13943,434.7268,307.13962,287.3401,6.6275935,11.448619,7.819415,8.402823,0.02141115,56.474014,-0.34800306,0,0,1,0.8186065239067744
1237661382236110992,147.429979176121,35.1860690413596,18.44912,17.23133,16.72209,16.48706,16.3458,3704,301,2,103,1795822221478881280,GALAXY,0.02021335,1595,52999,43,719245379.383625,10001-12701,1-48157,133.371090612,57.5984251446,9.428999281013445,0.927642710084122,11754.1,AGBT17A_012_19,896.8291,1.4207177,-999.0,0.0137383435,8.670002,3.313165,0.14617112,10.35004,11955.675,47.163033,432.4681,303.13943,434.7268,307.13962,287.3401,6.6275935,11.448619,7.819415,8.402823,0.02141115,56.474014,-0.34800306,0,0,1,0.8186065239067744
1237657607495090502,119.222005564411,32.3455914189635,19.27076,17.27486,16.32249,15.8443,15.47081,2825,301,3,78,1002204617175492608,GALAXY,0.04348576,890,52583,559,604768411.9164865,10001-12701,1-48157,133.371090612,57.5984251446,9.428999281013445,0.927642710084122,11754.1,AGBT17A_012_19,896.8291,1.4207177,-999.0,0.0137383435,8.670002,3.313165,0.14617112,10.35004,11955.675,47.163033,432.4681,303.13943,434.7268,307.13962,287.3401,6.6275935,11.448619,7.819415,8.402823,0.02141115,56.474014,-0.34800306,0,0,1,0.8186065239067744
1237673709868417204,137.226551992855,1.43248947865624,17.09871,15.84914,15.33246,15.07091,14.93232,6574,301,4,140,530340394966214656,GALAXY,0.01640724,471,51924,151,749978835.5144423,10001-12701,1-48157,133.371090612,57.5984251446,9.428999281013445,0.927642710084122,11754.1,AGBT17A_012_19,896.8291,1.4207177,-999.0,0.0137383435,8.670002,3.313165,0.14617112,10.35004,11955.675,47.163033,432.4681,303.13943,434.7268,307.13962,287.3401,6.6275935,11.448619,7.819415,8.402823,0.02141115,56.474014,-0.34800306,0,0,1,0.8186065239067744
1237664880485728262,139.171284392057,29.3395099659071,17.11156,15.21074,14.3363,13.92225,13.62399,4518,301,6,84,2179752171120125952,GALAXY,0.03621611,1936,53330,36,1309162725.2503204,10001-12701,1-48157,133.371090612,57.5984251446,9.428999281013445,0.927642710084122,11754.1,AGBT17A_012_19,896.8291,1.4207177,-999.0,0.0137383435,8.670002,3.313165,0.14617112,10.35004,11955.675,47.163033,432.4681,303.13943,434.7268,307.13962,287.3401,6.6275935,11.448619,7.819415,8.402823,0.02141115,56.474014,-0.34800306,0,0,1,0.8186065239067744
1237664880489922669,149.482858693924,33.1803220773384,18.79269,17.37517,16.87304,16.58574,16.39984,4518,301,6,148,2193289084376475648,GALAXY,0.03700695,1948,53388,131,825884284.2133739,10001-12701,1-48157,133.371090612,57.5984251446,9.428999281013445,0.927642710084122,11754.1,AGBT17A_012_19,896.8291,1.4207177,-999.0,0.0137383435,8.670002,3.313165,0.14617112,10.35004,11955.675,47.163033,432.4681,303.13943,434.7268,307.13962,287.3401,6.6275935,11.448619,7.819415,8.402823,0.02141115,56.474014,-0.34800306,0,0,1,0.8186065239067744
1237660958108025086,123.872026012678,26.1509784702012,16.79481,15.50425,14.89861,14.60022,14.33536,3605,301,4,102,1425511098425042944,GALAXY,0.02108964,1266,52709,443,912102973.2246602,10001-12701,1-48157,133.371090612,57.5984251446,9.428999281013445,0.927642710084122,11754.1,AGBT17A_012_19,896.8291,1.4207177,-999.0,0.0137383435,8.670002,3.313165,0.14617112,10.35004,11955.675,47.163033,432.4681,303.13943,434.7268,307.13962,287.3401,6.6275935,11.448619,7.819415,8.402823,0.02141115,56.474014,-0.34800306,0,0,1,0.8186065239067744
1237667142857130501,118.395656329456,14.4733211587977,18.34949,16.48376,15.58965,15.1471,14.8145,5045,301,4,44,2549154273975887872,GALAXY,0.05958883,2264,53682,425,931285600.2056401,10001-12701,1-48157,133.371090612,57.5984251446,9.428999281013445,0.927642710084122,11754.1,AGBT17A_012_19,896.8291,1.4207177,-999.0,0.0137383435,8.670002,3.313165,0.14617112,10.35004,11955.675,47.163033,432.4681,303.13943,434.7268,307.13962,287.3401,6.6275935,11.448619,7.819415,8.402823,0.02141115,56.474014,-0.34800306,0,0,1,0.8186065239067744
1237667142857326792,118.731898938751,14.7167604403314,18.36911,16.6221,15.84984,15.46082,15.19762,5045,301,4,47,2551374737657849856,GALAXY,0.04911255,2266,53679,311,994815160.5297458,10001-12701,1-48157,133.371090612,57.5984251446,9.428999281013445,0.927642710084122,11754.1,AGBT17A_012_19,896.8291,1.4207177,-999.0,0.0137383435,8.670002,3.313165,0.14617112,10.35004,11955.675,47.163033,432.4681,303.13943,434.7268,307.13962,287.3401,6.6275935,11.448619,7.819415,8.402823,0.02141115,56.474014,-0.34800306,0,0,1,0.8186065239067744
1237658297923797167,159.388073143018,5.62860612600541,17.41209,15.726,15.06464,14.67292,14.38912,2986,301,1,272,649767981018015744,GALAXY,0.02825649,577,52367,450,704600578.1400812,10001-12701,1-48157,133.371090612,57.5984251446,9.428999281013445,0.927642710084122,11754.1,AGBT17A_012_19,896.8291,1.4207177,-999.0,0.0137383435,8.670002,3.313165,0.14617112,10.35004,11955.675,47.163033,432.4681,303.13943,434.7268,307.13962,287.3401,6.6275935,11.448619,7.819415,8.402823,0.02141115,56.474014,-0.34800306,0,0,1,0.8186065239067744
1237659326029365420,247.185093315448,39.4738419015259,16.51161,14.55636,13.73388,13.33898,13.07483,3225,301,4,238,6806098298962991104,GALAXY,0.0271772,6045,56072,121,432331033.893914,10001-12701,1-48157,133.371090612,57.5984251446,9.428999281013445,0.927642710084122,11754.1,AGBT17A_012_19,896.8291,1.4207177,-999.0,0.0137383435,8.670002,3.313165,0.14617112,10.35004,11955.675,47.163033,432.4681,303.13943,434.7268,307.13962,287.3401,6.6275935,11.448619,7.819415,8.402823,0.02141115,56.474014,-0.34800306,0,0,1,0.8186065239067744
1237659326029365773,247.279958353949,39.4957310850477,17.62201,15.75966,14.9713,14.58854,14.33244,3225,301,4,238,1319573428805593088,GALAXY,0.02890449,1172,52759,68,432949828.31265527,10001-12701,1-48157,133.371090612,57.5984251446,9.428999281013445,0.927642710084122,11754.1,AGBT17A_012_19,896.8291,1.4207177,-999.0,0.0137383435,8.670002,3.313165,0.14617112,10.35004,11955.675,47.163033,432.4681,303.13943,434.7268,307.13962,287.3401,6.6275935,11.448619,7.819415,8.402823,0.02141115,56.474014,-0.34800306,0,0,1,0.8186065239067744
1237652944784523441,356.692320724364,16.0430808885333,16.84974,14.86446,13.95959,13.52861,13.20111,1739,301,6,281,842329848188790784,GALAXY,0.04164439,748,52233,570,1137962936.0652306,10001-12701,1-48157,133.371090612,57.5984251446,9.428999281013445,0.927642710084122,11754.1,AGBT17A_012_19,896.8291,1.4207177,-999.0,0.0137383435,8.670002,3.313165,0.14617112,10.35004,11955.675,47.163033,432.4681,303.13943,434.7268,307.13962,287.3401,6.6275935,11.448619,7.819415,8.402823,0.02141115,56.474014,-0.34800306,0,0,1,0.8186065239067744
1237652944767942932,317.903193965222,11.4969313331905,16.77588,15.58572,14.91569,14.52304,14.21717,1739,301,6,28,819777770006538240,GALAXY,0.02938232,728,52520,446,116333350.72336234,10001-12701,1-48157,133.371090612,57.5984251446,9.428999281013445,0.927642710084122,11754.1,AGBT17A_012_19,896.8291,1.4207177,-999.0,0.0137383435,8.670002,3.313165,0.14617112,10.35004,11955.675,47.163033,432.4681,303.13943,434.7268,307.13962,287.3401,6.6275935,11.448619,7.819415,8.402823,0.02141115,56.474014,-0.34800306,0,0,1,0.8186065239067744
1237652944767746204,317.43009972181,11.3552627435742,18.45581,16.86537,16.07611,15.6693,15.41084,1739,301,6,25,819757978797238272,GALAXY,0.01694573,728,52520,374,116127085.91711526,10001-12701,1-48157,133.371090612,57.5984251446,9.428999281013445,0.927642710084122,11754.1,AGBT17A_012_19,896.8291,1.4207177,-999.0,0.0137383435,8.670002,3.313165,0.14617112,10.35004,11955.675,47.163033,432.4681,303.13943,434.7268,307.13962,287.3401,6.6275935,11.448619,7.819415,8.402823,0.02141115,56.474014,-0.34800306,0,0,1,0.8186065239067744
1237666214069534761,18.2799833267339,13.3968716443078,18.69301,16.52633,15.56815,15.03954,14.7529,4829,301,2,30,476334855982966784,GALAXY,0.05905268,423,51821,288,1083509027.2159972,10001-12701,1-48157,133.371090612,57.5984251446,9.428999281013445,0.927642710084122,11754.1,AGBT17A_012_19,896.8291,1.4207177,-999.0,0.0137383435,8.670002,3.313165,0.14617112,10.35004,11955.675,47.163033,432.4681,303.13943,434.7268,307.13962,287.3401,6.6275935,11.448619,7.819415,8.402823,0.02141115,56.474014,-0.34800306,0,0,1,0.8186065239067744
1237661383307034816,139.976789413378,33.1072659883681,16.96706,15.21634,14.47239,14.10331,13.836,3704,301,4,60,1792568491543390208,GALAXY,0.02455158,1592,52990,494,1004303341.6171123,10001-12701,1-48157,133.371090612,57.5984251446,9.428999281013445,0.927642710084122,11754.1,AGBT17A_012_19,896.8291,1.4207177,-999.0,0.0137383435,8.670002,3.313165,0.14617112,10.35004,11955.675,47.163033,432.4681,303.13943,434.7268,307.13962,287.3401,6.6275935,11.448619,7.819415,8.402823,0.02141115,56.474014,-0.34800306,0,0,1,0.8186065239067744
1237654600486879285,143.690717438191,3.09641037233108,17.37232,15.66844,14.92935,14.5611,14.2956,2125,301,2,166,640674468372441088,GALAXY,0.02355891,569,52264,136,956862436.18028,10001-12701,1-48157,133.371090612,57.5984251446,9.428999281013445,0.927642710084122,11754.1,AGBT17A_012_19,896.8291,1.4207177,-999.0,0.0137383435,8.670002,3.313165,0.14617112,10.35004,11955.675,47.163033,432.4681,303.13943,434.7268,307.13962,287.3401,6.6275935,11.448619,7.819415,8.402823,0.02141115,56.474014,-0.34800306,0,0,1,0.8186065239067744
1237659326565908904,247.058404584695,40.3138446087038,16.5742,14.80405,14.03894,13.66177,13.38997,3225,301,5,233,1319711417514878976,GALAXY,0.03310552,1172,52759,570,377258330.62593925,10001-12701,1-48157,133.371090612,57.5984251446,9.428999281013445,0.927642710084122,11754.1,AGBT17A_012_19,896.8291,1.4207177,-999.0,0.0137383435,8.670002,3.313165,0.14617112,10.35004,11955.675,47.163033,432.4681,303.13943,434.7268,307.13962,287.3401,6.6275935,11.448619,7.819415,8.402823,0.02141115,56.474014,-0.34800306,0,0,1,0.8186065239067744
1237659326566236223,247.583903295026,39.8043275361145,17.21062,15.37102,14.56765,14.16247,13.86362,3225,301,5,238,1319718839218366464,GALAXY,0.02936131,1172,52759,597,269588101.764955,10001-12701,1-48157,133.371090612,57.5984251446,9.428999281013445,0.927642710084122,11754.1,AGBT17A_012_19,896.8291,1.4207177,-999.0,0.0137383435,8.670002,3.313165,0.14617112,10.35004,11955.675,47.163033,432.4681,303.13943,434.7268,307.13962,287.3401,6.6275935,11.448619,7.819415,8.402823,0.02141115,56.474014,-0.34800306,0,0,1,0.8186065239067744
1237653589020901608,124.813532536654,45.2988231052137,18.56183,17.1976,16.49957,16.02951,15.68031,1889,301,6,148,496549652926064640,GALAXY,0.04331744,441,51868,101,634470544.0160683,10001-12701,1-48157,133.371090612,57.5984251446,9.428999281013445,0.927642710084122,11754.1,AGBT17A_012_19,896.8291,1.4207177,-999.0,0.0137383435,8.670002,3.313165,0.14617112,10.35004,11955.675,47.163033,432.4681,303.13943,434.7268,307.13962,287.3401,6.6275935,11.448619,7.819415,8.402823,0.02141115,56.474014,-0.34800306,0,0,1,0.8186065239067744
1237659326566236446,247.462700289215,39.7665296270944,16.7249,14.86073,14.06438,13.68139,13.3959,3225,301,5,238,1319716090439297024,GALAXY,0.03184644,1172,52759,587,425524295.28775984,10001-12701,1-48157,133.371090612,57.5984251446,9.428999281013445,0.927642710084122,11754.1,AGBT17A_012_19,896.8291,1.4207177,-999.0,0.0137383435,8.670002,3.313165,0.14617112,10.35004,11955.675,47.163033,432.4681,303.13943,434.7268,307.13962,287.3401,6.6275935,11.448619,7.819415,8.402823,0.02141115,56.474014,-0.34800306,0,0,1,0.8186065239067744
1237662198283042831,226.306763684929,8.79658581971491,16.85518,15.03946,14.23629,13.8465,13.56812,3894,301,2,151,1933228754188920832,GALAXY,0.04492164,1717,53883,213,1042668595.5790721,10001-12701,1-48157,133.371090612,57.5984251446,9.428999281013445,0.927642710084122,11754.1,AGBT17A_012_19,896.8291,1.4207177,-999.0,0.0137383435,8.670002,3.313165,0.14617112,10.35004,11955.675,47.163033,432.4681,303.13943,434.7268,307.13962,287.3401,6.6275935,11.448619,7.819415,8.402823,0.02141115,56.474014,-0.34800306,0,0,1,0.8186065239067744
1237662198283043146,226.405426303259,8.63502811113395,18.87844,17.05849,16.23783,15.84669,15.55467,3894,301,2,151,1933229578822641664,GALAXY,0.04612447,1717,53883,216,1053188100.697674,10001-12701,1-48157,133.371090612,57.5984251446,9.428999281013445,0.927642710084122,11754.1,AGBT17A_012_19,896.8291,1.4207177,-999.0,0.0137383435,8.670002,3.313165,0.14617112,10.35004,11955.675,47.163033,432.4681,303.13943,434.7268,307.13962,287.3401,6.6275935,11.448619,7.819415,8.402823,0.02141115,56.474014,-0.34800306,0,0,1,0.8186065239067744
1237661464380113233,244.873667771477,28.5169143866334,18.80495,17.63553,17.02974,16.70348,16.44861,3723,301,3,145,1584186847079196672,GALAXY,0.03841426,1407,52886,166,1271416265.7071018,10001-12701,1-48157,133.371090612,57.5984251446,9.428999281013445,0.927642710084122,11754.1,AGBT17A_012_19,896.8291,1.4207177,-999.0,0.0137383435,8.670002,3.313165,0.14617112,10.35004,11955.675,47.163033,432.4681,303.13943,434.7268,307.13962,287.3401,6.6275935,11.448619,7.819415,8.402823,0.02141115,56.474014,-0.34800306,0,0,1,0.8186065239067744
1237667443511656599,194.528442730656,27.5768756438433,18.76991,17.07568,16.34423,15.99672,15.71746,5115,301,4,148,2522157967344691200,GALAXY,0.02500718,2240,53823,517,1333501972.387478,10001-12701,1-48157,133.371090612,57.5984251446,9.428999281013445,0.927642710084122,11754.1,AGBT17A_012_19,896.8291,1.4207177,-999.0,0.0137383435,8.670002,3.313165,0.14617112,10.35004,11955.675,47.163033,432.4681,303.13943,434.7268,307.13962,287.3401,6.6275935,11.448619,7.819415,8.402823,0.02141115,56.474014,-0.34800306,0,0,1,0.8186065239067744
1237667443511591211,194.430132034307,27.5775942925071,18.60192,16.99471,16.25042,15.89012,15.62214,5115,301,4,147,2522151370274924544,GALAXY,0.02410993,2240,53823,493,1332676913.1624897,10001-12701,1-48157,133.371090612,57.5984251446,9.428999281013445,0.927642710084122,11754.1,AGBT17A_012_19,896.8291,1.4207177,-999.0,0.0137383435,8.670002,3.313165,0.14617112,10.35004,11955.675,47.163033,432.4681,303.13943,434.7268,307.13962,287.3401,6.6275935,11.448619,7.819415,8.402823,0.02141115,56.474014,-0.34800306,0,0,1,0.8186065239067744
1237662193999151263,213.183694088275,38.4351856246874,17.30507,16.22493,15.77174,15.52672,15.33477,3893,301,2,320,1553816964852377600,GALAXY,0.02048009,1380,53084,273,310428533.40188,10001-12701,1-48157,133.371090612,57.5984251446,9.428999281013445,0.927642710084122,11754.1,AGBT17A_012_19,896.8291,1.4207177,-999.0,0.0137383435,8.670002,3.313165,0.14617112,10.35004,11955.675,47.163033,432.4681,303.13943,434.7268,307.13962,287.3401,6.6275935,11.448619,7.819415,8.402823,0.02141115,56.474014,-0.34800306,0,0,1,0.8186065239067744
1237662193995743306,203.37459938429,40.5296738361267,16.59678,15.32435,14.71236,14.36741,14.14489,3893,301,2,268,1648364244720183296,GALAXY,0.02694572,1464,53091,170,297021320.99581873,10001-12701,1-48157,133.371090612,57.5984251446,9.428999281013445,0.927642710084122,11754.1,AGBT17A_012_19,896.8291,1.4207177,-999.0,0.0137383435,8.670002,3.313165,0.14617112,10.35004,11955.675,47.163033,432.4681,303.13943,434.7268,307.13962,287.3401,6.6275935,11.448619,7.819415,8.402823,0.02141115,56.474014,-0.34800306,0,0,1,0.8186065239067744
1237662193988796470,182.408728662477,42.0096801050372,16.58845,15.47961,15.00586,14.68543,14.42575,3893,301,2,162,1630324283051894784,GALAXY,0.02288064,1448,53120,77,256180889.3588937,10001-12701,1-48157,133.371090612,57.5984251446,9.428999281013445,0.927642710084122,11754.1,AGBT17A_012_19,896.8291,1.4207177,-999.0,0.0137383435,8.670002,3.313165,0.14617112,10.35004,11955.675,47.163033,432.4681,303.13943,434.7268,307.13962,287.3401,6.6275935,11.448619,7.819415,8.402823,0.02141115,56.474014,-0.34800306,0,0,1,0.8186065239067744
1237663917335183755,112.079271264177,43.3021087738279,18.84645,17.1498,16.34334,15.91535,15.58092,4294,301,4,21,2099929550786947072,GALAXY,0.0437045,1865,53312,459,177181468.56625578,10001-12701,1-48157,133.371090612,57.5984251446,9.428999281013445,0.927642710084122,11754.1,AGBT17A_012_19,896.8291,1.4207177,-999.0,0.0137383435,8.670002,3.313165,0.14617112,10.35004,11955.675,47.163033,432.4681,303.13943,434.7268,307.13962,287.3401,6.6275935,11.448619,7.819415,8.402823,0.02141115,56.474014,-0.34800306,0,0,1,0.8186065239067744
1237662336798228640,252.350442677005,22.9414256185879,17.18725,15.29068,14.46523,14.03613,13.70765,3926,301,4,189,1592023895261603840,GALAXY,0.04433502,1414,53135,5,100038431.02984174,10001-12701,1-48157,133.371090612,57.5984251446,9.428999281013445,0.927642710084122,11754.1,AGBT17A_012_19,896.8291,1.4207177,-999.0,0.0137383435,8.670002,3.313165,0.14617112,10.35004,11955.675,47.163033,432.4681,303.13943,434.7268,307.13962,287.3401,6.6275935,11.448619,7.819415,8.402823,0.02141115,56.474014,-0.34800306,0,0,1,0.8186065239067744
1237661958293815403,198.339394377425,51.4609142892003,16.9061,15.30023,14.60694,14.26883,13.97204,3838,301,3,30,1876960964159498240,GALAXY,0.03156503,1667,53430,312,84774835.36755662,10001-12701,1-48157,133.371090612,57.5984251446,9.428999281013445,0.927642710084122,11754.1,AGBT17A_012_19,896.8291,1.4207177,-999.0,0.0137383435,8.670002,3.313165,0.14617112,10.35004,11955.675,47.163033,432.4681,303.13943,434.7268,307.13962,287.3401,6.6275935,11.448619,7.819415,8.402823,0.02141115,56.474014,-0.34800306,0,0,1,0.8186065239067744
1237665428090257496,196.074678862051,29.02953580281,16.87169,15.13987,14.36846,13.97957,13.68729,4646,301,2,26,2264200439404718080,GALAXY,0.02276627,2011,53499,57,1223356565.8515286,10001-12701,1-48157,133.371090612,57.5984251446,9.428999281013445,0.927642710084122,11754.1,AGBT17A_012_19,896.8291,1.4207177,-999.0,0.0137383435,8.670002,3.313165,0.14617112,10.35004,11955.675,47.163033,432.4681,303.13943,434.7268,307.13962,287.3401,6.6275935,11.448619,7.819415,8.402823,0.02141115,56.474014,-0.34800306,0,0,1,0.8186065239067744
1237665428092944482,203.082005375264,28.3172123344197,17.71822,15.99486,15.23755,14.874,14.57008,4646,301,2,67,2227076803246188544,GALAXY,0.02502667,1978,53473,170,1254708816.401087,10001-12701,1-48157,133.371090612,57.5984251446,9.428999281013445,0.927642710084122,11754.1,AGBT17A_012_19,896.8291,1.4207177,-999.0,0.0137383435,8.670002,3.313165,0.14617112,10.35004,11955.675,47.163033,432.4681,303.13943,434.7268,307.13962,287.3401,6.6275935,11.448619,7.819415,8.402823,0.02141115,56.474014,-0.34800306,0,0,1,0.8186065239067744
1237667442974457979,193.673386474224,27.0414628495363,18.7728,17.25833,16.52265,16.17493,15.9023,5115,301,3,143,2522067807391213568,GALAXY,0.02364563,2240,53823,189,987183362.6986032,10001-12701,1-48157,133.371090612,57.5984251446,9.428999281013445,0.927642710084122,11754.1,AGBT17A_012_19,896.8291,1.4207177,-999.0,0.0137383435,8.670002,3.313165,0.14617112,10.35004,11955.675,47.163033,432.4681,303.13943,434.7268,307.13962,287.3401,6.6275935,11.448619,7.819415,8.402823,0.02141115,56.474014,-0.34800306,0,0,1,0.8186065239067744
1237661383844102157,140.200198201488,33.6796711315634,18.84281,17.22969,16.49143,16.11967,15.87196,3704,301,5,63,1792579761537574912,GALAXY,0.02244996,1592,52990,535,952324610.4428439,10001-12701,1-48157,133.371090612,57.5984251446,9.428999281013445,0.927642710084122,11754.1,AGBT17A_012_19,896.8291,1.4207177,-999.0,0.0137383435,8.670002,3.313165,0.14617112,10.35004,11955.675,47.163033,432.4681,303.13943,434.7268,307.13962,287.3401,6.6275935,11.448619,7.819415,8.402823,0.02141115,56.474014,-0.34800306,0,0,1,0.8186065239067744
1237651701378515162,131.497757729277,54.4433291073005,19.49819,17.64679,16.91405,16.52366,16.33119,1450,301,2,83,502304772183844864,GALAXY,0.03069726,446,51899,558,499779625.5367145,10001-12701,1-48157,133.371090612,57.5984251446,9.428999281013445,0.927642710084122,11754.1,AGBT17A_012_19,896.8291,1.4207177,-999.0,0.0137383435,8.670002,3.313165,0.14617112,10.35004,11955.675,47.163033,432.4681,303.13943,434.7268,307.13962,287.3401,6.6275935,11.448619,7.819415,8.402823,0.02141115,56.474014,-0.34800306,0,0,1,0.8186065239067744
1237665098995990808,132.104091958593,23.8372088471857,16.60928,15.47066,14.92707,14.60597,14.36277,4569,301,5,142,2174120473032419328,GALAXY,0.02802727,1931,53358,28,665616529.75938,10001-12701,1-48157,133.371090612,57.5984251446,9.428999281013445,0.927642710084122,11754.1,AGBT17A_012_19,896.8291,1.4207177,-999.0,0.0137383435,8.670002,3.313165,0.14617112,10.35004,11955.675,47.163033,432.4681,303.13943,434.7268,307.13962,287.3401,6.6275935,11.448619,7.819415,8.402823,0.02141115,56.474014,-0.34800306,0,0,1,0.8186065239067744
1237662335719506219,242.10097030457,29.7548326446832,17.98433,16.48475,15.78758,15.39787,15.11447,3926,301,2,113,1583098055522019328,GALAXY,0.04806892,1406,52876,301,1264403262.2947006,10001-12701,1-48157,133.371090612,57.5984251446,9.428999281013445,0.927642710084122,11754.1,AGBT17A_012_19,896.8291,1.4207177,-999.0,0.0137383435,8.670002,3.313165,0.14617112,10.35004,11955.675,47.163033,432.4681,303.13943,434.7268,307.13962,287.3401,6.6275935,11.448619,7.819415,8.402823,0.02141115,56.474014,-0.34800306,0,0,1,0.8186065239067744
1237662335720096122,243.28965255138,28.8611180263511,18.69214,16.79048,15.90985,15.4968,15.17575,3926,301,2,122,1583039231649933312,GALAXY,0.05003786,1406,52876,87,1289773833.4630935,10001-12701,1-48157,133.371090612,57.5984251446,9.428999281013445,0.927642710084122,11754.1,AGBT17A_012_19,896.8291,1.4207177,-999.0,0.0137383435,8.670002,3.313165,0.14617112,10.35004,11955.675,47.163033,432.4681,303.13943,434.7268,307.13962,287.3401,6.6275935,11.448619,7.819415,8.402823,0.02141115,56.474014,-0.34800306,0,0,1,0.8186065239067744
1237662335723635058,250.061742793276,23.6434576327785,19.57512,17.89583,17.09086,16.71244,16.42394,3926,301,2,176,1768956757301815296,GALAXY,0.03731227,1571,53174,611,88075072.26751015,10001-12701,1-48157,133.371090612,57.5984251446,9.428999281013445,0.927642710084122,11754.1,AGBT17A_012_19,896.8291,1.4207177,-999.0,0.0137383435,8.670002,3.313165,0.14617112,10.35004,11955.675,47.163033,432.4681,303.13943,434.7268,307.13962,287.3401,6.6275935,11.448619,7.819415,8.402823,0.02141115,56.474014,-0.34800306,0,0,1,0.8186065239067744
1237662335719964836,243.07563774744,29.0793310667391,17.51408,15.62668,14.78855,14.37307,14.03833,3926,301,2,120,1583051051399931904,GALAXY,0.03216052,1406,52876,130,1289980098.2693408,10001-12701,1-48157,133.371090612,57.5984251446,9.428999281013445,0.927642710084122,11754.1,AGBT17A_012_19,896.8291,1.4207177,-999.0,0.0137383435,8.670002,3.313165,0.14617112,10.35004,11955.675,47.163033,432.4681,303.13943,434.7268,307.13962,287.3401,6.6275935,11.448619,7.819415,8.402823,0.02141115,56.474014,-0.34800306,0,0,1,0.8186065239067744
1237665126939820167,202.628325507944,32.6236994079799,18.40326,17.24649,16.73485,16.45551,16.23729,4576,301,1,547,2374610647766820864,GALAXY,0.03693497,2109,53468,319,1186228900.7270513,10001-12701,1-48157,133.371090612,57.5984251446,9.428999281013445,0.927642710084122,11754.1,AGBT17A_012_19,896.8291,1.4207177,-999.0,0.0137383435,8.670002,3.313165,0.14617112,10.35004,11955.675,47.163033,432.4681,303.13943,434.7268,307.13962,287.3401,6.6275935,11.448619,7.819415,8.402823,0.02141115,56.474014,-0.34800306,0,0,1,0.8186065239067744
1237664092895379768,122.135668674226,20.5373672689086,18.97871,17.5744,17.14967,16.867,16.61525,4335,301,3,73,2167454683268933632,GALAXY,0.03817844,1925,53327,354,642721136.2659522,10001-12701,1-48157,133.371090612,57.5984251446,9.428999281013445,0.927642710084122,11754.1,AGBT17A_012_19,896.8291,1.4207177,-999.0,0.0137383435,8.670002,3.313165,0.14617112,10.35004,11955.675,47.163033,432.4681,303.13943,434.7268,307.13962,287.3401,6.6275935,11.448619,7.819415,8.402823,0.02141115,56.474014,-0.34800306,0,0,1,0.8186065239067744
1237660764833710384,121.792859236197,24.3892413613486,16.86331,15.2505,14.52329,14.13388,13.87919,3560,301,4,90,1424300261177845760,GALAXY,0.03612463,1265,52705,134,695937456.2777032,10001-12701,1-48157,133.371090612,57.5984251446,9.428999281013445,0.927642710084122,11754.1,AGBT17A_012_19,896.8291,1.4207177,-999.0,0.0137383435,8.670002,3.313165,0.14617112,10.35004,11955.675,47.163033,432.4681,303.13943,434.7268,307.13962,287.3401,6.6275935,11.448619,7.819415,8.402823,0.02141115,56.474014,-0.34800306,0,0,1,0.8186065239067744
1237660764834889937,124.105670674662,25.9913585631489,16.89388,14.84711,14.00916,13.57172,13.24572,3560,301,4,108,1425427260663425024,GALAXY,0.04524226,1266,52709,138,1314525610.2127452,10001-12701,1-48157,133.371090612,57.5984251446,9.428999281013445,0.927642710084122,11754.1,AGBT17A_012_19,896.8291,1.4207177,-999.0,0.0137383435,8.670002,3.313165,0.14617112,10.35004,11955.675,47.163033,432.4681,303.13943,434.7268,307.13962,287.3401,6.6275935,11.448619,7.819415,8.402823,0.02141115,56.474014,-0.34800306,0,0,1,0.8186065239067744
1237660764838625418,131.831278886073,31.1817500065148,17.48575,16.04118,15.36724,15.00607,14.76383,3560,301,4,165,1429945433551038464,GALAXY,0.0519816,1270,52991,191,702331665.2713631,10001-12701,1-48157,133.371090612,57.5984251446,9.428999281013445,0.927642710084122,11754.1,AGBT17A_012_19,896.8291,1.4207177,-999.0,0.0137383435,8.670002,3.313165,0.14617112,10.35004,11955.675,47.163033,432.4681,303.13943,434.7268,307.13962,287.3401,6.6275935,11.448619,7.819415,8.402823,0.02141115,56.474014,-0.34800306,0,0,1,0.8186065239067744
1237660764843737186,144.078757066683,37.2467146930327,16.94759,15.06909,14.25642,13.84099,13.52762,3560,301,4,243,1435674438971451392,GALAXY,0.01967638,1275,52996,553,347349933.72011024,10001-12701,1-48157,133.371090612,57.5984251446,9.428999281013445,0.927642710084122,11754.1,AGBT17A_012_19,896.8291,1.4207177,-999.0,0.0137383435,8.670002,3.313165,0.14617112,10.35004,11955.675,47.163033,432.4681,303.13943,434.7268,307.13962,287.3401,6.6275935,11.448619,7.819415,8.402823,0.02141115,56.474014,-0.34800306,0,0,1,0.8186065239067744
1237659162811367502,240.959982572887,41.5218628813783,16.83939,14.89568,14.05956,13.64843,13.35689,3187,301,4,97,6814153046605715456,GALAXY,0.03404942,6052,56092,752,272475809.0524143,10001-12701,1-48157,133.371090612,57.5984251446,9.428999281013445,0.927642710084122,11754.1,AGBT17A_012_19,896.8291,1.4207177,-999.0,0.0137383435,8.670002,3.313165,0.14617112,10.35004,11955.675,47.163033,432.4681,303.13943,434.7268,307.13962,287.3401,6.6275935,11.448619,7.819415,8.402823,0.02141115,56.474014,-0.34800306,0,0,1,0.8186065239067744
1237659162812612635,243.494018104801,39.5306354331888,17.28271,16.48407,16.30067,16.03627,15.53807,3187,301,4,116,1504339760783583232,GALAXY,0.03769014,1336,52759,500,276601105.17735624,10001-12701,1-48157,133.371090612,57.5984251446,9.428999281013445,0.927642710084122,11754.1,AGBT17A_012_19,896.8291,1.4207177,-999.0,0.0137383435,8.670002,3.313165,0.14617112,10.35004,11955.675,47.163033,432.4681,303.13943,434.7268,307.13962,287.3401,6.6275935,11.448619,7.819415,8.402823,0.02141115,56.474014,-0.34800306,0,0,1,0.8186065239067744
1237666300017180754,46.7464216550732,-0.564872098303294,18.0392,16.92019,16.40046,16.13718,15.90364,4849,301,2,767,463942542635853824,GALAXY,0.02323897,412,52258,261,622300920.4474897,10001-12701,1-48157,133.371090612,57.5984251446,9.428999281013445,0.927642710084122,11754.1,AGBT17A_012_19,896.8291,1.4207177,-999.0,0.0137383435,8.670002,3.313165,0.14617112,10.35004,11955.675,47.163033,432.4681,303.13943,434.7268,307.13962,287.3401,6.6275935,11.448619,7.819415,8.402823,0.02141115,56.474014,-0.34800306,0,0,1,0.8186065239067744
1237666300020719764,54.8917875764324,-0.511942491271211,17.95862,16.33964,15.76868,15.45596,15.24563,4849,301,2,821,468438438182414336,GALAXY,0.02585576,416,51811,233,208946248.72830862,10001-12701,1-48157,133.371090612,57.5984251446,9.428999281013445,0.927642710084122,11754.1,AGBT17A_012_19,896.8291,1.4207177,-999.0,0.0137383435,8.670002,3.313165,0.14617112,10.35004,11955.675,47.163033,432.4681,303.13943,434.7268,307.13962,287.3401,6.6275935,11.448619,7.819415,8.402823,0.02141115,56.474014,-0.34800306,0,0,1,0.8186065239067744
1237665548349538427,206.769051661118,24.9964950588401,16.31694,15.01137,14.43616,14.12911,13.85545,4674,301,2,29,2381366323209857024,GALAXY,0.02914099,2115,53535,320,841766674.2944002,10001-12701,1-48157,133.371090612,57.5984251446,9.428999281013445,0.927642710084122,11754.1,AGBT17A_012_19,896.8291,1.4207177,-999.0,0.0137383435,8.670002,3.313165,0.14617112,10.35004,11955.675,47.163033,432.4681,303.13943,434.7268,307.13962,287.3401,6.6275935,11.448619,7.819415,8.402823,0.02141115,56.474014,-0.34800306,0,0,1,0.8186065239067744
1237661382772719665,146.633462772729,35.3303563877079,16.88013,15.33883,14.5449,14.12691,13.80011,3704,301,3,99,1795868950723061760,GALAXY,0.04276917,1595,52999,213,1007191048.9045714,10001-12701,1-48157,133.371090612,57.5984251446,9.428999281013445,0.927642710084122,11754.1,AGBT17A_012_19,896.8291,1.4207177,-999.0,0.0137383435,8.670002,3.313165,0.14617112,10.35004,11955.675,47.163033,432.4681,303.13943,434.7268,307.13962,287.3401,6.6275935,11.448619,7.819415,8.402823,0.02141115,56.474014,-0.34800306,0,0,1,0.8186065239067744
1237658423540711816,130.042696642236,4.28198850881668,18.06627,16.45022,15.71942,15.32881,15.00514,3015,301,3,106,1337644725213095936,GALAXY,0.05032015,1188,52650,275,1317000787.8877103,10001-12701,1-48157,133.371090612,57.5984251446,9.428999281013445,0.927642710084122,11754.1,AGBT17A_012_19,896.8291,1.4207177,-999.0,0.0137383435,8.670002,3.313165,0.14617112,10.35004,11955.675,47.163033,432.4681,303.13943,434.7268,307.13962,287.3401,6.6275935,11.448619,7.819415,8.402823,0.02141115,56.474014,-0.34800306,0,0,1,0.8186065239067744
1237658423550607444,152.645674209291,6.16730943990355,17.02669,15.14565,14.31245,13.92161,13.61145,3015,301,3,257,1121436208820414464,GALAXY,0.03125928,996,52641,145,962637850.7551987,10001-12701,1-48157,133.371090612,57.5984251446,9.428999281013445,0.927642710084122,11754.1,AGBT17A_012_19,896.8291,1.4207177,-999.0,0.0137383435,8.670002,3.313165,0.14617112,10.35004,11955.675,47.163033,432.4681,303.13943,434.7268,307.13962,287.3401,6.6275935,11.448619,7.819415,8.402823,0.02141115,56.474014,-0.34800306,0,0,1,0.8186065239067744
1237661465994396132,252.913491785011,23.9722795370818,16.56926,14.93794,14.1258,13.72402,13.37544,3723,301,6,201,1603412358082881536,GALAXY,0.03560899,1424,52912,476,98594577.38611206,10001-12701,1-48157,133.371090612,57.5984251446,9.428999281013445,0.927642710084122,11754.1,AGBT17A_012_19,896.8291,1.4207177,-999.0,0.0137383435,8.670002,3.313165,0.14617112,10.35004,11955.675,47.163033,432.4681,303.13943,434.7268,307.13962,287.3401,6.6275935,11.448619,7.819415,8.402823,0.02141115,56.474014,-0.34800306,0,0,1,0.8186065239067744
1237648721751638245,143.543644773781,0.257942421092393,16.8623,16.4377,15.715,15.57826,15.42561,756,301,4,185,536045492467951616,GALAXY,0.01580816,476,52314,426,739046800.7833463,10001-12701,1-48157,133.371090612,57.5984251446,9.428999281013445,0.927642710084122,11754.1,AGBT17A_012_19,896.8291,1.4207177,-999.0,0.0137383435,8.670002,3.313165,0.14617112,10.35004,11955.675,47.163033,432.4681,303.13943,434.7268,307.13962,287.3401,6.6275935,11.448619,7.819415,8.402823,0.02141115,56.474014,-0.34800306,0,0,1,0.8186065239067744
1237648721754062893,149.041013598061,0.325857162880588,17.90808,16.75098,16.49705,16.62966,16.19007,756,301,4,222,300786825918703616,GALAXY,0.03545549,267,51608,624,724814529.1522965,10001-12701,1-48157,133.371090612,57.5984251446,9.428999281013445,0.927642710084122,11754.1,AGBT17A_012_19,896.8291,1.4207177,-999.0,0.0137383435,8.670002,3.313165,0.14617112,10.35004,11955.675,47.163033,432.4681,303.13943,434.7268,307.13962,287.3401,6.6275935,11.448619,7.819415,8.402823,0.02141115,56.474014,-0.34800306,0,0,1,0.8186065239067744
1237661464381751659,248.042385176025,26.0552014128621,18.48636,16.61943,15.72138,15.25351,14.83968,3723,301,3,170,1586512862887569408,GALAXY,0.04949643,1409,52824,436,1281316976.4069626,10001-12701,1-48157,133.371090612,57.5984251446,9.428999281013445,0.927642710084122,11754.1,AGBT17A_012_19,896.8291,1.4207177,-999.0,0.0137383435,8.670002,3.313165,0.14617112,10.35004,11955.675,47.163033,432.4681,303.13943,434.7268,307.13962,287.3401,6.6275935,11.448619,7.819415,8.402823,0.02141115,56.474014,-0.34800306,0,0,1,0.8186065239067744
1237654599957086269,159.836202299924,3.36923991500025,17.88817,16.2008,15.45287,15.04943,14.74987,2125,301,1,274,649655555954075648,GALAXY,0.05477197,577,52367,41,1101041535.7470002,10001-12701,1-48157,133.371090612,57.5984251446,9.428999281013445,0.927642710084122,11754.1,AGBT17A_012_19,896.8291,1.4207177,-999.0,0.0137383435,8.670002,3.313165,0.14617112,10.35004,11955.675,47.163033,432.4681,303.13943,434.7268,307.13962,287.3401,6.6275935,11.448619,7.819415,8.402823,0.02141115,56.474014,-0.34800306,0,0,1,0.8186065239067744
1237654599953416329,151.534849567858,2.9690416150442,17.59994,16.37346,15.73367,15.40238,15.12955,2125,301,1,218,564245490493843456,GALAXY,0.02214443,501,52235,617,960368937.8864806,10001-12701,1-48157,133.371090612,57.5984251446,9.428999281013445,0.927642710084122,11754.1,AGBT17A_012_19,896.8291,1.4207177,-999.0,0.0137383435,8.670002,3.313165,0.14617112,10.35004,11955.675,47.163033,432.4681,303.13943,434.7268,307.13962,287.3401,6.6275935,11.448619,7.819415,8.402823,0.02141115,56.474014,-0.34800306,0,0,1,0.8186065239067744
1237661383845675141,144.205850545443,35.3154868206607,17.86104,16.4238,15.64843,15.25053,14.91912,3704,301,5,87,1794804623349934080,GALAXY,0.02233826,1594,52992,437,1157351827.8524578,10001-12701,1-48157,133.371090612,57.5984251446,9.428999281013445,0.927642710084122,11754.1,AGBT17A_012_19,896.8291,1.4207177,-999.0,0.0137383435,8.670002,3.313165,0.14617112,10.35004,11955.675,47.163033,432.4681,303.13943,434.7268,307.13962,287.3401,6.6275935,11.448619,7.819415,8.402823,0.02141115,56.474014,-0.34800306,0,0,1,0.8186065239067744
1237661383842791650,137.223188180026,32.2530122928047,17.14101,15.20847,14.30035,13.88368,13.57454,3704,301,5,43,1791427747994691584,GALAXY,0.04969442,1591,52976,440,30114661.712076064,10001-12701,1-48157,133.371090612,57.5984251446,9.428999281013445,0.927642710084122,11754.1,AGBT17A_012_19,896.8291,1.4207177,-999.0,0.0137383435,8.670002,3.313165,0.14617112,10.35004,11955.675,47.163033,432.4681,303.13943,434.7268,307.13962,287.3401,6.6275935,11.448619,7.819415,8.402823,0.02141115,56.474014,-0.34800306,0,0,1,0.8186065239067744
1237663916797854037,111.938059288815,42.1806886716807,17.91728,15.91357,15.02107,14.57426,14.19265,4294,301,3,14,2099854509118351360,GALAXY,0.02305477,1865,53312,186,176562674.1475145,10001-12701,1-48157,133.371090612,57.5984251446,9.428999281013445,0.927642710084122,11754.1,AGBT17A_012_19,896.8291,1.4207177,-999.0,0.0137383435,8.670002,3.313165,0.14617112,10.35004,11955.675,47.163033,432.4681,303.13943,434.7268,307.13962,287.3401,6.6275935,11.448619,7.819415,8.402823,0.02141115,56.474014,-0.34800306,0,0,1,0.8186065239067744
1237654391639376175,118.382027288022,38.7332943210421,16.50244,14.50456,13.60756,13.1733,12.85503,2076,301,5,94,612572874254870528,GALAXY,0.04080823,544,52201,303,597755408.5040853,10001-12701,1-48157,133.371090612,57.5984251446,9.428999281013445,0.927642710084122,11754.1,AGBT17A_012_19,896.8291,1.4207177,-999.0,0.0137383435,8.670002,3.313165,0.14617112,10.35004,11955.675,47.163033,432.4681,303.13943,434.7268,307.13962,287.3401,6.6275935,11.448619,7.819415,8.402823,0.02141115,56.474014,-0.34800306,0,0,1,0.8186065239067744
1237657071697002664,29.7216486114494,0.825085735733811,19.09854,17.56742,16.75083,16.28543,15.90313,2700,301,5,64,453875682557061120,GALAXY,0.03924437,403,51871,502,1067832901.941218,10001-12701,1-48157,133.371090612,57.5984251446,9.428999281013445,0.927642710084122,11754.1,AGBT17A_012_19,896.8291,1.4207177,-999.0,0.0137383435,8.670002,3.313165,0.14617112,10.35004,11955.675,47.163033,432.4681,303.13943,434.7268,307.13962,287.3401,6.6275935,11.448619,7.819415,8.402823,0.02141115,56.474014,-0.34800306,0,0,1,0.8186065239067744
1237660937165668572,133.878146758107,57.5645443330812,17.95425,16.78479,16.36463,16.12197,15.97086,3600,301,5,35,504547501043378176,GALAXY,0.0400858,448,51900,525,2681442.4812122528,10001-12701,1-48157,133.371090612,57.5984251446,9.428999281013445,0.927642710084122,11754.1,AGBT17A_012_19,896.8291,1.4207177,-999.0,0.0137383435,8.670002,3.313165,0.14617112,10.35004,11955.675,47.163033,432.4681,303.13943,434.7268,307.13962,287.3401,6.6275935,11.448619,7.819415,8.402823,0.02141115,56.474014,-0.34800306,0,0,1,0.8186065239067744
1237660937165406247,132.912762076718,57.1074143087141,17.05388,15.96392,15.31955,14.98198,14.76157,3600,301,5,31,504516989595707392,GALAXY,0.02560632,448,51900,414,1650118.449976771,10001-12701,1-48157,133.371090612,57.5984251446,9.428999281013445,0.927642710084122,11754.1,AGBT17A_012_19,896.8291,1.4207177,-999.0,0.0137383435,8.670002,3.313165,0.14617112,10.35004,11955.675,47.163033,432.4681,303.13943,434.7268,307.13962,287.3401,6.6275935,11.448619,7.819415,8.402823,0.02141115,56.474014,-0.34800306,0,0,1,0.8186065239067744
1237661387080728960,246.96413738302,36.1555828871153,16.68801,14.97397,14.16695,13.71852,13.36295,3705,301,3,298,1506507448058406912,GALAXY,0.03185534,1338,52765,194,89931455.52373402,10001-12701,1-48157,133.371090612,57.5984251446,9.428999281013445,0.927642710084122,11754.1,AGBT17A_012_19,896.8291,1.4207177,-999.0,0.0137383435,8.670002,3.313165,0.14617112,10.35004,11955.675,47.163033,432.4681,303.13943,434.7268,307.13962,287.3401,6.6275935,11.448619,7.819415,8.402823,0.02141115,56.474014,-0.34800306,0,0,1,0.8186065239067744
1237651702452256921,130.466422324927,54.9777155594134,18.01446,16.24938,15.4125,15.01788,14.68039,1450,301,4,83,502266289276872704,GALAXY,0.02582357,446,51899,418,497304447.86174935,10001-12701,1-48157,133.371090612,57.5984251446,9.428999281013445,0.927642710084122,11754.1,AGBT17A_012_19,896.8291,1.4207177,-999.0,0.0137383435,8.670002,3.313165,0.14617112,10.35004,11955.675,47.163033,432.4681,303.13943,434.7268,307.13962,287.3401,6.6275935,11.448619,7.819415,8.402823,0.02141115,56.474014,-0.34800306,0,0,1,0.8186065239067744
1237657401335152940,117.013430158461,28.0283301919661,18.1109,16.25543,15.46904,15.06563,14.71931,2777,301,3,55,1192463285199333376,GALAXY,0.02709855,1059,52618,492,817014897.5447487,10001-12701,1-48157,133.371090612,57.5984251446,9.428999281013445,0.927642710084122,11754.1,AGBT17A_012_19,896.8291,1.4207177,-999.0,0.0137383435,8.670002,3.313165,0.14617112,10.35004,11955.675,47.163033,432.4681,303.13943,434.7268,307.13962,287.3401,6.6275935,11.448619,7.819415,8.402823,0.02141115,56.474014,-0.34800306,0,0,1,0.8186065239067744
1237658611443367981,167.133611863806,47.3362983068675,16.8464,14.97187,14.12491,13.70394,13.36552,3059,301,1,73,1619143348201744384,GALAXY,0.03579747,1438,53054,361,37952724.34946573,10001-12701,1-48157,133.371090612,57.5984251446,9.428999281013445,0.927642710084122,11754.1,AGBT17A_012_19,896.8291,1.4207177,-999.0,0.0137383435,8.670002,3.313165,0.14617112,10.35004,11955.675,47.163033,432.4681,303.13943,434.7268,307.13962,287.3401,6.6275935,11.448619,7.819415,8.402823,0.02141115,56.474014,-0.34800306,0,0,1,0.8186065239067744
1237663915725553731,114.961859291685,44.8043418391074,18.36944,16.51773,15.64937,15.28225,14.87905,4294,301,1,36,1954667567721244672,GALAXY,0.04241321,1736,53052,383,176768938.95376158,10001-12701,1-48157,133.371090612,57.5984251446,9.428999281013445,0.927642710084122,11754.1,AGBT17A_012_19,896.8291,1.4207177,-999.0,0.0137383435,8.670002,3.313165,0.14617112,10.35004,11955.675,47.163033,432.4681,303.13943,434.7268,307.13962,287.3401,6.6275935,11.448619,7.819415,8.402823,0.02141115,56.474014,-0.34800306,0,0,1,0.8186065239067744
1237663915728371991,119.692163204505,50.4597367351537,16.75656,15.48684,14.8713,14.55131,14.3039,4294,301,1,79,2104314953165989888,GALAXY,0.02235997,1869,53327,29,482453381.81195843,10001-12701,1-48157,133.371090612,57.5984251446,9.428999281013445,0.927642710084122,11754.1,AGBT17A_012_19,896.8291,1.4207177,-999.0,0.0137383435,8.670002,3.313165,0.14617112,10.35004,11955.675,47.163033,432.4681,303.13943,434.7268,307.13962,287.3401,6.6275935,11.448619,7.819415,8.402823,0.02141115,56.474014,-0.34800306,0,0,1,0.8186065239067744
1237663915726668011,116.749266861494,46.9714761534563,17.11025,15.81283,15.20533,14.87779,14.62822,4294,301,1,53,1955776975004002304,GALAXY,0.02783477,1737,53055,323,214721663.3032273,10001-12701,1-48157,133.371090612,57.5984251446,9.428999281013445,0.927642710084122,11754.1,AGBT17A_012_19,896.8291,1.4207177,-999.0,0.0137383435,8.670002,3.313165,0.14617112,10.35004,11955.675,47.163033,432.4681,303.13943,434.7268,307.13962,287.3401,6.6275935,11.448619,7.819415,8.402823,0.02141115,56.474014,-0.34800306,0,0,1,0.8186065239067744
1237665548886081638,206.016935888597,25.6635055523623,16.88675,15.23432,14.46899,14.07067,13.80416,4674,301,3,24,2528788846154377216,GALAXY,0.04859103,2246,53767,64,1185610106.30831,10001-12701,1-48157,133.371090612,57.5984251446,9.428999281013445,0.927642710084122,11754.1,AGBT17A_012_19,896.8291,1.4207177,-999.0,0.0137383435,8.670002,3.313165,0.14617112,10.35004,11955.675,47.163033,432.4681,303.13943,434.7268,307.13962,287.3401,6.6275935,11.448619,7.819415,8.402823,0.02141115,56.474014,-0.34800306,0,0,1,0.8186065239067744
1237658298986332205,133.686420509187,4.30190762058745,17.34087,16.5226,16.20742,16.05931,15.88884,2986,301,3,101,1339862440501864448,GALAXY,0.02370021,1190,52670,151,722339351.4773315,10001-12701,1-48157,133.371090612,57.5984251446,9.428999281013445,0.927642710084122,11754.1,AGBT17A_012_19,896.8291,1.4207177,-999.0,0.0137383435,8.670002,3.313165,0.14617112,10.35004,11955.675,47.163033,432.4681,303.13943,434.7268,307.13962,287.3401,6.6275935,11.448619,7.819415,8.402823,0.02141115,56.474014,-0.34800306,0,0,1,0.8186065239067744
1237658298995179607,153.882460633247,6.02854578640144,17.73816,16.42516,15.80834,15.47152,15.20315,2986,301,3,236,1122585200031721472,GALAXY,0.04982788,997,52734,229,715532612.8711773,10001-12701,1-48157,133.371090612,57.5984251446,9.428999281013445,0.927642710084122,11754.1,AGBT17A_012_19,896.8291,1.4207177,-999.0,0.0137383435,8.670002,3.313165,0.14617112,10.35004,11955.675,47.163033,432.4681,303.13943,434.7268,307.13962,287.3401,6.6275935,11.448619,7.819415,8.402823,0.02141115,56.474014,-0.34800306,0,0,1,0.8186065239067744
1237651702452060348,130.058041451275,54.6981746585112,18.10949,16.90927,16.5215,16.25282,16.10912,1450,301,4,80,502282781951289344,GALAXY,0.04225938,446,51899,478,501636008.79293835,10001-12701,1-48157,133.371090612,57.5984251446,9.428999281013445,0.927642710084122,11754.1,AGBT17A_012_19,896.8291,1.4207177,-999.0,0.0137383435,8.670002,3.313165,0.14617112,10.35004,11955.675,47.163033,432.4681,303.13943,434.7268,307.13962,287.3401,6.6275935,11.448619,7.819415,8.402823,0.02141115,56.474014,-0.34800306,0,0,1,0.8186065239067744
1237656494033273119,344.470960898117,12.9595700612082,18.36009,16.99115,16.27595,15.90564,15.61918,2566,301,1,207,834296816706021376,GALAXY,0.02571231,741,52261,18,1073402051.7098894,10001-12701,1-48157,133.371090612,57.5984251446,9.428999281013445,0.927642710084122,11754.1,AGBT17A_012_19,896.8291,1.4207177,-999.0,0.0137383435,8.670002,3.313165,0.14617112,10.35004,11955.675,47.163033,432.4681,303.13943,434.7268,307.13962,287.3401,6.6275935,11.448619,7.819415,8.402823,0.02141115,56.474014,-0.34800306,0,0,1,0.8186065239067744
1237663916267536694,123.361486892034,55.2263847681754,19.5009,17.73958,16.91965,16.53919,16.25903,4294,301,2,114,2107750927992645632,GALAXY,0.03307679,1872,53386,241,25783100.780887045,10001-12701,1-48157,133.371090612,57.5984251446,9.428999281013445,0.927642710084122,11754.1,AGBT17A_012_19,896.8291,1.4207177,-999.0,0.0137383435,8.670002,3.313165,0.14617112,10.35004,11955.675,47.163033,432.4681,303.13943,434.7268,307.13962,287.3401,6.6275935,11.448619,7.819415,8.402823,0.02141115,56.474014,-0.34800306,0,0,1,0.8186065239067744
1237662499999907856,224.018209398904,45.4052736936504,16.28515,14.59525,13.81481,13.43459,13.1721,3964,301,4,81,7585246053303343104,GALAXY,0.03619393,6737,56365,212,577335192.6856227,10001-12701,1-48157,133.371090612,57.5984251446,9.428999281013445,0.927642710084122,11754.1,AGBT17A_012_19,896.8291,1.4207177,-999.0,0.0137383435,8.670002,3.313165,0.14617112,10.35004,11955.675,47.163033,432.4681,303.13943,434.7268,307.13962,287.3401,6.6275935,11.448619,7.819415,8.402823,0.02141115,56.474014,-0.34800306,0,0,1,0.8186065239067744
1237662500001742853,229.016495873683,43.1601469853173,16.82581,15.67089,15.29882,15.11242,14.94467,3964,301,4,109,1889349161719982080,GALAXY,0.01825792,1678,53433,324,384065069.2320934,10001-12701,1-48157,133.371090612,57.5984251446,9.428999281013445,0.927642710084122,11754.1,AGBT17A_012_19,896.8291,1.4207177,-999.0,0.0137383435,8.670002,3.313165,0.14617112,10.35004,11955.675,47.163033,432.4681,303.13943,434.7268,307.13962,287.3401,6.6275935,11.448619,7.819415,8.402823,0.02141115,56.474014,-0.34800306,0,0,1,0.8186065239067744
1237657595150401820,124.305577049887,38.0125580321983,19.12758,17.72181,17.09088,16.76412,16.56904,2822,301,4,129,1005547407502501888,GALAXY,0.02975537,893,52589,432,66623532.417812124,10001-12701,1-48157,133.371090612,57.5984251446,9.428999281013445,0.927642710084122,11754.1,AGBT17A_012_19,896.8291,1.4207177,-999.0,0.0137383435,8.670002,3.313165,0.14617112,10.35004,11955.675,47.163033,432.4681,303.13943,434.7268,307.13962,287.3401,6.6275935,11.448619,7.819415,8.402823,0.02141115,56.474014,-0.34800306,0,0,1,0.8186065239067744
1237661384380842168,139.77369067337,33.9300585131488,19.11454,17.3936,16.63807,16.26198,15.96975,3704,301,6,61,1792533856927115264,GALAXY,0.02100791,1592,52990,368,952118345.6365968,10001-12701,1-48157,133.371090612,57.5984251446,9.428999281013445,0.927642710084122,11754.1,AGBT17A_012_19,896.8291,1.4207177,-999.0,0.0137383435,8.670002,3.313165,0.14617112,10.35004,11955.675,47.163033,432.4681,303.13943,434.7268,307.13962,287.3401,6.6275935,11.448619,7.819415,8.402823,0.02141115,56.474014,-0.34800306,0,0,1,0.8186065239067744
1237661384379728007,137.160242324305,32.592967943471,16.24834,14.40833,13.54308,13.12991,12.84204,3704,301,6,44,1791423624826087424,GALAXY,0.01422891,1591,52976,425,29908396.905828968,10001-12701,1-48157,133.371090612,57.5984251446,9.428999281013445,0.927642710084122,11754.1,AGBT17A_012_19,896.8291,1.4207177,-999.0,0.0137383435,8.670002,3.313165,0.14617112,10.35004,11955.675,47.163033,432.4681,303.13943,434.7268,307.13962,287.3401,6.6275935,11.448619,7.819415,8.402823,0.02141115,56.474014,-0.34800306,0,0,1,0.8186065239067744
1237671935507300687,258.147091818761,34.6924662737568,16.88266,15.27628,14.78866,14.52017,14.33278,6161,301,3,98,3346177623733594112,GALAXY,0.0254981,2972,54586,11,120871176.46079846,10001-12701,1-48157,133.371090612,57.5984251446,9.428999281013445,0.927642710084122,11754.1,AGBT17A_012_19,896.8291,1.4207177,-999.0,0.0137383435,8.670002,3.313165,0.14617112,10.35004,11955.675,47.163033,432.4681,303.13943,434.7268,307.13962,287.3401,6.6275935,11.448619,7.819415,8.402823,0.02141115,56.474014,-0.34800306,0,0,1,0.8186065239067744
1237665548350193740,208.388307625101,24.8752325698641,16.69248,14.79936,13.92288,13.51427,13.19541,4674,301,2,39,2381278912035448832,GALAXY,0.0303522,2115,53535,2,1185403841.5020628,10001-12701,1-48157,133.371090612,57.5984251446,9.428999281013445,0.927642710084122,11754.1,AGBT17A_012_19,896.8291,1.4207177,-999.0,0.0137383435,8.670002,3.313165,0.14617112,10.35004,11955.675,47.163033,432.4681,303.13943,434.7268,307.13962,287.3401,6.6275935,11.448619,7.819415,8.402823,0.02141115,56.474014,-0.34800306,0,0,1,0.8186065239067744
1237663916802048353,118.41036131484,50.7735521359661,18.33089,16.88623,16.40988,16.16146,16.02076,4294,301,3,78,2104372127770634240,GALAXY,0.02128998,1869,53327,237,472140141.4996036,10001-12701,1-48157,133.371090612,57.5984251446,9.428999281013445,0.927642710084122,11754.1,AGBT17A_012_19,896.8291,1.4207177,-999.0,0.0137383435,8.670002,3.313165,0.14617112,10.35004,11955.675,47.163033,432.4681,303.13943,434.7268,307.13962,287.3401,6.6275935,11.448619,7.819415,8.402823,0.02141115,56.474014,-0.34800306,0,0,1,0.8186065239067744
1237658298452476161,140.573310095694,4.70833510525223,16.9732,15.02903,14.17715,13.72099,13.3707,2986,301,2,147,1115801212835358720,GALAXY,0.02798166,991,52707,125,723576940.3148141,10001-12701,1-48157,133.371090612,57.5984251446,9.428999281013445,0.927642710084122,11754.1,AGBT17A_012_19,896.8291,1.4207177,-999.0,0.0137383435,8.670002,3.313165,0.14617112,10.35004,11955.675,47.163033,432.4681,303.13943,434.7268,307.13962,287.3401,6.6275935,11.448619,7.819415,8.402823,0.02141115,56.474014,-0.34800306,0,0,1,0.8186065239067744
1237651736847843376,219.175324281905,2.38568930105634,16.7936,15.95901,15.75238,15.6189,15.52481,1458,301,4,630,603598657379395584,GALAXY,0.02261127,536,52024,423,746884863.420736,10001-12701,1-48157,133.371090612,57.5984251446,9.428999281013445,0.927642710084122,11754.1,AGBT17A_012_19,896.8291,1.4207177,-999.0,0.0137383435,8.670002,3.313165,0.14617112,10.35004,11955.675,47.163033,432.4681,303.13943,434.7268,307.13962,287.3401,6.6275935,11.448619,7.819415,8.402823,0.02141115,56.474014,-0.34800306,0,0,1,0.8186065239067744
1237661382771409032,143.373859439725,33.9743085124009,17.91784,16.08996,15.30057,14.92179,14.63254,3704,301,3,79,1793578667868186624,GALAXY,0.02742063,1593,52991,73,1157558092.6587048,10001-12701,1-48157,133.371090612,57.5984251446,9.428999281013445,0.927642710084122,11754.1,AGBT17A_012_19,896.8291,1.4207177,-999.0,0.0137383435,8.670002,3.313165,0.14617112,10.35004,11955.675,47.163033,432.4681,303.13943,434.7268,307.13962,287.3401,6.6275935,11.448619,7.819415,8.402823,0.02141115,56.474014,-0.34800306,0,0,1,0.8186065239067744
1237658300599894168,140.270649799495,6.19568857285678,17.40293,15.51941,14.66414,14.22347,13.92643,2986,301,6,146,1115879003283023872,GALAXY,0.05400469,991,52707,408,972744826.2613064,10001-12701,1-48157,133.371090612,57.5984251446,9.428999281013445,0.927642710084122,11754.1,AGBT17A_012_19,896.8291,1.4207177,-999.0,0.0137383435,8.670002,3.313165,0.14617112,10.35004,11955.675,47.163033,432.4681,303.13943,434.7268,307.13962,287.3401,6.6275935,11.448619,7.819415,8.402823,0.02141115,56.474014,-0.34800306,0,0,1,0.8186065239067744
1237661381698781386,146.58794841723,34.3871505982368,18.31304,17.13038,16.61887,16.29767,16.06577,3704,301,1,96,2189976255825209344,GALAXY,0.03830148,1945,53387,367,1007603578.5170659,10001-12701,1-48157,133.371090612,57.5984251446,9.428999281013445,0.927642710084122,11754.1,AGBT17A_012_19,896.8291,1.4207177,-999.0,0.0137383435,8.670002,3.313165,0.14617112,10.35004,11955.675,47.163033,432.4681,303.13943,434.7268,307.13962,287.3401,6.6275935,11.448619,7.819415,8.402823,0.02141115,56.474014,-0.34800306,0,0,1,0.8186065239067744
1237666300553789625,46.1447350289871,-0.0866663041547949,18.79037,17.50735,17.00735,16.73339,16.61685,4849,301,3,763,462783924859332608,GALAXY,0.02309927,411,51817,142,620650801.9975129,10001-12701,1-48157,133.371090612,57.5984251446,9.428999281013445,0.927642710084122,11754.1,AGBT17A_012_19,896.8291,1.4207177,-999.0,0.0137383435,8.670002,3.313165,0.14617112,10.35004,11955.675,47.163033,432.4681,303.13943,434.7268,307.13962,287.3401,6.6275935,11.448619,7.819415,8.402823,0.02141115,56.474014,-0.34800306,0,0,1,0.8186065239067744
1237651754532667576,146.749754115867,2.56141319043495,16.96739,15.65443,15.18902,14.9644,14.81254,1462,301,5,143,540576299555514368,GALAXY,0.02024635,480,51989,525,740284389.6208289,10001-12701,1-48157,133.371090612,57.5984251446,9.428999281013445,0.927642710084122,11754.1,AGBT17A_012_19,896.8291,1.4207177,-999.0,0.0137383435,8.670002,3.313165,0.14617112,10.35004,11955.675,47.163033,432.4681,303.13943,434.7268,307.13962,287.3401,6.6275935,11.448619,7.819415,8.402823,0.02141115,56.474014,-0.34800306,0,0,1,0.8186065239067744
1237657630044586309,122.385463514711,31.7035066164069,18.94626,17.0862,16.22044,15.79853,15.46527,2830,301,5,92,969508985210169344,GALAXY,0.04419791,861,52318,397,933554513.0743581,10001-12701,1-48157,133.371090612,57.5984251446,9.428999281013445,0.927642710084122,11754.1,AGBT17A_012_19,896.8291,1.4207177,-999.0,0.0137383435,8.670002,3.313165,0.14617112,10.35004,11955.675,47.163033,432.4681,303.13943,434.7268,307.13962,287.3401,6.6275935,11.448619,7.819415,8.402823,0.02141115,56.474014,-0.34800306,0,0,1,0.8186065239067744
1237657630051008714,136.142338306726,41.397819574788,16.705,15.01601,14.26365,13.8617,13.56666,2830,301,5,190,1351188234868123648,GALAXY,0.02701507,1200,52668,394,314553829.5268219,10001-12701,1-48157,133.371090612,57.5984251446,9.428999281013445,0.927642710084122,11754.1,AGBT17A_012_19,896.8291,1.4207177,-999.0,0.0137383435,8.670002,3.313165,0.14617112,10.35004,11955.675,47.163033,432.4681,303.13943,434.7268,307.13962,287.3401,6.6275935,11.448619,7.819415,8.402823,0.02141115,56.474014,-0.34800306,0,0,1,0.8186065239067744
1237657630043472239,120.23265482674,29.9226162487671,19.42001,17.64947,16.67399,16.12941,15.69984,2830,301,5,75,968367967035222016,GALAXY,0.04572774,860,52319,342,1230988363.682671,10001-12701,1-48157,133.371090612,57.5984251446,9.428999281013445,0.927642710084122,11754.1,AGBT17A_012_19,896.8291,1.4207177,-999.0,0.0137383435,8.670002,3.313165,0.14617112,10.35004,11955.675,47.163033,432.4681,303.13943,434.7268,307.13962,287.3401,6.6275935,11.448619,7.819415,8.402823,0.02141115,56.474014,-0.34800306,0,0,1,0.8186065239067744
1237663789567246419,119.973704973773,55.3748178472431,17.27382,15.48866,14.65075,14.23693,13.94709,4264,301,6,133,2106655814377826304,GALAXY,0.03573134,1871,53384,353,475027848.7870629,10001-12701,1-48157,133.371090612,57.5984251446,9.428999281013445,0.927642710084122,11754.1,AGBT17A_012_19,896.8291,1.4207177,-999.0,0.0137383435,8.670002,3.313165,0.14617112,10.35004,11955.675,47.163033,432.4681,303.13943,434.7268,307.13962,287.3401,6.6275935,11.448619,7.819415,8.402823,0.02141115,56.474014,-0.34800306,0,0,1,0.8186065239067744
1237662238022828054,230.01574280736,7.47937245790699,18.89647,17.04895,16.1781,15.74264,15.3954,3903,301,4,324,2047020247210289152,GALAXY,0.04751877,1818,54539,488,1052569306.2789327,10001-12701,1-48157,133.371090612,57.5984251446,9.428999281013445,0.927642710084122,11754.1,AGBT17A_012_19,896.8291,1.4207177,-999.0,0.0137383435,8.670002,3.313165,0.14617112,10.35004,11955.675,47.163033,432.4681,303.13943,434.7268,307.13962,287.3401,6.6275935,11.448619,7.819415,8.402823,0.02141115,56.474014,-0.34800306,0,0,1,0.8186065239067744
1237663784205353122,18.2268366862476,0.18685330973443,18.03591,16.80259,16.23685,15.88154,15.58917,4263,301,4,237,447121656213694464,GALAXY,0.04318133,397,51794,507,1064738929.8475115,10001-12701,1-48157,133.371090612,57.5984251446,9.428999281013445,0.927642710084122,11754.1,AGBT17A_012_19,896.8291,1.4207177,-999.0,0.0137383435,8.670002,3.313165,0.14617112,10.35004,11955.675,47.163033,432.4681,303.13943,434.7268,307.13962,287.3401,6.6275935,11.448619,7.819415,8.402823,0.02141115,56.474014,-0.34800306,0,0,1,0.8186065239067744
1237663784205615297,18.823185974923,0.165273839232709,18.92407,16.99471,16.12496,15.68653,15.33729,4263,301,4,241,782637636274644992,GALAXY,0.0450555,695,52202,499,1066595313.1037352,10001-12701,1-48157,133.371090612,57.5984251446,9.428999281013445,0.927642710084122,11754.1,AGBT17A_012_19,896.8291,1.4207177,-999.0,0.0137383435,8.670002,3.313165,0.14617112,10.35004,11955.675,47.163033,432.4681,303.13943,434.7268,307.13962,287.3401,6.6275935,11.448619,7.819415,8.402823,0.02141115,56.474014,-0.34800306,0,0,1,0.8186065239067744
1237663784214135181,38.295809536709,0.0674013278524314,17.73788,16.36605,15.74058,15.38871,15.12697,4263,301,4,371,458393849857861632,GALAXY,0.05378239,407,51820,555,938092338.8117943,10001-12701,1-48157,133.371090612,57.5984251446,9.428999281013445,0.927642710084122,11754.1,AGBT17A_012_19,896.8291,1.4207177,-999.0,0.0137383435,8.670002,3.313165,0.14617112,10.35004,11955.675,47.163033,432.4681,303.13943,434.7268,307.13962,287.3401,6.6275935,11.448619,7.819415,8.402823,0.02141115,56.474014,-0.34800306,0,0,1,0.8186065239067744
1237663784216035353,42.5702543527225,0.0919948824577545,16.19472,14.52882,13.74022,13.34739,13.01416,4263,301,4,400,461701731546327040,GALAXY,0.0280766,410,51877,301,804845273.97617,10001-12701,1-48157,133.371090612,57.5984251446,9.428999281013445,0.927642710084122,11754.1,AGBT17A_012_19,896.8291,1.4207177,-999.0,0.0137383435,8.670002,3.313165,0.14617112,10.35004,11955.675,47.163033,432.4681,303.13943,434.7268,307.13962,287.3401,6.6275935,11.448619,7.819415,8.402823,0.02141115,56.474014,-0.34800306,0,0,1,0.8186065239067744
1237655742407639217,223.559798829099,4.79440179771726,17.4785,15.47567,14.49934,14.12332,13.75187,2391,301,1,110,662177338724739072,GALAXY,0.02755668,588,52045,539,1016266700.3794438,10001-12701,1-48157,133.371090612,57.5984251446,9.428999281013445,0.927642710084122,11754.1,AGBT17A_012_19,896.8291,1.4207177,-999.0,0.0137383435,8.670002,3.313165,0.14617112,10.35004,11955.675,47.163033,432.4681,303.13943,434.7268,307.13962,287.3401,6.6275935,11.448619,7.819415,8.402823,0.02141115,56.474014,-0.34800306,0,0,1,0.8186065239067744
1237655742405672966,218.934883881434,4.99308222941741,17.07871,15.26096,14.4283,14.03605,13.74019,2391,301,1,80,5382043542595328000,GALAXY,0.02986109,4780,55682,880,993577571.6922631,10001-12701,1-48157,133.371090612,57.5984251446,9.428999281013445,0.927642710084122,11754.1,AGBT17A_012_19,896.8291,1.4207177,-999.0,0.0137383435,8.670002,3.313165,0.14617112,10.35004,11955.675,47.163033,432.4681,303.13943,434.7268,307.13962,287.3401,6.6275935,11.448619,7.819415,8.402823,0.02141115,56.474014,-0.34800306,0,0,1,0.8186065239067744
1237660024524243173,46.774432798148,-1.13440287534851,19.41707,17.77484,17.11903,16.75367,16.50811,3388,301,1,632,463948040193992704,GALAXY,0.042284,412,52258,281,625188627.7349491,10001-12701,1-48157,133.371090612,57.5984251446,9.428999281013445,0.927642710084122,11754.1,AGBT17A_012_19,896.8291,1.4207177,-999.0,0.0137383435,8.670002,3.313165,0.14617112,10.35004,11955.675,47.163033,432.4681,303.13943,434.7268,307.13962,287.3401,6.6275935,11.448619,7.819415,8.402823,0.02141115,56.474014,-0.34800306,0,0,1,0.8186065239067744
1237663918416199874,123.686551728899,58.279856544534,17.64207,15.80415,14.94192,14.53339,14.1925,4294,301,6,132,2108907356980013056,GALAXY,0.02750051,1873,54437,352,20420215.81846254,10001-12701,1-48157,133.371090612,57.5984251446,9.428999281013445,0.927642710084122,11754.1,AGBT17A_012_19,896.8291,1.4207177,-999.0,0.0137383435,8.670002,3.313165,0.14617112,10.35004,11955.675,47.163033,432.4681,303.13943,434.7268,307.13962,287.3401,6.6275935,11.448619,7.819415,8.402823,0.02141115,56.474014,-0.34800306,0,0,1,0.8186065239067744
1237650796754239837,140.192421826881,0.604718176430639,17.72833,16.68652,16.2724,16.08747,16.02146,1239,301,5,132,533765924717619200,GALAXY,0.02378279,474,52000,325,914990680.5121195,10001-12701,1-48157,133.371090612,57.5984251446,9.428999281013445,0.927642710084122,11754.1,AGBT17A_012_19,896.8291,1.4207177,-999.0,0.0137383435,8.670002,3.313165,0.14617112,10.35004,11955.675,47.163033,432.4681,303.13943,434.7268,307.13962,287.3401,6.6275935,11.448619,7.819415,8.402823,0.02141115,56.474014,-0.34800306,0,0,1,0.8186065239067744
1237659326566170831,247.438030641566,39.8105544478818,17.32392,15.4886,14.67783,14.2978,14.00803,3225,301,5,237,1319717464828831744,GALAXY,0.03042693,1172,52759,592,432537298.70016104,10001-12701,1-48157,133.371090612,57.5984251446,9.428999281013445,0.927642710084122,11754.1,AGBT17A_012_19,896.8291,1.4207177,-999.0,0.0137383435,8.670002,3.313165,0.14617112,10.35004,11955.675,47.163033,432.4681,303.13943,434.7268,307.13962,287.3401,6.6275935,11.448619,7.819415,8.402823,0.02141115,56.474014,-0.34800306,0,0,1,0.8186065239067744
1237658299521368577,129.522809064004,4.32838870567774,17.36467,15.55598,14.68101,14.23539,13.89324,2986,301,4,73,1335323656099751936,GALAXY,0.04683802,1186,52646,23,913753091.6746368,10001-12701,1-48157,133.371090612,57.5984251446,9.428999281013445,0.927642710084122,11754.1,AGBT17A_012_19,896.8291,1.4207177,-999.0,0.0137383435,8.670002,3.313165,0.14617112,10.35004,11955.675,47.163033,432.4681,303.13943,434.7268,307.13962,287.3401,6.6275935,11.448619,7.819415,8.402823,0.02141115,56.474014,-0.34800306,0,0,1,0.8186065239067744
1237654952673804575,259.04431101658,31.7922994655467,16.32957,15.01909,14.40265,14.07204,13.81959,2207,301,2,160,1098886046143244288,GALAXY,0.02286989,976,52413,28,123552618.94201073,10001-12701,1-48157,133.371090612,57.5984251446,9.428999281013445,0.927642710084122,11754.1,AGBT17A_012_19,896.8291,1.4207177,-999.0,0.0137383435,8.670002,3.313165,0.14617112,10.35004,11955.675,47.163033,432.4681,303.13943,434.7268,307.13962,287.3401,6.6275935,11.448619,7.819415,8.402823,0.02141115,56.474014,-0.34800306,0,0,1,0.8186065239067744
1237661387614716094,241.62605958667,41.3432814129199,18.84776,17.68715,17.11412,16.80721,16.59037,3705,301,4,254,1503227880740513792,GALAXY,0.03438778,1335,52824,551,273094603.4711556,10001-12701,1-48157,133.371090612,57.5984251446,9.428999281013445,0.927642710084122,11754.1,AGBT17A_012_19,896.8291,1.4207177,-999.0,0.0137383435,8.670002,3.313165,0.14617112,10.35004,11955.675,47.163033,432.4681,303.13943,434.7268,307.13962,287.3401,6.6275935,11.448619,7.819415,8.402823,0.02141115,56.474014,-0.34800306,0,0,1,0.8186065239067744
1237658298985676901,132.185340566925,4.33201886890943,18.42702,16.43369,15.50063,15.07592,14.73752,2986,301,3,91,1339902297798371328,GALAXY,0.05971603,1190,52670,296,953768464.0865735,10001-12701,1-48157,133.371090612,57.5984251446,9.428999281013445,0.927642710084122,11754.1,AGBT17A_012_19,896.8291,1.4207177,-999.0,0.0137383435,8.670002,3.313165,0.14617112,10.35004,11955.675,47.163033,432.4681,303.13943,434.7268,307.13962,287.3401,6.6275935,11.448619,7.819415,8.402823,0.02141115,56.474014,-0.34800306,0,0,1,0.8186065239067744
1237658298989150469,140.177009204598,4.96071362981262,18.54323,16.57542,15.67905,15.24056,14.90849,2986,301,3,144,1115818805021403136,GALAXY,0.05433004,991,52707,189,972332296.6488123,10001-12701,1-48157,133.371090612,57.5984251446,9.428999281013445,0.927642710084122,11754.1,AGBT17A_012_19,896.8291,1.4207177,-999.0,0.0137383435,8.670002,3.313165,0.14617112,10.35004,11955.675,47.163033,432.4681,303.13943,434.7268,307.13962,287.3401,6.6275935,11.448619,7.819415,8.402823,0.02141115,56.474014,-0.34800306,0,0,1,0.8186065239067744
1237661383841939682,135.233738980726,31.1414318805705,18.83912,17.45863,16.81995,16.52028,16.2765,3704,301,5,30,1790320264874059776,GALAXY,0.03992515,1590,52974,507,942423899.7429832,10001-12701,1-48157,133.371090612,57.5984251446,9.428999281013445,0.927642710084122,11754.1,AGBT17A_012_19,896.8291,1.4207177,-999.0,0.0137383435,8.670002,3.313165,0.14617112,10.35004,11955.675,47.163033,432.4681,303.13943,434.7268,307.13962,287.3401,6.6275935,11.448619,7.819415,8.402823,0.02141115,56.474014,-0.34800306,0,0,1,0.8186065239067744
1237654601019818138,134.713479117579,2.91304974465695,18.47291,16.77722,15.92813,15.44766,15.09814,2125,301,3,106,636163721265178624,GALAXY,0.05438599,565,52225,110,970063383.7800941,10001-12701,1-48157,133.371090612,57.5984251446,9.428999281013445,0.927642710084122,11754.1,AGBT17A_012_19,896.8291,1.4207177,-999.0,0.0137383435,8.670002,3.313165,0.14617112,10.35004,11955.675,47.163033,432.4681,303.13943,434.7268,307.13962,287.3401,6.6275935,11.448619,7.819415,8.402823,0.02141115,56.474014,-0.34800306,0,0,1,0.8186065239067744
1237663457238712488,315.165211018612,-0.2103542865923,18.50367,16.86316,16.10787,15.68827,15.36418,4187,301,3,50,1107928430256613376,GALAXY,0.02402063,984,52442,156,131184416.77315329,10001-12701,1-48157,133.371090612,57.5984251446,9.428999281013445,0.927642710084122,11754.1,AGBT17A_012_19,896.8291,1.4207177,-999.0,0.0137383435,8.670002,3.313165,0.14617112,10.35004,11955.675,47.163033,432.4681,303.13943,434.7268,307.13962,287.3401,6.6275935,11.448619,7.819415,8.402823,0.02141115,56.474014,-0.34800306,0,0,1,0.8186065239067744
1237668330962092431,237.985260282034,9.68831268654259,19.35757,17.82011,17.10234,16.66951,16.31455,5322,301,1,191,1943425612509112320,GALAXY,0.03932134,1726,53137,445,757816898.151832,10001-12701,1-48157,133.371090612,57.5984251446,9.428999281013445,0.927642710084122,11754.1,AGBT17A_012_19,896.8291,1.4207177,-999.0,0.0137383435,8.670002,3.313165,0.14617112,10.35004,11955.675,47.163033,432.4681,303.13943,434.7268,307.13962,287.3401,6.6275935,11.448619,7.819415,8.402823,0.02141115,56.474014,-0.34800306,0,0,1,0.8186065239067744
1237654953207332988,255.006962224457,38.8160279721699,16.4662,14.87741,14.16591,13.783,13.49687,2207,301,3,109,711730678957369344,GALAXY,0.03557738,632,52071,589,443675598.23750424,10001-12701,1-48157,133.371090612,57.5984251446,9.428999281013445,0.927642710084122,11754.1,AGBT17A_012_19,896.8291,1.4207177,-999.0,0.0137383435,8.670002,3.313165,0.14617112,10.35004,11955.675,47.163033,432.4681,303.13943,434.7268,307.13962,287.3401,6.6275935,11.448619,7.819415,8.402823,0.02141115,56.474014,-0.34800306,0,0,1,0.8186065239067744
1237654953207922726,255.848480316954,37.6324888225898,17.36288,15.70819,14.91045,14.50978,14.18041,2207,301,3,118,3345152054329894912,GALAXY,0.03198815,2971,54590,376,435837535.6001146,10001-12701,1-48157,133.371090612,57.5984251446,9.428999281013445,0.927642710084122,11754.1,AGBT17A_012_19,896.8291,1.4207177,-999.0,0.0137383435,8.670002,3.313165,0.14617112,10.35004,11955.675,47.163033,432.4681,303.13943,434.7268,307.13962,287.3401,6.6275935,11.448619,7.819415,8.402823,0.02141115,56.474014,-0.34800306,0,0,1,0.8186065239067744
1237663917339771127,119.380728945775,52.6828540674883,16.72285,14.70171,13.84228,13.43098,13.11696,4294,301,4,91,2105486758622816256,GALAXY,0.04101451,1870,53383,196,471933876.6933565,10001-12701,1-48157,133.371090612,57.5984251446,9.428999281013445,0.927642710084122,11754.1,AGBT17A_012_19,896.8291,1.4207177,-999.0,0.0137383435,8.670002,3.313165,0.14617112,10.35004,11955.675,47.163033,432.4681,303.13943,434.7268,307.13962,287.3401,6.6275935,11.448619,7.819415,8.402823,0.02141115,56.474014,-0.34800306,0,0,1,0.8186065239067744
1237661387604557891,212.612074216584,54.6195701851835,18.98903,17.15833,16.32626,15.91348,15.59358,3705,301,4,99,1490723414304909312,GALAXY,0.0403315,1324,53088,116,406754197.91927403,10001-12701,1-48157,133.371090612,57.5984251446,9.428999281013445,0.927642710084122,11754.1,AGBT17A_012_19,896.8291,1.4207177,-999.0,0.0137383435,8.670002,3.313165,0.14617112,10.35004,11955.675,47.163033,432.4681,303.13943,434.7268,307.13962,287.3401,6.6275935,11.448619,7.819415,8.402823,0.02141115,56.474014,-0.34800306,0,0,1,0.8186065239067744
1237664296370307251,203.525704534086,39.688358352482,18.66101,16.77605,15.92773,15.52935,15.19798,4382,301,6,86,2257544545312991232,GALAXY,0.04574313,2005,53472,419,297433850.60831296,10001-12701,1-48157,133.371090612,57.5984251446,9.428999281013445,0.927642710084122,11754.1,AGBT17A_012_19,896.8291,1.4207177,-999.0,0.0137383435,8.670002,3.313165,0.14617112,10.35004,11955.675,47.163033,432.4681,303.13943,434.7268,307.13962,287.3401,6.6275935,11.448619,7.819415,8.402823,0.02141115,56.474014,-0.34800306,0,0,1,0.8186065239067744
1237661416603910214,219.396619670504,51.5831459057458,17.14732,15.36295,14.53639,14.09249,13.77293,3712,301,2,226,1494127772031805440,GALAXY,0.04366956,1327,52781,213,413973466.1379224,10001-12701,1-48157,133.371090612,57.5984251446,9.428999281013445,0.927642710084122,11754.1,AGBT17A_012_19,896.8291,1.4207177,-999.0,0.0137383435,8.670002,3.313165,0.14617112,10.35004,11955.675,47.163033,432.4681,303.13943,434.7268,307.13962,287.3401,6.6275935,11.448619,7.819415,8.402823,0.02141115,56.474014,-0.34800306,0,0,1,0.8186065239067744
1237661416605941822,225.38898697902,49.1124476835558,16.22291,14.56336,13.81908,13.40943,13.119,3712,301,2,257,1496357031622240256,GALAXY,0.02598331,1329,52767,131,416036114.2003933,10001-12701,1-48157,133.371090612,57.5984251446,9.428999281013445,0.927642710084122,11754.1,AGBT17A_012_19,896.8291,1.4207177,-999.0,0.0137383435,8.670002,3.313165,0.14617112,10.35004,11955.675,47.163033,432.4681,303.13943,434.7268,307.13962,287.3401,6.6275935,11.448619,7.819415,8.402823,0.02141115,56.474014,-0.34800306,0,0,1,0.8186065239067744
1237665126937854014,197.324964678384,33.1575777570161,18.62374,17.26886,16.71579,16.41762,16.17326,4576,301,1,517,2356580587088668672,GALAXY,0.03711939,2093,53818,262,775555671.4890823,10001-12701,1-48157,133.371090612,57.5984251446,9.428999281013445,0.927642710084122,11754.1,AGBT17A_012_19,896.8291,1.4207177,-999.0,0.0137383435,8.670002,3.313165,0.14617112,10.35004,11955.675,47.163033,432.4681,303.13943,434.7268,307.13962,287.3401,6.6275935,11.448619,7.819415,8.402823,0.02141115,56.474014,-0.34800306,0,0,1,0.8186065239067744
1237665126939427031,201.649435108905,32.7608953845981,17.7453,16.55369,16.08043,15.83754,15.68236,4576,301,1,541,2377933647891163136,GALAXY,0.02451518,2112,53534,120,842179203.9068944,10001-12701,1-48157,133.371090612,57.5984251446,9.428999281013445,0.927642710084122,11754.1,AGBT17A_012_19,896.8291,1.4207177,-999.0,0.0137383435,8.670002,3.313165,0.14617112,10.35004,11955.675,47.163033,432.4681,303.13943,434.7268,307.13962,287.3401,6.6275935,11.448619,7.819415,8.402823,0.02141115,56.474014,-0.34800306,0,0,1,0.8186065239067744
1237665126940737615,205.076023600206,32.1531356736632,16.98344,15.78402,15.27894,14.98131,14.77563,4576,301,1,561,2374532582441248768,GALAXY,0.02577949,2109,53468,35,875181572.9064299,10001-12701,1-48157,133.371090612,57.5984251446,9.428999281013445,0.927642710084122,11754.1,AGBT17A_012_19,896.8291,1.4207177,-999.0,0.0137383435,8.670002,3.313165,0.14617112,10.35004,11955.675,47.163033,432.4681,303.13943,434.7268,307.13962,287.3401,6.6275935,11.448619,7.819415,8.402823,0.02141115,56.474014,-0.34800306,0,0,1,0.8186065239067744
1237666214607323634,18.1041311171669,15.6436525476828,18.76873,16.97353,16.11536,15.69808,15.38465,4829,301,3,44,476344751587616768,GALAXY,0.04423194,423,51821,324,1086602999.3097036,10001-12701,1-48157,133.371090612,57.5984251446,9.428999281013445,0.927642710084122,11754.1,AGBT17A_012_19,896.8291,1.4207177,-999.0,0.0137383435,8.670002,3.313165,0.14617112,10.35004,11955.675,47.163033,432.4681,303.13943,434.7268,307.13962,287.3401,6.6275935,11.448619,7.819415,8.402823,0.02141115,56.474014,-0.34800306,0,0,1,0.8186065239067744
1237666407919386736,31.5433113885537,-0.12982444566759,17.67016,16.58339,16.11949,15.82655,15.62672,4874,301,3,632,454904549572896768,GALAXY,0.04754644,404,51812,149,1069895550.0036888,10001-12701,1-48157,133.371090612,57.5984251446,9.428999281013445,0.927642710084122,11754.1,AGBT17A_012_19,896.8291,1.4207177,-999.0,0.0137383435,8.670002,3.313165,0.14617112,10.35004,11955.675,47.163033,432.4681,303.13943,434.7268,307.13962,287.3401,6.6275935,11.448619,7.819415,8.402823,0.02141115,56.474014,-0.34800306,0,0,1,0.8186065239067744
1237666407900184659,347.791767063315,-0.152235570895223,16.8019,15.01151,14.20162,13.80417,13.51033,4874,301,3,339,430176533131323392,GALAXY,0.0274158,382,51816,301,1063088811.3975346,10001-12701,1-48157,133.371090612,57.5984251446,9.428999281013445,0.927642710084122,11754.1,AGBT17A_012_19,896.8291,1.4207177,-999.0,0.0137383435,8.670002,3.313165,0.14617112,10.35004,11955.675,47.163033,432.4681,303.13943,434.7268,307.13962,287.3401,6.6275935,11.448619,7.819415,8.402823,0.02141115,56.474014,-0.34800306,0,0,1,0.8186065239067744
1237651250412191919,131.992769533428,51.6010178406935,18.2276,16.42983,15.6469,15.26307,14.96517,1345,301,2,163,503321820070438912,GALAXY,0.04827841,447,51877,162,221734666.7156286,10001-12701,1-48157,133.371090612,57.5984251446,9.428999281013445,0.927642710084122,11754.1,AGBT17A_012_19,896.8291,1.4207177,-999.0,0.0137383435,8.670002,3.313165,0.14617112,10.35004,11955.675,47.163033,432.4681,303.13943,434.7268,307.13962,287.3401,6.6275935,11.448619,7.819415,8.402823,0.02141115,56.474014,-0.34800306,0,0,1,0.8186065239067744
1237661382769967259,139.735334470044,32.5130092181219,18.81114,17.12509,16.37368,16.01377,15.76078,3704,301,3,57,1792482179880609792,GALAXY,0.02667898,1592,52990,180,1004715871.2296064,10001-12701,1-48157,133.371090612,57.5984251446,9.428999281013445,0.927642710084122,11754.1,AGBT17A_012_19,896.8291,1.4207177,-999.0,0.0137383435,8.670002,3.313165,0.14617112,10.35004,11955.675,47.163033,432.4681,303.13943,434.7268,307.13962,287.3401,6.6275935,11.448619,7.819415,8.402823,0.02141115,56.474014,-0.34800306,0,0,1,0.8186065239067744
1237661382770426032,140.845524603523,33.0096629346981,18.14512,16.52029,15.80212,15.47564,15.18957,3704,301,3,64,6541563777577670656,GALAXY,0.02127307,5810,56358,310,950880756.7991143,10001-12701,1-48157,133.371090612,57.5984251446,9.428999281013445,0.927642710084122,11754.1,AGBT17A_012_19,896.8291,1.4207177,-999.0,0.0137383435,8.670002,3.313165,0.14617112,10.35004,11955.675,47.163033,432.4681,303.13943,434.7268,307.13962,287.3401,6.6275935,11.448619,7.819415,8.402823,0.02141115,56.474014,-0.34800306,0,0,1,0.8186065239067744
1237653589017428333,118.441661170619,38.8690446023962,19.51519,17.84037,17.08257,16.68444,16.36737,1889,301,6,95,612573698888591360,GALAXY,0.03975186,544,52201,306,478740615.2995107,10001-12701,1-48157,133.371090612,57.5984251446,9.428999281013445,0.927642710084122,11754.1,AGBT17A_012_19,896.8291,1.4207177,-999.0,0.0137383435,8.670002,3.313165,0.14617112,10.35004,11955.675,47.163033,432.4681,303.13943,434.7268,307.13962,287.3401,6.6275935,11.448619,7.819415,8.402823,0.02141115,56.474014,-0.34800306,0,0,1,0.8186065239067744
1237654390566551605,120.799185401452,39.8857798397385,17.84707,15.68248,14.65765,14.13755,13.74163,2076,301,3,108,4281911237670098944,GALAXY,0.04100138,3803,55513,414,633026690.3723388,10001-12701,1-48157,133.371090612,57.5984251446,9.428999281013445,0.927642710084122,11754.1,AGBT17A_012_19,896.8291,1.4207177,-999.0,0.0137383435,8.670002,3.313165,0.14617112,10.35004,11955.675,47.163033,432.4681,303.13943,434.7268,307.13962,287.3401,6.6275935,11.448619,7.819415,8.402823,0.02141115,56.474014,-0.34800306,0,0,1,0.8186065239067744
1237655129845989510,258.798835194875,31.1281689396647,17.95739,16.81079,16.37047,16.14596,16.03881,2248,301,4,233,1098878624439756800,GALAXY,0.022468,976,52413,1,124790207.7794933,10001-12701,1-48157,133.371090612,57.5984251446,9.428999281013445,0.927642710084122,11754.1,AGBT17A_012_19,896.8291,1.4207177,-999.0,0.0137383435,8.670002,3.313165,0.14617112,10.35004,11955.675,47.163033,432.4681,303.13943,434.7268,307.13962,287.3401,6.6275935,11.448619,7.819415,8.402823,0.02141115,56.474014,-0.34800306,0,0,1,0.8186065239067744
1237658298992295977,147.325371339996,5.5659598425244,17.20998,16.31137,15.99879,15.83132,15.70139,2986,301,3,192,1119218220398569472,GALAXY,0.02418327,994,52725,268,711201051.9399883,10001-12701,1-48157,133.371090612,57.5984251446,9.428999281013445,0.927642710084122,11754.1,AGBT17A_012_19,896.8291,1.4207177,-999.0,0.0137383435,8.670002,3.313165,0.14617112,10.35004,11955.675,47.163033,432.4681,303.13943,434.7268,307.13962,287.3401,6.6275935,11.448619,7.819415,8.402823,0.02141115,56.474014,-0.34800306,0,0,1,0.8186065239067744
1237666300553658520,45.9602363640924,-0.204459061416486,16.38759,15.05758,14.40902,14.09887,13.80316,4849,301,3,761,462790521929099264,GALAXY,0.02759168,411,51817,166,1164158566.4586117,10001-12701,1-48157,133.371090612,57.5984251446,9.428999281013445,0.927642710084122,11754.1,AGBT17A_012_19,896.8291,1.4207177,-999.0,0.0137383435,8.670002,3.313165,0.14617112,10.35004,11955.675,47.163033,432.4681,303.13943,434.7268,307.13962,287.3401,6.6275935,11.448619,7.819415,8.402823,0.02141115,56.474014,-0.34800306,0,0,1,0.8186065239067744
1237671934427987980,248.691709208297,45.3243285702195,16.40723,15.07019,14.30537,13.97379,13.76254,6161,301,1,13,704984625130268672,GALAXY,0.02473124,626,52057,623,359313292.4824419,10001-12701,1-48157,133.371090612,57.5984251446,9.428999281013445,0.927642710084122,11754.1,AGBT17A_012_19,896.8291,1.4207177,-999.0,0.0137383435,8.670002,3.313165,0.14617112,10.35004,11955.675,47.163033,432.4681,303.13943,434.7268,307.13962,287.3401,6.6275935,11.448619,7.819415,8.402823,0.02141115,56.474014,-0.34800306,0,0,1,0.8186065239067744
1237661358614446221,172.365727027542,47.6962959657734,18.33086,16.6235,15.83822,15.46207,15.17404,3698,301,6,113,1623651070930610176,GALAXY,0.03311859,1442,53050,376,516693339.6489764,10001-12701,1-48157,133.371090612,57.5984251446,9.428999281013445,0.927642710084122,11754.1,AGBT17A_012_19,896.8291,1.4207177,-999.0,0.0137383435,8.670002,3.313165,0.14617112,10.35004,11955.675,47.163033,432.4681,303.13943,434.7268,307.13962,287.3401,6.6275935,11.448619,7.819415,8.402823,0.02141115,56.474014,-0.34800306,0,0,1,0.8186065239067744
1237657776080879812,137.069628310501,42.1641381098228,17.7994,16.01804,15.19755,14.77819,14.48453,2864,301,5,205,5182605332774672384,GALAXY,0.02467184,4603,55999,320,225859962.8405705,10001-12701,1-48157,133.371090612,57.5984251446,9.428999281013445,0.927642710084122,11754.1,AGBT17A_012_19,896.8291,1.4207177,-999.0,0.0137383435,8.670002,3.313165,0.14617112,10.35004,11955.675,47.163033,432.4681,303.13943,434.7268,307.13962,287.3401,6.6275935,11.448619,7.819415,8.402823,0.02141115,56.474014,-0.34800306,0,0,1,0.8186065239067744
1237666214069993679,18.4178902326824,14.4688556280952,18.66234,16.7484,15.79652,15.33938,14.9813,4829,301,2,37,476319187942270976,GALAXY,0.05578331,423,51821,231,1142088232.1901727,10001-12701,1-48157,133.371090612,57.5984251446,9.428999281013445,0.927642710084122,11754.1,AGBT17A_012_19,896.8291,1.4207177,-999.0,0.0137383435,8.670002,3.313165,0.14617112,10.35004,11955.675,47.163033,432.4681,303.13943,434.7268,307.13962,287.3401,6.6275935,11.448619,7.819415,8.402823,0.02141115,56.474014,-0.34800306,0,0,1,0.8186065239067744
1237654599959642260,165.77744205827,3.4751658813447,17.20616,16.03173,15.53938,15.27573,15.11465,2125,301,1,313,572102877661652992,GALAXY,0.03150029,508,52366,530,782774939.7077307,10001-12701,1-48157,133.371090612,57.5984251446,9.428999281013445,0.927642710084122,11754.1,AGBT17A_012_19,896.8291,1.4207177,-999.0,0.0137383435,8.670002,3.313165,0.14617112,10.35004,11955.675,47.163033,432.4681,303.13943,434.7268,307.13962,287.3401,6.6275935,11.448619,7.819415,8.402823,0.02141115,56.474014,-0.34800306,0,0,1,0.8186065239067744
1237654599953350770,151.395729138693,3.05362111391866,16.58404,15.32143,14.71017,14.38954,14.15681,2125,301,1,217,564231746598496256,GALAXY,0.02364752,501,52235,567,712851170.389965,10001-12701,1-48157,133.371090612,57.5984251446,9.428999281013445,0.927642710084122,11754.1,AGBT17A_012_19,896.8291,1.4207177,-999.0,0.0137383435,8.670002,3.313165,0.14617112,10.35004,11955.675,47.163033,432.4681,303.13943,434.7268,307.13962,287.3401,6.6275935,11.448619,7.819415,8.402823,0.02141115,56.474014,-0.34800306,0,0,1,0.8186065239067744
1237654599953481746,151.584043296795,3.12451745412409,17.2159,15.96652,15.43696,15.15071,14.94759,2125,301,1,219,564241092447332352,GALAXY,0.02264728,501,52235,601,959543878.6614922,10001-12701,1-48157,133.371090612,57.5984251446,9.428999281013445,0.927642710084122,11754.1,AGBT17A_012_19,896.8291,1.4207177,-999.0,0.0137383435,8.670002,3.313165,0.14617112,10.35004,11955.675,47.163033,432.4681,303.13943,434.7268,307.13962,287.3401,6.6275935,11.448619,7.819415,8.402823,0.02141115,56.474014,-0.34800306,0,0,1,0.8186065239067744
1237654599958265952,162.571874332501,3.51260348954188,16.72059,15.78482,15.33062,15.09479,14.81992,2125,301,1,292,651951885502146560,GALAXY,0.0220224,579,52338,203,745647274.5832534,10001-12701,1-48157,133.371090612,57.5984251446,9.428999281013445,0.927642710084122,11754.1,AGBT17A_012_19,896.8291,1.4207177,-999.0,0.0137383435,8.670002,3.313165,0.14617112,10.35004,11955.675,47.163033,432.4681,303.13943,434.7268,307.13962,287.3401,6.6275935,11.448619,7.819415,8.402823,0.02141115,56.474014,-0.34800306,0,0,1,0.8186065239067744
1237658298457129182,151.327172773293,5.56966996219905,17.17104,15.3049,14.48388,14.06338,13.76214,2986,301,2,218,1121476340994828288,GALAXY,0.02291527,996,52641,291,962225321.1427045,10001-12701,1-48157,133.371090612,57.5984251446,9.428999281013445,0.927642710084122,11754.1,AGBT17A_012_19,896.8291,1.4207177,-999.0,0.0137383435,8.670002,3.313165,0.14617112,10.35004,11955.675,47.163033,432.4681,303.13943,434.7268,307.13962,287.3401,6.6275935,11.448619,7.819415,8.402823,0.02141115,56.474014,-0.34800306,0,0,1,0.8186065239067744
1237658298458243083,153.761122183145,5.67693113686818,17.30962,15.58406,14.81945,14.447,14.12646,2986,301,2,235,1122600593194510336,GALAXY,0.02865215,997,52734,285,716563936.9024128,10001-12701,1-48157,133.371090612,57.5984251446,9.428999281013445,0.927642710084122,11754.1,AGBT17A_012_19,896.8291,1.4207177,-999.0,0.0137383435,8.670002,3.313165,0.14617112,10.35004,11955.675,47.163033,432.4681,303.13943,434.7268,307.13962,287.3401,6.6275935,11.448619,7.819415,8.402823,0.02141115,56.474014,-0.34800306,0,0,1,0.8186065239067744
1237651737379340440,206.897179262906,3.05326383731745,18.72856,17.42728,16.7555,16.31782,16.00869,1458,301,5,548,596828414564919296,GALAXY,0.04145432,530,52026,369,1039780888.2916127,10001-12701,1-48157,133.371090612,57.5984251446,9.428999281013445,0.927642710084122,11754.1,AGBT17A_012_19,896.8291,1.4207177,-999.0,0.0137383435,8.670002,3.313165,0.14617112,10.35004,11955.675,47.163033,432.4681,303.13943,434.7268,307.13962,287.3401,6.6275935,11.448619,7.819415,8.402823,0.02141115,56.474014,-0.34800306,0,0,1,0.8186065239067744
1237658297923141873,157.924625758225,5.57642360389384,17.88002,16.7372,16.24672,16.03009,15.87074,2986,301,1,262,1124831775521007616,GALAXY,0.02288122,999,52636,210,717388996.1274011,10001-12701,1-48157,133.371090612,57.5984251446,9.428999281013445,0.927642710084122,11754.1,AGBT17A_012_19,896.8291,1.4207177,-999.0,0.0137383435,8.670002,3.313165,0.14617112,10.35004,11955.675,47.163033,432.4681,303.13943,434.7268,307.13962,287.3401,6.6275935,11.448619,7.819415,8.402823,0.02141115,56.474014,-0.34800306,0,0,1,0.8186065239067744
1237667443510608039,191.899827256384,27.6111874609278,18.30301,17.18333,16.71652,16.39155,16.21439,5115,301,4,132,2519906998573623296,GALAXY,0.04016537,2238,54205,520,1037099445.8104005,10001-12701,1-48157,133.371090612,57.5984251446,9.428999281013445,0.927642710084122,11754.1,AGBT17A_012_19,896.8291,1.4207177,-999.0,0.0137383435,8.670002,3.313165,0.14617112,10.35004,11955.675,47.163033,432.4681,303.13943,434.7268,307.13962,287.3401,6.6275935,11.448619,7.819415,8.402823,0.02141115,56.474014,-0.34800306,0,0,1,0.8186065239067744
1237650797288226901,133.518347474859,0.853231471988558,17.22612,15.30428,14.43176,14.01921,13.70302,1239,301,6,88,526970391625754624,GALAXY,0.04080834,468,51912,179,968413265.3301175,10001-12701,1-48157,133.371090612,57.5984251446,9.428999281013445,0.927642710084122,11754.1,AGBT17A_012_19,896.8291,1.4207177,-999.0,0.0137383435,8.670002,3.313165,0.14617112,10.35004,11955.675,47.163033,432.4681,303.13943,434.7268,307.13962,287.3401,6.6275935,11.448619,7.819415,8.402823,0.02141115,56.474014,-0.34800306,0,0,1,0.8186065239067744
1237659326021239041,227.67423611255,52.2139026389936,18.4932,17.22369,16.7686,16.52418,16.39465,3225,301,4,114,1311801529925134336,GALAXY,0.03649652,1165,52703,466,410260699.62547463,10001-12701,1-48157,133.371090612,57.5984251446,9.428999281013445,0.927642710084122,11754.1,AGBT17A_012_19,896.8291,1.4207177,-999.0,0.0137383435,8.670002,3.313165,0.14617112,10.35004,11955.675,47.163033,432.4681,303.13943,434.7268,307.13962,287.3401,6.6275935,11.448619,7.819415,8.402823,0.02141115,56.474014,-0.34800306,0,0,1,0.8186065239067744
1237658297923666012,159.136136250867,5.55677812368845,18.62111,16.80008,15.9883,15.57566,15.3079,2986,301,1,270,5462946707796154368,GALAXY,0.02914735,4852,55689,292,946342931.061678,10001-12701,1-48157,133.371090612,57.5984251446,9.428999281013445,0.927642710084122,11754.1,AGBT17A_012_19,896.8291,1.4207177,-999.0,0.0137383435,8.670002,3.313165,0.14617112,10.35004,11955.675,47.163033,432.4681,303.13943,434.7268,307.13962,287.3401,6.6275935,11.448619,7.819415,8.402823,0.02141115,56.474014,-0.34800306,0,0,1,0.8186065239067744
1237658297924059306,160.011978292686,5.68530805978149,19.0031,17.29557,16.53452,16.15608,15.86598,2986,301,1,276,1125957400667383808,GALAXY,0.02773293,1000,52643,209,947167990.2866666,10001-12701,1-48157,133.371090612,57.5984251446,9.428999281013445,0.927642710084122,11754.1,AGBT17A_012_19,896.8291,1.4207177,-999.0,0.0137383435,8.670002,3.313165,0.14617112,10.35004,11955.675,47.163033,432.4681,303.13943,434.7268,307.13962,287.3401,6.6275935,11.448619,7.819415,8.402823,0.02141115,56.474014,-0.34800306,0,0,1,0.8186065239067744
1237660937165668626,133.685666990315,57.4802446489616,18.81133,17.3208,16.68502,16.36246,16.10624,3600,301,5,35,504547226165471232,GALAXY,0.04081082,448,51900,524,206264.80624709636,10001-12701,1-48157,133.371090612,57.5984251446,9.428999281013445,0.927642710084122,11754.1,AGBT17A_012_19,896.8291,1.4207177,-999.0,0.0137383435,8.670002,3.313165,0.14617112,10.35004,11955.675,47.163033,432.4681,303.13943,434.7268,307.13962,287.3401,6.6275935,11.448619,7.819415,8.402823,0.02141115,56.474014,-0.34800306,0,0,1,0.8186065239067744
1237673808117105255,119.106556842159,17.9740323115978,18.49248,17.32207,16.81629,16.52516,16.30985,6597,301,3,160,2163019802950526976,GALAXY,0.04152949,1921,53317,604,646021373.1659057,10001-12701,1-48157,133.371090612,57.5984251446,9.428999281013445,0.927642710084122,11754.1,AGBT17A_012_19,896.8291,1.4207177,-999.0,0.0137383435,8.670002,3.313165,0.14617112,10.35004,11955.675,47.163033,432.4681,303.13943,434.7268,307.13962,287.3401,6.6275935,11.448619,7.819415,8.402823,0.02141115,56.474014,-0.34800306,0,0,1,0.8186065239067744
1237673808120447317,126.617055605514,20.7219185589397,17.77864,16.05434,15.27715,14.91951,14.66001,6597,301,3,211,2169611650104059904,GALAXY,0.01595131,1927,53321,9,637564516.1097748,10001-12701,1-48157,133.371090612,57.5984251446,9.428999281013445,0.927642710084122,11754.1,AGBT17A_012_19,896.8291,1.4207177,-999.0,0.0137383435,8.670002,3.313165,0.14617112,10.35004,11955.675,47.163033,432.4681,303.13943,434.7268,307.13962,287.3401,6.6275935,11.448619,7.819415,8.402823,0.02141115,56.474014,-0.34800306,0,0,1,0.8186065239067744
1237654606394032242,147.646171049112,4.77312409747819,16.5793,14.70017,13.83837,13.43813,13.1518,2126,301,5,190,643003784124983296,GALAXY,0.03025191,571,52286,418,958512554.6302568,10001-12701,1-48157,133.371090612,57.5984251446,9.428999281013445,0.927642710084122,11754.1,AGBT17A_012_19,896.8291,1.4207177,-999.0,0.0137383435,8.670002,3.313165,0.14617112,10.35004,11955.675,47.163033,432.4681,303.13943,434.7268,307.13962,287.3401,6.6275935,11.448619,7.819415,8.402823,0.02141115,56.474014,-0.34800306,0,0,1,0.8186065239067744
1237665548903776297,247.056465357452,13.4444390420221,18.66359,17.13047,16.26198,15.7768,15.45682,4674,301,3,294,2480412810916423680,GALAXY,0.04939294,2203,53915,201,1199842377.9393597,10001-12701,1-48157,133.371090612,57.5984251446,9.428999281013445,0.927642710084122,11754.1,AGBT17A_012_19,896.8291,1.4207177,-999.0,0.0137383435,8.670002,3.313165,0.14617112,10.35004,11955.675,47.163033,432.4681,303.13943,434.7268,307.13962,287.3401,6.6275935,11.448619,7.819415,8.402823,0.02141115,56.474014,-0.34800306,0,0,1,0.8186065239067744
1237658206116970595,166.487311852216,49.7509982951231,18.55036,16.81426,16.03787,15.66452,15.39832,2964,301,6,243,1085488775745792000,GALAXY,0.04633497,964,52646,441,522056224.61140084,10001-12701,1-48157,133.371090612,57.5984251446,9.428999281013445,0.927642710084122,11754.1,AGBT17A_012_19,896.8291,1.4207177,-999.0,0.0137383435,8.670002,3.313165,0.14617112,10.35004,11955.675,47.163033,432.4681,303.13943,434.7268,307.13962,287.3401,6.6275935,11.448619,7.819415,8.402823,0.02141115,56.474014,-0.34800306,0,0,1,0.8186065239067744
1237663917339771056,119.237397885005,52.6669289963886,17.66525,15.97546,15.21276,14.82265,14.54762,4294,301,4,91,2105498853250721792,GALAXY,0.01860435,1870,53383,240,473583995.1433333,10001-12701,1-48157,133.371090612,57.5984251446,9.428999281013445,0.927642710084122,11754.1,AGBT17A_012_19,896.8291,1.4207177,-999.0,0.0137383435,8.670002,3.313165,0.14617112,10.35004,11955.675,47.163033,432.4681,303.13943,434.7268,307.13962,287.3401,6.6275935,11.448619,7.819415,8.402823,0.02141115,56.474014,-0.34800306,0,0,1,0.8186065239067744
1237652944767812034,317.502196729728,11.5106326344028,18.20849,16.29449,15.36977,14.88153,14.51024,1739,301,6,26,819754405384448000,GALAXY,0.01676523,728,52520,361,115920821.11086816,10001-12701,1-48157,133.371090612,57.5984251446,9.428999281013445,0.927642710084122,11754.1,AGBT17A_012_19,896.8291,1.4207177,-999.0,0.0137383435,8.670002,3.313165,0.14617112,10.35004,11955.675,47.163033,432.4681,303.13943,434.7268,307.13962,287.3401,6.6275935,11.448619,7.819415,8.402823,0.02141115,56.474014,-0.34800306,0,0,1,0.8186065239067744
1237661383308542154,143.809262062297,34.7316734490507,16.32167,14.4091,13.53706,13.10119,12.74864,3704,301,4,83,1794769164099938304,GALAXY,0.02725264,1594,52992,308,1158795681.4961874,10001-12701,1-48157,133.371090612,57.5984251446,9.428999281013445,0.927642710084122,11754.1,AGBT17A_012_19,896.8291,1.4207177,-999.0,0.0137383435,8.670002,3.313165,0.14617112,10.35004,11955.675,47.163033,432.4681,303.13943,434.7268,307.13962,287.3401,6.6275935,11.448619,7.819415,8.402823,0.02141115,56.474014,-0.34800306,0,0,1,0.8186065239067744
1237661382236111047,147.600693781269,35.1580990710181,18.86033,17.17636,16.38795,16.00894,15.71558,3704,301,2,103,1795822771234695168,GALAXY,0.0386584,1595,52999,45,1007397313.7108185,10001-12701,1-48157,133.371090612,57.5984251446,9.428999281013445,0.927642710084122,11754.1,AGBT17A_012_19,896.8291,1.4207177,-999.0,0.0137383435,8.670002,3.313165,0.14617112,10.35004,11955.675,47.163033,432.4681,303.13943,434.7268,307.13962,287.3401,6.6275935,11.448619,7.819415,8.402823,0.02141115,56.474014,-0.34800306,0,0,1,0.8186065239067744
1237652942095450317,345.667952574416,13.32907847822,16.40121,14.78522,13.93363,13.47013,13.10637,1739,301,1,209,835432062495254528,GALAXY,0.02765166,742,52263,52,767305079.2391984,10001-12701,1-48157,133.371090612,57.5984251446,9.428999281013445,0.927642710084122,11754.1,AGBT17A_012_19,896.8291,1.4207177,-999.0,0.0137383435,8.670002,3.313165,0.14617112,10.35004,11955.675,47.163033,432.4681,303.13943,434.7268,307.13962,287.3401,6.6275935,11.448619,7.819415,8.402823,0.02141115,56.474014,-0.34800306,0,0,1,0.8186065239067744
1237657609107996945,122.144872979411,37.1749896175347,18.49803,16.67834,15.8777,15.50162,15.2046,2825,301,6,113,853438214499756032,GALAXY,0.02117276,758,52253,22,600849380.5977917,10001-12701,1-48157,133.371090612,57.5984251446,9.428999281013445,0.927642710084122,11754.1,AGBT17A_012_19,896.8291,1.4207177,-999.0,0.0137383435,8.670002,3.313165,0.14617112,10.35004,11955.675,47.163033,432.4681,303.13943,434.7268,307.13962,287.3401,6.6275935,11.448619,7.819415,8.402823,0.02141115,56.474014,-0.34800306,0,0,1,0.8186065239067744
1237657857141113040,159.604343899307,50.0202032319152,18.81149,16.96128,16.1092,15.69895,15.39301,2883,301,4,94,985313640829708288,GALAXY,0.04245725,875,52354,550,549283179.0360177,10001-12701,1-48157,133.371090612,57.5984251446,9.428999281013445,0.927642710084122,11754.1,AGBT17A_012_19,896.8291,1.4207177,-999.0,0.0137383435,8.670002,3.313165,0.14617112,10.35004,11955.675,47.163033,432.4681,303.13943,434.7268,307.13962,287.3401,6.6275935,11.448619,7.819415,8.402823,0.02141115,56.474014,-0.34800306,0,0,1,0.8186065239067744
1237665548887130218,208.592101723174,25.1530934860967,16.84254,15.02485,14.2576,13.87015,13.59709,4674,301,3,40,2385857007887345664,GALAXY,0.02906799,2119,53792,273,840735350.2631649,10001-12701,1-48157,133.371090612,57.5984251446,9.428999281013445,0.927642710084122,11754.1,AGBT17A_012_19,896.8291,1.4207177,-999.0,0.0137383435,8.670002,3.313165,0.14617112,10.35004,11955.675,47.163033,432.4681,303.13943,434.7268,307.13962,287.3401,6.6275935,11.448619,7.819415,8.402823,0.02141115,56.474014,-0.34800306,0,0,1,0.8186065239067744
1237664871363313810,149.413329293525,32.6778564348942,18.38427,16.63745,15.711,15.22464,14.84749,4516,301,5,151,2194507893770840064,GALAXY,0.04991843,1949,53433,469,1156114239.014975,10001-12701,1-48157,133.371090612,57.5984251446,9.428999281013445,0.927642710084122,11754.1,AGBT17A_012_19,896.8291,1.4207177,-999.0,0.0137383435,8.670002,3.313165,0.14617112,10.35004,11955.675,47.163033,432.4681,303.13943,434.7268,307.13962,287.3401,6.6275935,11.448619,7.819415,8.402823,0.02141115,56.474014,-0.34800306,0,0,1,0.8186065239067744
1237667442974720035,194.339534742142,27.0229899770861,18.28012,16.68149,16.00986,15.70301,15.50077,5115,301,3,147,2523191788957624320,GALAXY,0.0267178,2241,54169,182,988008421.9235916,10001-12701,1-48157,133.371090612,57.5984251446,9.428999281013445,0.927642710084122,11754.1,AGBT17A_012_19,896.8291,1.4207177,-999.0,0.0137383435,8.670002,3.313165,0.14617112,10.35004,11955.675,47.163033,432.4681,303.13943,434.7268,307.13962,287.3401,6.6275935,11.448619,7.819415,8.402823,0.02141115,56.474014,-0.34800306,0,0,1,0.8186065239067744
1237667442974785616,194.550093323012,27.1276344870915,18.89552,17.28866,16.5955,16.27657,16.01874,5115,301,3,148,2523181343597160448,GALAXY,0.03877467,2241,54169,144,857855329.1816738,10001-12701,1-48157,133.371090612,57.5984251446,9.428999281013445,0.927642710084122,11754.1,AGBT17A_012_19,896.8291,1.4207177,-999.0,0.0137383435,8.670002,3.313165,0.14617112,10.35004,11955.675,47.163033,432.4681,303.13943,434.7268,307.13962,287.3401,6.6275935,11.448619,7.819415,8.402823,0.02141115,56.474014,-0.34800306,0,0,1,0.8186065239067744
1237667442974916615,194.769318215841,26.9581915564873,18.45523,17.08134,16.48322,16.18708,16.0799,5115,301,3,150,2522034822042380288,GALAXY,0.02700072,2240,53823,69,1245426900.1199677,10001-12701,1-48157,133.371090612,57.5984251446,9.428999281013445,0.927642710084122,11754.1,AGBT17A_012_19,896.8291,1.4207177,-999.0,0.0137383435,8.670002,3.313165,0.14617112,10.35004,11955.675,47.163033,432.4681,303.13943,434.7268,307.13962,287.3401,6.6275935,11.448619,7.819415,8.402823,0.02141115,56.474014,-0.34800306,0,0,1,0.8186065239067744
1237651754541449534,166.881657606105,2.8920776527202,18.74186,16.82229,15.94638,15.51737,15.16485,1462,301,5,277,573188645528299520,GALAXY,0.05745812,509,52374,384,783187469.3202249,10001-12701,1-48157,133.371090612,57.5984251446,9.428999281013445,0.927642710084122,11754.1,AGBT17A_012_19,896.8291,1.4207177,-999.0,0.0137383435,8.670002,3.313165,0.14617112,10.35004,11955.675,47.163033,432.4681,303.13943,434.7268,307.13962,287.3401,6.6275935,11.448619,7.819415,8.402823,0.02141115,56.474014,-0.34800306,0,0,1,0.8186065239067744
1237663917338525929,117.029000571414,50.1134776134693,17.74047,16.11655,15.4867,15.16418,14.94801,4294,301,4,72,2104382573131098112,GALAXY,0.0214548,1869,53327,275,469046169.40589714,10001-12701,1-48157,133.371090612,57.5984251446,9.428999281013445,0.927642710084122,11754.1,AGBT17A_012_19,896.8291,1.4207177,-999.0,0.0137383435,8.670002,3.313165,0.14617112,10.35004,11955.675,47.163033,432.4681,303.13943,434.7268,307.13962,287.3401,6.6275935,11.448619,7.819415,8.402823,0.02141115,56.474014,-0.34800306,0,0,1,0.8186065239067744
1237654601031090212,160.460777083939,4.33077964007494,16.81193,14.77705,13.96356,13.53303,13.20861,2125,301,3,278,649653082052913152,GALAXY,0.0268043,577,52367,32,784837587.7702017,10001-12701,1-48157,133.371090612,57.5984251446,9.428999281013445,0.927642710084122,11754.1,AGBT17A_012_19,896.8291,1.4207177,-999.0,0.0137383435,8.670002,3.313165,0.14617112,10.35004,11955.675,47.163033,432.4681,303.13943,434.7268,307.13962,287.3401,6.6275935,11.448619,7.819415,8.402823,0.02141115,56.474014,-0.34800306,0,0,1,0.8186065239067744
1237660637073440814,169.823720967645,47.6483142599552,16.04109,14.13807,13.34076,12.99121,12.70585,3530,301,6,319,7527998881294211072,GALAXY,0.03440074,6686,56389,844,518137193.2927061,10001-12701,1-48157,133.371090612,57.5984251446,9.428999281013445,0.927642710084122,11754.1,AGBT17A_012_19,896.8291,1.4207177,-999.0,0.0137383435,8.670002,3.313165,0.14617112,10.35004,11955.675,47.163033,432.4681,303.13943,434.7268,307.13962,287.3401,6.6275935,11.448619,7.819415,8.402823,0.02141115,56.474014,-0.34800306,0,0,1,0.8186065239067744
1237657630054285438,144.7238019148,45.3676130403884,18.38913,16.99386,16.28865,15.87842,15.56118,2830,301,5,240,1353459551080310784,GALAXY,0.0420241,1202,52672,465,340130665.5014619,10001-12701,1-48157,133.371090612,57.5984251446,9.428999281013445,0.927642710084122,11754.1,AGBT17A_012_19,896.8291,1.4207177,-999.0,0.0137383435,8.670002,3.313165,0.14617112,10.35004,11955.675,47.163033,432.4681,303.13943,434.7268,307.13962,287.3401,6.6275935,11.448619,7.819415,8.402823,0.02141115,56.474014,-0.34800306,0,0,1,0.8186065239067744
1237661385999253538,228.459181057584,47.5272703723925,17.40151,15.8946,15.04193,14.75255,14.60898,3705,301,1,180,1497482107818108928,GALAXY,0.02628323,1330,52822,128,418098762.26286435,10001-12701,1-48157,133.371090612,57.5984251446,9.428999281013445,0.927642710084122,11754.1,AGBT17A_012_19,896.8291,1.4207177,-999.0,0.0137383435,8.670002,3.313165,0.14617112,10.35004,11955.675,47.163033,432.4681,303.13943,434.7268,307.13962,287.3401,6.6275935,11.448619,7.819415,8.402823,0.02141115,56.474014,-0.34800306,0,0,1,0.8186065239067744
1237651224635507034,257.147575525764,57.8102039645096,17.35573,16.2056,15.95817,15.78502,15.69658,1339,301,2,58,399793452973320192,GALAXY,0.02958246,355,51788,360,64973413.96783535,10001-12701,1-48157,133.371090612,57.5984251446,9.428999281013445,0.927642710084122,11754.1,AGBT17A_012_19,896.8291,1.4207177,-999.0,0.0137383435,8.670002,3.313165,0.14617112,10.35004,11955.675,47.163033,432.4681,303.13943,434.7268,307.13962,287.3401,6.6275935,11.448619,7.819415,8.402823,0.02141115,56.474014,-0.34800306,0,0,1,0.8186065239067744
1237660937165734092,133.98986324963,57.6779493360263,17.05159,15.47554,14.68778,14.28096,13.91693,3600,301,5,36,543935031609944064,GALAXY,0.01412151,483,51924,456,618794.4187412891,10001-12701,1-48157,133.371090612,57.5984251446,9.428999281013445,0.927642710084122,11754.1,AGBT17A_012_19,896.8291,1.4207177,-999.0,0.0137383435,8.670002,3.313165,0.14617112,10.35004,11955.675,47.163033,432.4681,303.13943,434.7268,307.13962,287.3401,6.6275935,11.448619,7.819415,8.402823,0.02141115,56.474014,-0.34800306,0,0,1,0.8186065239067744
1237663917339574436,118.761269661196,52.2274242545537,18.83076,17.24739,16.42367,16.00264,15.62688,4294,301,4,88,2104446894561323008,GALAXY,0.0231706,1869,53327,509,472552671.1120978,10001-12701,1-48157,133.371090612,57.5984251446,9.428999281013445,0.927642710084122,11754.1,AGBT17A_012_19,896.8291,1.4207177,-999.0,0.0137383435,8.670002,3.313165,0.14617112,10.35004,11955.675,47.163033,432.4681,303.13943,434.7268,307.13962,287.3401,6.6275935,11.448619,7.819415,8.402823,0.02141115,56.474014,-0.34800306,0,0,1,0.8186065239067744
1237661360765599904,215.704211192015,42.3956598458424,19.23644,17.50888,16.79093,16.47032,16.20782,3699,301,2,169,1570707383255066624,GALAXY,0.02556792,1395,52825,280,302384205.95824325,10001-12701,1-48157,133.371090612,57.5984251446,9.428999281013445,0.927642710084122,11754.1,AGBT17A_012_19,896.8291,1.4207177,-999.0,0.0137383435,8.670002,3.313165,0.14617112,10.35004,11955.675,47.163033,432.4681,303.13943,434.7268,307.13962,287.3401,6.6275935,11.448619,7.819415,8.402823,0.02141115,56.474014,-0.34800306,0,0,1,0.8186065239067744
1237657775008120890,140.218467144424,42.7088148050772,17.54757,15.62971,14.77281,14.37757,14.04364,2864,301,3,220,1352355366561671168,GALAXY,0.02464091,1201,52674,544,232047907.02798343,10001-12701,1-48157,133.371090612,57.5984251446,9.428999281013445,0.927642710084122,11754.1,AGBT17A_012_19,896.8291,1.4207177,-999.0,0.0137383435,8.670002,3.313165,0.14617112,10.35004,11955.675,47.163033,432.4681,303.13943,434.7268,307.13962,287.3401,6.6275935,11.448619,7.819415,8.402823,0.02141115,56.474014,-0.34800306,0,0,1,0.8186065239067744
1237661383305396414,136.329293901048,31.1879557201125,18.88678,17.23458,16.46849,16.10817,15.82894,3704,301,4,35,1791374421680744448,GALAXY,0.03986918,1591,52976,246,941805105.324242,10001-12701,1-48157,133.371090612,57.5984251446,9.428999281013445,0.927642710084122,11754.1,AGBT17A_012_19,896.8291,1.4207177,-999.0,0.0137383435,8.670002,3.313165,0.14617112,10.35004,11955.675,47.163033,432.4681,303.13943,434.7268,307.13962,287.3401,6.6275935,11.448619,7.819415,8.402823,0.02141115,56.474014,-0.34800306,0,0,1,0.8186065239067744
1237656495645524125,348.094558060461,14.50630393277,18.56879,16.97005,16.25154,15.8869,15.66353,2566,301,4,232,837790514735507456,GALAXY,0.0166204,744,52251,440,1075258434.9661133,10001-12701,1-48157,133.371090612,57.5984251446,9.428999281013445,0.927642710084122,11754.1,AGBT17A_012_19,896.8291,1.4207177,-999.0,0.0137383435,8.670002,3.313165,0.14617112,10.35004,11955.675,47.163033,432.4681,303.13943,434.7268,307.13962,287.3401,6.6275935,11.448619,7.819415,8.402823,0.02141115,56.474014,-0.34800306,0,0,1,0.8186065239067744
1237648720145350674,153.426075777506,-0.907198326395588,19.15083,17.24823,16.42647,16.02654,15.74605,756,301,1,251,304005926136866816,GALAXY,0.04507175,270,51909,47,43934403.73063152,10001-12701,1-48157,133.371090612,57.5984251446,9.428999281013445,0.927642710084122,11754.1,AGBT17A_012_19,896.8291,1.4207177,-999.0,0.0137383435,8.670002,3.313165,0.14617112,10.35004,11955.675,47.163033,432.4681,303.13943,434.7268,307.13962,287.3401,6.6275935,11.448619,7.819415,8.402823,0.02141115,56.474014,-0.34800306,0,0,1,0.8186065239067744
1237663916264784126,118.11968912923,49.8386909652448,17.64889,16.08693,15.37282,14.99465,14.7322,4294,301,2,72,2103335288154646528,GALAXY,0.02165877,1868,53318,561,396234692.8006721,10001-12701,1-48157,133.371090612,57.5984251446,9.428999281013445,0.927642710084122,11754.1,AGBT17A_012_19,896.8291,1.4207177,-999.0,0.0137383435,8.670002,3.313165,0.14617112,10.35004,11955.675,47.163033,432.4681,303.13943,434.7268,307.13962,287.3401,6.6275935,11.448619,7.819415,8.402823,0.02141115,56.474014,-0.34800306,0,0,1,0.8186065239067744
1237671936043385085,257.449451785105,36.5372727540106,18.5267,17.4559,17.08828,16.85868,16.67603,6161,301,4,86,3345070415591532544,GALAXY,0.03599373,2971,54590,79,118602263.59208041,10001-12701,1-48157,133.371090612,57.5984251446,9.428999281013445,0.927642710084122,11754.1,AGBT17A_012_19,896.8291,1.4207177,-999.0,0.0137383435,8.670002,3.313165,0.14617112,10.35004,11955.675,47.163033,432.4681,303.13943,434.7268,307.13962,287.3401,6.6275935,11.448619,7.819415,8.402823,0.02141115,56.474014,-0.34800306,0,0,1,0.8186065239067744
1237671936043974729,258.271060556555,35.2686172893133,17.84393,15.99806,15.12397,14.66069,14.30212,6161,301,4,95,5622908058290378752,GALAXY,0.02566514,4994,55739,596,119221058.01082169,10001-12701,1-48157,133.371090612,57.5984251446,9.428999281013445,0.927642710084122,11754.1,AGBT17A_012_19,896.8291,1.4207177,-999.0,0.0137383435,8.670002,3.313165,0.14617112,10.35004,11955.675,47.163033,432.4681,303.13943,434.7268,307.13962,287.3401,6.6275935,11.448619,7.819415,8.402823,0.02141115,56.474014,-0.34800306,0,0,1,0.8186065239067744
1237661417674571935,209.079844618532,55.167756519005,18.00554,16.84837,16.48414,16.23962,16.13696,3712,301,4,179,1490790209636296704,GALAXY,0.04082531,1324,53088,359,49297288.69305603,10001-12701,1-48157,133.371090612,57.5984251446,9.428999281013445,0.927642710084122,11754.1,AGBT17A_012_19,896.8291,1.4207177,-999.0,0.0137383435,8.670002,3.313165,0.14617112,10.35004,11955.675,47.163033,432.4681,303.13943,434.7268,307.13962,287.3401,6.6275935,11.448619,7.819415,8.402823,0.02141115,56.474014,-0.34800306,0,0,1,0.8186065239067744
1237658298985677204,132.250230449648,4.34378595643764,17.71714,16.25501,15.57317,15.17378,14.94649,2986,301,3,91,1337575730858452992,GALAXY,0.05894941,1188,52650,24,706456961.396305,10001-12701,1-48157,133.371090612,57.5984251446,9.428999281013445,0.927642710084122,11754.1,AGBT17A_012_19,896.8291,1.4207177,-999.0,0.0137383435,8.670002,3.313165,0.14617112,10.35004,11955.675,47.163033,432.4681,303.13943,434.7268,307.13962,287.3401,6.6275935,11.448619,7.819415,8.402823,0.02141115,56.474014,-0.34800306,0,0,1,0.8186065239067744
1237667259895185529,203.94410194692,29.8559075260304,19.32154,17.70518,16.96365,16.61171,16.33948,5072,301,6,47,2357715008764274688,GALAXY,0.03716406,2094,53851,293,1113417424.1218262,10001-12701,1-48157,133.371090612,57.5984251446,9.428999281013445,0.927642710084122,11754.1,AGBT17A_012_19,896.8291,1.4207177,-999.0,0.0137383435,8.670002,3.313165,0.14617112,10.35004,11955.675,47.163033,432.4681,303.13943,434.7268,307.13962,287.3401,6.6275935,11.448619,7.819415,8.402823,0.02141115,56.474014,-0.34800306,0,0,1,0.8186065239067744
1237659326557388947,225.622951270847,53.575736653089,18.39068,17.21692,16.70473,16.42306,16.25504,3225,301,5,103,1310679752700356608,GALAXY,0.03472794,1164,52674,481,410879494.0442159,10001-12701,1-48157,133.371090612,57.5984251446,9.428999281013445,0.927642710084122,11754.1,AGBT17A_012_19,896.8291,1.4207177,-999.0,0.0137383435,8.670002,3.313165,0.14617112,10.35004,11955.675,47.163033,432.4681,303.13943,434.7268,307.13962,287.3401,6.6275935,11.448619,7.819415,8.402823,0.02141115,56.474014,-0.34800306,0,0,1,0.8186065239067744
1237659326557388869,225.69136353067,53.5121819337812,17.26987,15.42137,14.55788,14.11165,13.80942,3225,301,5,103,7557111750711334912,GALAXY,0.03432728,6712,56421,260,411498288.46295726,10001-12701,1-48157,133.371090612,57.5984251446,9.428999281013445,0.927642710084122,11754.1,AGBT17A_012_19,896.8291,1.4207177,-999.0,0.0137383435,8.670002,3.313165,0.14617112,10.35004,11955.675,47.163033,432.4681,303.13943,434.7268,307.13962,287.3401,6.6275935,11.448619,7.819415,8.402823,0.02141115,56.474014,-0.34800306,0,0,1,0.8186065239067744
1237659326566170748,247.336436941163,39.8204179247865,17.26818,15.35482,14.50821,14.10229,13.78411,3225,301,5,237,1319708393857902592,GALAXY,0.02609128,1172,52759,559,425730560.0940069,10001-12701,1-48157,133.371090612,57.5984251446,9.428999281013445,0.927642710084122,11754.1,AGBT17A_012_19,896.8291,1.4207177,-999.0,0.0137383435,8.670002,3.313165,0.14617112,10.35004,11955.675,47.163033,432.4681,303.13943,434.7268,307.13962,287.3401,6.6275935,11.448619,7.819415,8.402823,0.02141115,56.474014,-0.34800306,0,0,1,0.8186065239067744
1237659326566170847,247.572403924268,39.8894358003492,16.811,15.10484,14.34364,13.95764,13.66488,3225,301,5,237,1319716915073017856,GALAXY,0.02965493,1172,52759,590,427586943.35023075,10001-12701,1-48157,133.371090612,57.5984251446,9.428999281013445,0.927642710084122,11754.1,AGBT17A_012_19,896.8291,1.4207177,-999.0,0.0137383435,8.670002,3.313165,0.14617112,10.35004,11955.675,47.163033,432.4681,303.13943,434.7268,307.13962,287.3401,6.6275935,11.448619,7.819415,8.402823,0.02141115,56.474014,-0.34800306,0,0,1,0.8186065239067744
1237659326566367503,247.763387595914,39.5621946412874,17.45051,15.59461,14.75267,14.34925,14.06151,3225,301,5,240,1319564082956756992,GALAXY,0.03219726,1172,52759,34,427999472.962725,10001-12701,1-48157,133.371090612,57.5984251446,9.428999281013445,0.927642710084122,11754.1,AGBT17A_012_19,896.8291,1.4207177,-999.0,0.0137383435,8.670002,3.313165,0.14617112,10.35004,11955.675,47.163033,432.4681,303.13943,434.7268,307.13962,287.3401,6.6275935,11.448619,7.819415,8.402823,0.02141115,56.474014,-0.34800306,0,0,1,0.8186065239067744
1237659326566236248,247.63869172757,39.8307409970989,16.64809,14.89731,14.13625,13.76842,13.51053,3225,301,5,238,1319727910189295616,GALAXY,0.02455585,1172,52759,630,379320978.6884102,10001-12701,1-48157,133.371090612,57.5984251446,9.428999281013445,0.927642710084122,11754.1,AGBT17A_012_19,896.8291,1.4207177,-999.0,0.0137383435,8.670002,3.313165,0.14617112,10.35004,11955.675,47.163033,432.4681,303.13943,434.7268,307.13962,287.3401,6.6275935,11.448619,7.819415,8.402823,0.02141115,56.474014,-0.34800306,0,0,1,0.8186065239067744
1237663917338788234,117.468431824231,50.7712370284045,17.24424,15.29919,14.39962,13.96333,13.60081,4294,301,4,76,2104380923863656448,GALAXY,0.02120906,1869,53327,269,473790259.9495804,10001-12701,1-48157,133.371090612,57.5984251446,9.428999281013445,0.927642710084122,11754.1,AGBT17A_012_19,896.8291,1.4207177,-999.0,0.0137383435,8.670002,3.313165,0.14617112,10.35004,11955.675,47.163033,432.4681,303.13943,434.7268,307.13962,287.3401,6.6275935,11.448619,7.819415,8.402823,0.02141115,56.474014,-0.34800306,0,0,1,0.8186065239067744
1237663917341016282,121.664743261986,55.1470843637675,16.84242,14.98094,14.09401,13.63621,13.284,4294,301,4,110,2106694847040612352,GALAXY,0.03286848,1871,53384,495,474821583.9808158,10001-12701,1-48157,133.371090612,57.5984251446,9.428999281013445,0.927642710084122,11754.1,AGBT17A_012_19,896.8291,1.4207177,-999.0,0.0137383435,8.670002,3.313165,0.14617112,10.35004,11955.675,47.163033,432.4681,303.13943,434.7268,307.13962,287.3401,6.6275935,11.448619,7.819415,8.402823,0.02141115,56.474014,-0.34800306,0,0,1,0.8186065239067744
1237655107822223613,123.396343713486,38.9284231516082,17.72934,16.64867,16.19704,15.92991,15.76604,2243,301,3,49,854581706609420288,GALAXY,0.04111031,759,52254,86,65385943.580329545,10001-12701,1-48157,133.371090612,57.5984251446,9.428999281013445,0.927642710084122,11754.1,AGBT17A_012_19,896.8291,1.4207177,-999.0,0.0137383435,8.670002,3.313165,0.14617112,10.35004,11955.675,47.163033,432.4681,303.13943,434.7268,307.13962,287.3401,6.6275935,11.448619,7.819415,8.402823,0.02141115,56.474014,-0.34800306,0,0,1,0.8186065239067744
1237663916802834756,119.623508590066,52.4169687007631,17.65712,16.71967,16.27854,16.02012,15.8054,4294,301,3,90,2105483460087932928,GALAXY,0.04065693,1870,53383,184,473171465.530839,10001-12701,1-48157,133.371090612,57.5984251446,9.428999281013445,0.927642710084122,11754.1,AGBT17A_012_19,896.8291,1.4207177,-999.0,0.0137383435,8.670002,3.313165,0.14617112,10.35004,11955.675,47.163033,432.4681,303.13943,434.7268,307.13962,287.3401,6.6275935,11.448619,7.819415,8.402823,0.02141115,56.474014,-0.34800306,0,0,1,0.8186065239067744
1237665328785129496,202.235771300608,30.1502107865444,18.4514,16.64683,15.83227,15.43833,15.13986,4623,301,1,270,2375683221342939136,GALAXY,0.04775599,2110,53467,125,1110323452.0281196,10001-12701,1-48157,133.371090612,57.5984251446,9.428999281013445,0.927642710084122,11754.1,AGBT17A_012_19,896.8291,1.4207177,-999.0,0.0137383435,8.670002,3.313165,0.14617112,10.35004,11955.675,47.163033,432.4681,303.13943,434.7268,307.13962,287.3401,6.6275935,11.448619,7.819415,8.402823,0.02141115,56.474014,-0.34800306,0,0,1,0.8186065239067744
1237661386530881736,212.271924421795,53.7954367979144,17.82485,16.71647,16.28114,16.04592,15.94423,3705,301,2,100,1490719016258398208,GALAXY,0.04149405,1324,53088,100,405104079.46929723,10001-12701,1-48157,133.371090612,57.5984251446,9.428999281013445,0.927642710084122,11754.1,AGBT17A_012_19,896.8291,1.4207177,-999.0,0.0137383435,8.670002,3.313165,0.14617112,10.35004,11955.675,47.163033,432.4681,303.13943,434.7268,307.13962,287.3401,6.6275935,11.448619,7.819415,8.402823,0.02141115,56.474014,-0.34800306,0,0,1,0.8186065239067744
1237661386530947173,212.535248512345,53.6403044455113,17.61285,16.41501,15.97329,15.70452,15.5801,3705,301,2,101,1490706371874678784,GALAXY,0.04282739,1324,53088,54,405310344.27554435,10001-12701,1-48157,133.371090612,57.5984251446,9.428999281013445,0.927642710084122,11754.1,AGBT17A_012_19,896.8291,1.4207177,-999.0,0.0137383435,8.670002,3.313165,0.14617112,10.35004,11955.675,47.163033,432.4681,303.13943,434.7268,307.13962,287.3401,6.6275935,11.448619,7.819415,8.402823,0.02141115,56.474014,-0.34800306,0,0,1,0.8186065239067744
1237661386534748167,225.007938266808,49.746821884088,18.06812,16.44237,15.77892,15.46836,15.29943,3705,301,2,159,1496365552837355520,GALAXY,0.02602567,1329,52767,162,672423268.3655342,10001-12701,1-48157,133.371090612,57.5984251446,9.428999281013445,0.927642710084122,11754.1,AGBT17A_012_19,896.8291,1.4207177,-999.0,0.0137383435,8.670002,3.313165,0.14617112,10.35004,11955.675,47.163033,432.4681,303.13943,434.7268,307.13962,287.3401,6.6275935,11.448619,7.819415,8.402823,0.02141115,56.474014,-0.34800306,0,0,1,0.8186065239067744
1237661386538811611,235.902454610896,43.9803438256531,17.44424,15.87935,15.17974,14.83139,14.56436,3705,301,2,221,1500883721245452288,GALAXY,0.01980497,1333,52782,215,585585784.9355066,10001-12701,1-48157,133.371090612,57.5984251446,9.428999281013445,0.927642710084122,11754.1,AGBT17A_012_19,896.8291,1.4207177,-999.0,0.0137383435,8.670002,3.313165,0.14617112,10.35004,11955.675,47.163033,432.4681,303.13943,434.7268,307.13962,287.3401,6.6275935,11.448619,7.819415,8.402823,0.02141115,56.474014,-0.34800306,0,0,1,0.8186065239067744
1237661386530816015,212.057332871981,53.8834871835637,16.99932,15.06122,14.22925,13.80441,13.56141,3705,301,2,99,1491882294091212800,GALAXY,0.04152443,1325,52762,236,406547933.1130269,10001-12701,1-48157,133.371090612,57.5984251446,9.428999281013445,0.927642710084122,11754.1,AGBT17A_012_19,896.8291,1.4207177,-999.0,0.0137383435,8.670002,3.313165,0.14617112,10.35004,11955.675,47.163033,432.4681,303.13943,434.7268,307.13962,287.3401,6.6275935,11.448619,7.819415,8.402823,0.02141115,56.474014,-0.34800306,0,0,1,0.8186065239067744
1237661386538876954,235.901536066655,43.9132904429921,17.0857,15.19312,14.35891,13.94771,13.64671,3705,301,2,222,1500883446367545344,GALAXY,0.03724648,1333,52782,214,587029638.5792363,10001-12701,1-48157,133.371090612,57.5984251446,9.428999281013445,0.927642710084122,11754.1,AGBT17A_012_19,896.8291,1.4207177,-999.0,0.0137383435,8.670002,3.313165,0.14617112,10.35004,11955.675,47.163033,432.4681,303.13943,434.7268,307.13962,287.3401,6.6275935,11.448619,7.819415,8.402823,0.02141115,56.474014,-0.34800306,0,0,1,0.8186065239067744
1237665126939230227,201.084207024633,32.8481205352829,16.56959,14.68414,13.85934,13.45876,13.16974,4576,301,1,538,2377948491298138112,GALAXY,0.03886563,2112,53534,174,843004263.1318828,10001-12701,1-48157,133.371090612,57.5984251446,9.428999281013445,0.927642710084122,11754.1,AGBT17A_012_19,896.8291,1.4207177,-999.0,0.0137383435,8.670002,3.313165,0.14617112,10.35004,11955.675,47.163033,432.4681,303.13943,434.7268,307.13962,287.3401,6.6275935,11.448619,7.819415,8.402823,0.02141115,56.474014,-0.34800306,0,0,1,0.8186065239067744
1237654600497496215,168.00175218094,4.1302781836311,17.52939,15.99378,15.29286,14.94195,14.64301,2125,301,2,328,940213322656016384,GALAXY,0.03004838,835,52326,316,781537350.8702481,10001-12701,1-48157,133.371090612,57.5984251446,9.428999281013445,0.927642710084122,11754.1,AGBT17A_012_19,896.8291,1.4207177,-999.0,0.0137383435,8.670002,3.313165,0.14617112,10.35004,11955.675,47.163033,432.4681,303.13943,434.7268,307.13962,287.3401,6.6275935,11.448619,7.819415,8.402823,0.02141115,56.474014,-0.34800306,0,0,1,0.8186065239067744
1237663916267274343,122.826372346824,54.7478642220037,18.76584,16.99562,16.02134,15.53256,15.14171,4294,301,2,110,2106591492947601408,GALAXY,0.03277945,1871,53384,119,475852908.01205134,10001-12701,1-48157,133.371090612,57.5984251446,9.428999281013445,0.927642710084122,11754.1,AGBT17A_012_19,896.8291,1.4207177,-999.0,0.0137383435,8.670002,3.313165,0.14617112,10.35004,11955.675,47.163033,432.4681,303.13943,434.7268,307.13962,287.3401,6.6275935,11.448619,7.819415,8.402823,0.02141115,56.474014,-0.34800306,0,0,1,0.8186065239067744
1237663916263670114,116.286572569308,47.5524190413281,18.83064,17.66803,17.2346,17.01206,16.81871,4294,301,2,55,2102220933103118336,GALAXY,0.02128246,1867,53317,603,179037851.82247964,10001-12701,1-48157,133.371090612,57.5984251446,9.428999281013445,0.927642710084122,11754.1,AGBT17A_012_19,896.8291,1.4207177,-999.0,0.0137383435,8.670002,3.313165,0.14617112,10.35004,11955.675,47.163033,432.4681,303.13943,434.7268,307.13962,287.3401,6.6275935,11.448619,7.819415,8.402823,0.02141115,56.474014,-0.34800306,0,0,1,0.8186065239067744
1237665024372310156,196.370354783226,33.8487589705602,16.67885,15.55658,15.19243,14.98735,14.83978,4552,301,2,163,2258719648432285696,GALAXY,0.02376549,2006,53476,598,836197524.5257287,10001-12701,1-48157,133.371090612,57.5984251446,9.428999281013445,0.927642710084122,11754.1,AGBT17A_012_19,896.8291,1.4207177,-999.0,0.0137383435,8.670002,3.313165,0.14617112,10.35004,11955.675,47.163033,432.4681,303.13943,434.7268,307.13962,287.3401,6.6275935,11.448619,7.819415,8.402823,0.02141115,56.474014,-0.34800306,0,0,1,0.8186065239067744
1237665024368246912,185.154604674043,34.4419529094533,16.70317,14.78784,13.88842,13.42341,13.06002,4552,301,2,101,2250823506130397184,GALAXY,0.03240522,1999,53503,544,1087634323.340939,10001-12701,1-48157,133.371090612,57.5984251446,9.428999281013445,0.927642710084122,11754.1,AGBT17A_012_19,896.8291,1.4207177,-999.0,0.0137383435,8.670002,3.313165,0.14617112,10.35004,11955.675,47.163033,432.4681,303.13943,434.7268,307.13962,287.3401,6.6275935,11.448619,7.819415,8.402823,0.02141115,56.474014,-0.34800306,0,0,1,0.8186065239067744
1237663917342064953,124.067196895194,57.1672028964678,18.5718,16.75766,15.84949,15.39556,15.02863,4294,301,4,126,2108891688939317248,GALAXY,0.04426724,1873,54437,295,21245275.043450925,10001-12701,1-48157,133.371090612,57.5984251446,9.428999281013445,0.927642710084122,11754.1,AGBT17A_012_19,896.8291,1.4207177,-999.0,0.0137383435,8.670002,3.313165,0.14617112,10.35004,11955.675,47.163033,432.4681,303.13943,434.7268,307.13962,287.3401,6.6275935,11.448619,7.819415,8.402823,0.02141115,56.474014,-0.34800306,0,0,1,0.8186065239067744
1237654606387806429,133.278027482387,3.8146592826336,18.76303,17.03533,16.23305,15.84304,15.55768,2126,301,5,95,636223919526799360,GALAXY,0.02770662,565,52225,329,969238324.5551058,10001-12701,1-48157,133.371090612,57.5984251446,9.428999281013445,0.927642710084122,11754.1,AGBT17A_012_19,896.8291,1.4207177,-999.0,0.0137383435,8.670002,3.313165,0.14617112,10.35004,11955.675,47.163033,432.4681,303.13943,434.7268,307.13962,287.3401,6.6275935,11.448619,7.819415,8.402823,0.02141115,56.474014,-0.34800306,0,0,1,0.8186065239067744
1237663789568753900,123.321851525829,58.3615724613878,19.43703,18.13019,17.5478,17.24939,17.09948,4264,301,6,156,2108907631857920000,GALAXY,0.02549898,1873,54437,353,20213951.012215443,10001-12701,1-48157,133.371090612,57.5984251446,9.428999281013445,0.927642710084122,11754.1,AGBT17A_012_19,896.8291,1.4207177,-999.0,0.0137383435,8.670002,3.313165,0.14617112,10.35004,11955.675,47.163033,432.4681,303.13943,434.7268,307.13962,287.3401,6.6275935,11.448619,7.819415,8.402823,0.02141115,56.474014,-0.34800306,0,0,1,0.8186065239067744
1237662225700487541,243.560962190328,24.2809643412873,18.8724,17.35475,16.55822,16.10725,15.73513,3900,301,5,716,1865760790473107456,GALAXY,0.04472496,1657,53520,526,1296993101.681742,10001-12701,1-48157,133.371090612,57.5984251446,9.428999281013445,0.927642710084122,11754.1,AGBT17A_012_19,896.8291,1.4207177,-999.0,0.0137383435,8.670002,3.313165,0.14617112,10.35004,11955.675,47.163033,432.4681,303.13943,434.7268,307.13962,287.3401,6.6275935,11.448619,7.819415,8.402823,0.02141115,56.474014,-0.34800306,0,0,1,0.8186065239067744
1237663917340164281,120.151320871157,53.4591150099817,17.66109,15.98738,15.28397,14.95454,14.64755,4294,301,4,97,2105571695896061952,GALAXY,0.02381706,1870,53383,505,475234113.59331006,10001-12701,1-48157,133.371090612,57.5984251446,9.428999281013445,0.927642710084122,11754.1,AGBT17A_012_19,896.8291,1.4207177,-999.0,0.0137383435,8.670002,3.313165,0.14617112,10.35004,11955.675,47.163033,432.4681,303.13943,434.7268,307.13962,287.3401,6.6275935,11.448619,7.819415,8.402823,0.02141115,56.474014,-0.34800306,0,0,1,0.8186065239067744
1237663918414758193,120.221862284037,55.5631076856616,16.73031,14.77715,13.8676,13.41538,13.06655,4294,301,6,110,2106651966087129088,GALAXY,0.03382679,1871,53384,339,474409054.36832166,10001-12701,1-48157,133.371090612,57.5984251446,9.428999281013445,0.927642710084122,11754.1,AGBT17A_012_19,896.8291,1.4207177,-999.0,0.0137383435,8.670002,3.313165,0.14617112,10.35004,11955.675,47.163033,432.4681,303.13943,434.7268,307.13962,287.3401,6.6275935,11.448619,7.819415,8.402823,0.02141115,56.474014,-0.34800306,0,0,1,0.8186065239067744
1237663918415741307,122.414916540793,57.5246758700155,18.04175,16.1316,15.3113,14.87721,14.57571,4294,301,6,125,2107774017736828928,GALAXY,0.02523415,1872,53386,325,20626480.624709636,10001-12701,1-48157,133.371090612,57.5984251446,9.428999281013445,0.927642710084122,11754.1,AGBT17A_012_19,896.8291,1.4207177,-999.0,0.0137383435,8.670002,3.313165,0.14617112,10.35004,11955.675,47.163033,432.4681,303.13943,434.7268,307.13962,287.3401,6.6275935,11.448619,7.819415,8.402823,0.02141115,56.474014,-0.34800306,0,0,1,0.8186065239067744
1237663918410105250,112.698601032687,46.0101707299549,18.31989,16.72037,16.12299,15.8436,15.63273,4294,301,6,39,2101034834884323328,GALAXY,0.02119997,1866,53314,384,177593998.17874998,10001-12701,1-48157,133.371090612,57.5984251446,9.428999281013445,0.927642710084122,11754.1,AGBT17A_012_19,896.8291,1.4207177,-999.0,0.0137383435,8.670002,3.313165,0.14617112,10.35004,11955.675,47.163033,432.4681,303.13943,434.7268,307.13962,287.3401,6.6275935,11.448619,7.819415,8.402823,0.02141115,56.474014,-0.34800306,0,0,1,0.8186065239067744
1237662473694085368,243.063296259362,31.8187231320717,18.56216,16.74569,15.92267,15.50565,15.216,3958,301,3,94,1597664390063089664,GALAXY,0.04937778,1419,53144,45,1331233059.51876,10001-12701,1-48157,133.371090612,57.5984251446,9.428999281013445,0.927642710084122,11754.1,AGBT17A_012_19,896.8291,1.4207177,-999.0,0.0137383435,8.670002,3.313165,0.14617112,10.35004,11955.675,47.163033,432.4681,303.13943,434.7268,307.13962,287.3401,6.6275935,11.448619,7.819415,8.402823,0.02141115,56.474014,-0.34800306,0,0,1,0.8186065239067744
1237665442072494360,242.79301379713,17.1854038921863,18.1147,16.78266,16.18777,15.85327,15.59476,4649,301,4,386,2477133791693400064,GALAXY,0.04366765,2200,53875,560,1058963515.2725928,10001-12701,1-48157,133.371090612,57.5984251446,9.428999281013445,0.927642710084122,11754.1,AGBT17A_012_19,896.8291,1.4207177,-999.0,0.0137383435,8.670002,3.313165,0.14617112,10.35004,11955.675,47.163033,432.4681,303.13943,434.7268,307.13962,287.3401,6.6275935,11.448619,7.819415,8.402823,0.02141115,56.474014,-0.34800306,0,0,1,0.8186065239067744
1237660961861009574,127.592545603232,28.0919244766086,19.5,17.77785,16.93857,16.54468,16.21679,3606,301,3,24,1426677409125525504,GALAXY,0.04042293,1267,52932,590,1316588258.275216,10001-12701,1-48157,133.371090612,57.5984251446,9.428999281013445,0.927642710084122,11754.1,AGBT17A_012_19,896.8291,1.4207177,-999.0,0.0137383435,8.670002,3.313165,0.14617112,10.35004,11955.675,47.163033,432.4681,303.13943,434.7268,307.13962,287.3401,6.6275935,11.448619,7.819415,8.402823,0.02141115,56.474014,-0.34800306,0,0,1,0.8186065239067744
1237663916265111838,118.890262491444,50.4130959850371,18.98416,17.13273,16.61751,16.352,16.14844,4294,301,2,77,2104360033142728704,GALAXY,0.02204587,1869,53327,193,481628322.58697,10001-12701,1-48157,133.371090612,57.5984251446,9.428999281013445,0.927642710084122,11754.1,AGBT17A_012_19,896.8291,1.4207177,-999.0,0.0137383435,8.670002,3.313165,0.14617112,10.35004,11955.675,47.163033,432.4681,303.13943,434.7268,307.13962,287.3401,6.6275935,11.448619,7.819415,8.402823,0.02141115,56.474014,-0.34800306,0,0,1,0.8186065239067744
1237667442975440947,196.218158791778,26.91909161581,17.58474,16.05993,15.34309,15.00596,14.75601,5115,301,3,158,2524315489572775936,GALAXY,0.02311298,2242,54153,174,976663857.5800012,10001-12701,1-48157,133.371090612,57.5984251446,9.428999281013445,0.927642710084122,11754.1,AGBT17A_012_19,896.8291,1.4207177,-999.0,0.0137383435,8.670002,3.313165,0.14617112,10.35004,11955.675,47.163033,432.4681,303.13943,434.7268,307.13962,287.3401,6.6275935,11.448619,7.819415,8.402823,0.02141115,56.474014,-0.34800306,0,0,1,0.8186065239067744
1237667442974195845,192.964913037416,27.2555986711381,19.36757,17.89546,17.18666,16.87512,16.63421,5115,301,3,139,2519773407910848512,GALAXY,0.02275892,2238,54205,34,979139035.2549664,10001-12701,1-48157,133.371090612,57.5984251446,9.428999281013445,0.927642710084122,11754.1,AGBT17A_012_19,896.8291,1.4207177,-999.0,0.0137383435,8.670002,3.313165,0.14617112,10.35004,11955.675,47.163033,432.4681,303.13943,434.7268,307.13962,287.3401,6.6275935,11.448619,7.819415,8.402823,0.02141115,56.474014,-0.34800306,0,0,1,0.8186065239067744
1237667442974523562,193.836636489112,27.1496744833058,19.28301,17.81883,17.07872,16.74656,16.44247,5115,301,3,144,2522066707879585792,GALAXY,0.02089969,2240,53823,185,1035243062.5541767,10001-12701,1-48157,133.371090612,57.5984251446,9.428999281013445,0.927642710084122,11754.1,AGBT17A_012_19,896.8291,1.4207177,-999.0,0.0137383435,8.670002,3.313165,0.14617112,10.35004,11955.675,47.163033,432.4681,303.13943,434.7268,307.13962,287.3401,6.6275935,11.448619,7.819415,8.402823,0.02141115,56.474014,-0.34800306,0,0,1,0.8186065239067744
1237667442974457860,193.592850096634,27.0841748089196,17.72979,15.93919,15.11569,14.73544,14.43761,5115,301,3,143,2522081826164467712,GALAXY,0.02816362,2240,53823,240,980582888.898696,10001-12701,1-48157,133.371090612,57.5984251446,9.428999281013445,0.927642710084122,11754.1,AGBT17A_012_19,896.8291,1.4207177,-999.0,0.0137383435,8.670002,3.313165,0.14617112,10.35004,11955.675,47.163033,432.4681,303.13943,434.7268,307.13962,287.3401,6.6275935,11.448619,7.819415,8.402823,0.02141115,56.474014,-0.34800306,0,0,1,0.8186065239067744
1237667442974851089,194.651496545238,27.1041321032733,16.71609,14.8915,14.09902,13.74523,13.44383,5115,301,3,149,2522047466426099712,GALAXY,0.02649158,2240,53823,115,1218818740.1140926,10001-12701,1-48157,133.371090612,57.5984251446,9.428999281013445,0.927642710084122,11754.1,AGBT17A_012_19,896.8291,1.4207177,-999.0,0.0137383435,8.670002,3.313165,0.14617112,10.35004,11955.675,47.163033,432.4681,303.13943,434.7268,307.13962,287.3401,6.6275935,11.448619,7.819415,8.402823,0.02141115,56.474014,-0.34800306,0,0,1,0.8186065239067744
1237662305648574600,203.231973764852,40.2570962311498,17.61343,16.42846,15.91576,15.59264,15.36591,3919,301,2,19,1648373040813205504,GALAXY,0.04891614,1464,53091,202,298052645.02705425,10001-12701,1-48157,133.371090612,57.5984251446,9.428999281013445,0.927642710084122,11754.1,AGBT17A_012_19,896.8291,1.4207177,-999.0,0.0137383435,8.670002,3.313165,0.14617112,10.35004,11955.675,47.163033,432.4681,303.13943,434.7268,307.13962,287.3401,6.6275935,11.448619,7.819415,8.402823,0.02141115,56.474014,-0.34800306,0,0,1,0.8186065239067744
1237661384380776528,139.646771844141,33.8679666464343,16.91609,15.25571,14.46782,14.07168,13.7719,3704,301,6,60,1792531932781766656,GALAXY,0.02402507,1592,52990,361,952737140.055338,10001-12701,1-48157,133.371090612,57.5984251446,9.428999281013445,0.927642710084122,11754.1,AGBT17A_012_19,896.8291,1.4207177,-999.0,0.0137383435,8.670002,3.313165,0.14617112,10.35004,11955.675,47.163033,432.4681,303.13943,434.7268,307.13962,287.3401,6.6275935,11.448619,7.819415,8.402823,0.02141115,56.474014,-0.34800306,0,0,1,0.8186065239067744
1237661384380842127,139.678323149623,33.9430461402985,18.20148,16.4285,15.67099,15.29443,15.03346,3704,301,6,61,1792533032293394432,GALAXY,0.02296603,1592,52990,365,947993049.511655,10001-12701,1-48157,133.371090612,57.5984251446,9.428999281013445,0.927642710084122,11754.1,AGBT17A_012_19,896.8291,1.4207177,-999.0,0.0137383435,8.670002,3.313165,0.14617112,10.35004,11955.675,47.163033,432.4681,303.13943,434.7268,307.13962,287.3401,6.6275935,11.448619,7.819415,8.402823,0.02141115,56.474014,-0.34800306,0,0,1,0.8186065239067744
1237661384383201308,145.597388132991,36.3496834130529,16.24688,14.5127,13.75429,13.34754,12.97308,3704,301,6,97,1795908808019568640,GALAXY,0.02196653,1595,52999,358,346112344.8826277,10001-12701,1-48157,133.371090612,57.5984251446,9.428999281013445,0.927642710084122,11754.1,AGBT17A_012_19,896.8291,1.4207177,-999.0,0.0137383435,8.670002,3.313165,0.14617112,10.35004,11955.675,47.163033,432.4681,303.13943,434.7268,307.13962,287.3401,6.6275935,11.448619,7.819415,8.402823,0.02141115,56.474014,-0.34800306,0,0,1,0.8186065239067744
1237661384383463474,146.296540136314,36.5342609007695,16.98077,15.7588,15.19121,14.78739,14.53599,3704,301,6,101,1795928599228868608,GALAXY,0.02317091,1595,52999,430,346524874.49512184,10001-12701,1-48157,133.371090612,57.5984251446,9.428999281013445,0.927642710084122,11754.1,AGBT17A_012_19,896.8291,1.4207177,-999.0,0.0137383435,8.670002,3.313165,0.14617112,10.35004,11955.675,47.163033,432.4681,303.13943,434.7268,307.13962,287.3401,6.6275935,11.448619,7.819415,8.402823,0.02141115,56.474014,-0.34800306,0,0,1,0.8186065239067744
1237655123929071719,169.735232713912,3.59087047513335,17.5436,16.10567,15.40185,15.07507,14.79183,2247,301,1,60,940128385382770688,GALAXY,0.02722859,835,52326,7,782362410.0952365,10001-12701,1-48157,133.371090612,57.5984251446,9.428999281013445,0.927642710084122,11754.1,AGBT17A_012_19,896.8291,1.4207177,-999.0,0.0137383435,8.670002,3.313165,0.14617112,10.35004,11955.675,47.163033,432.4681,303.13943,434.7268,307.13962,287.3401,6.6275935,11.448619,7.819415,8.402823,0.02141115,56.474014,-0.34800306,0,0,1,0.8186065239067744
1237655123945783446,207.968385041402,3.45502880773988,16.55119,15.1534,14.55235,14.24116,14.01516,2247,301,1,315,962677995301005312,GALAXY,0.02963703,855,52375,122,752247748.3831605,10001-12701,1-48157,133.371090612,57.5984251446,9.428999281013445,0.927642710084122,11754.1,AGBT17A_012_19,896.8291,1.4207177,-999.0,0.0137383435,8.670002,3.313165,0.14617112,10.35004,11955.675,47.163033,432.4681,303.13943,434.7268,307.13962,287.3401,6.6275935,11.448619,7.819415,8.402823,0.02141115,56.474014,-0.34800306,0,0,1,0.8186065239067744
1237678617435898005,41.2805682807897,0.950140500047777,16.77735,15.26546,14.59216,14.27191,14.04945,7717,301,1,605,460596997137655808,GALAXY,0.02450697,409,51871,378,804432744.3636758,10001-12701,1-48157,133.371090612,57.5984251446,9.428999281013445,0.927642710084122,11754.1,AGBT17A_012_19,896.8291,1.4207177,-999.0,0.0137383435,8.670002,3.313165,0.14617112,10.35004,11955.675,47.163033,432.4681,303.13943,434.7268,307.13962,287.3401,6.6275935,11.448619,7.819415,8.402823,0.02141115,56.474014,-0.34800306,0,0,1,0.8186065239067744
1237678617404244376,329.025108600989,0.866378545456073,17.1197,16.01012,15.38931,15.07741,14.8239,7717,301,1,122,417879049726093312,GALAXY,0.02692756,371,52078,619,1205824057.3205254,10001-12701,1-48157,133.371090612,57.5984251446,9.428999281013445,0.927642710084122,11754.1,AGBT17A_012_19,896.8291,1.4207177,-999.0,0.0137383435,8.670002,3.313165,0.14617112,10.35004,11955.675,47.163033,432.4681,303.13943,434.7268,307.13962,287.3401,6.6275935,11.448619,7.819415,8.402823,0.02141115,56.474014,-0.34800306,0,0,1,0.8186065239067744
1237657595685896270,121.367161952146,35.9466945240891,16.31586,14.37827,13.52612,13.09125,12.77712,2822,301,5,108,1004400888212645888,GALAXY,0.03301898,892,52378,357,4950355.3499303125,10001-12701,1-48157,133.371090612,57.5984251446,9.428999281013445,0.927642710084122,11754.1,AGBT17A_012_19,896.8291,1.4207177,-999.0,0.0137383435,8.670002,3.313165,0.14617112,10.35004,11955.675,47.163033,432.4681,303.13943,434.7268,307.13962,287.3401,6.6275935,11.448619,7.819415,8.402823,0.02141115,56.474014,-0.34800306,0,0,1,0.8186065239067744
1237657595686354984,122.247456982558,36.6875060423344,16.8464,14.85737,13.91166,13.44197,13.11412,2822,301,5,115,1004390992607995904,GALAXY,0.0304231,892,52378,321,630138983.0848794,10001-12701,1-48157,133.371090612,57.5984251446,9.428999281013445,0.927642710084122,11754.1,AGBT17A_012_19,896.8291,1.4207177,-999.0,0.0137383435,8.670002,3.313165,0.14617112,10.35004,11955.675,47.163033,432.4681,303.13943,434.7268,307.13962,287.3401,6.6275935,11.448619,7.819415,8.402823,0.02141115,56.474014,-0.34800306,0,0,1,0.8186065239067744
1237657595683078688,116.53438397433,31.0199450881217,18.57519,16.60352,15.6575,15.20898,14.85408,2822,301,5,65,1001025942052694016,GALAXY,0.0591921,889,52663,367,1230575834.0701768,10001-12701,1-48157,133.371090612,57.5984251446,9.428999281013445,0.927642710084122,11754.1,AGBT17A_012_19,896.8291,1.4207177,-999.0,0.0137383435,8.670002,3.313165,0.14617112,10.35004,11955.675,47.163033,432.4681,303.13943,434.7268,307.13962,287.3401,6.6275935,11.448619,7.819415,8.402823,0.02141115,56.474014,-0.34800306,0,0,1,0.8186065239067744
1237663789568426362,122.60838811564,57.7524140729942,19.39742,18.07777,17.36555,17.01551,16.83431,4264,301,6,151,2107778140905433088,GALAXY,0.01796447,1872,53386,340,20832745.430956732,10001-12701,1-48157,133.371090612,57.5984251446,9.428999281013445,0.927642710084122,11754.1,AGBT17A_012_19,896.8291,1.4207177,-999.0,0.0137383435,8.670002,3.313165,0.14617112,10.35004,11955.675,47.163033,432.4681,303.13943,434.7268,307.13962,287.3401,6.6275935,11.448619,7.819415,8.402823,0.02141115,56.474014,-0.34800306,0,0,1,0.8186065239067744
1237666214607323406,18.2076831402438,15.5054366697769,18.25751,16.26413,15.35841,14.91042,14.59313,4829,301,3,44,476348599878313984,GALAXY,0.04280078,423,51821,338,1083921556.8284912,10001-12701,1-48157,133.371090612,57.5984251446,9.428999281013445,0.927642710084122,11754.1,AGBT17A_012_19,896.8291,1.4207177,-999.0,0.0137383435,8.670002,3.313165,0.14617112,10.35004,11955.675,47.163033,432.4681,303.13943,434.7268,307.13962,287.3401,6.6275935,11.448619,7.819415,8.402823,0.02141115,56.474014,-0.34800306,0,0,1,0.8186065239067744
1237656242234589617,333.627617889889,13.0791734122897,17.82798,15.97044,15.04006,14.57823,14.18634,2507,301,4,112,828738509878618112,GALAXY,0.02574557,736,52221,277,1126618371.7216403,10001-12701,1-48157,133.371090612,57.5984251446,9.428999281013445,0.927642710084122,11754.1,AGBT17A_012_19,896.8291,1.4207177,-999.0,0.0137383435,8.670002,3.313165,0.14617112,10.35004,11955.675,47.163033,432.4681,303.13943,434.7268,307.13962,287.3401,6.6275935,11.448619,7.819415,8.402823,0.02141115,56.474014,-0.34800306,0,0,1,0.8186065239067744
1237661386012951041,256.365788981574,25.2044348594438,18.8338,17.56477,16.97174,16.64201,16.3823,3705,301,1,389,1906322872691877888,GALAXY,0.03625739,1693,53446,634,689543247.2840431,10001-12701,1-48157,133.371090612,57.5984251446,9.428999281013445,0.927642710084122,11754.1,AGBT17A_012_19,896.8291,1.4207177,-999.0,0.0137383435,8.670002,3.313165,0.14617112,10.35004,11955.675,47.163033,432.4681,303.13943,434.7268,307.13962,287.3401,6.6275935,11.448619,7.819415,8.402823,0.02141115,56.474014,-0.34800306,0,0,1,0.8186065239067744
1237662195063586978,185.599623345019,42.7228598861178,17.50239,15.70861,14.94526,14.55413,14.27793,3893,301,4,178,7468336356378564608,GALAXY,0.03067435,6633,56369,881,72192682.18648373,10001-12701,1-48157,133.371090612,57.5984251446,9.428999281013445,0.927642710084122,11754.1,AGBT17A_012_19,896.8291,1.4207177,-999.0,0.0137383435,8.670002,3.313165,0.14617112,10.35004,11955.675,47.163033,432.4681,303.13943,434.7268,307.13962,287.3401,6.6275935,11.448619,7.819415,8.402823,0.02141115,56.474014,-0.34800306,0,0,1,0.8186065239067744
1237661361296441425,197.114426355969,46.5695617832285,17.81568,16.09671,15.5349,15.25361,15.0988,3699,301,3,77,1642725674651248640,GALAXY,0.02455619,1459,53117,137,280932666.10854524,10001-12701,1-48157,133.371090612,57.5984251446,9.428999281013445,0.927642710084122,11754.1,AGBT17A_012_19,896.8291,1.4207177,-999.0,0.0137383435,8.670002,3.313165,0.14617112,10.35004,11955.675,47.163033,432.4681,303.13943,434.7268,307.13962,287.3401,6.6275935,11.448619,7.819415,8.402823,0.02141115,56.474014,-0.34800306,0,0,1,0.8186065239067744
1237659325492822329,247.287306422591,38.5490782388898,18.83331,17.58033,17.03676,16.73355,16.52927,3225,301,3,243,1320798010401122304,GALAXY,0.03272505,1173,52790,427,679230006.9716883,10001-12701,1-48157,133.371090612,57.5984251446,9.428999281013445,0.927642710084122,11754.1,AGBT17A_012_19,896.8291,1.4207177,-999.0,0.0137383435,8.670002,3.313165,0.14617112,10.35004,11955.675,47.163033,432.4681,303.13943,434.7268,307.13962,287.3401,6.6275935,11.448619,7.819415,8.402823,0.02141115,56.474014,-0.34800306,0,0,1,0.8186065239067744
1237666338116993064,20.5990537940074,-0.875207666469803,15.9064,13.90146,12.96532,12.50689,12.14386,4858,301,1,492,449314907419076608,GALAXY,0.02712464,399,51817,294,108082758.4734785,10001-12701,1-48157,133.371090612,57.5984251446,9.428999281013445,0.927642710084122,11754.1,AGBT17A_012_19,896.8291,1.4207177,-999.0,0.0137383435,8.670002,3.313165,0.14617112,10.35004,11955.675,47.163033,432.4681,303.13943,434.7268,307.13962,287.3401,6.6275935,11.448619,7.819415,8.402823,0.02141115,56.474014,-0.34800306,0,0,1,0.8186065239067744
1237661386004889789,242.0456010533,39.1365734558402,18.68085,17.33139,16.67359,16.33555,16.09389,3705,301,1,266,1187994872343193600,GALAXY,0.03768517,1055,52761,620,276807369.9836033,10001-12701,1-48157,133.371090612,57.5984251446,9.428999281013445,0.927642710084122,11754.1,AGBT17A_012_19,896.8291,1.4207177,-999.0,0.0137383435,8.670002,3.313165,0.14617112,10.35004,11955.675,47.163033,432.4681,303.13943,434.7268,307.13962,287.3401,6.6275935,11.448619,7.819415,8.402823,0.02141115,56.474014,-0.34800306,0,0,1,0.8186065239067744
1237658300062761101,139.741912432595,5.88838445603579,16.47673,15.08986,14.48063,14.13448,13.91589,2986,301,5,142,1115873505724884992,GALAXY,0.03825966,991,52707,388,724195734.7335553,10001-12701,1-48157,133.371090612,57.5984251446,9.428999281013445,0.927642710084122,11754.1,AGBT17A_012_19,896.8291,1.4207177,-999.0,0.0137383435,8.670002,3.313165,0.14617112,10.35004,11955.675,47.163033,432.4681,303.13943,434.7268,307.13962,287.3401,6.6275935,11.448619,7.819415,8.402823,0.02141115,56.474014,-0.34800306,0,0,1,0.8186065239067744
1237655108895703053,122.084497866862,39.0236324793216,16.94216,15.56115,14.82876,14.44235,14.15236,2243,301,5,45,854628710731507712,GALAXY,0.02249208,759,52254,257,602705763.8540156,10001-12701,1-48157,133.371090612,57.5984251446,9.428999281013445,0.927642710084122,11754.1,AGBT17A_012_19,896.8291,1.4207177,-999.0,0.0137383435,8.670002,3.313165,0.14617112,10.35004,11955.675,47.163033,432.4681,303.13943,434.7268,307.13962,287.3401,6.6275935,11.448619,7.819415,8.402823,0.02141115,56.474014,-0.34800306,0,0,1,0.8186065239067744
1237655108899242117,129.285131066112,45.1649430926837,16.90862,15.20658,14.48869,14.09814,13.81602,2243,301,5,99,858083101018974208,GALAXY,0.03852624,762,52232,536,68273650.8677889,10001-12701,1-48157,133.371090612,57.5984251446,9.428999281013445,0.927642710084122,11754.1,AGBT17A_012_19,896.8291,1.4207177,-999.0,0.0137383435,8.670002,3.313165,0.14617112,10.35004,11955.675,47.163033,432.4681,303.13943,434.7268,307.13962,287.3401,6.6275935,11.448619,7.819415,8.402823,0.02141115,56.474014,-0.34800306,0,0,1,0.8186065239067744
1237655742943199504,220.606397015537,5.37101913219568,18.59355,17.41908,16.98199,16.84948,16.81529,2391,301,2,90,2059338608199886848,GALAXY,0.02691808,1829,53494,246,994608895.7234987,10001-12701,1-48157,133.371090612,57.5984251446,9.428999281013445,0.927642710084122,11754.1,AGBT17A_012_19,896.8291,1.4207177,-999.0,0.0137383435,8.670002,3.313165,0.14617112,10.35004,11955.675,47.163033,432.4681,303.13943,434.7268,307.13962,287.3401,6.6275935,11.448619,7.819415,8.402823,0.02141115,56.474014,-0.34800306,0,0,1,0.8186065239067744
1237655742944248067,222.967443377768,5.24565973488719,17.73797,16.09971,15.51512,15.15405,14.89192,2391,301,2,106,2060453255997057024,GALAXY,0.05706307,1830,54560,205,1015647905.9607025,10001-12701,1-48157,133.371090612,57.5984251446,9.428999281013445,0.927642710084122,11754.1,AGBT17A_012_19,896.8291,1.4207177,-999.0,0.0137383435,8.670002,3.313165,0.14617112,10.35004,11955.675,47.163033,432.4681,303.13943,434.7268,307.13962,287.3401,6.6275935,11.448619,7.819415,8.402823,0.02141115,56.474014,-0.34800306,0,0,1,0.8186065239067744
1237661388143722602,220.853115762795,52.6145324212479,17.19803,15.23548,14.34818,13.92753,13.5742,3705,301,5,134,1494233325148071936,GALAXY,0.03707984,1327,52781,597,408404316.3692508,10001-12701,1-48157,133.371090612,57.5984251446,9.428999281013445,0.927642710084122,11754.1,AGBT17A_012_19,896.8291,1.4207177,-999.0,0.0137383435,8.670002,3.313165,0.14617112,10.35004,11955.675,47.163033,432.4681,303.13943,434.7268,307.13962,287.3401,6.6275935,11.448619,7.819415,8.402823,0.02141115,56.474014,-0.34800306,0,0,1,0.8186065239067744
1237661388148637741,235.018740989903,46.1059511963774,17.06404,15.28602,14.47147,14.09682,13.8077,3705,301,5,209,1499861175414843392,GALAXY,0.03655814,1332,52781,591,381383626.7508812,10001-12701,1-48157,133.371090612,57.5984251446,9.428999281013445,0.927642710084122,11754.1,AGBT17A_012_19,896.8291,1.4207177,-999.0,0.0137383435,8.670002,3.313165,0.14617112,10.35004,11955.675,47.163033,432.4681,303.13943,434.7268,307.13962,287.3401,6.6275935,11.448619,7.819415,8.402823,0.02141115,56.474014,-0.34800306,0,0,1,0.8186065239067744
1237666214607388780,18.1138919285224,15.7500767419628,16.69654,14.84239,13.931,13.46232,13.11614,4829,301,3,45,475285921722296320,GALAXY,0.03785687,422,51811,568,1087428058.534692,10001-12701,1-48157,133.371090612,57.5984251446,9.428999281013445,0.927642710084122,11754.1,AGBT17A_012_19,896.8291,1.4207177,-999.0,0.0137383435,8.670002,3.313165,0.14617112,10.35004,11955.675,47.163033,432.4681,303.13943,434.7268,307.13962,287.3401,6.6275935,11.448619,7.819415,8.402823,0.02141115,56.474014,-0.34800306,0,0,1,0.8186065239067744
1237655130371063939,237.420728282583,53.2590459840292,18.37127,16.81217,16.03377,15.59551,15.26842,2248,301,5,53,695917777235503104,GALAXY,0.0496903,618,52049,406,391696867.063236,10001-12701,1-48157,133.371090612,57.5984251446,9.428999281013445,0.927642710084122,11754.1,AGBT17A_012_19,896.8291,1.4207177,-999.0,0.0137383435,8.670002,3.313165,0.14617112,10.35004,11955.675,47.163033,432.4681,303.13943,434.7268,307.13962,287.3401,6.6275935,11.448619,7.819415,8.402823,0.02141115,56.474014,-0.34800306,0,0,1,0.8186065239067744
1237661418750476514,217.542266629407,53.9822508867665,18.92572,17.12176,16.29913,15.93485,15.64153,3712,301,6,212,1493113747147876352,GALAXY,0.04301599,1326,52764,620,370657856.82603216,10001-12701,1-48157,133.371090612,57.5984251446,9.428999281013445,0.927642710084122,11754.1,AGBT17A_012_19,896.8291,1.4207177,-999.0,0.0137383435,8.670002,3.313165,0.14617112,10.35004,11955.675,47.163033,432.4681,303.13943,434.7268,307.13962,287.3401,6.6275935,11.448619,7.819415,8.402823,0.02141115,56.474014,-0.34800306,0,0,1,0.8186065239067744
1237661418751262802,220.043725777092,53.100178763064,18.27831,17.25001,16.86128,16.61789,16.47734,3712,301,6,224,1494226178322491392,GALAXY,0.03666582,1327,52781,571,370451592.01978505,10001-12701,1-48157,133.371090612,57.5984251446,9.428999281013445,0.927642710084122,11754.1,AGBT17A_012_19,896.8291,1.4207177,-999.0,0.0137383435,8.670002,3.313165,0.14617112,10.35004,11955.675,47.163033,432.4681,303.13943,434.7268,307.13962,287.3401,6.6275935,11.448619,7.819415,8.402823,0.02141115,56.474014,-0.34800306,0,0,1,0.8186065239067744
1237671934428381309,249.31842484868,44.4182398899884,16.2678,14.52566,13.78213,13.40677,13.15376,6161,301,1,19,708285358936188928,GALAXY,0.03141972,629,52051,343,567847011.5982563,10001-12701,1-48157,133.371090612,57.5984251446,9.428999281013445,0.927642710084122,11754.1,AGBT17A_012_19,896.8291,1.4207177,-999.0,0.0137383435,8.670002,3.313165,0.14617112,10.35004,11955.675,47.163033,432.4681,303.13943,434.7268,307.13962,287.3401,6.6275935,11.448619,7.819415,8.402823,0.02141115,56.474014,-0.34800306,0,0,1,0.8186065239067744
1237671934430544033,253.121230725605,40.3119576950324,17.44163,15.5592,14.69907,14.30991,13.97307,6161,301,1,52,709467059041363968,GALAXY,0.02920571,630,52050,546,93644222.03618175,10001-12701,1-48157,133.371090612,57.5984251446,9.428999281013445,0.927642710084122,11754.1,AGBT17A_012_19,896.8291,1.4207177,-999.0,0.0137383435,8.670002,3.313165,0.14617112,10.35004,11955.675,47.163033,432.4681,303.13943,434.7268,307.13962,287.3401,6.6275935,11.448619,7.819415,8.402823,0.02141115,56.474014,-0.34800306,0,0,1,0.8186065239067744
1237671934430806373,253.470575212142,39.8296559293116,19.44348,17.74045,16.99529,16.62146,16.33789,6161,301,1,56,709335667401844736,GALAXY,0.03388432,630,52050,68,443263068.6250101,10001-12701,1-48157,133.371090612,57.5984251446,9.428999281013445,0.927642710084122,11754.1,AGBT17A_012_19,896.8291,1.4207177,-999.0,0.0137383435,8.670002,3.313165,0.14617112,10.35004,11955.675,47.163033,432.4681,303.13943,434.7268,307.13962,287.3401,6.6275935,11.448619,7.819415,8.402823,0.02141115,56.474014,-0.34800306,0,0,1,0.8186065239067744
1237672763371028520,350.261530731346,15.2224035176854,17.17509,15.93282,15.43419,15.18529,15.10387,6354,301,1,232,6915531319352252416,GALAXY,0.02527381,6142,56219,924,768748932.8829281,10001-12701,1-48157,133.371090612,57.5984251446,9.428999281013445,0.927642710084122,11754.1,AGBT17A_012_19,896.8291,1.4207177,-999.0,0.0137383435,8.670002,3.313165,0.14617112,10.35004,11955.675,47.163033,432.4681,303.13943,434.7268,307.13962,287.3401,6.6275935,11.448619,7.819415,8.402823,0.02141115,56.474014,-0.34800306,0,0,1,0.8186065239067744
1237667444048724247,195.026210168324,27.7757641183196,17.30067,15.45183,14.69245,14.30799,14.00178,5115,301,5,151,2523283323300636672,GALAXY,0.02060787,2241,54169,515,1246045694.5387092,10001-12701,1-48157,133.371090612,57.5984251446,9.428999281013445,0.927642710084122,11754.1,AGBT17A_012_19,896.8291,1.4207177,-999.0,0.0137383435,8.670002,3.313165,0.14617112,10.35004,11955.675,47.163033,432.4681,303.13943,434.7268,307.13962,287.3401,6.6275935,11.448619,7.819415,8.402823,0.02141115,56.474014,-0.34800306,0,0,1,0.8186065239067744
1237667444048331125,194.153739337929,27.8848868210671,19.54754,18.00518,17.31271,16.99097,16.70941,5115,301,5,145,2522142574181902336,GALAXY,0.0210654,2240,53823,461,1228100656.3952117,10001-12701,1-48157,133.371090612,57.5984251446,9.428999281013445,0.927642710084122,11754.1,AGBT17A_012_19,896.8291,1.4207177,-999.0,0.0137383435,8.670002,3.313165,0.14617112,10.35004,11955.675,47.163033,432.4681,303.13943,434.7268,307.13962,287.3401,6.6275935,11.448619,7.819415,8.402823,0.02141115,56.474014,-0.34800306,0,0,1,0.8186065239067744
1237661386013147356,256.648247690438,24.7822545766305,19.2098,17.79376,16.37246,15.96436,15.66939,3705,301,1,392,1900664236367964160,GALAXY,0.03955651,1688,53462,528,688099393.6403134,10001-12701,1-48157,133.371090612,57.5984251446,9.428999281013445,0.927642710084122,11754.1,AGBT17A_012_19,896.8291,1.4207177,-999.0,0.0137383435,8.670002,3.313165,0.14617112,10.35004,11955.675,47.163033,432.4681,303.13943,434.7268,307.13962,287.3401,6.6275935,11.448619,7.819415,8.402823,0.02141115,56.474014,-0.34800306,0,0,1,0.8186065239067744
1237662194536808486,215.382974348215,38.1184269397886,16.32659,15.16811,14.62884,14.37564,14.14388,3893,301,3,332,1553763088782616576,GALAXY,0.02230261,1380,53084,77,309603474.1768916,10001-12701,1-48157,133.371090612,57.5984251446,9.428999281013445,0.927642710084122,11754.1,AGBT17A_012_19,896.8291,1.4207177,-999.0,0.0137383435,8.670002,3.313165,0.14617112,10.35004,11955.675,47.163033,432.4681,303.13943,434.7268,307.13962,287.3401,6.6275935,11.448619,7.819415,8.402823,0.02141115,56.474014,-0.34800306,0,0,1,0.8186065239067744
1237666214607388900,18.1699727116583,15.6586033829546,18.64138,17.45582,16.98743,16.69496,16.49968,4829,301,3,45,476344201831802880,GALAXY,0.03847423,423,51821,322,1083715292.0222442,10001-12701,1-48157,133.371090612,57.5984251446,9.428999281013445,0.927642710084122,11754.1,AGBT17A_012_19,896.8291,1.4207177,-999.0,0.0137383435,8.670002,3.313165,0.14617112,10.35004,11955.675,47.163033,432.4681,303.13943,434.7268,307.13962,287.3401,6.6275935,11.448619,7.819415,8.402823,0.02141115,56.474014,-0.34800306,0,0,1,0.8186065239067744
1237678600220246326,333.435992761858,13.9938839662869,17.5976,15.73183,14.88223,14.44767,14.12373,7713,301,1,59,5675885277463468032,GALAXY,0.02817637,5041,55749,814,1125380782.884158,10001-12701,1-48157,133.371090612,57.5984251446,9.428999281013445,0.927642710084122,11754.1,AGBT17A_012_19,896.8291,1.4207177,-999.0,0.0137383435,8.670002,3.313165,0.14617112,10.35004,11955.675,47.163033,432.4681,303.13943,434.7268,307.13962,287.3401,6.6275935,11.448619,7.819415,8.402823,0.02141115,56.474014,-0.34800306,0,0,1,0.8186065239067744
1237662193461362704,210.430421850639,38.6699442550479,18.21275,16.41623,15.66981,15.30825,15.04975,3893,301,1,306,1552687766410651648,GALAXY,0.01806686,1379,53084,261,306922031.69567937,10001-12701,1-48157,133.371090612,57.5984251446,9.428999281013445,0.927642710084122,11754.1,AGBT17A_012_19,896.8291,1.4207177,-999.0,0.0137383435,8.670002,3.313165,0.14617112,10.35004,11955.675,47.163033,432.4681,303.13943,434.7268,307.13962,287.3401,6.6275935,11.448619,7.819415,8.402823,0.02141115,56.474014,-0.34800306,0,0,1,0.8186065239067744
1237654600490221728,151.298870920279,3.35416659005635,17.86596,16.5197,15.95576,15.63182,15.40391,2125,301,2,217,645196485842987008,GALAXY,0.04493951,573,52325,203,712438640.7774708,10001-12701,1-48157,133.371090612,57.5984251446,9.428999281013445,0.927642710084122,11754.1,AGBT17A_012_19,896.8291,1.4207177,-999.0,0.0137383435,8.670002,3.313165,0.14617112,10.35004,11955.675,47.163033,432.4681,303.13943,434.7268,307.13962,287.3401,6.6275935,11.448619,7.819415,8.402823,0.02141115,56.474014,-0.34800306,0,0,1,0.8186065239067744
1237654600495333522,163.001061439062,3.8358424849397,16.95586,15.77915,15.32065,15.08721,14.97863,2125,301,2,295,651923023321917440,GALAXY,0.01199475,579,52338,98,1017710554.0231736,10001-12701,1-48157,133.371090612,57.5984251446,9.428999281013445,0.927642710084122,11754.1,AGBT17A_012_19,896.8291,1.4207177,-999.0,0.0137383435,8.670002,3.313165,0.14617112,10.35004,11955.675,47.163033,432.4681,303.13943,434.7268,307.13962,287.3401,6.6275935,11.448619,7.819415,8.402823,0.02141115,56.474014,-0.34800306,0,0,1,0.8186065239067744
1237661385995845767,218.268979696079,51.5223268886739,18.63567,17.08113,16.36226,16.02885,15.80711,3705,301,1,128,1494151411531802624,GALAXY,0.02590383,1327,52781,299,412942142.10668695,10001-12701,1-48157,133.371090612,57.5984251446,9.428999281013445,0.927642710084122,11754.1,AGBT17A_012_19,896.8291,1.4207177,-999.0,0.0137383435,8.670002,3.313165,0.14617112,10.35004,11955.675,47.163033,432.4681,303.13943,434.7268,307.13962,287.3401,6.6275935,11.448619,7.819415,8.402823,0.02141115,56.474014,-0.34800306,0,0,1,0.8186065239067744
1237654600486682711,143.235122348531,2.93931665018484,17.5877,15.771,14.94256,14.54841,14.23102,2125,301,2,163,640708553232902144,GALAXY,0.02769101,569,52264,260,970888443.0050826,10001-12701,1-48157,133.371090612,57.5984251446,9.428999281013445,0.927642710084122,11754.1,AGBT17A_012_19,896.8291,1.4207177,-999.0,0.0137383435,8.670002,3.313165,0.14617112,10.35004,11955.675,47.163033,432.4681,303.13943,434.7268,307.13962,287.3401,6.6275935,11.448619,7.819415,8.402823,0.02141115,56.474014,-0.34800306,0,0,1,0.8186065239067744
1237664837000954191,128.718160018338,23.6679424646744,18.34585,16.95355,16.42559,16.10885,15.92579,4508,301,5,111,2172008311044466688,GALAXY,0.03842692,1929,53349,536,652003052.5470716,10001-12701,1-48157,133.371090612,57.5984251446,9.428999281013445,0.927642710084122,11754.1,AGBT17A_012_19,896.8291,1.4207177,-999.0,0.0137383435,8.670002,3.313165,0.14617112,10.35004,11955.675,47.163033,432.4681,303.13943,434.7268,307.13962,287.3401,6.6275935,11.448619,7.819415,8.402823,0.02141115,56.474014,-0.34800306,0,0,1,0.8186065239067744
1237664836996104689,118.622571015117,17.7010466587808,18.18092,16.95469,16.46045,16.20472,16.01604,4508,301,5,37,2163001661008668672,GALAXY,0.04105965,1921,53317,538,692843484.1839967,10001-12701,1-48157,133.371090612,57.5984251446,9.428999281013445,0.927642710084122,11754.1,AGBT17A_012_19,896.8291,1.4207177,-999.0,0.0137383435,8.670002,3.313165,0.14617112,10.35004,11955.675,47.163033,432.4681,303.13943,434.7268,307.13962,287.3401,6.6275935,11.448619,7.819415,8.402823,0.02141115,56.474014,-0.34800306,0,0,1,0.8186065239067744
1237664837002395706,131.725408664973,25.3700884621307,16.84836,16.09989,15.5739,15.19196,15.00268,4508,301,5,133,2174259561253332992,QSO,0.05079341,1931,53358,534,1301737192.225425,10001-12701,1-48157,133.371090612,57.5984251446,9.428999281013445,0.927642710084122,11754.1,AGBT17A_012_19,896.8291,1.4207177,-999.0,0.0137383435,8.670002,3.313165,0.14617112,10.35004,11955.675,47.163033,432.4681,303.13943,434.7268,307.13962,287.3401,6.6275935,11.448619,7.819415,8.402823,0.02141115,56.474014,-0.34800306,0,0,1,0.8186065239067744
1237664837004886154,137.449376639387,27.8623463025147,17.66529,16.63233,16.25456,16.0476,15.87633,4508,301,5,171,2178773606727706624,GALAXY,0.02043723,1935,53387,572,878275545.0001364,10001-12701,1-48157,133.371090612,57.5984251446,9.428999281013445,0.927642710084122,11754.1,AGBT17A_012_19,896.8291,1.4207177,-999.0,0.0137383435,8.670002,3.313165,0.14617112,10.35004,11955.675,47.163033,432.4681,303.13943,434.7268,307.13962,287.3401,6.6275935,11.448619,7.819415,8.402823,0.02141115,56.474014,-0.34800306,0,0,1,0.8186065239067744
1237654392176443542,118.370280586247,39.2997222918242,18.82108,17.16374,16.46625,16.11346,15.84086,2076,301,6,97,489790680307099648,GALAXY,0.04263967,435,51882,88,478534350.4932635,10001-12701,1-48157,133.371090612,57.5984251446,9.428999281013445,0.927642710084122,11754.1,AGBT17A_012_19,896.8291,1.4207177,-999.0,0.0137383435,8.670002,3.313165,0.14617112,10.35004,11955.675,47.163033,432.4681,303.13943,434.7268,307.13962,287.3401,6.6275935,11.448619,7.819415,8.402823,0.02141115,56.474014,-0.34800306,0,0,1,0.8186065239067744
1237661385997615342,223.964739255659,49.6475072069777,16.9157,15.78941,15.31384,15.06496,14.9429,3705,301,1,155,1496393865261770752,GALAXY,0.02613187,1329,52767,265,670566885.1093103,10001-12701,1-48157,133.371090612,57.5984251446,9.428999281013445,0.927642710084122,11754.1,AGBT17A_012_19,896.8291,1.4207177,-999.0,0.0137383435,8.670002,3.313165,0.14617112,10.35004,11955.675,47.163033,432.4681,303.13943,434.7268,307.13962,287.3401,6.6275935,11.448619,7.819415,8.402823,0.02141115,56.474014,-0.34800306,0,0,1,0.8186065239067744
1237661385998401730,226.079857346634,48.6147386242589,17.65348,15.97514,15.22915,14.86484,14.59837,3705,301,1,167,1497533784864614400,GALAXY,0.02569261,1330,52822,316,417479967.844123,10001-12701,1-48157,133.371090612,57.5984251446,9.428999281013445,0.927642710084122,11754.1,AGBT17A_012_19,896.8291,1.4207177,-999.0,0.0137383435,8.670002,3.313165,0.14617112,10.35004,11955.675,47.163033,432.4681,303.13943,434.7268,307.13962,287.3401,6.6275935,11.448619,7.819415,8.402823,0.02141115,56.474014,-0.34800306,0,0,1,0.8186065239067744
1237655742943002807,220.041249327144,5.37002816337943,18.54729,17.10068,16.44265,16.09387,15.79702,2391,301,2,87,2059349053560350720,GALAXY,0.04388366,1829,53494,284,732652591.7896863,10001-12701,1-48157,133.371090612,57.5984251446,9.428999281013445,0.927642710084122,11754.1,AGBT17A_012_19,896.8291,1.4207177,-999.0,0.0137383435,8.670002,3.313165,0.14617112,10.35004,11955.675,47.163033,432.4681,303.13943,434.7268,307.13962,287.3401,6.6275935,11.448619,7.819415,8.402823,0.02141115,56.474014,-0.34800306,0,0,1,0.8186065239067744
1237661383842856977,137.254273183834,32.2830351259056,17.04866,15.4354,14.66104,14.27714,14.00438,3704,301,5,44,1791425548971436032,GALAXY,0.04895841,1591,52976,432,30320926.518323164,10001-12701,1-48157,133.371090612,57.5984251446,9.428999281013445,0.927642710084122,11754.1,AGBT17A_012_19,896.8291,1.4207177,-999.0,0.0137383435,8.670002,3.313165,0.14617112,10.35004,11955.675,47.163033,432.4681,303.13943,434.7268,307.13962,287.3401,6.6275935,11.448619,7.819415,8.402823,0.02141115,56.474014,-0.34800306,0,0,1,0.8186065239067744
1237661383844102419,140.338288256829,33.6912996872351,18.35762,16.98442,16.45481,16.14446,15.95547,3704,301,5,63,1792589657142224896,GALAXY,0.04271941,1592,52990,571,950055697.5741258,10001-12701,1-48157,133.371090612,57.5984251446,9.428999281013445,0.927642710084122,11754.1,AGBT17A_012_19,896.8291,1.4207177,-999.0,0.0137383435,8.670002,3.313165,0.14617112,10.35004,11955.675,47.163033,432.4681,303.13943,434.7268,307.13962,287.3401,6.6275935,11.448619,7.819415,8.402823,0.02141115,56.474014,-0.34800306,0,0,1,0.8186065239067744
1237662301367238883,231.577260153958,41.2946358829497,19.18366,17.86949,17.42764,17.19362,17.04011,3918,301,2,227,1890483028321396736,GALAXY,0.03091249,1679,53149,353,114270702.66089138,10001-12701,1-48157,133.371090612,57.5984251446,9.428999281013445,0.927642710084122,11754.1,AGBT17A_012_19,896.8291,1.4207177,-999.0,0.0137383435,8.670002,3.313165,0.14617112,10.35004,11955.675,47.163033,432.4681,303.13943,434.7268,307.13962,287.3401,6.6275935,11.448619,7.819415,8.402823,0.02141115,56.474014,-0.34800306,0,0,1,0.8186065239067744
1237672763370701098,349.789262695315,15.7270705586299,17.26821,16.23697,15.87185,15.67764,15.60668,6354,301,1,227,838886178190026752,GALAXY,0.01477516,745,52258,330,769367727.3016695,10001-12701,1-48157,133.371090612,57.5984251446,9.428999281013445,0.927642710084122,11754.1,AGBT17A_012_19,896.8291,1.4207177,-999.0,0.0137383435,8.670002,3.313165,0.14617112,10.35004,11955.675,47.163033,432.4681,303.13943,434.7268,307.13962,287.3401,6.6275935,11.448619,7.819415,8.402823,0.02141115,56.474014,-0.34800306,0,0,1,0.8186065239067744
1237667324334047409,193.581378556176,28.0913149500999,17.75385,16.06431,15.35125,15.02078,14.76057,5087,301,6,266,2523236319178549248,GALAXY,0.02249266,2241,54169,344,983470596.1861554,10001-12701,1-48157,133.371090612,57.5984251446,9.428999281013445,0.927642710084122,11754.1,AGBT17A_012_19,896.8291,1.4207177,-999.0,0.0137383435,8.670002,3.313165,0.14617112,10.35004,11955.675,47.163033,432.4681,303.13943,434.7268,307.13962,287.3401,6.6275935,11.448619,7.819415,8.402823,0.02141115,56.474014,-0.34800306,0,0,1,0.8186065239067744
1237667324334112923,193.736520015737,28.1262654156492,18.36826,16.69256,15.98957,15.63363,15.37577,5087,301,6,267,2522127730774927360,GALAXY,0.02102754,2240,53823,407,1248108342.60118,10001-12701,1-48157,133.371090612,57.5984251446,9.428999281013445,0.927642710084122,11754.1,AGBT17A_012_19,896.8291,1.4207177,-999.0,0.0137383435,8.670002,3.313165,0.14617112,10.35004,11955.675,47.163033,432.4681,303.13943,434.7268,307.13962,287.3401,6.6275935,11.448619,7.819415,8.402823,0.02141115,56.474014,-0.34800306,0,0,1,0.8186065239067744
1237667324334243849,193.999778775217,28.1869473587921,18.07697,16.32951,15.58836,15.21099,14.90721,5087,301,6,269,2523234669911107584,GALAXY,0.01867495,2241,54169,338,1339896181.381138,10001-12701,1-48157,133.371090612,57.5984251446,9.428999281013445,0.927642710084122,11754.1,AGBT17A_012_19,896.8291,1.4207177,-999.0,0.0137383435,8.670002,3.313165,0.14617112,10.35004,11955.675,47.163033,432.4681,303.13943,434.7268,307.13962,287.3401,6.6275935,11.448619,7.819415,8.402823,0.02141115,56.474014,-0.34800306,0,0,1,0.8186065239067744
1237667324334309419,194.160013892501,28.1062736451537,18.55837,16.97184,16.30076,15.99018,15.78984,5087,301,6,270,2522140375158646784,GALAXY,0.02160236,2240,53823,453,1216756092.0516214,10001-12701,1-48157,133.371090612,57.5984251446,9.428999281013445,0.927642710084122,11754.1,AGBT17A_012_19,896.8291,1.4207177,-999.0,0.0137383435,8.670002,3.313165,0.14617112,10.35004,11955.675,47.163033,432.4681,303.13943,434.7268,307.13962,287.3401,6.6275935,11.448619,7.819415,8.402823,0.02141115,56.474014,-0.34800306,0,0,1,0.8186065239067744
1237667324334374981,194.452787511593,28.1804376645757,17.1728,15.35406,14.5878,14.20263,13.91223,5087,301,6,271,2523240992102967296,GALAXY,0.02411293,2241,54169,361,991927453.2422864,10001-12701,1-48157,133.371090612,57.5984251446,9.428999281013445,0.927642710084122,11754.1,AGBT17A_012_19,896.8291,1.4207177,-999.0,0.0137383435,8.670002,3.313165,0.14617112,10.35004,11955.675,47.163033,432.4681,303.13943,434.7268,307.13962,287.3401,6.6275935,11.448619,7.819415,8.402823,0.02141115,56.474014,-0.34800306,0,0,1,0.8186065239067744
1237667324334571792,194.906189530477,28.1661318210296,18.70183,17.00697,16.29041,15.93251,15.67892,5087,301,6,274,2522171161484224512,GALAXY,0.01908395,2240,53823,565,1242332928.0262616,10001-12701,1-48157,133.371090612,57.5984251446,9.428999281013445,0.927642710084122,11754.1,AGBT17A_012_19,896.8291,1.4207177,-999.0,0.0137383435,8.670002,3.313165,0.14617112,10.35004,11955.675,47.163033,432.4681,303.13943,434.7268,307.13962,287.3401,6.6275935,11.448619,7.819415,8.402823,0.02141115,56.474014,-0.34800306,0,0,1,0.8186065239067744
1237667324334571849,194.979546851179,28.1283564978155,17.67561,15.8544,15.06002,14.65922,14.35417,5087,301,6,274,2523255835509942272,GALAXY,0.02523349,2241,54169,415,983264331.3799083,10001-12701,1-48157,133.371090612,57.5984251446,9.428999281013445,0.927642710084122,11754.1,AGBT17A_012_19,896.8291,1.4207177,-999.0,0.0137383435,8.670002,3.313165,0.14617112,10.35004,11955.675,47.163033,432.4681,303.13943,434.7268,307.13962,287.3401,6.6275935,11.448619,7.819415,8.402823,0.02141115,56.474014,-0.34800306,0,0,1,0.8186065239067744
1237667324334637131,195.033291417377,28.0785665802864,17.27067,15.39131,14.59633,14.15753,13.83735,5087,301,6,275,2522182156600502272,GALAXY,0.0241407,2240,53823,605,990689864.4048038,10001-12701,1-48157,133.371090612,57.5984251446,9.428999281013445,0.927642710084122,11754.1,AGBT17A_012_19,896.8291,1.4207177,-999.0,0.0137383435,8.670002,3.313165,0.14617112,10.35004,11955.675,47.163033,432.4681,303.13943,434.7268,307.13962,287.3401,6.6275935,11.448619,7.819415,8.402823,0.02141115,56.474014,-0.34800306,0,0,1,0.8186065239067744
1237667324334637287,195.03635958837,28.1598544379102,18.07541,16.2144,15.48387,15.09471,14.84264,5087,301,6,275,2523263806969243648,GALAXY,0.0248898,2241,54169,444,1327726557.8125594,10001-12701,1-48157,133.371090612,57.5984251446,9.428999281013445,0.927642710084122,11754.1,AGBT17A_012_19,896.8291,1.4207177,-999.0,0.0137383435,8.670002,3.313165,0.14617112,10.35004,11955.675,47.163033,432.4681,303.13943,434.7268,307.13962,287.3401,6.6275935,11.448619,7.819415,8.402823,0.02141115,56.474014,-0.34800306,0,0,1,0.8186065239067744
1237667324334637347,195.070941548439,28.0639110960623,17.84898,16.02991,15.26779,14.86429,14.57346,5087,301,6,275,2523266830626220032,GALAXY,0.02047269,2241,54169,455,1346496655.181045,10001-12701,1-48157,133.371090612,57.5984251446,9.428999281013445,0.927642710084122,11754.1,AGBT17A_012_19,896.8291,1.4207177,-999.0,0.0137383435,8.670002,3.313165,0.14617112,10.35004,11955.675,47.163033,432.4681,303.13943,434.7268,307.13962,287.3401,6.6275935,11.448619,7.819415,8.402823,0.02141115,56.474014,-0.34800306,0,0,1,0.8186065239067744
1237667324334702963,195.289310063338,28.0331184270613,18.55437,16.83323,16.09503,15.72404,15.4591,5087,301,6,276,2523288271102961664,GALAXY,0.02342906,2241,54169,533,1222737771.4327872,10001-12701,1-48157,133.371090612,57.5984251446,9.428999281013445,0.927642710084122,11754.1,AGBT17A_012_19,896.8291,1.4207177,-999.0,0.0137383435,8.670002,3.313165,0.14617112,10.35004,11955.675,47.163033,432.4681,303.13943,434.7268,307.13962,287.3401,6.6275935,11.448619,7.819415,8.402823,0.02141115,56.474014,-0.34800306,0,0,1,0.8186065239067744
1237667324334964884,195.844870559075,27.9359619009427,17.38052,15.67337,14.92138,14.56013,14.26288,5087,301,6,280,2524369915398350848,GALAXY,0.02009697,2242,54153,372,1241301603.9950259,10001-12701,1-48157,133.371090612,57.5984251446,9.428999281013445,0.927642710084122,11754.1,AGBT17A_012_19,896.8291,1.4207177,-999.0,0.0137383435,8.670002,3.313165,0.14617112,10.35004,11955.675,47.163033,432.4681,303.13943,434.7268,307.13962,287.3401,6.6275935,11.448619,7.819415,8.402823,0.02141115,56.474014,-0.34800306,0,0,1,0.8186065239067744
1237667324334964813,195.942828701635,27.9869157698928,18.97384,17.18965,16.49962,16.17095,15.93552,5087,301,6,280,2524379811003000832,GALAXY,0.02061088,2242,54153,408,1227069332.3639762,10001-12701,1-48157,133.371090612,57.5984251446,9.428999281013445,0.927642710084122,11754.1,AGBT17A_012_19,896.8291,1.4207177,-999.0,0.0137383435,8.670002,3.313165,0.14617112,10.35004,11955.675,47.163033,432.4681,303.13943,434.7268,307.13962,287.3401,6.6275935,11.448619,7.819415,8.402823,0.02141115,56.474014,-0.34800306,0,0,1,0.8186065239067744
1237667324335227079,196.671351628293,27.8841290177934,18.44473,16.84711,16.1486,15.80985,15.56218,5087,301,6,284,2524412796351834112,GALAXY,0.02351745,2242,54153,528,1355572306.6559172,10001-12701,1-48157,133.371090612,57.5984251446,9.428999281013445,0.927642710084122,11754.1,AGBT17A_012_19,896.8291,1.4207177,-999.0,0.0137383435,8.670002,3.313165,0.14617112,10.35004,11955.675,47.163033,432.4681,303.13943,434.7268,307.13962,287.3401,6.6275935,11.448619,7.819415,8.402823,0.02141115,56.474014,-0.34800306,0,0,1,0.8186065239067744
1237667324334375073,194.40496564219,28.0403833913442,19.1892,17.56788,16.93657,16.60241,16.3267,5087,301,6,271,2522138176135391232,GALAXY,0.02144919,2240,53823,445,1329789205.8750303,10001-12701,1-48157,133.371090612,57.5984251446,9.428999281013445,0.927642710084122,11754.1,AGBT17A_012_19,896.8291,1.4207177,-999.0,0.0137383435,8.670002,3.313165,0.14617112,10.35004,11955.675,47.163033,432.4681,303.13943,434.7268,307.13962,287.3401,6.6275935,11.448619,7.819415,8.402823,0.02141115,56.474014,-0.34800306,0,0,1,0.8186065239067744
1237667324334506328,194.798101914442,28.0092670143606,19.18962,17.2971,16.56852,16.19925,15.9342,5087,301,6,273,2523276176475056128,GALAXY,0.022995,2241,54169,489,980995418.5111904,10001-12701,1-48157,133.371090612,57.5984251446,9.428999281013445,0.927642710084122,11754.1,AGBT17A_012_19,896.8291,1.4207177,-999.0,0.0137383435,8.670002,3.313165,0.14617112,10.35004,11955.675,47.163033,432.4681,303.13943,434.7268,307.13962,287.3401,6.6275935,11.448619,7.819415,8.402823,0.02141115,56.474014,-0.34800306,0,0,1,0.8186065239067744
1237665548349931610,207.737554733976,24.9789662463837,17.549,15.86322,15.04609,14.6174,14.27031,4674,301,2,35,2381319044209862656,GALAXY,0.02792772,2115,53535,148,1359491337.9746122,10001-12701,1-48157,133.371090612,57.5984251446,9.428999281013445,0.927642710084122,11754.1,AGBT17A_012_19,896.8291,1.4207177,-999.0,0.0137383435,8.670002,3.313165,0.14617112,10.35004,11955.675,47.163033,432.4681,303.13943,434.7268,307.13962,287.3401,6.6275935,11.448619,7.819415,8.402823,0.02141115,56.474014,-0.34800306,0,0,1,0.8186065239067744
1237665548349866208,207.583874170584,24.9359436029476,18.01973,16.70867,16.04634,15.67184,15.35386,4674,301,2,34,2381323442256373760,GALAXY,0.03030945,2115,53535,164,841147879.875659,10001-12701,1-48157,133.371090612,57.5984251446,9.428999281013445,0.927642710084122,11754.1,AGBT17A_012_19,896.8291,1.4207177,-999.0,0.0137383435,8.670002,3.313165,0.14617112,10.35004,11955.675,47.163033,432.4681,303.13943,434.7268,307.13962,287.3401,6.6275935,11.448619,7.819415,8.402823,0.02141115,56.474014,-0.34800306,0,0,1,0.8186065239067744
1237655742405869676,219.461037075859,5.01126351920686,16.52294,15.44095,15.05194,14.83228,14.66681,2391,301,1,83,2058169552629426176,GALAXY,0.02517025,1828,53504,89,785043852.5764487,10001-12701,1-48157,133.371090612,57.5984251446,9.428999281013445,0.927642710084122,11754.1,AGBT17A_012_19,896.8291,1.4207177,-999.0,0.0137383435,8.670002,3.313165,0.14617112,10.35004,11955.675,47.163033,432.4681,303.13943,434.7268,307.13962,287.3401,6.6275935,11.448619,7.819415,8.402823,0.02141115,56.474014,-0.34800306,0,0,1,0.8186065239067744
1237655742406066298,219.91446163567,5.10181184984879,18.41025,17.24083,16.79353,16.61264,16.45127,2391,301,1,86,659931860733814784,GALAXY,0.02278238,586,52023,562,992958777.2735219,10001-12701,1-48157,133.371090612,57.5984251446,9.428999281013445,0.927642710084122,11754.1,AGBT17A_012_19,896.8291,1.4207177,-999.0,0.0137383435,8.670002,3.313165,0.14617112,10.35004,11955.675,47.163033,432.4681,303.13943,434.7268,307.13962,287.3401,6.6275935,11.448619,7.819415,8.402823,0.02141115,56.474014,-0.34800306,0,0,1,0.8186065239067744
1237661381694587019,136.596464516587,29.9301310109102,17.24442,15.56639,14.84663,14.4712,14.20522,3704,301,1,32,2179850577410811904,GALAXY,0.02265235,1936,53330,394,1095678650.784576,10001-12701,1-48157,133.371090612,57.5984251446,9.428999281013445,0.927642710084122,11754.1,AGBT17A_012_19,896.8291,1.4207177,-999.0,0.0137383435,8.670002,3.313165,0.14617112,10.35004,11955.675,47.163033,432.4681,303.13943,434.7268,307.13962,287.3401,6.6275935,11.448619,7.819415,8.402823,0.02141115,56.474014,-0.34800306,0,0,1,0.8186065239067744
1237661381702517000,156.428884806222,37.4975305436176,18.99389,17.29445,16.49278,16.09908,15.82475,3704,301,1,153,2203549727339866112,GALAXY,0.04316263,1957,53415,595,397472281.6381547,10001-12701,1-48157,133.371090612,57.5984251446,9.428999281013445,0.927642710084122,11754.1,AGBT17A_012_19,896.8291,1.4207177,-999.0,0.0137383435,8.670002,3.313165,0.14617112,10.35004,11955.675,47.163033,432.4681,303.13943,434.7268,307.13962,287.3401,6.6275935,11.448619,7.819415,8.402823,0.02141115,56.474014,-0.34800306,0,0,1,0.8186065239067744
1237661381699174422,147.467155968238,34.7141194741855,15.79562,13.87431,13.00585,12.59711,12.36159,3704,301,1,102,2190022710191482880,GALAXY,0.03875281,1945,53387,536,967175676.4926348,10001-12701,1-48157,133.371090612,57.5984251446,9.428999281013445,0.927642710084122,11754.1,AGBT17A_012_19,896.8291,1.4207177,-999.0,0.0137383435,8.670002,3.313165,0.14617112,10.35004,11955.675,47.163033,432.4681,303.13943,434.7268,307.13962,287.3401,6.6275935,11.448619,7.819415,8.402823,0.02141115,56.474014,-0.34800306,0,0,1,0.8186065239067744
1237654601556689053,134.609215056237,3.39406098771174,18.1996,16.54436,15.71765,15.31634,14.95933,2125,301,4,106,636284667544233984,GALAXY,0.02383374,565,52225,550,722133086.6710844,10001-12701,1-48157,133.371090612,57.5984251446,9.428999281013445,0.927642710084122,11754.1,AGBT17A_012_19,896.8291,1.4207177,-999.0,0.0137383435,8.670002,3.313165,0.14617112,10.35004,11955.675,47.163033,432.4681,303.13943,434.7268,307.13962,287.3401,6.6275935,11.448619,7.819415,8.402823,0.02141115,56.474014,-0.34800306,0,0,1,0.8186065239067744
1237660024524767375,47.999399421874,-1.161650480643,17.27912,15.41549,14.35891,13.76781,13.26531,3388,301,1,640,799391169841752064,GALAXY,0.0267911,710,52203,8,153461015.84783968,10001-12701,1-48157,133.371090612,57.5984251446,9.428999281013445,0.927642710084122,11754.1,AGBT17A_012_19,896.8291,1.4207177,-999.0,0.0137383435,8.670002,3.313165,0.14617112,10.35004,11955.675,47.163033,432.4681,303.13943,434.7268,307.13962,287.3401,6.6275935,11.448619,7.819415,8.402823,0.02141115,56.474014,-0.34800306,0,0,1,0.8186065239067744
1237653652378550566,15.954656728348,14.9595134788877,19.44354,18.23081,17.59299,17.15012,16.79872,1904,301,4,253,474157822959970304,GALAXY,0.03991968,421,51821,560,1082683967.9910088,10001-12701,1-48157,133.371090612,57.5984251446,9.428999281013445,0.927642710084122,11754.1,AGBT17A_012_19,896.8291,1.4207177,-999.0,0.0137383435,8.670002,3.313165,0.14617112,10.35004,11955.675,47.163033,432.4681,303.13943,434.7268,307.13962,287.3401,6.6275935,11.448619,7.819415,8.402823,0.02141115,56.474014,-0.34800306,0,0,1,0.8186065239067744
1237653652375732511,9.29617664219467,15.2648848146775,18.42643,16.44121,15.54437,15.09666,14.75372,1904,301,4,210,470758132939778048,GALAXY,0.05738646,418,51817,480,1198398524.2956297,10001-12701,1-48157,133.371090612,57.5984251446,9.428999281013445,0.927642710084122,11754.1,AGBT17A_012_19,896.8291,1.4207177,-999.0,0.0137383435,8.670002,3.313165,0.14617112,10.35004,11955.675,47.163033,432.4681,303.13943,434.7268,307.13962,287.3401,6.6275935,11.448619,7.819415,8.402823,0.02141115,56.474014,-0.34800306,0,0,1,0.8186065239067744
1237661386530750680,211.98106806485,53.8467862539731,19.12068,17.55541,16.83421,16.50401,16.2807,3705,301,2,98,1490729736496769024,GALAXY,0.04100868,1324,53088,139,407166727.5317682,10001-12701,1-48157,133.371090612,57.5984251446,9.428999281013445,0.927642710084122,11754.1,AGBT17A_012_19,896.8291,1.4207177,-999.0,0.0137383435,8.670002,3.313165,0.14617112,10.35004,11955.675,47.163033,432.4681,303.13943,434.7268,307.13962,287.3401,6.6275935,11.448619,7.819415,8.402823,0.02141115,56.474014,-0.34800306,0,0,1,0.8186065239067744
1237660024521490525,40.4853092031372,-1.19935825372874,19.17609,17.34179,16.53142,16.13868,15.84139,3388,301,1,590,459380386682660864,GALAXY,0.04372894,408,51821,48,201726980.50966024,10001-12701,1-48157,133.371090612,57.5984251446,9.428999281013445,0.927642710084122,11754.1,AGBT17A_012_19,896.8291,1.4207177,-999.0,0.0137383435,8.670002,3.313165,0.14617112,10.35004,11955.675,47.163033,432.4681,303.13943,434.7268,307.13962,287.3401,6.6275935,11.448619,7.819415,8.402823,0.02141115,56.474014,-0.34800306,0,0,1,0.8186065239067744
1237668348682371338,236.859586467838,10.2827098495966,17.24569,15.36413,14.50756,14.10273,13.77135,5326,301,2,245,2837353878935070720,GALAXY,0.03496376,2520,54584,313,1040812212.3228482,10001-12701,1-48157,133.371090612,57.5984251446,9.428999281013445,0.927642710084122,11754.1,AGBT17A_012_19,896.8291,1.4207177,-999.0,0.0137383435,8.670002,3.313165,0.14617112,10.35004,11955.675,47.163033,432.4681,303.13943,434.7268,307.13962,287.3401,6.6275935,11.448619,7.819415,8.402823,0.02141115,56.474014,-0.34800306,0,0,1,0.8186065239067744
1237665126940082462,203.317350716815,32.5218579252982,19.42943,17.61922,16.82218,16.45318,16.13314,4576,301,1,551,2374576288028452864,GALAXY,0.03526453,2109,53468,194,1187053959.9520395,10001-12701,1-48157,133.371090612,57.5984251446,9.428999281013445,0.927642710084122,11754.1,AGBT17A_012_19,896.8291,1.4207177,-999.0,0.0137383435,8.670002,3.313165,0.14617112,10.35004,11955.675,47.163033,432.4681,303.13943,434.7268,307.13962,287.3401,6.6275935,11.448619,7.819415,8.402823,0.02141115,56.474014,-0.34800306,0,0,1,0.8186065239067744
1237663916803490068,120.993859479847,53.5383106909723,18.60715,17.0788,16.33711,15.96353,15.70118,4294,301,3,100,2105591487105361920,GALAXY,0.02400186,1870,53383,577,475646643.2058042,10001-12701,1-48157,133.371090612,57.5984251446,9.428999281013445,0.927642710084122,11754.1,AGBT17A_012_19,896.8291,1.4207177,-999.0,0.0137383435,8.670002,3.313165,0.14617112,10.35004,11955.675,47.163033,432.4681,303.13943,434.7268,307.13962,287.3401,6.6275935,11.448619,7.819415,8.402823,0.02141115,56.474014,-0.34800306,0,0,1,0.8186065239067744
1237663916799689135,114.673051895433,45.9436656108479,17.61436,16.19323,15.55204,15.25618,14.98977,4294,301,3,42,2102107133649643520,GALAXY,0.01786585,1867,53317,189,178212792.59749126,10001-12701,1-48157,133.371090612,57.5984251446,9.428999281013445,0.927642710084122,11754.1,AGBT17A_012_19,896.8291,1.4207177,-999.0,0.0137383435,8.670002,3.313165,0.14617112,10.35004,11955.675,47.163033,432.4681,303.13943,434.7268,307.13962,287.3401,6.6275935,11.448619,7.819415,8.402823,0.02141115,56.474014,-0.34800306,0,0,1,0.8186065239067744
1237663784200175698,6.40710482013584,0.0367283652120213,17.1406,15.17289,14.23814,13.81026,13.46556,4263,301,4,158,440332171710851072,GALAXY,0.04244858,391,51782,383,1116923925.8280268,10001-12701,1-48157,133.371090612,57.5984251446,9.428999281013445,0.927642710084122,11754.1,AGBT17A_012_19,896.8291,1.4207177,-999.0,0.0137383435,8.670002,3.313165,0.14617112,10.35004,11955.675,47.163033,432.4681,303.13943,434.7268,307.13962,287.3401,6.6275935,11.448619,7.819415,8.402823,0.02141115,56.474014,-0.34800306,0,0,1,0.8186065239067744
1237663784205615315,18.8561772652497,0.071657341852884,18.5937,16.82403,16.00296,15.62264,15.30013,4263,301,4,241,448235186530838528,GALAXY,0.0423866,398,51789,462,1067007842.7162294,10001-12701,1-48157,133.371090612,57.5984251446,9.428999281013445,0.927642710084122,11754.1,AGBT17A_012_19,896.8291,1.4207177,-999.0,0.0137383435,8.670002,3.313165,0.14617112,10.35004,11955.675,47.163033,432.4681,303.13943,434.7268,307.13962,287.3401,6.6275935,11.448619,7.819415,8.402823,0.02141115,56.474014,-0.34800306,0,0,1,0.8186065239067744
1237665126934118562,187.130615253471,33.8667991964933,18.76651,17.20581,16.50381,16.17967,15.90297,4576,301,1,460,2268732906581026816,GALAXY,0.04092219,2015,53819,162,1088665647.3721747,10001-12701,1-48157,133.371090612,57.5984251446,9.428999281013445,0.927642710084122,11754.1,AGBT17A_012_19,896.8291,1.4207177,-999.0,0.0137383435,8.670002,3.313165,0.14617112,10.35004,11955.675,47.163033,432.4681,303.13943,434.7268,307.13962,287.3401,6.6275935,11.448619,7.819415,8.402823,0.02141115,56.474014,-0.34800306,0,0,1,0.8186065239067744
1237655349967061311,243.628885970053,46.9341894689966,17.91906,16.63442,16.15239,15.87467,15.70474,2299,301,6,294,702651741702744064,GALAXY,0.04675457,624,52377,328,374576888.144727,10001-12701,1-48157,133.371090612,57.5984251446,9.428999281013445,0.927642710084122,11754.1,AGBT17A_012_19,896.8291,1.4207177,-999.0,0.0137383435,8.670002,3.313165,0.14617112,10.35004,11955.675,47.163033,432.4681,303.13943,434.7268,307.13962,287.3401,6.6275935,11.448619,7.819415,8.402823,0.02141115,56.474014,-0.34800306,0,0,1,0.8186065239067744
1237667782827638813,167.421650779809,21.7403659829332,17.39438,15.39459,14.5477,14.12087,13.8271,5194,301,4,355,2805861110324946944,GALAXY,0.0322203,2492,54178,431,1192623109.7207112,10001-12701,1-48157,133.371090612,57.5984251446,9.428999281013445,0.927642710084122,11754.1,AGBT17A_012_19,896.8291,1.4207177,-999.0,0.0137383435,8.670002,3.313165,0.14617112,10.35004,11955.675,47.163033,432.4681,303.13943,434.7268,307.13962,287.3401,6.6275935,11.448619,7.819415,8.402823,0.02141115,56.474014,-0.34800306,0,0,1,0.8186065239067744
1237663918416003078,122.972967700001,57.9518770443728,17.38792,15.64341,14.76964,14.31331,13.90707,4294,301,6,129,2107799856260081664,GALAXY,0.02775008,1872,53386,419,21864069.462192215,10001-12701,1-48157,133.371090612,57.5984251446,9.428999281013445,0.927642710084122,11754.1,AGBT17A_012_19,896.8291,1.4207177,-999.0,0.0137383435,8.670002,3.313165,0.14617112,10.35004,11955.675,47.163033,432.4681,303.13943,434.7268,307.13962,287.3401,6.6275935,11.448619,7.819415,8.402823,0.02141115,56.474014,-0.34800306,0,0,1,0.8186065239067744
1237649921120600218,32.4270904512315,14.3254665325154,18.34048,16.73482,16.03326,15.64804,15.38123,1035,301,6,175,481997616784107520,GALAXY,0.04922551,428,51883,409,917053328.5745904,10001-12701,1-48157,133.371090612,57.5984251446,9.428999281013445,0.927642710084122,11754.1,AGBT17A_012_19,896.8291,1.4207177,-999.0,0.0137383435,8.670002,3.313165,0.14617112,10.35004,11955.675,47.163033,432.4681,303.13943,434.7268,307.13962,287.3401,6.6275935,11.448619,7.819415,8.402823,0.02141115,56.474014,-0.34800306,0,0,1,0.8186065239067744
1237654600487272458,144.545151695025,3.07890560896631,17.2588,16.17036,15.69843,15.44936,15.29678,2125,301,2,172,640640383511980032,GALAXY,0.02204215,569,52264,12,957274965.7927743,10001-12701,1-48157,133.371090612,57.5984251446,9.428999281013445,0.927642710084122,11754.1,AGBT17A_012_19,896.8291,1.4207177,-999.0,0.0137383435,8.670002,3.313165,0.14617112,10.35004,11955.675,47.163033,432.4681,303.13943,434.7268,307.13962,287.3401,6.6275935,11.448619,7.819415,8.402823,0.02141115,56.474014,-0.34800306,0,0,1,0.8186065239067744
1237655129837142229,244.074688619904,47.9815981938041,16.60786,15.20313,14.4927,14.1271,13.81868,2248,301,4,98,702657239260882944,GALAXY,0.02064288,624,52377,348,372307975.2760089,10001-12701,1-48157,133.371090612,57.5984251446,9.428999281013445,0.927642710084122,11754.1,AGBT17A_012_19,896.8291,1.4207177,-999.0,0.0137383435,8.670002,3.313165,0.14617112,10.35004,11955.675,47.163033,432.4681,303.13943,434.7268,307.13962,287.3401,6.6275935,11.448619,7.819415,8.402823,0.02141115,56.474014,-0.34800306,0,0,1,0.8186065239067744
1237655129837863132,245.522375136225,46.6241484484035,17.81071,16.51509,15.83447,15.48015,15.20562,2248,301,4,109,702607211481819136,GALAXY,0.0477681,624,52377,166,373339299.3072444,10001-12701,1-48157,133.371090612,57.5984251446,9.428999281013445,0.927642710084122,11754.1,AGBT17A_012_19,896.8291,1.4207177,-999.0,0.0137383435,8.670002,3.313165,0.14617112,10.35004,11955.675,47.163033,432.4681,303.13943,434.7268,307.13962,287.3401,6.6275935,11.448619,7.819415,8.402823,0.02141115,56.474014,-0.34800306,0,0,1,0.8186065239067744
1237667444048789721,195.294604532846,27.8028866480324,17.36214,15.585,14.82798,14.45291,14.17212,5115,301,5,152,2524359744915793920,GALAXY,0.02232208,2242,54153,335,1242126663.220014,10001-12701,1-48157,133.371090612,57.5984251446,9.428999281013445,0.927642710084122,11754.1,AGBT17A_012_19,896.8291,1.4207177,-999.0,0.0137383435,8.670002,3.313165,0.14617112,10.35004,11955.675,47.163033,432.4681,303.13943,434.7268,307.13962,287.3401,6.6275935,11.448619,7.819415,8.402823,0.02141115,56.474014,-0.34800306,0,0,1,0.8186065239067744
1237667444048723991,195.078230394988,27.9370369750511,17.80257,16.10304,15.43026,15.09065,14.85519,5115,301,5,151,2523290470126217216,GALAXY,0.01761597,2241,54169,541,1337833533.318667,10001-12701,1-48157,133.371090612,57.5984251446,9.428999281013445,0.927642710084122,11754.1,AGBT17A_012_19,896.8291,1.4207177,-999.0,0.0137383435,8.670002,3.313165,0.14617112,10.35004,11955.675,47.163033,432.4681,303.13943,434.7268,307.13962,287.3401,6.6275935,11.448619,7.819415,8.402823,0.02141115,56.474014,-0.34800306,0,0,1,0.8186065239067744
1237667444048396324,194.221407959797,27.9294970525839,17.78004,15.92636,15.11156,14.70841,14.40437,5115,301,5,146,2523249238440175616,GALAXY,0.02040969,2241,54169,391,1333914501.999972,10001-12701,1-48157,133.371090612,57.5984251446,9.428999281013445,0.927642710084122,11754.1,AGBT17A_012_19,896.8291,1.4207177,-999.0,0.0137383435,8.670002,3.313165,0.14617112,10.35004,11955.675,47.163033,432.4681,303.13943,434.7268,307.13962,287.3401,6.6275935,11.448619,7.819415,8.402823,0.02141115,56.474014,-0.34800306,0,0,1,0.8186065239067744
1237666215143997621,17.7757311197344,15.1721146571154,17.33082,15.92021,15.32606,14.99972,14.76703,4829,301,4,41,476350798901569536,GALAXY,0.03820607,423,51821,346,772461699.3953758,10001-12701,1-48157,133.371090612,57.5984251446,9.428999281013445,0.927642710084122,11754.1,AGBT17A_012_19,896.8291,1.4207177,-999.0,0.0137383435,8.670002,3.313165,0.14617112,10.35004,11955.675,47.163033,432.4681,303.13943,434.7268,307.13962,287.3401,6.6275935,11.448619,7.819415,8.402823,0.02141115,56.474014,-0.34800306,0,0,1,0.8186065239067744
1237653652915618000,16.3326354345202,15.5581783156002,18.65278,16.7712,15.84956,15.39855,15.05821,1904,301,5,256,475220225902536704,GALAXY,0.05552541,422,51811,329,1087015528.9221978,10001-12701,1-48157,133.371090612,57.5984251446,9.428999281013445,0.927642710084122,11754.1,AGBT17A_012_19,896.8291,1.4207177,-999.0,0.0137383435,8.670002,3.313165,0.14617112,10.35004,11955.675,47.163033,432.4681,303.13943,434.7268,307.13962,287.3401,6.6275935,11.448619,7.819415,8.402823,0.02141115,56.474014,-0.34800306,0,0,1,0.8186065239067744
1237654599958331538,162.687658191311,3.51351714067936,17.79823,16.59679,16.01409,15.75314,15.528,2125,301,1,293,651953809647495168,GALAXY,0.01811519,579,52338,210,744822215.3582649,10001-12701,1-48157,133.371090612,57.5984251446,9.428999281013445,0.927642710084122,11754.1,AGBT17A_012_19,896.8291,1.4207177,-999.0,0.0137383435,8.670002,3.313165,0.14617112,10.35004,11955.675,47.163033,432.4681,303.13943,434.7268,307.13962,287.3401,6.6275935,11.448619,7.819415,8.402823,0.02141115,56.474014,-0.34800306,0,0,1,0.8186065239067744
1237654599958462534,162.9711654235,3.50957517610105,18.78305,17.39422,16.70164,16.36639,16.11139,2125,301,1,295,651929345513777152,GALAXY,0.04220494,579,52338,121,1018741878.0544089,10001-12701,1-48157,133.371090612,57.5984251446,9.428999281013445,0.927642710084122,11754.1,AGBT17A_012_19,896.8291,1.4207177,-999.0,0.0137383435,8.670002,3.313165,0.14617112,10.35004,11955.675,47.163033,432.4681,303.13943,434.7268,307.13962,287.3401,6.6275935,11.448619,7.819415,8.402823,0.02141115,56.474014,-0.34800306,0,0,1,0.8186065239067744
1237664852573421629,222.833609496682,30.6638381075541,18.5633,16.58112,15.68788,15.26488,14.9234,4512,301,2,160,2075082520600274944,GALAXY,0.05000683,1843,53816,178,1261103025.394747,10001-12701,1-48157,133.371090612,57.5984251446,9.428999281013445,0.927642710084122,11754.1,AGBT17A_012_19,896.8291,1.4207177,-999.0,0.0137383435,8.670002,3.313165,0.14617112,10.35004,11955.675,47.163033,432.4681,303.13943,434.7268,307.13962,287.3401,6.6275935,11.448619,7.819415,8.402823,0.02141115,56.474014,-0.34800306,0,0,1,0.8186065239067744
1237651311070871786,259.795887953161,62.1485032248328,17.45628,15.85735,15.26468,14.97424,14.70196,1359,301,3,45,398671951180097536,GALAXY,0.02754749,354,51792,376,440994155.756292,10001-12701,1-48157,133.371090612,57.5984251446,9.428999281013445,0.927642710084122,11754.1,AGBT17A_012_19,896.8291,1.4207177,-999.0,0.0137383435,8.670002,3.313165,0.14617112,10.35004,11955.675,47.163033,432.4681,303.13943,434.7268,307.13962,287.3401,6.6275935,11.448619,7.819415,8.402823,0.02141115,56.474014,-0.34800306,0,0,1,0.8186065239067744
1237661386544382184,247.661989155482,35.0564004089186,16.25614,14.30704,13.48364,13.0736,12.81639,3705,301,2,306,1506478311000270848,GALAXY,0.03095964,1338,52765,88,89518925.91123982,10001-12701,1-48157,133.371090612,57.5984251446,9.428999281013445,0.927642710084122,11754.1,AGBT17A_012_19,896.8291,1.4207177,-999.0,0.0137383435,8.670002,3.313165,0.14617112,10.35004,11955.675,47.163033,432.4681,303.13943,434.7268,307.13962,287.3401,6.6275935,11.448619,7.819415,8.402823,0.02141115,56.474014,-0.34800306,0,0,1,0.8186065239067744
1237661386534879289,225.417146681958,49.3738987018671,16.89936,15.41932,15.02779,14.70565,14.39219,3705,301,2,161,7572818273861130240,GALAXY,0.02540918,6726,56394,56,670979414.7218044,10001-12701,1-48157,133.371090612,57.5984251446,9.428999281013445,0.927642710084122,11754.1,AGBT17A_012_19,896.8291,1.4207177,-999.0,0.0137383435,8.670002,3.313165,0.14617112,10.35004,11955.675,47.163033,432.4681,303.13943,434.7268,307.13962,287.3401,6.6275935,11.448619,7.819415,8.402823,0.02141115,56.474014,-0.34800306,0,0,1,0.8186065239067744
1237655108899176705,129.170984156816,45.0969728403364,18.72111,17.51486,16.98495,16.68943,16.49226,2243,301,5,98,858061660542232576,GALAXY,0.03823248,762,52232,458,67448591.64280051,10001-12701,1-48157,133.371090612,57.5984251446,9.428999281013445,0.927642710084122,11754.1,AGBT17A_012_19,896.8291,1.4207177,-999.0,0.0137383435,8.670002,3.313165,0.14617112,10.35004,11955.675,47.163033,432.4681,303.13943,434.7268,307.13962,287.3401,6.6275935,11.448619,7.819415,8.402823,0.02141115,56.474014,-0.34800306,0,0,1,0.8186065239067744
1237661383844757598,141.816827285992,34.4271937252432,17.17401,15.33155,14.48547,14.05866,13.73815,3704,301,5,73,1793675699769337856,GALAXY,0.02303885,1593,52991,426,948611843.9303962,10001-12701,1-48157,133.371090612,57.5984251446,9.428999281013445,0.927642710084122,11754.1,AGBT17A_012_19,896.8291,1.4207177,-999.0,0.0137383435,8.670002,3.313165,0.14617112,10.35004,11955.675,47.163033,432.4681,303.13943,434.7268,307.13962,287.3401,6.6275935,11.448619,7.819415,8.402823,0.02141115,56.474014,-0.34800306,0,0,1,0.8186065239067744
1237660637072851044,167.847333907618,47.3658026882947,16.87645,15.78559,15.30203,14.99341,14.79138,3530,301,6,310,1619154343318022144,GALAXY,0.02523821,1438,53054,401,37746459.543218635,10001-12701,1-48157,133.371090612,57.5984251446,9.428999281013445,0.927642710084122,11754.1,AGBT17A_012_19,896.8291,1.4207177,-999.0,0.0137383435,8.670002,3.313165,0.14617112,10.35004,11955.675,47.163033,432.4681,303.13943,434.7268,307.13962,287.3401,6.6275935,11.448619,7.819415,8.402823,0.02141115,56.474014,-0.34800306,0,0,1,0.8186065239067744
1237648722284249438,133.780931738812,0.81157496401846,18.06642,17.02869,16.64736,16.36272,16.24875,756,301,5,120,528110035444721664,GALAXY,0.04167477,469,51913,229,1104960567.0656953,10001-12701,1-48157,133.371090612,57.5984251446,9.428999281013445,0.927642710084122,11754.1,AGBT17A_012_19,896.8291,1.4207177,-999.0,0.0137383435,8.670002,3.313165,0.14617112,10.35004,11955.675,47.163033,432.4681,303.13943,434.7268,307.13962,287.3401,6.6275935,11.448619,7.819415,8.402823,0.02141115,56.474014,-0.34800306,0,0,1,0.8186065239067744
1237648722323636567,223.789761050317,0.781597280439373,18.33148,17.02513,16.421,16.07654,15.82826,756,301,5,721,348051263860008960,GALAXY,0.04296209,309,51994,539,1020391996.5043856,10001-12701,1-48157,133.371090612,57.5984251446,9.428999281013445,0.927642710084122,11754.1,AGBT17A_012_19,896.8291,1.4207177,-999.0,0.0137383435,8.670002,3.313165,0.14617112,10.35004,11955.675,47.163033,432.4681,303.13943,434.7268,307.13962,287.3401,6.6275935,11.448619,7.819415,8.402823,0.02141115,56.474014,-0.34800306,0,0,1,0.8186065239067744
1237651539800293493,244.97292602473,51.5465210707936,17.64264,15.78123,14.95734,14.54766,14.20631,1412,301,5,387,701451344413747200,GALAXY,0.04726927,623,52051,57,392315661.4819773,10001-12701,1-48157,133.371090612,57.5984251446,9.428999281013445,0.927642710084122,11754.1,AGBT17A_012_19,896.8291,1.4207177,-999.0,0.0137383435,8.670002,3.313165,0.14617112,10.35004,11955.675,47.163033,432.4681,303.13943,434.7268,307.13962,287.3401,6.6275935,11.448619,7.819415,8.402823,0.02141115,56.474014,-0.34800306,0,0,1,0.8186065239067744
1237665126940868699,205.369899866491,32.1925678111193,17.75067,16.47363,16.00385,15.7287,15.56138,4576,301,1,563,2374529009028458496,GALAXY,0.01557532,2109,53468,22,874769043.2939357,10001-12701,1-48157,133.371090612,57.5984251446,9.428999281013445,0.927642710084122,11754.1,AGBT17A_012_19,896.8291,1.4207177,-999.0,0.0137383435,8.670002,3.313165,0.14617112,10.35004,11955.675,47.163033,432.4681,303.13943,434.7268,307.13962,287.3401,6.6275935,11.448619,7.819415,8.402823,0.02141115,56.474014,-0.34800306,0,0,1,0.8186065239067744
1237662199895556189,230.896855334417,9.34615291866044,16.32555,14.41969,13.56196,13.14698,12.86115,3894,301,5,180,1937788428473100288,GALAXY,0.03570269,1721,53857,417,1049887863.7977204,10001-12701,1-48157,133.371090612,57.5984251446,9.428999281013445,0.927642710084122,11754.1,AGBT17A_012_19,896.8291,1.4207177,-999.0,0.0137383435,8.670002,3.313165,0.14617112,10.35004,11955.675,47.163033,432.4681,303.13943,434.7268,307.13962,287.3401,6.6275935,11.448619,7.819415,8.402823,0.02141115,56.474014,-0.34800306,0,0,1,0.8186065239067744
1237662474769203459,246.358209561428,30.3094530331527,17.80118,16.49274,15.89985,15.54634,15.29407,3958,301,5,115,1897224414257244160,GALAXY,0.04905206,1685,53463,302,879719398.6438661,10001-12701,1-48157,133.371090612,57.5984251446,9.428999281013445,0.927642710084122,11754.1,AGBT17A_012_19,896.8291,1.4207177,-999.0,0.0137383435,8.670002,3.313165,0.14617112,10.35004,11955.675,47.163033,432.4681,303.13943,434.7268,307.13962,287.3401,6.6275935,11.448619,7.819415,8.402823,0.02141115,56.474014,-0.34800306,0,0,1,0.8186065239067744
1237661949735338232,225.98578239272,9.44639272894894,18.06492,16.9303,16.50146,16.27543,16.07577,3836,301,3,510,1933235626136594432,GALAXY,0.03871892,1717,53883,238,1055869543.1788863,10001-12701,1-48157,133.371090612,57.5984251446,9.428999281013445,0.927642710084122,11754.1,AGBT17A_012_19,896.8291,1.4207177,-999.0,0.0137383435,8.670002,3.313165,0.14617112,10.35004,11955.675,47.163033,432.4681,303.13943,434.7268,307.13962,287.3401,6.6275935,11.448619,7.819415,8.402823,0.02141115,56.474014,-0.34800306,0,0,1,0.8186065239067744
1237661386528653527,204.140552740658,55.4258640582868,17.84077,16.48625,16.01892,15.80439,15.70679,3705,301,2,66,1487363576212514816,GALAXY,0.01678898,1321,52764,181,58372940.16792827,10001-12701,1-48157,133.371090612,57.5984251446,9.428999281013445,0.927642710084122,11754.1,AGBT17A_012_19,896.8291,1.4207177,-999.0,0.0137383435,8.670002,3.313165,0.14617112,10.35004,11955.675,47.163033,432.4681,303.13943,434.7268,307.13962,287.3401,6.6275935,11.448619,7.819415,8.402823,0.02141115,56.474014,-0.34800306,0,0,1,0.8186065239067744
1237658299523072347,133.386500325482,4.78208789041099,17.88272,16.4406,15.83762,15.43062,15.11492,2986,301,4,99,1339941605339064320,GALAXY,0.0207108,1190,52670,439,721720557.0585902,10001-12701,1-48157,133.371090612,57.5984251446,9.428999281013445,0.927642710084122,11754.1,AGBT17A_012_19,896.8291,1.4207177,-999.0,0.0137383435,8.670002,3.313165,0.14617112,10.35004,11955.675,47.163033,432.4681,303.13943,434.7268,307.13962,287.3401,6.6275935,11.448619,7.819415,8.402823,0.02141115,56.474014,-0.34800306,0,0,1,0.8186065239067744
1237663782595199131,19.1688533189514,-1.19452619674545,18.33964,16.66996,15.81379,15.36582,15.01729,4263,301,1,244,448176362658752512,GALAXY,0.047844,398,51789,248,108495288.0859727,10001-12701,1-48157,133.371090612,57.5984251446,9.428999281013445,0.927642710084122,11754.1,AGBT17A_012_19,896.8291,1.4207177,-999.0,0.0137383435,8.670002,3.313165,0.14617112,10.35004,11955.675,47.163033,432.4681,303.13943,434.7268,307.13962,287.3401,6.6275935,11.448619,7.819415,8.402823,0.02141115,56.474014,-0.34800306,0,0,1,0.8186065239067744
1237657775535882471,120.067061644267,29.4714291916666,18.46804,16.84856,16.22918,15.92485,15.6894,2864,301,4,81,968346801436387328,GALAXY,0.04526909,860,52319,265,1234288600.5826247,10001-12701,1-48157,133.371090612,57.5984251446,9.428999281013445,0.927642710084122,11754.1,AGBT17A_012_19,896.8291,1.4207177,-999.0,0.0137383435,8.670002,3.313165,0.14617112,10.35004,11955.675,47.163033,432.4681,303.13943,434.7268,307.13962,287.3401,6.6275935,11.448619,7.819415,8.402823,0.02141115,56.474014,-0.34800306,0,0,1,0.8186065239067744
1237654601562521641,148.002976828149,4.15075339894044,16.28429,14.42624,13.60519,13.18189,12.88384,2125,301,4,195,643025224601724928,GALAXY,0.03061623,571,52286,496,958100025.0177627,10001-12701,1-48157,133.371090612,57.5984251446,9.428999281013445,0.927642710084122,11754.1,AGBT17A_012_19,896.8291,1.4207177,-999.0,0.0137383435,8.670002,3.313165,0.14617112,10.35004,11955.675,47.163033,432.4681,303.13943,434.7268,307.13962,287.3401,6.6275935,11.448619,7.819415,8.402823,0.02141115,56.474014,-0.34800306,0,0,1,0.8186065239067744
1237654601555902695,132.890645363574,3.10080588669882,16.23494,14.37928,13.58156,13.16349,12.8783,2125,301,4,94,636219246602381312,GALAXY,0.02811288,565,52225,312,970269648.5863413,10001-12701,1-48157,133.371090612,57.5984251446,9.428999281013445,0.927642710084122,11754.1,AGBT17A_012_19,896.8291,1.4207177,-999.0,0.0137383435,8.670002,3.313165,0.14617112,10.35004,11955.675,47.163033,432.4681,303.13943,434.7268,307.13962,287.3401,6.6275935,11.448619,7.819415,8.402823,0.02141115,56.474014,-0.34800306,0,0,1,0.8186065239067744
1237654601557410108,136.375512390873,3.47300477796509,17.72641,16.07505,15.14379,14.62991,14.2313,2125,301,4,117,637394624750577664,GALAXY,0.02816081,566,52238,492,707900815.0400347,10001-12701,1-48157,133.371090612,57.5984251446,9.428999281013445,0.927642710084122,11754.1,AGBT17A_012_19,896.8291,1.4207177,-999.0,0.0137383435,8.670002,3.313165,0.14617112,10.35004,11955.675,47.163033,432.4681,303.13943,434.7268,307.13962,287.3401,6.6275935,11.448619,7.819415,8.402823,0.02141115,56.474014,-0.34800306,0,0,1,0.8186065239067744
1237655123928612905,168.74848816477,3.60210580783849,16.39302,14.54529,13.69138,13.2628,12.95377,2247,301,1,53,940162195365324800,GALAXY,0.02951742,835,52326,130,1098153828.459541,10001-12701,1-48157,133.371090612,57.5984251446,9.428999281013445,0.927642710084122,11754.1,AGBT17A_012_19,896.8291,1.4207177,-999.0,0.0137383435,8.670002,3.313165,0.14617112,10.35004,11955.675,47.163033,432.4681,303.13943,434.7268,307.13962,287.3401,6.6275935,11.448619,7.819415,8.402823,0.02141115,56.474014,-0.34800306,0,0,1,0.8186065239067744
1237655123945455775,207.243837589593,3.52249165171979,18.44667,16.79624,16.07006,15.72324,15.45193,2247,301,1,310,962723075277744128,GALAXY,0.02424088,855,52375,286,1038337034.6478832,10001-12701,1-48157,133.371090612,57.5984251446,9.428999281013445,0.927642710084122,11754.1,AGBT17A_012_19,896.8291,1.4207177,-999.0,0.0137383435,8.670002,3.313165,0.14617112,10.35004,11955.675,47.163033,432.4681,303.13943,434.7268,307.13962,287.3401,6.6275935,11.448619,7.819415,8.402823,0.02141115,56.474014,-0.34800306,0,0,1,0.8186065239067744
1237657775543746825,136.748335336122,41.440594169453,17.40024,16.1412,15.66827,15.40772,15.2349,2864,301,4,201,1351209950222772224,GALAXY,0.02612591,1200,52668,473,314347564.72057486,10001-12701,1-48157,133.371090612,57.5984251446,9.428999281013445,0.927642710084122,11754.1,AGBT17A_012_19,896.8291,1.4207177,-999.0,0.0137383435,8.670002,3.313165,0.14617112,10.35004,11955.675,47.163033,432.4681,303.13943,434.7268,307.13962,287.3401,6.6275935,11.448619,7.819415,8.402823,0.02141115,56.474014,-0.34800306,0,0,1,0.8186065239067744
1237662619188724086,241.203726095627,28.0955396432587,17.32069,16.1435,15.59882,15.31344,15.08285,3992,301,2,134,1776727836011292672,GALAXY,0.02420469,1578,53496,210,894157935.0811627,10001-12701,1-48157,133.371090612,57.5984251446,9.428999281013445,0.927642710084122,11754.1,AGBT17A_012_19,896.8291,1.4207177,-999.0,0.0137383435,8.670002,3.313165,0.14617112,10.35004,11955.675,47.163033,432.4681,303.13943,434.7268,307.13962,287.3401,6.6275935,11.448619,7.819415,8.402823,0.02141115,56.474014,-0.34800306,0,0,1,0.8186065239067744
1237662619189903666,243.694579395587,26.5588462998461,16.88939,14.93845,14.05017,13.62151,13.29481,3992,301,2,152,1774515068860393472,GALAXY,0.03280643,1576,53496,352,884669753.9937963,10001-12701,1-48157,133.371090612,57.5984251446,9.428999281013445,0.927642710084122,11754.1,AGBT17A_012_19,896.8291,1.4207177,-999.0,0.0137383435,8.670002,3.313165,0.14617112,10.35004,11955.675,47.163033,432.4681,303.13943,434.7268,307.13962,287.3401,6.6275935,11.448619,7.819415,8.402823,0.02141115,56.474014,-0.34800306,0,0,1,0.8186065239067744
1237658206123982879,191.670630807259,51.0393368743691,17.4689,15.99182,15.17878,14.7865,14.43155,2964,301,6,350,7514256635667437568,GALAXY,0.01576542,6674,56416,2,76317978.31142566,10001-12701,1-48157,133.371090612,57.5984251446,9.428999281013445,0.927642710084122,11754.1,AGBT17A_012_19,896.8291,1.4207177,-999.0,0.0137383435,8.670002,3.313165,0.14617112,10.35004,11955.675,47.163033,432.4681,303.13943,434.7268,307.13962,287.3401,6.6275935,11.448619,7.819415,8.402823,0.02141115,56.474014,-0.34800306,0,0,1,0.8186065239067744
1237661435926937724,211.478386275436,45.6446720647033,18.84393,17.21029,16.50535,16.1559,15.90841,3716,301,6,160,1447974121248942080,GALAXY,0.04027768,1286,52725,243,290214582.3896646,10001-12701,1-48157,133.371090612,57.5984251446,9.428999281013445,0.927642710084122,11754.1,AGBT17A_012_19,896.8291,1.4207177,-999.0,0.0137383435,8.670002,3.313165,0.14617112,10.35004,11955.675,47.163033,432.4681,303.13943,434.7268,307.13962,287.3401,6.6275935,11.448619,7.819415,8.402823,0.02141115,56.474014,-0.34800306,0,0,1,0.8186065239067744
1237661361833443486,197.722872179196,46.8191920840117,18.6138,16.97433,16.27416,15.92554,15.67001,3699,301,4,79,1645037122047993856,GALAXY,0.02904602,1461,53062,354,349000052.17008704,10001-12701,1-48157,133.371090612,57.5984251446,9.428999281013445,0.927642710084122,11754.1,AGBT17A_012_19,896.8291,1.4207177,-999.0,0.0137383435,8.670002,3.313165,0.14617112,10.35004,11955.675,47.163033,432.4681,303.13943,434.7268,307.13962,287.3401,6.6275935,11.448619,7.819415,8.402823,0.02141115,56.474014,-0.34800306,0,0,1,0.8186065239067744
1237667444048658776,194.904040831237,27.8258040884036,18.56443,16.94714,16.21544,15.8668,15.58488,5115,301,5,150,2523278375498311680,GALAXY,0.02086743,2241,54169,497,1334327031.6124663,10001-12701,1-48157,133.371090612,57.5984251446,9.428999281013445,0.927642710084122,11754.1,AGBT17A_012_19,896.8291,1.4207177,-999.0,0.0137383435,8.670002,3.313165,0.14617112,10.35004,11955.675,47.163033,432.4681,303.13943,434.7268,307.13962,287.3401,6.6275935,11.448619,7.819415,8.402823,0.02141115,56.474014,-0.34800306,0,0,1,0.8186065239067744
1237671935504548205,254.354026082444,40.3138591466193,19.11996,17.42216,16.63491,16.27061,15.96916,6161,301,3,56,712794181713553408,GALAXY,0.04080854,633,52079,362,94469281.26117013,10001-12701,1-48157,133.371090612,57.5984251446,9.428999281013445,0.927642710084122,11754.1,AGBT17A_012_19,896.8291,1.4207177,-999.0,0.0137383435,8.670002,3.313165,0.14617112,10.35004,11955.675,47.163033,432.4681,303.13943,434.7268,307.13962,287.3401,6.6275935,11.448619,7.819415,8.402823,0.02141115,56.474014,-0.34800306,0,0,1,0.8186065239067744
1237658298459947168,157.733904679627,5.93138444840053,19.02645,17.28866,16.40089,15.92423,15.53533,2986,301,2,261,5461756761185998848,GALAXY,0.04464486,4851,55680,59,965525558.0426581,10001-12701,1-48157,133.371090612,57.5984251446,9.428999281013445,0.927642710084122,11754.1,AGBT17A_012_19,896.8291,1.4207177,-999.0,0.0137383435,8.670002,3.313165,0.14617112,10.35004,11955.675,47.163033,432.4681,303.13943,434.7268,307.13962,287.3401,6.6275935,11.448619,7.819415,8.402823,0.02141115,56.474014,-0.34800306,0,0,1,0.8186065239067744
1237654626790146291,122.043461287522,37.7629324846436,16.71072,15.38745,14.74703,14.41572,14.15378,2131,301,3,114,853458280586962944,GALAXY,0.0218013,758,52253,95,628695129.4411497,10001-12701,1-48157,133.371090612,57.5984251446,9.428999281013445,0.927642710084122,11754.1,AGBT17A_012_19,896.8291,1.4207177,-999.0,0.0137383435,8.670002,3.313165,0.14617112,10.35004,11955.675,47.163033,432.4681,303.13943,434.7268,307.13962,287.3401,6.6275935,11.448619,7.819415,8.402823,0.02141115,56.474014,-0.34800306,0,0,1,0.8186065239067744
1237664877801308257,140.108829952233,27.4982494104315,18.42479,17.22377,16.69584,16.42064,16.16752,4518,301,1,83,2180881645412837376,GALAXY,0.02682129,1937,53388,49,907358882.6809769,10001-12701,1-48157,133.371090612,57.5984251446,9.428999281013445,0.927642710084122,11754.1,AGBT17A_012_19,896.8291,1.4207177,-999.0,0.0137383435,8.670002,3.313165,0.14617112,10.35004,11955.675,47.163033,432.4681,303.13943,434.7268,307.13962,287.3401,6.6275935,11.448619,7.819415,8.402823,0.02141115,56.474014,-0.34800306,0,0,1,0.8186065239067744
1237665126938706119,199.747950759376,32.9739478665507,19.29216,17.52298,16.77041,16.39586,16.11311,4576,301,1,530,2356529184920070144,GALAXY,0.03799387,2093,53818,75,1092584678.6908696,10001-12701,1-48157,133.371090612,57.5984251446,9.428999281013445,0.927642710084122,11754.1,AGBT17A_012_19,896.8291,1.4207177,-999.0,0.0137383435,8.670002,3.313165,0.14617112,10.35004,11955.675,47.163033,432.4681,303.13943,434.7268,307.13962,287.3401,6.6275935,11.448619,7.819415,8.402823,0.02141115,56.474014,-0.34800306,0,0,1,0.8186065239067744
1237673808120643727,127.011664805158,20.9967330695694,17.54196,16.53734,16.09638,15.88996,15.76586,6597,301,3,214,2169618796929640448,GALAXY,0.01819624,1927,53321,35,637358251.3035277,10001-12701,1-48157,133.371090612,57.5984251446,9.428999281013445,0.927642710084122,11754.1,AGBT17A_012_19,896.8291,1.4207177,-999.0,0.0137383435,8.670002,3.313165,0.14617112,10.35004,11955.675,47.163033,432.4681,303.13943,434.7268,307.13962,287.3401,6.6275935,11.448619,7.819415,8.402823,0.02141115,56.474014,-0.34800306,0,0,1,0.8186065239067744
1237673808118481283,122.127656251145,19.2084675292435,17.15647,15.51057,14.71495,14.30605,13.97593,6597,301,3,181,2165272977187301376,GALAXY,0.02718482,1923,53319,609,644577519.5221761,10001-12701,1-48157,133.371090612,57.5984251446,9.428999281013445,0.927642710084122,11754.1,AGBT17A_012_19,896.8291,1.4207177,-999.0,0.0137383435,8.670002,3.313165,0.14617112,10.35004,11955.675,47.163033,432.4681,303.13943,434.7268,307.13962,287.3401,6.6275935,11.448619,7.819415,8.402823,0.02141115,56.474014,-0.34800306,0,0,1,0.8186065239067744
1237658299530674339,150.739848057574,6.27162625986248,17.48491,16.24351,15.70766,15.46724,15.28441,2986,301,4,215,1120423834999089152,GALAXY,0.02151812,995,52731,558,714707553.6461889,10001-12701,1-48157,133.371090612,57.5984251446,9.428999281013445,0.927642710084122,11754.1,AGBT17A_012_19,896.8291,1.4207177,-999.0,0.0137383435,8.670002,3.313165,0.14617112,10.35004,11955.675,47.163033,432.4681,303.13943,434.7268,307.13962,287.3401,6.6275935,11.448619,7.819415,8.402823,0.02141115,56.474014,-0.34800306,0,0,1,0.8186065239067744
1237657595681964144,114.610289436278,28.9631106355914,17.38436,15.85496,15.05102,14.64298,14.33599,2822,301,5,48,848938462810761216,GALAXY,0.01578745,754,52232,36,198839273.22220087,10001-12701,1-48157,133.371090612,57.5984251446,9.428999281013445,0.927642710084122,11754.1,AGBT17A_012_19,896.8291,1.4207177,-999.0,0.0137383435,8.670002,3.313165,0.14617112,10.35004,11955.675,47.163033,432.4681,303.13943,434.7268,307.13962,287.3401,6.6275935,11.448619,7.819415,8.402823,0.02141115,56.474014,-0.34800306,0,0,1,0.8186065239067744
1237657629505814916,119.198544150593,28.216717146767,19.27099,17.42113,16.56494,16.14815,15.8095,2830,301,4,63,967196712240179200,GALAXY,0.04088276,859,52317,177,1155289179.7899868,10001-12701,1-48157,133.371090612,57.5984251446,9.428999281013445,0.927642710084122,11754.1,AGBT17A_012_19,896.8291,1.4207177,-999.0,0.0137383435,8.670002,3.313165,0.14617112,10.35004,11955.675,47.163033,432.4681,303.13943,434.7268,307.13962,287.3401,6.6275935,11.448619,7.819415,8.402823,0.02141115,56.474014,-0.34800306,0,0,1,0.8186065239067744
1237666407899791540,346.866712669392,-0.128646338717552,17.5136,16.28676,15.67694,15.35,15.05491,4874,301,3,333,429029192663853056,GALAXY,0.0257586,381,51811,223,1063501341.0100288,10001-12701,1-48157,133.371090612,57.5984251446,9.428999281013445,0.927642710084122,11754.1,AGBT17A_012_19,896.8291,1.4207177,-999.0,0.0137383435,8.670002,3.313165,0.14617112,10.35004,11955.675,47.163033,432.4681,303.13943,434.7268,307.13962,287.3401,6.6275935,11.448619,7.819415,8.402823,0.02141115,56.474014,-0.34800306,0,0,1,0.8186065239067744
1237666407922401541,38.5440066359885,-0.001785500524521,18.15869,16.32508,15.48086,15.06755,14.74027,4874,301,3,678,458262458218342400,GALAXY,0.05021771,407,51820,77,1071751933.2599127,10001-12701,1-48157,133.371090612,57.5984251446,9.428999281013445,0.927642710084122,11754.1,AGBT17A_012_19,896.8291,1.4207177,-999.0,0.0137383435,8.670002,3.313165,0.14617112,10.35004,11955.675,47.163033,432.4681,303.13943,434.7268,307.13962,287.3401,6.6275935,11.448619,7.819415,8.402823,0.02141115,56.474014,-0.34800306,0,0,1,0.8186065239067744
1237667142860407201,125.218702856693,18.0155461499629,19.08935,17.2855,16.33994,15.81614,15.36611,5045,301,4,94,2557052616492214272,GALAXY,0.04376379,2271,53726,487,216578046.5594512,10001-12701,1-48157,133.371090612,57.5984251446,9.428999281013445,0.927642710084122,11754.1,AGBT17A_012_19,896.8291,1.4207177,-999.0,0.0137383435,8.670002,3.313165,0.14617112,10.35004,11955.675,47.163033,432.4681,303.13943,434.7268,307.13962,287.3401,6.6275935,11.448619,7.819415,8.402823,0.02141115,56.474014,-0.34800306,0,0,1,0.8186065239067744
1237667324334506263,194.700641383394,28.0187270421761,19.3076,17.62068,16.9337,16.60498,16.34959,5087,301,6,273,2523268754771568640,GALAXY,0.02361731,2241,54169,462,1218199945.6953511,10001-12701,1-48157,133.371090612,57.5984251446,9.428999281013445,0.927642710084122,11754.1,AGBT17A_012_19,896.8291,1.4207177,-999.0,0.0137383435,8.670002,3.313165,0.14617112,10.35004,11955.675,47.163033,432.4681,303.13943,434.7268,307.13962,287.3401,6.6275935,11.448619,7.819415,8.402823,0.02141115,56.474014,-0.34800306,0,0,1,0.8186065239067744
1237662336796000528,248.140852322087,26.3807285960423,17.5738,15.65206,14.80772,14.33208,14.01639,3926,301,4,155,1586510938742220800,GALAXY,0.0586143,1409,52824,429,1279460593.1507387,10001-12701,1-48157,133.371090612,57.5984251446,9.428999281013445,0.927642710084122,11754.1,AGBT17A_012_19,896.8291,1.4207177,-999.0,0.0137383435,8.670002,3.313165,0.14617112,10.35004,11955.675,47.163033,432.4681,303.13943,434.7268,307.13962,287.3401,6.6275935,11.448619,7.819415,8.402823,0.02141115,56.474014,-0.34800306,0,0,1,0.8186065239067744
1237661361833509083,197.95942715665,46.9326923553481,16.74412,15.73681,15.23984,14.96491,14.72192,3699,301,4,80,1642844971662862336,GALAXY,0.02644742,1459,53117,571,282995314.1710162,10001-12701,1-48157,133.371090612,57.5984251446,9.428999281013445,0.927642710084122,11754.1,AGBT17A_012_19,896.8291,1.4207177,-999.0,0.0137383435,8.670002,3.313165,0.14617112,10.35004,11955.675,47.163033,432.4681,303.13943,434.7268,307.13962,287.3401,6.6275935,11.448619,7.819415,8.402823,0.02141115,56.474014,-0.34800306,0,0,1,0.8186065239067744
1237662195056640217,164.410538453881,41.05489370868,18.23871,17.19802,16.70272,16.49198,16.3832,3893,301,4,72,1615814575775574016,GALAXY,0.02546464,1435,52996,539,245042589.82155046,10001-12701,1-48157,133.371090612,57.5984251446,9.428999281013445,0.927642710084122,11754.1,AGBT17A_012_19,896.8291,1.4207177,-999.0,0.0137383435,8.670002,3.313165,0.14617112,10.35004,11955.675,47.163033,432.4681,303.13943,434.7268,307.13962,287.3401,6.6275935,11.448619,7.819415,8.402823,0.02141115,56.474014,-0.34800306,0,0,1,0.8186065239067744
1237659896710234186,262.486032769701,58.3974136208473,16.75262,15.0317,14.25722,13.87519,13.57099,3358,301,3,41,412122830453368832,GALAXY,0.02681931,366,52017,158,140672597.86051974,10001-12701,1-48157,133.371090612,57.5984251446,9.428999281013445,0.927642710084122,11754.1,AGBT17A_012_19,896.8291,1.4207177,-999.0,0.0137383435,8.670002,3.313165,0.14617112,10.35004,11955.675,47.163033,432.4681,303.13943,434.7268,307.13962,287.3401,6.6275935,11.448619,7.819415,8.402823,0.02141115,56.474014,-0.34800306,0,0,1,0.8186065239067744
1237658298450116902,135.31516513329,4.11810049227362,18.19691,16.61404,15.8465,15.41723,15.04883,2986,301,2,111,1342143102143457280,GALAXY,0.02813358,1192,52649,256,721514292.252343,10001-12701,1-48157,133.371090612,57.5984251446,9.428999281013445,0.927642710084122,11754.1,AGBT17A_012_19,896.8291,1.4207177,-999.0,0.0137383435,8.670002,3.313165,0.14617112,10.35004,11955.675,47.163033,432.4681,303.13943,434.7268,307.13962,287.3401,6.6275935,11.448619,7.819415,8.402823,0.02141115,56.474014,-0.34800306,0,0,1,0.8186065239067744
1237655108361519155,127.823512698011,43.4632561000786,16.74582,15.49401,14.93786,14.60954,14.33838,2243,301,4,86,858016305687586816,GALAXY,0.02443806,762,52232,293,68479915.674036,10001-12701,1-48157,133.371090612,57.5984251446,9.428999281013445,0.927642710084122,11754.1,AGBT17A_012_19,896.8291,1.4207177,-999.0,0.0137383435,8.670002,3.313165,0.14617112,10.35004,11955.675,47.163033,432.4681,303.13943,434.7268,307.13962,287.3401,6.6275935,11.448619,7.819415,8.402823,0.02141115,56.474014,-0.34800306,0,0,1,0.8186065239067744
1237659326565515342,246.164771176345,41.0199501020765,16.89751,16.19515,16.05998,16.09977,15.88187,3225,301,5,227,1319667162171860992,GALAXY,0.02711911,1172,52759,409,91994103.58620498,10001-12701,1-48157,133.371090612,57.5984251446,9.428999281013445,0.927642710084122,11754.1,AGBT17A_012_19,896.8291,1.4207177,-999.0,0.0137383435,8.670002,3.313165,0.14617112,10.35004,11955.675,47.163033,432.4681,303.13943,434.7268,307.13962,287.3401,6.6275935,11.448619,7.819415,8.402823,0.02141115,56.474014,-0.34800306,0,0,1,0.8186065239067744
1237658205045260329,173.929673745077,49.7378286376483,16.51985,15.13237,14.46487,14.09096,13.79503,2964,301,4,274,1087779608155154432,GALAXY,0.03276939,966,52642,583,539588733.1424041,10001-12701,1-48157,133.371090612,57.5984251446,9.428999281013445,0.927642710084122,11754.1,AGBT17A_012_19,896.8291,1.4207177,-999.0,0.0137383435,8.670002,3.313165,0.14617112,10.35004,11955.675,47.163033,432.4681,303.13943,434.7268,307.13962,287.3401,6.6275935,11.448619,7.819415,8.402823,0.02141115,56.474014,-0.34800306,0,0,1,0.8186065239067744
1237658205039165627,153.758638559626,45.9521114605867,18.67007,17.3542,16.78493,16.46754,16.20663,2964,301,4,181,1061892701928056832,GALAXY,0.0378924,943,52376,615,332911397.2828135,10001-12701,1-48157,133.371090612,57.5984251446,9.428999281013445,0.927642710084122,11754.1,AGBT17A_012_19,896.8291,1.4207177,-999.0,0.0137383435,8.670002,3.313165,0.14617112,10.35004,11955.675,47.163033,432.4681,303.13943,434.7268,307.13962,287.3401,6.6275935,11.448619,7.819415,8.402823,0.02141115,56.474014,-0.34800306,0,0,1,0.8186065239067744
1237658205061447738,226.989270429516,41.9023558286958,17.89208,16.46738,15.84544,15.53547,15.2702,2964,301,4,521,1453675089257064448,GALAXY,0.01686075,1291,52738,503,683561567.9028773,10001-12701,1-48157,133.371090612,57.5984251446,9.428999281013445,0.927642710084122,11754.1,AGBT17A_012_19,896.8291,1.4207177,-999.0,0.0137383435,8.670002,3.313165,0.14617112,10.35004,11955.675,47.163033,432.4681,303.13943,434.7268,307.13962,287.3401,6.6275935,11.448619,7.819415,8.402823,0.02141115,56.474014,-0.34800306,0,0,1,0.8186065239067744
1237659896710889888,263.033187276794,56.8787534674596,16.89938,15.10089,14.2647,13.84908,13.48516,3358,301,3,51,403207162202974208,GALAXY,0.02810765,358,51818,491,465333402.89344937,10001-12701,1-48157,133.371090612,57.5984251446,9.428999281013445,0.927642710084122,11754.1,AGBT17A_012_19,896.8291,1.4207177,-999.0,0.0137383435,8.670002,3.313165,0.14617112,10.35004,11955.675,47.163033,432.4681,303.13943,434.7268,307.13962,287.3401,6.6275935,11.448619,7.819415,8.402823,0.02141115,56.474014,-0.34800306,0,0,1,0.8186065239067744
1237659896710889675,263.205356250262,56.9012800627938,16.92451,15.38079,14.53915,14.12383,13.75181,3358,301,3,51,403206337569253376,GALAXY,0.02936134,358,51818,488,463683284.4434726,10001-12701,1-48157,133.371090612,57.5984251446,9.428999281013445,0.927642710084122,11754.1,AGBT17A_012_19,896.8291,1.4207177,-999.0,0.0137383435,8.670002,3.313165,0.14617112,10.35004,11955.675,47.163033,432.4681,303.13943,434.7268,307.13962,287.3401,6.6275935,11.448619,7.819415,8.402823,0.02141115,56.474014,-0.34800306,0,0,1,0.8186065239067744
1237655474511348396,259.35637178599,29.1855346775319,18.39924,16.62842,15.82001,15.43132,15.12088,2328,301,6,145,1100168901284620288,GALAXY,0.02860466,977,52410,599,593423847.5728962,10001-12701,1-48157,133.371090612,57.5984251446,9.428999281013445,0.927642710084122,11754.1,AGBT17A_012_19,896.8291,1.4207177,-999.0,0.0137383435,8.670002,3.313165,0.14617112,10.35004,11955.675,47.163033,432.4681,303.13943,434.7268,307.13962,287.3401,6.6275935,11.448619,7.819415,8.402823,0.02141115,56.474014,-0.34800306,0,0,1,0.8186065239067744
1237664869212422205,139.8865518787,32.6536595258519,17.78071,16.1252,15.34712,14.96344,14.67647,4516,301,1,99,1792480805491075072,GALAXY,0.02149538,1592,52990,175,1005747195.2608418,10001-12701,1-48157,133.371090612,57.5984251446,9.428999281013445,0.927642710084122,11754.1,AGBT17A_012_19,896.8291,1.4207177,-999.0,0.0137383435,8.670002,3.313165,0.14617112,10.35004,11955.675,47.163033,432.4681,303.13943,434.7268,307.13962,287.3401,6.6275935,11.448619,7.819415,8.402823,0.02141115,56.474014,-0.34800306,0,0,1,0.8186065239067744
1237665025983512687,198.074308925102,35.0098466983095,17.89514,16.85844,16.4406,16.17266,16.01202,4552,301,5,172,2269817574466283520,GALAXY,0.03832687,2016,53799,12,1179422162.120897,10001-12701,1-48157,133.371090612,57.5984251446,9.428999281013445,0.927642710084122,11754.1,AGBT17A_012_19,896.8291,1.4207177,-999.0,0.0137383435,8.670002,3.313165,0.14617112,10.35004,11955.675,47.163033,432.4681,303.13943,434.7268,307.13962,287.3401,6.6275935,11.448619,7.819415,8.402823,0.02141115,56.474014,-0.34800306,0,0,1,0.8186065239067744
1237658300057977039,128.911612677826,4.75702841483236,17.24565,15.50722,14.69701,14.30903,14.01298,2986,301,5,69,1335467417245083648,GALAXY,0.01405033,1186,52646,546,914371886.0933781,10001-12701,1-48157,133.371090612,57.5984251446,9.428999281013445,0.927642710084122,11754.1,AGBT17A_012_19,896.8291,1.4207177,-999.0,0.0137383435,8.670002,3.313165,0.14617112,10.35004,11955.675,47.163033,432.4681,303.13943,434.7268,307.13962,287.3401,6.6275935,11.448619,7.819415,8.402823,0.02141115,56.474014,-0.34800306,0,0,1,0.8186065239067744
1237666215143342135,17.5104832934307,13.6474705341692,17.39711,15.60885,14.76822,14.33039,14.00417,4829,301,4,31,475152880815335424,GALAXY,0.05898128,422,51811,84,1086809264.1159506,10001-12701,1-48157,133.371090612,57.5984251446,9.428999281013445,0.927642710084122,11754.1,AGBT17A_012_19,896.8291,1.4207177,-999.0,0.0137383435,8.670002,3.313165,0.14617112,10.35004,11955.675,47.163033,432.4681,303.13943,434.7268,307.13962,287.3401,6.6275935,11.448619,7.819415,8.402823,0.02141115,56.474014,-0.34800306,0,0,1,0.8186065239067744
1237654602103062615,156.323151999284,4.93430274976206,17.72143,16.39257,15.74776,15.40971,15.13828,2125,301,5,251,648612118714673152,GALAXY,0.02848801,576,52325,341,964906763.6239169,10001-12701,1-48157,133.371090612,57.5984251446,9.428999281013445,0.927642710084122,11754.1,AGBT17A_012_19,896.8291,1.4207177,-999.0,0.0137383435,8.670002,3.313165,0.14617112,10.35004,11955.675,47.163033,432.4681,303.13943,434.7268,307.13962,287.3401,6.6275935,11.448619,7.819415,8.402823,0.02141115,56.474014,-0.34800306,0,0,1,0.8186065239067744
1237654599957413987,160.661636656798,3.37736724336751,17.97563,16.71399,16.08951,15.72806,15.47021,2125,301,1,279,569817811849865216,GALAXY,0.04499283,506,52022,409,1100422741.328259,10001-12701,1-48157,133.371090612,57.5984251446,9.428999281013445,0.927642710084122,11754.1,AGBT17A_012_19,896.8291,1.4207177,-999.0,0.0137383435,8.670002,3.313165,0.14617112,10.35004,11955.675,47.163033,432.4681,303.13943,434.7268,307.13962,287.3401,6.6275935,11.448619,7.819415,8.402823,0.02141115,56.474014,-0.34800306,0,0,1,0.8186065239067744
1237661382771736827,144.156452530141,34.4773476432314,16.92877,15.22494,14.40827,14.00921,13.74327,3704,301,3,84,6536073915651086336,GALAXY,0.05048446,5805,56336,818,1159208211.1086817,10001-12701,1-48157,133.371090612,57.5984251446,9.428999281013445,0.927642710084122,11754.1,AGBT17A_012_19,896.8291,1.4207177,-999.0,0.0137383435,8.670002,3.313165,0.14617112,10.35004,11955.675,47.163033,432.4681,303.13943,434.7268,307.13962,287.3401,6.6275935,11.448619,7.819415,8.402823,0.02141115,56.474014,-0.34800306,0,0,1,0.8186065239067744
1237659326024122375,235.574798324906,48.2156674321397,16.98908,15.09778,14.26873,13.84665,13.57076,3225,301,4,158,1313955748669057024,GALAXY,0.03451314,1167,52738,111,362819794.1886425,10001-12701,1-48157,133.371090612,57.5984251446,9.428999281013445,0.927642710084122,11754.1,AGBT17A_012_19,896.8291,1.4207177,-999.0,0.0137383435,8.670002,3.313165,0.14617112,10.35004,11955.675,47.163033,432.4681,303.13943,434.7268,307.13962,287.3401,6.6275935,11.448619,7.819415,8.402823,0.02141115,56.474014,-0.34800306,0,0,1,0.8186065239067744
1237659326029234347,246.932835073715,39.7438524752513,18.4352,16.60678,15.81883,15.43868,15.15715,3225,301,4,236,1319691351427672064,GALAXY,0.02828421,1172,52759,497,429030796.99396044,10001-12701,1-48157,133.371090612,57.5984251446,9.428999281013445,0.927642710084122,11754.1,AGBT17A_012_19,896.8291,1.4207177,-999.0,0.0137383435,8.670002,3.313165,0.14617112,10.35004,11955.675,47.163033,432.4681,303.13943,434.7268,307.13962,287.3401,6.6275935,11.448619,7.819415,8.402823,0.02141115,56.474014,-0.34800306,0,0,1,0.8186065239067744
1237654879665586265,220.135169611665,3.55954109736275,18.48602,16.69949,15.90574,15.51459,15.20349,2190,301,2,255,660975572196812800,GALAXY,0.02552023,587,52026,263,1101660330.1657417,10001-12701,1-48157,133.371090612,57.5984251446,9.428999281013445,0.927642710084122,11754.1,AGBT17A_012_19,896.8291,1.4207177,-999.0,0.0137383435,8.670002,3.313165,0.14617112,10.35004,11955.675,47.163033,432.4681,303.13943,434.7268,307.13962,287.3401,6.6275935,11.448619,7.819415,8.402823,0.02141115,56.474014,-0.34800306,0,0,1,0.8186065239067744
1237654879666110468,221.318101514263,3.4039933036486,17.11238,15.32147,14.50487,14.10135,13.80236,2190,301,2,263,660950833185187840,GALAXY,0.02766503,587,52026,173,1023485968.5980921,10001-12701,1-48157,133.371090612,57.5984251446,9.428999281013445,0.927642710084122,11754.1,AGBT17A_012_19,896.8291,1.4207177,-999.0,0.0137383435,8.670002,3.313165,0.14617112,10.35004,11955.675,47.163033,432.4681,303.13943,434.7268,307.13962,287.3401,6.6275935,11.448619,7.819415,8.402823,0.02141115,56.474014,-0.34800306,0,0,1,0.8186065239067744
1237657584951230577,42.5477430554795,-0.999076342917027,17.7367,16.67269,16.19922,15.95783,15.73297,2820,301,1,150,460507386939992064,GALAXY,0.02128963,409,51871,52,1135694023.1965127,10001-12701,1-48157,133.371090612,57.5984251446,9.428999281013445,0.927642710084122,11754.1,AGBT17A_012_19,896.8291,1.4207177,-999.0,0.0137383435,8.670002,3.313165,0.14617112,10.35004,11955.675,47.163033,432.4681,303.13943,434.7268,307.13962,287.3401,6.6275935,11.448619,7.819415,8.402823,0.02141115,56.474014,-0.34800306,0,0,1,0.8186065239067744
1237657584949985459,39.6372334337259,-0.867428596647316,18.07201,16.9105,16.42465,16.14577,16.05499,2820,301,1,131,459424642025678848,GALAXY,0.03923361,408,51821,209,1159414475.9149287,10001-12701,1-48157,133.371090612,57.5984251446,9.428999281013445,0.927642710084122,11754.1,AGBT17A_012_19,896.8291,1.4207177,-999.0,0.0137383435,8.670002,3.313165,0.14617112,10.35004,11955.675,47.163033,432.4681,303.13943,434.7268,307.13962,287.3401,6.6275935,11.448619,7.819415,8.402823,0.02141115,56.474014,-0.34800306,0,0,1,0.8186065239067744
1237657584951099527,42.2279877703368,-0.966757955975813,17.5879,16.3805,15.88003,15.61768,15.43518,2820,301,1,148,460516183033014272,GALAXY,0.02307302,409,51871,84,152223427.0103571,10001-12701,1-48157,133.371090612,57.5984251446,9.428999281013445,0.927642710084122,11754.1,AGBT17A_012_19,896.8291,1.4207177,-999.0,0.0137383435,8.670002,3.313165,0.14617112,10.35004,11955.675,47.163033,432.4681,303.13943,434.7268,307.13962,287.3401,6.6275935,11.448619,7.819415,8.402823,0.02141115,56.474014,-0.34800306,0,0,1,0.8186065239067744
1237657584950247519,40.3038853543486,-0.876925038092407,18.89384,17.55384,17.06522,16.79101,16.73149,2820,301,1,135,459391381798938624,GALAXY,0.03812353,408,51821,88,1159620740.7211757,10001-12701,1-48157,133.371090612,57.5984251446,9.428999281013445,0.927642710084122,11754.1,AGBT17A_012_19,896.8291,1.4207177,-999.0,0.0137383435,8.670002,3.313165,0.14617112,10.35004,11955.675,47.163033,432.4681,303.13943,434.7268,307.13962,287.3401,6.6275935,11.448619,7.819415,8.402823,0.02141115,56.474014,-0.34800306,0,0,1,0.8186065239067744
1237657584951361548,42.8053802573397,-0.84500265078447,17.50139,15.64633,14.81602,14.3967,14.0919,2820,301,1,152,460496666701621248,GALAXY,0.02248568,409,51871,13,1136519082.421501,10001-12701,1-48157,133.371090612,57.5984251446,9.428999281013445,0.927642710084122,11754.1,AGBT17A_012_19,896.8291,1.4207177,-999.0,0.0137383435,8.670002,3.313165,0.14617112,10.35004,11955.675,47.163033,432.4681,303.13943,434.7268,307.13962,287.3401,6.6275935,11.448619,7.819415,8.402823,0.02141115,56.474014,-0.34800306,0,0,1,0.8186065239067744
1237657584951230540,42.5420975609262,-0.867121265916115,16.79522,15.23157,14.41255,13.97654,13.59462,2820,301,1,150,460508761329526784,GALAXY,0.02318509,409,51871,57,1134662699.165277,10001-12701,1-48157,133.371090612,57.5984251446,9.428999281013445,0.927642710084122,11754.1,AGBT17A_012_19,896.8291,1.4207177,-999.0,0.0137383435,8.670002,3.313165,0.14617112,10.35004,11955.675,47.163033,432.4681,303.13943,434.7268,307.13962,287.3401,6.6275935,11.448619,7.819415,8.402823,0.02141115,56.474014,-0.34800306,0,0,1,0.8186065239067744
1237662474232201258,245.877364011922,30.1976848524026,17.91314,16.51542,15.85967,15.47018,15.23694,3958,301,4,113,1598785067323254784,GALAXY,0.0489825,1420,53146,26,564753039.5045499,10001-12701,1-48157,133.371090612,57.5984251446,9.428999281013445,0.927642710084122,11754.1,AGBT17A_012_19,896.8291,1.4207177,-999.0,0.0137383435,8.670002,3.313165,0.14617112,10.35004,11955.675,47.163033,432.4681,303.13943,434.7268,307.13962,287.3401,6.6275935,11.448619,7.819415,8.402823,0.02141115,56.474014,-0.34800306,0,0,1,0.8186065239067744
1237657607495483688,119.858836746255,32.9690330601478,17.30205,16.12289,15.57956,15.31317,15.12391,2825,301,3,84,1003233485197961216,GALAXY,0.01807039,891,52584,206,605799735.947722,10001-12701,1-48157,133.371090612,57.5984251446,9.428999281013445,0.927642710084122,11754.1,AGBT17A_012_19,896.8291,1.4207177,-999.0,0.0137383435,8.670002,3.313165,0.14617112,10.35004,11955.675,47.163033,432.4681,303.13943,434.7268,307.13962,287.3401,6.6275935,11.448619,7.819415,8.402823,0.02141115,56.474014,-0.34800306,0,0,1,0.8186065239067744
1237657776070918716,116.620887131904,26.7181125948334,17.18318,16.03907,15.55278,15.32126,15.13943,2864,301,5,53,1192340964530743296,GALAXY,0.01526316,1059,52618,47,821758988.0884318,10001-12701,1-48157,133.371090612,57.5984251446,9.428999281013445,0.927642710084122,11754.1,AGBT17A_012_19,896.8291,1.4207177,-999.0,0.0137383435,8.670002,3.313165,0.14617112,10.35004,11955.675,47.163033,432.4681,303.13943,434.7268,307.13962,287.3401,6.6275935,11.448619,7.819415,8.402823,0.02141115,56.474014,-0.34800306,0,0,1,0.8186065239067744
1237657776080420884,136.019333826646,41.3564863557914,18.088,16.7459,16.12499,15.7689,15.50506,2864,301,5,198,1351187410234402816,GALAXY,0.02491821,1200,52668,391,316410212.7830458,10001-12701,1-48157,133.371090612,57.5984251446,9.428999281013445,0.927642710084122,11754.1,AGBT17A_012_19,896.8291,1.4207177,-999.0,0.0137383435,8.670002,3.313165,0.14617112,10.35004,11955.675,47.163033,432.4681,303.13943,434.7268,307.13962,287.3401,6.6275935,11.448619,7.819415,8.402823,0.02141115,56.474014,-0.34800306,0,0,1,0.8186065239067744
1237654601562259505,147.361085372263,4.00317292998963,17.2143,15.34495,14.50745,14.07941,13.73516,2125,301,4,191,642961727805220864,GALAXY,0.02403403,571,52286,265,711407316.7462354,10001-12701,1-48157,133.371090612,57.5984251446,9.428999281013445,0.927642710084122,11754.1,AGBT17A_012_19,896.8291,1.4207177,-999.0,0.0137383435,8.670002,3.313165,0.14617112,10.35004,11955.675,47.163033,432.4681,303.13943,434.7268,307.13962,287.3401,6.6275935,11.448619,7.819415,8.402823,0.02141115,56.474014,-0.34800306,0,0,1,0.8186065239067744
1237654601568223353,161.009203249615,4.66301976742892,16.61138,15.00693,14.31789,13.97159,13.69657,2125,301,4,282,650910922885326848,GALAXY,0.02658564,578,52339,512,784631322.9639546,10001-12701,1-48157,133.371090612,57.5984251446,9.428999281013445,0.927642710084122,11754.1,AGBT17A_012_19,896.8291,1.4207177,-999.0,0.0137383435,8.670002,3.313165,0.14617112,10.35004,11955.675,47.163033,432.4681,303.13943,434.7268,307.13962,287.3401,6.6275935,11.448619,7.819415,8.402823,0.02141115,56.474014,-0.34800306,0,0,1,0.8186065239067744
1237654601568813148,162.368251723789,4.79938607836792,16.75041,15.2999,14.75467,14.43791,14.31716,2125,301,4,291,652004387182372864,GALAXY,0.02626976,579,52338,394,744615950.5520178,10001-12701,1-48157,133.371090612,57.5984251446,9.428999281013445,0.927642710084122,11754.1,AGBT17A_012_19,896.8291,1.4207177,-999.0,0.0137383435,8.670002,3.313165,0.14617112,10.35004,11955.675,47.163033,432.4681,303.13943,434.7268,307.13962,287.3401,6.6275935,11.448619,7.819415,8.402823,0.02141115,56.474014,-0.34800306,0,0,1,0.8186065239067744
1237652901307285566,51.3574557189453,-6.43608423497661,18.45535,17.36655,16.86518,16.55651,16.32152,1729,301,5,423,518074793002559488,GALAXY,0.03780859,460,51924,585,614256593.003853,10001-12701,1-48157,133.371090612,57.5984251446,9.428999281013445,0.927642710084122,11754.1,AGBT17A_012_19,896.8291,1.4207177,-999.0,0.0137383435,8.670002,3.313165,0.14617112,10.35004,11955.675,47.163033,432.4681,303.13943,434.7268,307.13962,287.3401,6.6275935,11.448619,7.819415,8.402823,0.02141115,56.474014,-0.34800306,0,0,1,0.8186065239067744
1237662698106061008,227.44554336663,30.1345181809517,18.40206,16.42,15.52993,15.08322,14.72745,4010,301,5,93,2077377756626184192,GALAXY,0.05874743,1845,54144,336,1276160356.2507854,10001-12701,1-48157,133.371090612,57.5984251446,9.428999281013445,0.927642710084122,11754.1,AGBT17A_012_19,896.8291,1.4207177,-999.0,0.0137383435,8.670002,3.313165,0.14617112,10.35004,11955.675,47.163033,432.4681,303.13943,434.7268,307.13962,287.3401,6.6275935,11.448619,7.819415,8.402823,0.02141115,56.474014,-0.34800306,0,0,1,0.8186065239067744
1237661871320793263,157.462701742224,40.4316793179184,19.26823,17.328,16.41584,15.92276,15.50183,3818,301,1,31,1530099123275982848,GALAXY,0.04392258,1359,53002,4,335180310.1515316,10001-12701,1-48157,133.371090612,57.5984251446,9.428999281013445,0.927642710084122,11754.1,AGBT17A_012_19,896.8291,1.4207177,-999.0,0.0137383435,8.670002,3.313165,0.14617112,10.35004,11955.675,47.163033,432.4681,303.13943,434.7268,307.13962,287.3401,6.6275935,11.448619,7.819415,8.402823,0.02141115,56.474014,-0.34800306,0,0,1,0.8186065239067744
1237659163346206917,236.558431271503,44.9646138356434,18.50447,17.20294,16.57285,16.20875,15.9103,3187,301,5,66,1500965634861721600,GALAXY,0.038266,1333,52782,513,578985311.1355995,10001-12701,1-48157,133.371090612,57.5984251446,9.428999281013445,0.927642710084122,11754.1,AGBT17A_012_19,896.8291,1.4207177,-999.0,0.0137383435,8.670002,3.313165,0.14617112,10.35004,11955.675,47.163033,432.4681,303.13943,434.7268,307.13962,287.3401,6.6275935,11.448619,7.819415,8.402823,0.02141115,56.474014,-0.34800306,0,0,1,0.8186065239067744
1237662498930950321,235.75907377937,38.6604892485085,18.90785,17.23111,16.4869,16.11105,15.84675,3964,301,2,154,1891567422033389568,GALAXY,0.03736218,1680,53171,202,277632429.2085917,10001-12701,1-48157,133.371090612,57.5984251446,9.428999281013445,0.927642710084122,11754.1,AGBT17A_012_19,896.8291,1.4207177,-999.0,0.0137383435,8.670002,3.313165,0.14617112,10.35004,11955.675,47.163033,432.4681,303.13943,434.7268,307.13962,287.3401,6.6275935,11.448619,7.819415,8.402823,0.02141115,56.474014,-0.34800306,0,0,1,0.8186065239067744
1237657878614638619,119.873821591976,27.0264483029356,15.39849,13.37172,12.50314,12.03265,11.78338,2888,301,4,74,1046006686491371520,GALAXY,0.02218111,929,52581,166,1258421582.9135349,10001-12701,1-48157,133.371090612,57.5984251446,9.428999281013445,0.927642710084122,11754.1,AGBT17A_012_19,896.8291,1.4207177,-999.0,0.0137383435,8.670002,3.313165,0.14617112,10.35004,11955.675,47.163033,432.4681,303.13943,434.7268,307.13962,287.3401,6.6275935,11.448619,7.819415,8.402823,0.02141115,56.474014,-0.34800306,0,0,1,0.8186065239067744
1237661464382865835,250.161883014862,24.4036046509624,18.99967,17.77075,17.22476,16.90281,16.66088,3723,301,3,187,1602212520297261056,GALAXY,0.03443762,1423,53167,207,88487601.88000433,10001-12701,1-48157,133.371090612,57.5984251446,9.428999281013445,0.927642710084122,11754.1,AGBT17A_012_19,896.8291,1.4207177,-999.0,0.0137383435,8.670002,3.313165,0.14617112,10.35004,11955.675,47.163033,432.4681,303.13943,434.7268,307.13962,287.3401,6.6275935,11.448619,7.819415,8.402823,0.02141115,56.474014,-0.34800306,0,0,1,0.8186065239067744
1237658422475555192,149.674020526716,5.26428207197653,17.51552,16.18842,15.66157,15.41928,15.35471,3015,301,1,237,1120326253342124032,GALAXY,0.01338662,995,52731,203,714088759.2274476,10001-12701,1-48157,133.371090612,57.5984251446,9.428999281013445,0.927642710084122,11754.1,AGBT17A_012_19,896.8291,1.4207177,-999.0,0.0137383435,8.670002,3.313165,0.14617112,10.35004,11955.675,47.163033,432.4681,303.13943,434.7268,307.13962,287.3401,6.6275935,11.448619,7.819415,8.402823,0.02141115,56.474014,-0.34800306,0,0,1,0.8186065239067744
1237651754531225835,143.501566431239,2.47727553441578,16.80622,15.73067,15.32393,15.1378,14.99975,1462,301,5,121,534968514973296640,GALAXY,0.01631514,475,51965,604,709550933.4900115,10001-12701,1-48157,133.371090612,57.5984251446,9.428999281013445,0.927642710084122,11754.1,AGBT17A_012_19,896.8291,1.4207177,-999.0,0.0137383435,8.670002,3.313165,0.14617112,10.35004,11955.675,47.163033,432.4681,303.13943,434.7268,307.13962,287.3401,6.6275935,11.448619,7.819415,8.402823,0.02141115,56.474014,-0.34800306,0,0,1,0.8186065239067744
1237653589017690462,118.86887544746,39.4202017437808,17.86761,16.91533,16.53595,16.3397,16.1743,1889,301,6,99,489768140318730240,GALAXY,0.01984765,435,51882,6,478121820.8807694,10001-12701,1-48157,133.371090612,57.5984251446,9.428999281013445,0.927642710084122,11754.1,AGBT17A_012_19,896.8291,1.4207177,-999.0,0.0137383435,8.670002,3.313165,0.14617112,10.35004,11955.675,47.163033,432.4681,303.13943,434.7268,307.13962,287.3401,6.6275935,11.448619,7.819415,8.402823,0.02141115,56.474014,-0.34800306,0,0,1,0.8186065239067744
1237657191446610103,10.4083271778088,0.257623685932758,17.3574,16.07024,15.71086,15.51608,15.42015,2728,301,4,482,442587545138653184,GALAXY,0.01806838,393,51794,396,855586416.3129556,10001-12701,1-48157,133.371090612,57.5984251446,9.428999281013445,0.927642710084122,11754.1,AGBT17A_012_19,896.8291,1.4207177,-999.0,0.0137383435,8.670002,3.313165,0.14617112,10.35004,11955.675,47.163033,432.4681,303.13943,434.7268,307.13962,287.3401,6.6275935,11.448619,7.819415,8.402823,0.02141115,56.474014,-0.34800306,0,0,1,0.8186065239067744
1237660241386143913,47.1429684787153,0.550919817887934,17.96774,16.05031,15.1129,14.66855,14.33526,3438,301,5,114,462916141132572672,GALAXY,0.03077719,411,51817,623,626426216.5724317,10001-12701,1-48157,133.371090612,57.5984251446,9.428999281013445,0.927642710084122,11754.1,AGBT17A_012_19,896.8291,1.4207177,-999.0,0.0137383435,8.670002,3.313165,0.14617112,10.35004,11955.675,47.163033,432.4681,303.13943,434.7268,307.13962,287.3401,6.6275935,11.448619,7.819415,8.402823,0.02141115,56.474014,-0.34800306,0,0,1,0.8186065239067744
1237653651304415441,14.9562921449125,14.3279652395746,18.99057,17.4521,16.79766,16.39184,16.10161,1904,301,2,247,474058592035563520,GALAXY,0.03979271,421,51821,199,771636640.1703875,10001-12701,1-48157,133.371090612,57.5984251446,9.428999281013445,0.927642710084122,11754.1,AGBT17A_012_19,896.8291,1.4207177,-999.0,0.0137383435,8.670002,3.313165,0.14617112,10.35004,11955.675,47.163033,432.4681,303.13943,434.7268,307.13962,287.3401,6.6275935,11.448619,7.819415,8.402823,0.02141115,56.474014,-0.34800306,0,0,1,0.8186065239067744
1237655503499755936,258.807882434096,31.3894771343155,18.01783,16.58519,16.17333,15.94092,15.83976,2335,301,4,105,1098880823463012352,GALAXY,0.02395715,976,52413,9,124583942.9732462,10001-12701,1-48157,133.371090612,57.5984251446,9.428999281013445,0.927642710084122,11754.1,AGBT17A_012_19,896.8291,1.4207177,-999.0,0.0137383435,8.670002,3.313165,0.14617112,10.35004,11955.675,47.163033,432.4681,303.13943,434.7268,307.13962,287.3401,6.6275935,11.448619,7.819415,8.402823,0.02141115,56.474014,-0.34800306,0,0,1,0.8186065239067744
1237654604783747148,148.417010660962,3.48359601748455,17.40161,15.40662,14.52873,14.10164,13.75295,2126,301,2,195,642919121729644544,GALAXY,0.03065149,571,52286,110,974394944.7112833,10001-12701,1-48157,133.371090612,57.5984251446,9.428999281013445,0.927642710084122,11754.1,AGBT17A_012_19,896.8291,1.4207177,-999.0,0.0137383435,8.670002,3.313165,0.14617112,10.35004,11955.675,47.163033,432.4681,303.13943,434.7268,307.13962,287.3401,6.6275935,11.448619,7.819415,8.402823,0.02141115,56.474014,-0.34800306,0,0,1,0.8186065239067744
1237654604245565605,145.470850854939,2.96886894425937,17.99711,16.48566,15.78583,15.38244,15.10027,2126,301,1,175,641822908301207552,GALAXY,0.05387172,570,52266,218,957687495.4052684,10001-12701,1-48157,133.371090612,57.5984251446,9.428999281013445,0.927642710084122,11754.1,AGBT17A_012_19,896.8291,1.4207177,-999.0,0.0137383435,8.670002,3.313165,0.14617112,10.35004,11955.675,47.163033,432.4681,303.13943,434.7268,307.13962,287.3401,6.6275935,11.448619,7.819415,8.402823,0.02141115,56.474014,-0.34800306,0,0,1,0.8186065239067744
1237666338116599905,19.7234298504281,-1.00200956460128,16.19412,14.19677,13.31329,12.86775,12.57855,4858,301,1,486,448146126088988672,GALAXY,0.04525734,398,51789,138,108907817.69846688,10001-12701,1-48157,133.371090612,57.5984251446,9.428999281013445,0.927642710084122,11754.1,AGBT17A_012_19,896.8291,1.4207177,-999.0,0.0137383435,8.670002,3.313165,0.14617112,10.35004,11955.675,47.163033,432.4681,303.13943,434.7268,307.13962,287.3401,6.6275935,11.448619,7.819415,8.402823,0.02141115,56.474014,-0.34800306,0,0,1,0.8186065239067744
1237678617434652883,38.4845713662182,0.923729123697774,16.88414,15.67252,15.20832,14.97351,19.76881,7717,301,1,586,458409792776464384,GALAXY,0.02194243,407,51820,613,764004842.339245,10001-12701,1-48157,133.371090612,57.5984251446,9.428999281013445,0.927642710084122,11754.1,AGBT17A_012_19,896.8291,1.4207177,-999.0,0.0137383435,8.670002,3.313165,0.14617112,10.35004,11955.675,47.163033,432.4681,303.13943,434.7268,307.13962,287.3401,6.6275935,11.448619,7.819415,8.402823,0.02141115,56.474014,-0.34800306,0,0,1,0.8186065239067744
1237661362369855564,196.23239413804,47.5036421066328,16.86948,14.75144,13.99658,13.58574,13.35214,3699,301,5,72,1642826554843097088,GALAXY,0.03926042,1459,53117,504,280726401.3022981,10001-12701,1-48157,133.371090612,57.5984251446,9.428999281013445,0.927642710084122,11754.1,AGBT17A_012_19,896.8291,1.4207177,-999.0,0.0137383435,8.670002,3.313165,0.14617112,10.35004,11955.675,47.163033,432.4681,303.13943,434.7268,307.13962,287.3401,6.6275935,11.448619,7.819415,8.402823,0.02141115,56.474014,-0.34800306,0,0,1,0.8186065239067744
1237656568112808577,314.149371267852,-0.329076245545011,18.78032,17.1871,16.46056,16.05302,15.78792,2583,301,3,75,1106776416965388288,GALAXY,0.04680528,983,52443,61,129534298.32317652,10001-12701,1-48157,133.371090612,57.5984251446,9.428999281013445,0.927642710084122,11754.1,AGBT17A_012_19,896.8291,1.4207177,-999.0,0.0137383435,8.670002,3.313165,0.14617112,10.35004,11955.675,47.163033,432.4681,303.13943,434.7268,307.13962,287.3401,6.6275935,11.448619,7.819415,8.402823,0.02141115,56.474014,-0.34800306,0,0,1,0.8186065239067744
1237657877540766126,120.267693443298,26.3441536449302,18.5248,17.05573,16.33429,15.90364,15.54648,2888,301,2,72,1045973701142538240,GALAXY,0.04209661,929,52581,46,1235113659.807613,10001-12701,1-48157,133.371090612,57.5984251446,9.428999281013445,0.927642710084122,11754.1,AGBT17A_012_19,896.8291,1.4207177,-999.0,0.0137383435,8.670002,3.313165,0.14617112,10.35004,11955.675,47.163033,432.4681,303.13943,434.7268,307.13962,287.3401,6.6275935,11.448619,7.819415,8.402823,0.02141115,56.474014,-0.34800306,0,0,1,0.8186065239067744
1237663916801261830,116.88727915482,49.2467634917996,18.73414,17.65859,17.11316,16.83996,16.66745,4294,301,3,66,2103196474811639808,GALAXY,0.02167866,1868,53318,56,213896604.0782389,10001-12701,1-48157,133.371090612,57.5984251446,9.428999281013445,0.927642710084122,11754.1,AGBT17A_012_19,896.8291,1.4207177,-999.0,0.0137383435,8.670002,3.313165,0.14617112,10.35004,11955.675,47.163033,432.4681,303.13943,434.7268,307.13962,287.3401,6.6275935,11.448619,7.819415,8.402823,0.02141115,56.474014,-0.34800306,0,0,1,0.8186065239067744
1237658299521433674,129.594008348772,4.35598692136274,17.28642,15.43724,14.58992,14.18262,13.86575,2986,301,4,74,1337652146916583424,GALAXY,0.04749165,1188,52650,302,1317825847.1126986,10001-12701,1-48157,133.371090612,57.5984251446,9.428999281013445,0.927642710084122,11754.1,AGBT17A_012_19,896.8291,1.4207177,-999.0,0.0137383435,8.670002,3.313165,0.14617112,10.35004,11955.675,47.163033,432.4681,303.13943,434.7268,307.13962,287.3401,6.6275935,11.448619,7.819415,8.402823,0.02141115,56.474014,-0.34800306,0,0,1,0.8186065239067744
1237653650763939962,6.40209405119379,14.1153348159056,16.73487,15.77282,15.43788,15.29866,15.14646,1904,301,1,192,847819159990462464,GALAXY,0.01752605,753,52233,60,808764305.2948648,10001-12701,1-48157,133.371090612,57.5984251446,9.428999281013445,0.927642710084122,11754.1,AGBT17A_012_19,896.8291,1.4207177,-999.0,0.0137383435,8.670002,3.313165,0.14617112,10.35004,11955.675,47.163033,432.4681,303.13943,434.7268,307.13962,287.3401,6.6275935,11.448619,7.819415,8.402823,0.02141115,56.474014,-0.34800306,0,0,1,0.8186065239067744
1237661085882253647,124.109608811624,23.1425302399435,17.90639,16.46998,16.01928,15.76074,15.58443,3635,301,2,86,1784575041539696640,GALAXY,0.01381743,1585,52962,86,16088654.887273517,10001-12701,1-48157,133.371090612,57.5984251446,9.428999281013445,0.927642710084122,11754.1,AGBT17A_012_19,896.8291,1.4207177,-999.0,0.0137383435,8.670002,3.313165,0.14617112,10.35004,11955.675,47.163033,432.4681,303.13943,434.7268,307.13962,287.3401,6.6275935,11.448619,7.819415,8.402823,0.02141115,56.474014,-0.34800306,0,0,1,0.8186065239067744
1237663530254073860,115.302007536608,42.7493976079218,16.26969,14.37677,13.48868,13.06228,12.74508,4204,301,3,64,1953596093354764288,GALAXY,0.03577096,1735,53035,581,182956883.1411745,10001-12701,1-48157,133.371090612,57.5984251446,9.428999281013445,0.927642710084122,11754.1,AGBT17A_012_19,896.8291,1.4207177,-999.0,0.0137383435,8.670002,3.313165,0.14617112,10.35004,11955.675,47.163033,432.4681,303.13943,434.7268,307.13962,287.3401,6.6275935,11.448619,7.819415,8.402823,0.02141115,56.474014,-0.34800306,0,0,1,0.8186065239067744
1237663530256171236,118.655539634263,46.9882214030868,17.91854,16.64709,16.02936,15.69425,15.44102,4204,301,3,96,1955856414719109120,GALAXY,0.01716182,1737,53055,612,480803263.36198163,10001-12701,1-48157,133.371090612,57.5984251446,9.428999281013445,0.927642710084122,11754.1,AGBT17A_012_19,896.8291,1.4207177,-999.0,0.0137383435,8.670002,3.313165,0.14617112,10.35004,11955.675,47.163033,432.4681,303.13943,434.7268,307.13962,287.3401,6.6275935,11.448619,7.819415,8.402823,0.02141115,56.474014,-0.34800306,0,0,1,0.8186065239067744
1237657606429540514,137.219310661385,44.9322623927649,17.79506,16.51199,15.76661,15.37729,15.01271,2825,301,1,203,936853764642465792,GALAXY,0.02656844,832,52312,382,229160199.74052405,10001-12701,1-48157,133.371090612,57.5984251446,9.428999281013445,0.927642710084122,11754.1,AGBT17A_012_19,896.8291,1.4207177,-999.0,0.0137383435,8.670002,3.313165,0.14617112,10.35004,11955.675,47.163033,432.4681,303.13943,434.7268,307.13962,287.3401,6.6275935,11.448619,7.819415,8.402823,0.02141115,56.474014,-0.34800306,0,0,1,0.8186065239067744
1237657606419579337,117.065968606317,28.7153339369337,18.28749,17.09311,16.65835,16.43481,16.27345,2825,301,1,51,1192441294966777856,GALAXY,0.02287083,1059,52618,412,817221162.3509958,10001-12701,1-48157,133.371090612,57.5984251446,9.428999281013445,0.927642710084122,11754.1,AGBT17A_012_19,896.8291,1.4207177,-999.0,0.0137383435,8.670002,3.313165,0.14617112,10.35004,11955.675,47.163033,432.4681,303.13943,434.7268,307.13962,287.3401,6.6275935,11.448619,7.819415,8.402823,0.02141115,56.474014,-0.34800306,0,0,1,0.8186065239067744
1237656568647976125,310.372754480383,0.132257617750976,18.61557,16.76373,15.85624,15.37093,15.00622,2583,301,4,49,1105725009357203456,GALAXY,0.02693595,982,52466,332,455845221.80608296,10001-12701,1-48157,133.371090612,57.5984251446,9.428999281013445,0.927642710084122,11754.1,AGBT17A_012_19,896.8291,1.4207177,-999.0,0.0137383435,8.670002,3.313165,0.14617112,10.35004,11955.675,47.163033,432.4681,303.13943,434.7268,307.13962,287.3401,6.6275935,11.448619,7.819415,8.402823,0.02141115,56.474014,-0.34800306,0,0,1,0.8186065239067744
1237662195064176749,187.442540871275,42.7320669687745,17.98906,16.90346,16.4865,16.23377,16.06165,3893,301,4,187,1637155273414043648,GALAXY,0.03863361,1454,53090,352,71986417.38023664,10001-12701,1-48157,133.371090612,57.5984251446,9.428999281013445,0.927642710084122,11754.1,AGBT17A_012_19,896.8291,1.4207177,-999.0,0.0137383435,8.670002,3.313165,0.14617112,10.35004,11955.675,47.163033,432.4681,303.13943,434.7268,307.13962,287.3401,6.6275935,11.448619,7.819415,8.402823,0.02141115,56.474014,-0.34800306,0,0,1,0.8186065239067744
1237655130374537560,245.66265499284,47.1607539642672,18.33125,16.41565,15.55625,15.13279,14.80072,2248,301,5,106,702693523144599552,GALAXY,0.04886756,624,52377,480,358281968.4512064,10001-12701,1-48157,133.371090612,57.5984251446,9.428999281013445,0.927642710084122,11754.1,AGBT17A_012_19,896.8291,1.4207177,-999.0,0.0137383435,8.670002,3.313165,0.14617112,10.35004,11955.675,47.163033,432.4681,303.13943,434.7268,307.13962,287.3401,6.6275935,11.448619,7.819415,8.402823,0.02141115,56.474014,-0.34800306,0,0,1,0.8186065239067744
1237662473694281808,243.551895157648,31.4904294230802,17.91268,16.11977,15.27568,14.88767,14.57252,3958,301,3,97,1598896117997660160,GALAXY,0.03051605,1420,53146,430,1331026794.7125127,10001-12701,1-48157,133.371090612,57.5984251446,9.428999281013445,0.927642710084122,11754.1,AGBT17A_012_19,896.8291,1.4207177,-999.0,0.0137383435,8.670002,3.313165,0.14617112,10.35004,11955.675,47.163033,432.4681,303.13943,434.7268,307.13962,287.3401,6.6275935,11.448619,7.819415,8.402823,0.02141115,56.474014,-0.34800306,0,0,1,0.8186065239067744
1237655746704965869,264.239593267127,59.2003062833539,17.77013,16.02346,15.17965,14.70676,14.40758,2392,301,1,146,412250648680097792,GALAXY,0.03070261,366,52017,623,456876545.8373184,10001-12701,1-48157,133.371090612,57.5984251446,9.428999281013445,0.927642710084122,11754.1,AGBT17A_012_19,896.8291,1.4207177,-999.0,0.0137383435,8.670002,3.313165,0.14617112,10.35004,11955.675,47.163033,432.4681,303.13943,434.7268,307.13962,287.3401,6.6275935,11.448619,7.819415,8.402823,0.02141115,56.474014,-0.34800306,0,0,1,0.8186065239067744
1237658192146464970,123.051942886325,29.428296230281,18.1255,16.95094,16.51963,16.28173,16.11705,2961,301,4,62,1047224671117797376,GALAXY,0.01979719,930,52618,501,1308337666.0253322,10001-12701,1-48157,133.371090612,57.5984251446,9.428999281013445,0.927642710084122,11754.1,AGBT17A_012_19,896.8291,1.4207177,-999.0,0.0137383435,8.670002,3.313165,0.14617112,10.35004,11955.675,47.163033,432.4681,303.13943,434.7268,307.13962,287.3401,6.6275935,11.448619,7.819415,8.402823,0.02141115,56.474014,-0.34800306,0,0,1,0.8186065239067744
1237671140408950801,178.713746718036,2.95923286863511,16.66565,15.27871,14.83632,14.61083,14.50035,5976,301,2,212,579979773678217216,GALAXY,0.0202167,515,52051,514,779887232.4202713,10001-12701,1-48157,133.371090612,57.5984251446,9.428999281013445,0.927642710084122,11754.1,AGBT17A_012_19,896.8291,1.4207177,-999.0,0.0137383435,8.670002,3.313165,0.14617112,10.35004,11955.675,47.163033,432.4681,303.13943,434.7268,307.13962,287.3401,6.6275935,11.448619,7.819415,8.402823,0.02141115,56.474014,-0.34800306,0,0,1,0.8186065239067744
1237657774998552976,119.816041363094,28.421921598784,18.18895,16.91072,16.31832,15.99648,15.74963,2864,301,3,74,967289620972726272,GALAXY,0.04571743,859,52317,515,876625426.5501596,10001-12701,1-48157,133.371090612,57.5984251446,9.428999281013445,0.927642710084122,11754.1,AGBT17A_012_19,896.8291,1.4207177,-999.0,0.0137383435,8.670002,3.313165,0.14617112,10.35004,11955.675,47.163033,432.4681,303.13943,434.7268,307.13962,287.3401,6.6275935,11.448619,7.819415,8.402823,0.02141115,56.474014,-0.34800306,0,0,1,0.8186065239067744
1237651250438602994,238.771049223167,50.9683638320424,18.65318,16.74455,15.87792,15.45403,15.11706,1345,301,2,566,698127526198798336,GALAXY,0.04475358,620,52375,253,367563884.73232573,10001-12701,1-48157,133.371090612,57.5984251446,9.428999281013445,0.927642710084122,11754.1,AGBT17A_012_19,896.8291,1.4207177,-999.0,0.0137383435,8.670002,3.313165,0.14617112,10.35004,11955.675,47.163033,432.4681,303.13943,434.7268,307.13962,287.3401,6.6275935,11.448619,7.819415,8.402823,0.02141115,56.474014,-0.34800306,0,0,1,0.8186065239067744
1237660343392272633,128.161403175799,30.3623920917718,18.10792,16.60549,15.83023,15.38703,15.03455,3462,301,3,124,1360101425945798656,GALAXY,0.04796313,1208,52672,52,1000384310.2984173,10001-12701,1-48157,133.371090612,57.5984251446,9.428999281013445,0.927642710084122,11754.1,AGBT17A_012_19,896.8291,1.4207177,-999.0,0.0137383435,8.670002,3.313165,0.14617112,10.35004,11955.675,47.163033,432.4681,303.13943,434.7268,307.13962,287.3401,6.6275935,11.448619,7.819415,8.402823,0.02141115,56.474014,-0.34800306,0,0,1,0.8186065239067744
1237660343388143716,119.954007798882,24.3030096593399,18.15652,17.22968,16.75132,16.56463,16.34973,3462,301,3,61,1355743236680869888,GALAXY,0.01924399,1204,52669,581,1306687547.5753555,10001-12701,1-48157,133.371090612,57.5984251446,9.428999281013445,0.927642710084122,11754.1,AGBT17A_012_19,896.8291,1.4207177,-999.0,0.0137383435,8.670002,3.313165,0.14617112,10.35004,11955.675,47.163033,432.4681,303.13943,434.7268,307.13962,287.3401,6.6275935,11.448619,7.819415,8.402823,0.02141115,56.474014,-0.34800306,0,0,1,0.8186065239067744
1237659326566105428,247.432108935799,40.0165089863486,18.55281,16.78283,15.99947,15.62152,15.31911,3225,301,5,236,1319704545567205376,GALAXY,0.02762376,1172,52759,545,270206896.1836962,10001-12701,1-48157,133.371090612,57.5984251446,9.428999281013445,0.927642710084122,11754.1,AGBT17A_012_19,896.8291,1.4207177,-999.0,0.0137383435,8.670002,3.313165,0.14617112,10.35004,11955.675,47.163033,432.4681,303.13943,434.7268,307.13962,287.3401,6.6275935,11.448619,7.819415,8.402823,0.02141115,56.474014,-0.34800306,0,0,1,0.8186065239067744
1237659326573445183,259.194396793097,26.4813160599824,17.60586,16.34474,15.86509,15.56857,15.30556,3225,301,5,348,1102329716796319744,GALAXY,0.0482414,979,52427,268,127265385.45445846,10001-12701,1-48157,133.371090612,57.5984251446,9.428999281013445,0.927642710084122,11754.1,AGBT17A_012_19,896.8291,1.4207177,-999.0,0.0137383435,8.670002,3.313165,0.14617112,10.35004,11955.675,47.163033,432.4681,303.13943,434.7268,307.13962,287.3401,6.6275935,11.448619,7.819415,8.402823,0.02141115,56.474014,-0.34800306,0,0,1,0.8186065239067744
1237659326565253410,245.726479374719,41.5205832983683,17.33426,15.88625,15.2403,14.91416,14.6747,3225,301,5,223,1318590740187604992,GALAXY,0.02799737,1171,52753,589,419542615.90659404,10001-12701,1-48157,133.371090612,57.5984251446,9.428999281013445,0.927642710084122,11754.1,AGBT17A_012_19,896.8291,1.4207177,-999.0,0.0137383435,8.670002,3.313165,0.14617112,10.35004,11955.675,47.163033,432.4681,303.13943,434.7268,307.13962,287.3401,6.6275935,11.448619,7.819415,8.402823,0.02141115,56.474014,-0.34800306,0,0,1,0.8186065239067744
1237659326566039804,247.067033568779,40.1159229554172,17.3227,15.51775,14.73835,14.37475,14.06664,3225,301,5,235,1319712791904413696,GALAXY,0.03239058,1172,52759,575,425318030.48151267,10001-12701,1-48157,133.371090612,57.5984251446,9.428999281013445,0.927642710084122,11754.1,AGBT17A_012_19,896.8291,1.4207177,-999.0,0.0137383435,8.670002,3.313165,0.14617112,10.35004,11955.675,47.163033,432.4681,303.13943,434.7268,307.13962,287.3401,6.6275935,11.448619,7.819415,8.402823,0.02141115,56.474014,-0.34800306,0,0,1,0.8186065239067744
1237655746704507141,263.718176898878,60.2438910241476,18.13436,16.3529,15.54461,15.15008,14.87046,2392,301,1,139,398577393180108800,GALAXY,0.02883765,354,51792,32,458320399.4810481,10001-12701,1-48157,133.371090612,57.5984251446,9.428999281013445,0.927642710084122,11754.1,AGBT17A_012_19,896.8291,1.4207177,-999.0,0.0137383435,8.670002,3.313165,0.14617112,10.35004,11955.675,47.163033,432.4681,303.13943,434.7268,307.13962,287.3401,6.6275935,11.448619,7.819415,8.402823,0.02141115,56.474014,-0.34800306,0,0,1,0.8186065239067744
1237660635983773954,127.422313729733,30.6879758119276,16.97546,15.03479,14.14923,13.70772,13.39374,3530,301,4,76,1360140183730677760,GALAXY,0.04761514,1208,52672,193,1000590575.1046643,10001-12701,1-48157,133.371090612,57.5984251446,9.428999281013445,0.927642710084122,11754.1,AGBT17A_012_19,896.8291,1.4207177,-999.0,0.0137383435,8.670002,3.313165,0.14617112,10.35004,11955.675,47.163033,432.4681,303.13943,434.7268,307.13962,287.3401,6.6275935,11.448619,7.819415,8.402823,0.02141115,56.474014,-0.34800306,0,0,1,0.8186065239067744
1237660635998715933,166.832004127879,46.3833148149449,16.11224,14.36806,13.56695,13.18138,12.93134,3530,301,4,304,1619154068440115200,GALAXY,0.0245783,1438,53054,400,247930297.10900983,10001-12701,1-48157,133.371090612,57.5984251446,9.428999281013445,0.927642710084122,11754.1,AGBT17A_012_19,896.8291,1.4207177,-999.0,0.0137383435,8.670002,3.313165,0.14617112,10.35004,11955.675,47.163033,432.4681,303.13943,434.7268,307.13962,287.3401,6.6275935,11.448619,7.819415,8.402823,0.02141115,56.474014,-0.34800306,0,0,1,0.8186065239067744
1237660635998912638,167.564284751334,46.4415470219126,17.11469,15.60804,14.8456,14.45081,14.10571,3530,301,4,307,1619179632085460992,GALAXY,0.03603982,1438,53054,493,38984048.380701214,10001-12701,1-48157,133.371090612,57.5984251446,9.428999281013445,0.927642710084122,11754.1,AGBT17A_012_19,896.8291,1.4207177,-999.0,0.0137383435,8.670002,3.313165,0.14617112,10.35004,11955.675,47.163033,432.4681,303.13943,434.7268,307.13962,287.3401,6.6275935,11.448619,7.819415,8.402823,0.02141115,56.474014,-0.34800306,0,0,1,0.8186065239067744
1237660636000157874,171.628482202763,46.9984236985487,17.03221,15.26159,14.46923,14.10955,13.80972,3530,301,4,326,1623655468977121280,GALAXY,0.02545703,1442,53050,392,517105869.26147056,10001-12701,1-48157,133.371090612,57.5984251446,9.428999281013445,0.927642710084122,11754.1,AGBT17A_012_19,896.8291,1.4207177,-999.0,0.0137383435,8.670002,3.313165,0.14617112,10.35004,11955.675,47.163033,432.4681,303.13943,434.7268,307.13962,287.3401,6.6275935,11.448619,7.819415,8.402823,0.02141115,56.474014,-0.34800306,0,0,1,0.8186065239067744
1237664094508089383,125.687310292415,24.2969153904708,15.36589,13.96881,13.19374,12.83262,12.78894,4335,301,6,105,1784558273987373056,GALAXY,0.01285296,1585,52962,25,860330506.8566389,10001-12701,1-48157,133.371090612,57.5984251446,9.428999281013445,0.927642710084122,11754.1,AGBT17A_012_19,896.8291,1.4207177,-999.0,0.0137383435,8.670002,3.313165,0.14617112,10.35004,11955.675,47.163033,432.4681,303.13943,434.7268,307.13962,287.3401,6.6275935,11.448619,7.819415,8.402823,0.02141115,56.474014,-0.34800306,0,0,1,0.8186065239067744
1237662667499897248,247.828116384782,24.7122900178032,17.55622,16.2384,15.59404,15.21751,14.95977,4003,301,4,24,1770038951671785472,GALAXY,0.05820031,1572,53177,452,1367535665.418249,10001-12701,1-48157,133.371090612,57.5984251446,9.428999281013445,0.927642710084122,11754.1,AGBT17A_012_19,896.8291,1.4207177,-999.0,0.0137383435,8.670002,3.313165,0.14617112,10.35004,11955.675,47.163033,432.4681,303.13943,434.7268,307.13962,287.3401,6.6275935,11.448619,7.819415,8.402823,0.02141115,56.474014,-0.34800306,0,0,1,0.8186065239067744
1237653664180732221,140.065038428108,1.28882673055315,17.46745,15.73107,14.9667,14.58333,14.2969,1907,301,2,116,532590820474251264,GALAXY,0.01748733,473,51929,146,1320713554.400158,10001-12701,1-48157,133.371090612,57.5984251446,9.428999281013445,0.927642710084122,11754.1,AGBT17A_012_19,896.8291,1.4207177,-999.0,0.0137383435,8.670002,3.313165,0.14617112,10.35004,11955.675,47.163033,432.4681,303.13943,434.7268,307.13962,287.3401,6.6275935,11.448619,7.819415,8.402823,0.02141115,56.474014,-0.34800306,0,0,1,0.8186065239067744
1237653664184729639,149.149108762781,1.42855082013126,16.42603,14.81189,14.05578,13.64841,13.346,1907,301,2,177,541575479388301312,GALAXY,0.02746993,481,51908,64,724608264.3460495,10001-12701,1-48157,133.371090612,57.5984251446,9.428999281013445,0.927642710084122,11754.1,AGBT17A_012_19,896.8291,1.4207177,-999.0,0.0137383435,8.670002,3.313165,0.14617112,10.35004,11955.675,47.163033,432.4681,303.13943,434.7268,307.13962,287.3401,6.6275935,11.448619,7.819415,8.402823,0.02141115,56.474014,-0.34800306,0,0,1,0.8186065239067744
1237653664183156871,145.479644224487,1.31873823616934,17.29743,15.7063,14.79047,14.31346,13.91221,1907,301,2,153,537070507351107584,GALAXY,0.02202882,477,52026,59,743378361.7145352,10001-12701,1-48157,133.371090612,57.5984251446,9.428999281013445,0.927642710084122,11754.1,AGBT17A_012_19,896.8291,1.4207177,-999.0,0.0137383435,8.670002,3.313165,0.14617112,10.35004,11955.675,47.163033,432.4681,303.13943,434.7268,307.13962,287.3401,6.6275935,11.448619,7.819415,8.402823,0.02141115,56.474014,-0.34800306,0,0,1,0.8186065239067744
1237653664181190892,141.123473391058,1.21203456081021,17.72638,16.35206,15.77208,15.4288,15.22339,1907,301,2,123,534889625014003712,GALAXY,0.02586975,475,51965,317,708725874.2650231,10001-12701,1-48157,133.371090612,57.5984251446,9.428999281013445,0.927642710084122,11754.1,AGBT17A_012_19,896.8291,1.4207177,-999.0,0.0137383435,8.670002,3.313165,0.14617112,10.35004,11955.675,47.163033,432.4681,303.13943,434.7268,307.13962,287.3401,6.6275935,11.448619,7.819415,8.402823,0.02141115,56.474014,-0.34800306,0,0,1,0.8186065239067744
1237657242970226867,139.797121839762,45.3665176606651,17.78189,16.07086,15.32024,14.94141,14.69626,2740,301,4,238,936918086072690688,GALAXY,0.031543,832,52312,616,229366464.54677114,10001-12701,1-48157,133.371090612,57.5984251446,9.428999281013445,0.927642710084122,11754.1,AGBT17A_012_19,896.8291,1.4207177,-999.0,0.0137383435,8.670002,3.313165,0.14617112,10.35004,11955.675,47.163033,432.4681,303.13943,434.7268,307.13962,287.3401,6.6275935,11.448619,7.819415,8.402823,0.02141115,56.474014,-0.34800306,0,0,1,0.8186065239067744
1237652943168929807,344.899358858795,14.0895303816641,16.9278,15.42441,14.73624,14.38496,14.15662,1739,301,3,205,835492535634782208,GALAXY,0.0257052,742,52263,272,764417371.9517391,10001-12701,1-48157,133.371090612,57.5984251446,9.428999281013445,0.927642710084122,11754.1,AGBT17A_012_19,896.8291,1.4207177,-999.0,0.0137383435,8.670002,3.313165,0.14617112,10.35004,11955.675,47.163033,432.4681,303.13943,434.7268,307.13962,287.3401,6.6275935,11.448619,7.819415,8.402823,0.02141115,56.474014,-0.34800306,0,0,1,0.8186065239067744
1237652943170371764,348.281218096571,14.2983009241806,17.77827,16.73778,16.41348,16.15609,15.98613,1739,301,3,227,837734164764583936,GALAXY,0.03992898,744,52251,235,767511344.0454456,10001-12701,1-48157,133.371090612,57.5984251446,9.428999281013445,0.927642710084122,11754.1,AGBT17A_012_19,896.8291,1.4207177,-999.0,0.0137383435,8.670002,3.313165,0.14617112,10.35004,11955.675,47.163033,432.4681,303.13943,434.7268,307.13962,287.3401,6.6275935,11.448619,7.819415,8.402823,0.02141115,56.474014,-0.34800306,0,0,1,0.8186065239067744
1237652943171879101,351.928557128597,14.5447316620916,16.75671,15.40018,14.74712,14.41311,14.12065,1739,301,3,250,838803439940036608,GALAXY,0.03106217,745,52258,29,769780256.9141636,10001-12701,1-48157,133.371090612,57.5984251446,9.428999281013445,0.927642710084122,11754.1,AGBT17A_012_19,896.8291,1.4207177,-999.0,0.0137383435,8.670002,3.313165,0.14617112,10.35004,11955.675,47.163033,432.4681,303.13943,434.7268,307.13962,287.3401,6.6275935,11.448619,7.819415,8.402823,0.02141115,56.474014,-0.34800306,0,0,1,0.8186065239067744
1237652943172206840,352.705078101259,14.5994604852024,18.09266,16.74661,16.14358,15.80148,15.55673,1739,301,3,255,839953803645052928,GALAXY,0.04060742,746,52238,118,1082065173.5722675,10001-12701,1-48157,133.371090612,57.5984251446,9.428999281013445,0.927642710084122,11754.1,AGBT17A_012_19,896.8291,1.4207177,-999.0,0.0137383435,8.670002,3.313165,0.14617112,10.35004,11955.675,47.163033,432.4681,303.13943,434.7268,307.13962,287.3401,6.6275935,11.448619,7.819415,8.402823,0.02141115,56.474014,-0.34800306,0,0,1,0.8186065239067744
1237649963530584184,53.7416932366183,-5.81477941190859,17.48603,16.13854,15.43723,15.13128,14.88344,1045,301,5,132,519209763645450240,GALAXY,0.01828602,461,51910,618,616731770.6788181,10001-12701,1-48157,133.371090612,57.5984251446,9.428999281013445,0.927642710084122,11754.1,AGBT17A_012_19,896.8291,1.4207177,-999.0,0.0137383435,8.670002,3.313165,0.14617112,10.35004,11955.675,47.163033,432.4681,303.13943,434.7268,307.13962,287.3401,6.6275935,11.448619,7.819415,8.402823,0.02141115,56.474014,-0.34800306,0,0,1,0.8186065239067744
1237649963530649830,53.9428053405689,-5.87954308782684,18.5302,17.35337,16.84455,16.5665,16.45929,1045,301,5,133,519206190232659968,GALAXY,0.03758139,461,51910,605,616319241.066324,10001-12701,1-48157,133.371090612,57.5984251446,9.428999281013445,0.927642710084122,11754.1,AGBT17A_012_19,896.8291,1.4207177,-999.0,0.0137383435,8.670002,3.313165,0.14617112,10.35004,11955.675,47.163033,432.4681,303.13943,434.7268,307.13962,287.3401,6.6275935,11.448619,7.819415,8.402823,0.02141115,56.474014,-0.34800306,0,0,1,0.8186065239067744
1237653664184926258,149.593779504647,1.58471264596231,17.8252,16.48612,15.83813,15.49515,15.26659,1907,301,2,180,562995616607660032,GALAXY,0.0277466,500,51994,166,975013739.1300246,10001-12701,1-48157,133.371090612,57.5984251446,9.428999281013445,0.927642710084122,11754.1,AGBT17A_012_19,896.8291,1.4207177,-999.0,0.0137383435,8.670002,3.313165,0.14617112,10.35004,11955.675,47.163033,432.4681,303.13943,434.7268,307.13962,287.3401,6.6275935,11.448619,7.819415,8.402823,0.02141115,56.474014,-0.34800306,0,0,1,0.8186065239067744
1237657877001863242,116.921428445926,22.78159519051,16.5789,15.3221,14.71067,14.37807,14.13124,2888,301,1,41,1354570607529846784,GALAXY,0.02789406,1203,52669,411,505142510.49913895,10001-12701,1-48157,133.371090612,57.5984251446,9.428999281013445,0.927642710084122,11754.1,AGBT17A_012_19,896.8291,1.4207177,-999.0,0.0137383435,8.670002,3.313165,0.14617112,10.35004,11955.675,47.163033,432.4681,303.13943,434.7268,307.13962,287.3401,6.6275935,11.448619,7.819415,8.402823,0.02141115,56.474014,-0.34800306,0,0,1,0.8186065239067744
1237652942634680519,351.21763146352,14.1389270897407,19.21041,17.5997,16.89665,16.41278,16.02161,1739,301,2,245,839993660941559808,GALAXY,0.04027313,746,52238,263,1204792733.2892897,10001-12701,1-48157,133.371090612,57.5984251446,9.428999281013445,0.927642710084122,11754.1,AGBT17A_012_19,896.8291,1.4207177,-999.0,0.0137383435,8.670002,3.313165,0.14617112,10.35004,11955.675,47.163033,432.4681,303.13943,434.7268,307.13962,287.3401,6.6275935,11.448619,7.819415,8.402823,0.02141115,56.474014,-0.34800306,0,0,1,0.8186065239067744
1237661386005151928,242.709040466094,38.7081883076947,18.25905,17.0425,16.51105,16.19564,15.95951,3705,301,1,270,1504290007882426368,GALAXY,0.03790693,1336,52759,319,93025427.61744046,10001-12701,1-48157,133.371090612,57.5984251446,9.428999281013445,0.927642710084122,11754.1,AGBT17A_012_19,896.8291,1.4207177,-999.0,0.0137383435,8.670002,3.313165,0.14617112,10.35004,11955.675,47.163033,432.4681,303.13943,434.7268,307.13962,287.3401,6.6275935,11.448619,7.819415,8.402823,0.02141115,56.474014,-0.34800306,0,0,1,0.8186065239067744
1237649961917612207,48.5905243489666,-7.73071420027269,16.38811,15.22335,14.55937,14.19473,13.82982,1045,301,2,96,516830145839917056,GALAXY,0.02314364,459,51924,153,612812739.3601234,10001-12701,1-48157,133.371090612,57.5984251446,9.428999281013445,0.927642710084122,11754.1,AGBT17A_012_19,896.8291,1.4207177,-999.0,0.0137383435,8.670002,3.313165,0.14617112,10.35004,11955.675,47.163033,432.4681,303.13943,434.7268,307.13962,287.3401,6.6275935,11.448619,7.819415,8.402823,0.02141115,56.474014,-0.34800306,0,0,1,0.8186065239067744
1237657607494107312,117.543900765757,30.6850949011412,17.9098,16.59741,16.24195,15.98952,15.9232,2825,301,3,63,1002119130146433024,GALAXY,0.01479208,890,52583,248,1229957039.6514356,10001-12701,1-48157,133.371090612,57.5984251446,9.428999281013445,0.927642710084122,11754.1,AGBT17A_012_19,896.8291,1.4207177,-999.0,0.0137383435,8.670002,3.313165,0.14617112,10.35004,11955.675,47.163033,432.4681,303.13943,434.7268,307.13962,287.3401,6.6275935,11.448619,7.819415,8.402823,0.02141115,56.474014,-0.34800306,0,0,1,0.8186065239067744
1237678617435570312,40.5600674682893,0.877795911141578,18.0486,16.95046,16.4452,16.17402,16.01139,7717,301,1,600,459524422705899520,GALAXY,0.02230475,408,51821,572,828771991.5008332,10001-12701,1-48157,133.371090612,57.5984251446,9.428999281013445,0.927642710084122,11754.1,AGBT17A_012_19,896.8291,1.4207177,-999.0,0.0137383435,8.670002,3.313165,0.14617112,10.35004,11955.675,47.163033,432.4681,303.13943,434.7268,307.13962,287.3401,6.6275935,11.448619,7.819415,8.402823,0.02141115,56.474014,-0.34800306,0,0,1,0.8186065239067744
1237661387077189812,239.697537546121,41.9381106619579,16.35925,14.94471,14.31659,13.96511,13.70155,3705,301,3,244,1501959318193334272,GALAXY,0.0387147,1334,52764,32,274332192.30863816,10001-12701,1-48157,133.371090612,57.5984251446,9.428999281013445,0.927642710084122,11754.1,AGBT17A_012_19,896.8291,1.4207177,-999.0,0.0137383435,8.670002,3.313165,0.14617112,10.35004,11955.675,47.163033,432.4681,303.13943,434.7268,307.13962,287.3401,6.6275935,11.448619,7.819415,8.402823,0.02141115,56.474014,-0.34800306,0,0,1,0.8186065239067744
1237661433775063190,196.755059723336,46.309420504753,18.1058,16.13944,15.26175,14.82432,14.49947,3716,301,2,93,1642728973186131968,GALAXY,0.02445674,1459,53117,149,281345195.7210395,10001-12701,1-48157,133.371090612,57.5984251446,9.428999281013445,0.927642710084122,11754.1,AGBT17A_012_19,896.8291,1.4207177,-999.0,0.0137383435,8.670002,3.313165,0.14617112,10.35004,11955.675,47.163033,432.4681,303.13943,434.7268,307.13962,287.3401,6.6275935,11.448619,7.819415,8.402823,0.02141115,56.474014,-0.34800306,0,0,1,0.8186065239067744
1237654604783222817,147.171530828429,3.37472277031047,17.06589,15.69054,15.08633,14.75535,14.49807,2126,301,2,187,642956230247081984,GALAXY,0.0215799,571,52286,245,741315713.6520643,10001-12701,1-48157,133.371090612,57.5984251446,9.428999281013445,0.927642710084122,11754.1,AGBT17A_012_19,896.8291,1.4207177,-999.0,0.0137383435,8.670002,3.313165,0.14617112,10.35004,11955.675,47.163033,432.4681,303.13943,434.7268,307.13962,287.3401,6.6275935,11.448619,7.819415,8.402823,0.02141115,56.474014,-0.34800306,0,0,1,0.8186065239067744
1237654601017852250,130.148675259213,2.47704664577723,18.1215,16.54188,15.79046,15.41452,15.14147,2125,301,3,76,635082901318297600,GALAXY,0.04959149,564,52224,274,1318238376.7251928,10001-12701,1-48157,133.371090612,57.5984251446,9.428999281013445,0.927642710084122,11754.1,AGBT17A_012_19,896.8291,1.4207177,-999.0,0.0137383435,8.670002,3.313165,0.14617112,10.35004,11955.675,47.163033,432.4681,303.13943,434.7268,307.13962,287.3401,6.6275935,11.448619,7.819415,8.402823,0.02141115,56.474014,-0.34800306,0,0,1,0.8186065239067744
1237654601026175091,149.244424367381,3.77794821075227,16.74651,14.84594,14.02134,13.61445,13.30469,2125,301,3,203,644091750930999296,GALAXY,0.03450957,572,52289,280,974807474.3237774,10001-12701,1-48157,133.371090612,57.5984251446,9.428999281013445,0.927642710084122,11754.1,AGBT17A_012_19,896.8291,1.4207177,-999.0,0.0137383435,8.670002,3.313165,0.14617112,10.35004,11955.675,47.163033,432.4681,303.13943,434.7268,307.13962,287.3401,6.6275935,11.448619,7.819415,8.402823,0.02141115,56.474014,-0.34800306,0,0,1,0.8186065239067744
1237654601018572833,131.827666148115,2.76226467790364,17.02111,15.10742,14.28346,13.88246,13.59951,2125,301,3,87,635028475492722688,GALAXY,0.02847396,564,52224,76,953562199.2803264,10001-12701,1-48157,133.371090612,57.5984251446,9.428999281013445,0.927642710084122,11754.1,AGBT17A_012_19,896.8291,1.4207177,-999.0,0.0137383435,8.670002,3.313165,0.14617112,10.35004,11955.675,47.163033,432.4681,303.13943,434.7268,307.13962,287.3401,6.6275935,11.448619,7.819415,8.402823,0.02141115,56.474014,-0.34800306,0,0,1,0.8186065239067744
1237655472357703970,247.948521856264,39.8142245329402,19.09895,17.33107,16.63687,16.27546,15.98301,2328,301,2,51,919940253307922432,GALAXY,0.02954789,817,52381,291,423461647.2252888,10001-12701,1-48157,133.371090612,57.5984251446,9.428999281013445,0.927642710084122,11754.1,AGBT17A_012_19,896.8291,1.4207177,-999.0,0.0137383435,8.670002,3.313165,0.14617112,10.35004,11955.675,47.163033,432.4681,303.13943,434.7268,307.13962,287.3401,6.6275935,11.448619,7.819415,8.402823,0.02141115,56.474014,-0.34800306,0,0,1,0.8186065239067744
1237658298984431716,129.362342387746,3.95568008425456,19.1462,17.25999,16.32635,15.86496,15.51572,2986,301,3,72,1335317883663706112,GALAXY,0.04701128,1186,52646,2,1318650906.337687,10001-12701,1-48157,133.371090612,57.5984251446,9.428999281013445,0.927642710084122,11754.1,AGBT17A_012_19,896.8291,1.4207177,-999.0,0.0137383435,8.670002,3.313165,0.14617112,10.35004,11955.675,47.163033,432.4681,303.13943,434.7268,307.13962,287.3401,6.6275935,11.448619,7.819415,8.402823,0.02141115,56.474014,-0.34800306,0,0,1,0.8186065239067744
1237658192146202713,122.51818811333,29.0318623152627,18.0649,16.60554,15.94975,15.56445,15.31983,2961,301,4,58,1047133136774785024,GALAXY,0.04781377,930,52618,168,905089969.8122588,10001-12701,1-48157,133.371090612,57.5984251446,9.428999281013445,0.927642710084122,11754.1,AGBT17A_012_19,896.8291,1.4207177,-999.0,0.0137383435,8.670002,3.313165,0.14617112,10.35004,11955.675,47.163033,432.4681,303.13943,434.7268,307.13962,287.3401,6.6275935,11.448619,7.819415,8.402823,0.02141115,56.474014,-0.34800306,0,0,1,0.8186065239067744
1237658192146399553,123.023863168765,29.4043544299322,16.9325,15.22031,14.40934,13.94233,13.51826,2961,301,4,61,1047227419896866816,GALAXY,0.04868623,930,52618,511,904677440.1997647,10001-12701,1-48157,133.371090612,57.5984251446,9.428999281013445,0.927642710084122,11754.1,AGBT17A_012_19,896.8291,1.4207177,-999.0,0.0137383435,8.670002,3.313165,0.14617112,10.35004,11955.675,47.163033,432.4681,303.13943,434.7268,307.13962,287.3401,6.6275935,11.448619,7.819415,8.402823,0.02141115,56.474014,-0.34800306,0,0,1,0.8186065239067744
1237658192144761218,119.86882115187,26.8896194823194,16.41597,15.04033,14.36273,14.01025,13.73626,2961,301,4,36,1046008610636720128,GALAXY,0.02647004,929,52581,173,876212896.9376653,10001-12701,1-48157,133.371090612,57.5984251446,9.428999281013445,0.927642710084122,11754.1,AGBT17A_012_19,896.8291,1.4207177,-999.0,0.0137383435,8.670002,3.313165,0.14617112,10.35004,11955.675,47.163033,432.4681,303.13943,434.7268,307.13962,287.3401,6.6275935,11.448619,7.819415,8.402823,0.02141115,56.474014,-0.34800306,0,0,1,0.8186065239067744
1237652942632911029,347.050282982084,13.8227537144585,17.86793,16.79296,16.41407,16.17632,15.9995,1739,301,2,218,836590397978339328,GALAXY,0.03973958,743,52262,170,766686284.8204571,10001-12701,1-48157,133.371090612,57.5984251446,9.428999281013445,0.927642710084122,11754.1,AGBT17A_012_19,896.8291,1.4207177,-999.0,0.0137383435,8.670002,3.313165,0.14617112,10.35004,11955.675,47.163033,432.4681,303.13943,434.7268,307.13962,287.3401,6.6275935,11.448619,7.819415,8.402823,0.02141115,56.474014,-0.34800306,0,0,1,0.8186065239067744
1237654601032794209,164.340143211281,4.42033675325168,18.16826,16.50943,15.69144,15.28466,15.01969,2125,301,3,304,651906805525407744,GALAXY,0.05576393,579,52338,39,1017504289.2169262,10001-12701,1-48157,133.371090612,57.5984251446,9.428999281013445,0.927642710084122,11754.1,AGBT17A_012_19,896.8291,1.4207177,-999.0,0.0137383435,8.670002,3.313165,0.14617112,10.35004,11955.675,47.163033,432.4681,303.13943,434.7268,307.13962,287.3401,6.6275935,11.448619,7.819415,8.402823,0.02141115,56.474014,-0.34800306,0,0,1,0.8186065239067744
1237652942632059029,345.067986087284,13.5941410456384,16.00926,15.07091,14.60164,14.38286,14.15838,1739,301,2,205,5681546121367017472,GALAXY,0.0252922,5046,56243,928,764829901.5642333,10001-12701,1-48157,133.371090612,57.5984251446,9.428999281013445,0.927642710084122,11754.1,AGBT17A_012_19,896.8291,1.4207177,-999.0,0.0137383435,8.670002,3.313165,0.14617112,10.35004,11955.675,47.163033,432.4681,303.13943,434.7268,307.13962,287.3401,6.6275935,11.448619,7.819415,8.402823,0.02141115,56.474014,-0.34800306,0,0,1,0.8186065239067744
1237655502963081432,258.772896594662,30.8345065640555,18.83139,17.12803,16.29152,15.83069,15.48323,2335,301,3,108,1101264565141792768,GALAXY,0.02950482,978,52441,489,607862384.010193,10001-12701,1-48157,133.371090612,57.5984251446,9.428999281013445,0.927642710084122,11754.1,AGBT17A_012_19,896.8291,1.4207177,-999.0,0.0137383435,8.670002,3.313165,0.14617112,10.35004,11955.675,47.163033,432.4681,303.13943,434.7268,307.13962,287.3401,6.6275935,11.448619,7.819415,8.402823,0.02141115,56.474014,-0.34800306,0,0,1,0.8186065239067744
1237657607493845209,117.146382896363,30.1544206989728,17.93881,16.29476,15.4878,15.00704,14.6468,2825,301,3,59,1001063600325945344,GALAXY,0.02705485,889,52663,504,858680388.4066621,10001-12701,1-48157,133.371090612,57.5984251446,9.428999281013445,0.927642710084122,11754.1,AGBT17A_012_19,896.8291,1.4207177,-999.0,0.0137383435,8.670002,3.313165,0.14617112,10.35004,11955.675,47.163033,432.4681,303.13943,434.7268,307.13962,287.3401,6.6275935,11.448619,7.819415,8.402823,0.02141115,56.474014,-0.34800306,0,0,1,0.8186065239067744
1237662665888760313,245.870829886291,24.5300223381981,19.3936,17.72103,16.99377,16.63089,16.39034,4003,301,1,16,1771148359726295040,GALAXY,0.03960088,1573,53226,392,1280079387.5694802,10001-12701,1-48157,133.371090612,57.5984251446,9.428999281013445,0.927642710084122,11754.1,AGBT17A_012_19,896.8291,1.4207177,-999.0,0.0137383435,8.670002,3.313165,0.14617112,10.35004,11955.675,47.163033,432.4681,303.13943,434.7268,307.13962,287.3401,6.6275935,11.448619,7.819415,8.402823,0.02141115,56.474014,-0.34800306,0,0,1,0.8186065239067744
1237668611197567248,244.685146315406,50.5584235417393,19.16954,17.42555,16.64611,16.27347,15.95051,5387,301,3,21,3247227348663166976,GALAXY,0.04101784,2884,54526,480,393553250.31945986,10001-12701,1-48157,133.371090612,57.5984251446,9.428999281013445,0.927642710084122,11754.1,AGBT17A_012_19,896.8291,1.4207177,-999.0,0.0137383435,8.670002,3.313165,0.14617112,10.35004,11955.675,47.163033,432.4681,303.13943,434.7268,307.13962,287.3401,6.6275935,11.448619,7.819415,8.402823,0.02141115,56.474014,-0.34800306,0,0,1,0.8186065239067744
1237668611197894660,245.089656458764,49.9434951006119,16.6627,15.04795,14.31456,13.91453,13.61021,5387,301,3,26,3247135539442247680,GALAXY,0.04033553,2884,54526,146,355187996.35749996,10001-12701,1-48157,133.371090612,57.5984251446,9.428999281013445,0.927642710084122,11754.1,AGBT17A_012_19,896.8291,1.4207177,-999.0,0.0137383435,8.670002,3.313165,0.14617112,10.35004,11955.675,47.163033,432.4681,303.13943,434.7268,307.13962,287.3401,6.6275935,11.448619,7.819415,8.402823,0.02141115,56.474014,-0.34800306,0,0,1,0.8186065239067744
1237649919503040727,16.0792818000332,14.5034166945377,18.54267,17.33027,16.79361,16.52718,16.32482,1035,301,3,69,474021483518126080,GALAXY,0.03963418,421,51821,64,1083302762.40975,10001-12701,1-48157,133.371090612,57.5984251446,9.428999281013445,0.927642710084122,11754.1,AGBT17A_012_19,896.8291,1.4207177,-999.0,0.0137383435,8.670002,3.313165,0.14617112,10.35004,11955.675,47.163033,432.4681,303.13943,434.7268,307.13962,287.3401,6.6275935,11.448619,7.819415,8.402823,0.02141115,56.474014,-0.34800306,0,0,1,0.8186065239067744
1237651274030645668,118.716133346561,45.8225123068784,16.27984,15.20961,14.70707,14.44885,14.24169,1350,301,6,104,490983100684199936,GALAXY,0.0216242,436,51883,330,480596998.5557346,10001-12701,1-48157,133.371090612,57.5984251446,9.428999281013445,0.927642710084122,11754.1,AGBT17A_012_19,896.8291,1.4207177,-999.0,0.0137383435,8.670002,3.313165,0.14617112,10.35004,11955.675,47.163033,432.4681,303.13943,434.7268,307.13962,287.3401,6.6275935,11.448619,7.819415,8.402823,0.02141115,56.474014,-0.34800306,0,0,1,0.8186065239067744
1237664837536120954,124.838829228041,21.9094252644205,18.19361,16.7058,16.0736,15.73465,15.60143,4508,301,6,85,2168516811333593088,GALAXY,0.04077107,1926,53317,122,10725769.924849011,10001-12701,1-48157,133.371090612,57.5984251446,9.428999281013445,0.927642710084122,11754.1,AGBT17A_012_19,896.8291,1.4207177,-999.0,0.0137383435,8.670002,3.313165,0.14617112,10.35004,11955.675,47.163033,432.4681,303.13943,434.7268,307.13962,287.3401,6.6275935,11.448619,7.819415,8.402823,0.02141115,56.474014,-0.34800306,0,0,1,0.8186065239067744
1237664837540970780,135.412634272198,27.6091432485422,18.25861,17.10129,16.6663,16.40678,16.19056,4508,301,6,159,2177506693951285248,GALAXY,0.04087019,1934,53357,59,907565147.487224,10001-12701,1-48157,133.371090612,57.5984251446,9.428999281013445,0.927642710084122,11754.1,AGBT17A_012_19,896.8291,1.4207177,-999.0,0.0137383435,8.670002,3.313165,0.14617112,10.35004,11955.675,47.163033,432.4681,303.13943,434.7268,307.13962,287.3401,6.6275935,11.448619,7.819415,8.402823,0.02141115,56.474014,-0.34800306,0,0,1,0.8186065239067744
1237651297112948763,259.629690119959,60.5861085501457,16.96325,15.49784,14.89406,14.5724,14.32793,1356,301,1,56,398645013145217024,GALAXY,0.0129577,354,51792,278,437281389.24384433,10001-12701,1-48157,133.371090612,57.5984251446,9.428999281013445,0.927642710084122,11754.1,AGBT17A_012_19,896.8291,1.4207177,-999.0,0.0137383435,8.670002,3.313165,0.14617112,10.35004,11955.675,47.163033,432.4681,303.13943,434.7268,307.13962,287.3401,6.6275935,11.448619,7.819415,8.402823,0.02141115,56.474014,-0.34800306,0,0,1,0.8186065239067744
1237663786876993550,113.255200887744,42.4251274657427,17.23683,15.27793,14.37439,13.93725,13.62955,4264,301,1,43,1953534795581515776,GALAXY,0.02709961,1735,53035,358,176150144.5350203,10001-12701,1-48157,133.371090612,57.5984251446,9.428999281013445,0.927642710084122,11754.1,AGBT17A_012_19,896.8291,1.4207177,-999.0,0.0137383435,8.670002,3.313165,0.14617112,10.35004,11955.675,47.163033,432.4681,303.13943,434.7268,307.13962,287.3401,6.6275935,11.448619,7.819415,8.402823,0.02141115,56.474014,-0.34800306,0,0,1,0.8186065239067744
1237663786883022863,123.255223895126,54.5211871279271,17.13217,15.65585,14.94633,14.55131,14.29349,4264,301,1,135,2006441100516026368,GALAXY,0.04143167,1782,53299,318,26401895.199628334,10001-12701,1-48157,133.371090612,57.5984251446,9.428999281013445,0.927642710084122,11754.1,AGBT17A_012_19,896.8291,1.4207177,-999.0,0.0137383435,8.670002,3.313165,0.14617112,10.35004,11955.675,47.163033,432.4681,303.13943,434.7268,307.13962,287.3401,6.6275935,11.448619,7.819415,8.402823,0.02141115,56.474014,-0.34800306,0,0,1,0.8186065239067744
1237663786883416329,124.017424081622,55.3945435077548,17.06933,15.44005,14.68501,14.303,13.99551,4264,301,1,141,2106730306290608128,GALAXY,0.03084939,1871,53384,624,26814424.812122528,10001-12701,1-48157,133.371090612,57.5984251446,9.428999281013445,0.927642710084122,11754.1,AGBT17A_012_19,896.8291,1.4207177,-999.0,0.0137383435,8.670002,3.313165,0.14617112,10.35004,11955.675,47.163033,432.4681,303.13943,434.7268,307.13962,287.3401,6.6275935,11.448619,7.819415,8.402823,0.02141115,56.474014,-0.34800306,0,0,1,0.8186065239067744
1237663786883416100,124.128148972408,55.2976472342826,17.77623,15.77084,14.85646,14.39529,14.08073,4264,301,1,141,2107718492399626240,GALAXY,0.03187735,1872,53386,123,25989365.58713414,10001-12701,1-48157,133.371090612,57.5984251446,9.428999281013445,0.927642710084122,11754.1,AGBT17A_012_19,896.8291,1.4207177,-999.0,0.0137383435,8.670002,3.313165,0.14617112,10.35004,11955.675,47.163033,432.4681,303.13943,434.7268,307.13962,287.3401,6.6275935,11.448619,7.819415,8.402823,0.02141115,56.474014,-0.34800306,0,0,1,0.8186065239067744
1237663786883940513,125.453926920416,56.2899142076665,17.41158,15.38005,14.48243,14.08666,13.72381,4264,301,1,149,5799699096567830528,GALAXY,0.02919638,5151,56567,686,20007686.205968346,10001-12701,1-48157,133.371090612,57.5984251446,9.428999281013445,0.927642710084122,11754.1,AGBT17A_012_19,896.8291,1.4207177,-999.0,0.0137383435,8.670002,3.313165,0.14617112,10.35004,11955.675,47.163033,432.4681,303.13943,434.7268,307.13962,287.3401,6.6275935,11.448619,7.819415,8.402823,0.02141115,56.474014,-0.34800306,0,0,1,0.8186065239067744
1237663786883023002,123.288113279187,54.6374314046214,16.67528,14.98865,14.2044,13.84381,13.57676,4264,301,1,135,2106578023930161152,GALAXY,0.02444479,1871,53384,70,25370571.168392852,10001-12701,1-48157,133.371090612,57.5984251446,9.428999281013445,0.927642710084122,11754.1,AGBT17A_012_19,896.8291,1.4207177,-999.0,0.0137383435,8.670002,3.313165,0.14617112,10.35004,11955.675,47.163033,432.4681,303.13943,434.7268,307.13962,287.3401,6.6275935,11.448619,7.819415,8.402823,0.02141115,56.474014,-0.34800306,0,0,1,0.8186065239067744
1237664818218336358,196.102692069369,36.4799771517972,17.34717,15.54378,14.7717,14.36999,14.05051,4504,301,2,231,2269917630024411136,GALAXY,0.02323147,2016,53799,376,285470491.84598136,10001-12701,1-48157,133.371090612,57.5984251446,9.428999281013445,0.927642710084122,11754.1,AGBT17A_012_19,896.8291,1.4207177,-999.0,0.0137383435,8.670002,3.313165,0.14617112,10.35004,11955.675,47.163033,432.4681,303.13943,434.7268,307.13962,287.3401,6.6275935,11.448619,7.819415,8.402823,0.02141115,56.474014,-0.34800306,0,0,1,0.8186065239067744
1237662663214825548,235.15263500864,28.5124543857102,16.90664,15.26189,14.44327,13.99776,13.66505,4002,301,4,175,1861225854999226368,GALAXY,0.03275357,1653,53534,412,1273685178.57582,10001-12701,1-48157,133.371090612,57.5984251446,9.428999281013445,0.927642710084122,11754.1,AGBT17A_012_19,896.8291,1.4207177,-999.0,0.0137383435,8.670002,3.313165,0.14617112,10.35004,11955.675,47.163033,432.4681,303.13943,434.7268,307.13962,287.3401,6.6275935,11.448619,7.819415,8.402823,0.02141115,56.474014,-0.34800306,0,0,1,0.8186065239067744
1237662663217446997,241.019030437874,25.5627988368606,17.08953,15.94918,15.4043,15.13728,14.91375,4002,301,4,215,1864614824697161728,GALAXY,0.02648129,1656,53533,453,891063962.9874563,10001-12701,1-48157,133.371090612,57.5984251446,9.428999281013445,0.927642710084122,11754.1,AGBT17A_012_19,896.8291,1.4207177,-999.0,0.0137383435,8.670002,3.313165,0.14617112,10.35004,11955.675,47.163033,432.4681,303.13943,434.7268,307.13962,287.3401,6.6275935,11.448619,7.819415,8.402823,0.02141115,56.474014,-0.34800306,0,0,1,0.8186065239067744
1237667441901043773,194.41938425862,26.2052885054248,19.47797,18.01782,17.34842,17.01074,16.78245,5115,301,1,148,2522029324484241408,GALAXY,0.02026103,2240,53823,49,983883125.7986495,10001-12701,1-48157,133.371090612,57.5984251446,9.428999281013445,0.927642710084122,11754.1,AGBT17A_012_19,896.8291,1.4207177,-999.0,0.0137383435,8.670002,3.313165,0.14617112,10.35004,11955.675,47.163033,432.4681,303.13943,434.7268,307.13962,287.3401,6.6275935,11.448619,7.819415,8.402823,0.02141115,56.474014,-0.34800306,0,0,1,0.8186065239067744
1237671767468671204,257.630452496467,63.2362144765901,18.69091,16.9635,16.17988,15.79086,15.49741,6122,301,2,128,396393486565271552,GALAXY,0.02757503,352,51694,279,104782521.57352495,10001-12701,1-48157,133.371090612,57.5984251446,9.428999281013445,0.927642710084122,11754.1,AGBT17A_012_19,896.8291,1.4207177,-999.0,0.0137383435,8.670002,3.313165,0.14617112,10.35004,11955.675,47.163033,432.4681,303.13943,434.7268,307.13962,287.3401,6.6275935,11.448619,7.819415,8.402823,0.02141115,56.474014,-0.34800306,0,0,1,0.8186065239067744
1237651539799965705,244.454583731139,52.2022434872402,16.13991,14.51867,13.84165,13.44844,13.18377,1412,301,5,382,7106706159349028864,GALAXY,0.03386232,6312,56487,94,393759515.125707,10001-12701,1-48157,133.371090612,57.5984251446,9.428999281013445,0.927642710084122,11754.1,AGBT17A_012_19,896.8291,1.4207177,-999.0,0.0137383435,8.670002,3.313165,0.14617112,10.35004,11955.675,47.163033,432.4681,303.13943,434.7268,307.13962,287.3401,6.6275935,11.448619,7.819415,8.402823,0.02141115,56.474014,-0.34800306,0,0,1,0.8186065239067744
1237655504034595114,256.629960537425,35.6275230543936,17.1641,16.02092,15.63278,15.41926,15.32071,2335,301,5,74,3346271082221955072,GALAXY,0.02416908,2972,54586,351,445531981.49372816,10001-12701,1-48157,133.371090612,57.5984251446,9.428999281013445,0.927642710084122,11754.1,AGBT17A_012_19,896.8291,1.4207177,-999.0,0.0137383435,8.670002,3.313165,0.14617112,10.35004,11955.675,47.163033,432.4681,303.13943,434.7268,307.13962,287.3401,6.6275935,11.448619,7.819415,8.402823,0.02141115,56.474014,-0.34800306,0,0,1,0.8186065239067744
1237655504030597237,250.162648020475,43.3460730656849,18.01757,16.80444,16.2054,15.93566,15.67462,2335,301,5,13,707210037101094912,GALAXY,0.02278006,628,52083,527,566196893.1482795,10001-12701,1-48157,133.371090612,57.5984251446,9.428999281013445,0.927642710084122,11754.1,AGBT17A_012_19,896.8291,1.4207177,-999.0,0.0137383435,8.670002,3.313165,0.14617112,10.35004,11955.675,47.163033,432.4681,303.13943,434.7268,307.13962,287.3401,6.6275935,11.448619,7.819415,8.402823,0.02141115,56.474014,-0.34800306,0,0,1,0.8186065239067744
1237655504036561391,259.20636586341,31.7556903142128,18.04548,16.75177,16.23267,15.96249,15.83141,2335,301,5,104,3348519583601420288,GALAXY,0.02368637,2974,54592,339,125615267.00448169,10001-12701,1-48157,133.371090612,57.5984251446,9.428999281013445,0.927642710084122,11754.1,AGBT17A_012_19,896.8291,1.4207177,-999.0,0.0137383435,8.670002,3.313165,0.14617112,10.35004,11955.675,47.163033,432.4681,303.13943,434.7268,307.13962,287.3401,6.6275935,11.448619,7.819415,8.402823,0.02141115,56.474014,-0.34800306,0,0,1,0.8186065239067744
1237655504034202205,256.017325018515,36.4373358596412,18.59111,17.32125,16.79719,16.50961,16.32915,2335,301,5,68,923409488327763968,GALAXY,0.02363324,820,52438,624,435425005.9876205,10001-12701,1-48157,133.371090612,57.5984251446,9.428999281013445,0.927642710084122,11754.1,AGBT17A_012_19,896.8291,1.4207177,-999.0,0.0137383435,8.670002,3.313165,0.14617112,10.35004,11955.675,47.163033,432.4681,303.13943,434.7268,307.13962,287.3401,6.6275935,11.448619,7.819415,8.402823,0.02141115,56.474014,-0.34800306,0,0,1,0.8186065239067744
1237662301903585458,230.574386715569,42.2870413480017,17.68367,16.69785,16.27269,16.07826,15.93966,3918,301,3,219,1889299133940918272,GALAXY,0.01789554,1678,53433,142,113651908.24215008,10001-12701,1-48157,133.371090612,57.5984251446,9.428999281013445,0.927642710084122,11754.1,AGBT17A_012_19,896.8291,1.4207177,-999.0,0.0137383435,8.670002,3.313165,0.14617112,10.35004,11955.675,47.163033,432.4681,303.13943,434.7268,307.13962,287.3401,6.6275935,11.448619,7.819415,8.402823,0.02141115,56.474014,-0.34800306,0,0,1,0.8186065239067744
1237665126933659774,185.979817835316,33.9287070482446,18.55686,17.27817,16.69188,16.37782,16.17711,4576,301,1,453,2250682218886227968,GALAXY,0.0222627,1999,53503,30,1087840588.147186,10001-12701,1-48157,133.371090612,57.5984251446,9.428999281013445,0.927642710084122,11754.1,AGBT17A_012_19,896.8291,1.4207177,-999.0,0.0137383435,8.670002,3.313165,0.14617112,10.35004,11955.675,47.163033,432.4681,303.13943,434.7268,307.13962,287.3401,6.6275935,11.448619,7.819415,8.402823,0.02141115,56.474014,-0.34800306,0,0,1,0.8186065239067744
1237658300058107973,129.109544124453,4.65406965686276,17.06998,15.84424,15.33039,15.07868,14.9271,2986,301,5,71,1335477587727640576,GALAXY,0.0275241,1186,52646,583,913959356.480884,10001-12701,1-48157,133.371090612,57.5984251446,9.428999281013445,0.927642710084122,11754.1,AGBT17A_012_19,896.8291,1.4207177,-999.0,0.0137383435,8.670002,3.313165,0.14617112,10.35004,11955.675,47.163033,432.4681,303.13943,434.7268,307.13962,287.3401,6.6275935,11.448619,7.819415,8.402823,0.02141115,56.474014,-0.34800306,0,0,1,0.8186065239067744
1237667324334964987,195.96040532167,28.0544041547406,18.31756,16.74897,16.12363,15.82012,15.6244,5087,301,6,280,2524378161735559168,GALAXY,0.02097959,2242,54153,402,1347321714.4060335,10001-12701,1-48157,133.371090612,57.5984251446,9.428999281013445,0.927642710084122,11754.1,AGBT17A_012_19,896.8291,1.4207177,-999.0,0.0137383435,8.670002,3.313165,0.14617112,10.35004,11955.675,47.163033,432.4681,303.13943,434.7268,307.13962,287.3401,6.6275935,11.448619,7.819415,8.402823,0.02141115,56.474014,-0.34800306,0,0,1,0.8186065239067744
1237661434852671660,209.396812185325,45.0839999860943,17.6621,16.59348,16.2574,16.03297,15.89865,3716,301,4,152,1650589381242677248,GALAXY,0.04281138,1466,53083,73,293102289.67712396,10001-12701,1-48157,133.371090612,57.5984251446,9.428999281013445,0.927642710084122,11754.1,AGBT17A_012_19,896.8291,1.4207177,-999.0,0.0137383435,8.670002,3.313165,0.14617112,10.35004,11955.675,47.163033,432.4681,303.13943,434.7268,307.13962,287.3401,6.6275935,11.448619,7.819415,8.402823,0.02141115,56.474014,-0.34800306,0,0,1,0.8186065239067744
1237664814452047937,206.355447604238,3.80665305103169,16.79731,14.99997,14.19225,13.79995,13.47278,4503,301,3,106,961543024389679104,GALAXY,0.0324266,854,52373,89,1039368358.6791185,10001-12701,1-48157,133.371090612,57.5984251446,9.428999281013445,0.927642710084122,11754.1,AGBT17A_012_19,896.8291,1.4207177,-999.0,0.0137383435,8.670002,3.313165,0.14617112,10.35004,11955.675,47.163033,432.4681,303.13943,434.7268,307.13962,287.3401,6.6275935,11.448619,7.819415,8.402823,0.02141115,56.474014,-0.34800306,0,0,1,0.8186065239067744
1237664814451982378,206.210358750759,4.02384225586912,16.77109,14.85741,14.02957,13.62833,13.28249,4503,301,3,105,961547147558283264,GALAXY,0.02309719,854,52373,104,1038955829.0666244,10001-12701,1-48157,133.371090612,57.5984251446,9.428999281013445,0.927642710084122,11754.1,AGBT17A_012_19,896.8291,1.4207177,-999.0,0.0137383435,8.670002,3.313165,0.14617112,10.35004,11955.675,47.163033,432.4681,303.13943,434.7268,307.13962,287.3401,6.6275935,11.448619,7.819415,8.402823,0.02141115,56.474014,-0.34800306,0,0,1,0.8186065239067744
1237664814452244710,206.779714809272,3.62232854289282,17.60987,16.4403,15.88183,15.63782,15.38461,4503,301,3,109,961534503174563840,GALAXY,0.02263881,854,52373,58,1039574623.4853656,10001-12701,1-48157,133.371090612,57.5984251446,9.428999281013445,0.927642710084122,11754.1,AGBT17A_012_19,896.8291,1.4207177,-999.0,0.0137383435,8.670002,3.313165,0.14617112,10.35004,11955.675,47.163033,432.4681,303.13943,434.7268,307.13962,287.3401,6.6275935,11.448619,7.819415,8.402823,0.02141115,56.474014,-0.34800306,0,0,1,0.8186065239067744
1237649921121059048,33.5880303789389,14.1185429854838,18.80017,17.42381,16.65625,16.25344,15.91575,1035,301,6,182,482053966755031040,GALAXY,0.02897614,428,51883,614,1322982467.268876,10001-12701,1-48157,133.371090612,57.5984251446,9.428999281013445,0.927642710084122,11754.1,AGBT17A_012_19,896.8291,1.4207177,-999.0,0.0137383435,8.670002,3.313165,0.14617112,10.35004,11955.675,47.163033,432.4681,303.13943,434.7268,307.13962,287.3401,6.6275935,11.448619,7.819415,8.402823,0.02141115,56.474014,-0.34800306,0,0,1,0.8186065239067744
1237667442974589034,194.016549735472,27.1504293109407,18.47449,16.90183,16.15069,15.79043,15.5196,5115,301,3,145,2522061210321446912,GALAXY,0.02450164,2240,53823,165,1214487179.1829033,10001-12701,1-48157,133.371090612,57.5984251446,9.428999281013445,0.927642710084122,11754.1,AGBT17A_012_19,896.8291,1.4207177,-999.0,0.0137383435,8.670002,3.313165,0.14617112,10.35004,11955.675,47.163033,432.4681,303.13943,434.7268,307.13962,287.3401,6.6275935,11.448619,7.819415,8.402823,0.02141115,56.474014,-0.34800306,0,0,1,0.8186065239067744
1237667253459616025,137.024117896541,20.5035189958626,17.41441,15.68423,14.845,14.40623,14.06044,5071,301,2,152,2572848200100636672,GALAXY,0.0256122,2285,53700,607,222353461.13436988,10001-12701,1-48157,133.371090612,57.5984251446,9.428999281013445,0.927642710084122,11754.1,AGBT17A_012_19,896.8291,1.4207177,-999.0,0.0137383435,8.670002,3.313165,0.14617112,10.35004,11955.675,47.163033,432.4681,303.13943,434.7268,307.13962,287.3401,6.6275935,11.448619,7.819415,8.402823,0.02141115,56.474014,-0.34800306,0,0,1,0.8186065239067744
1237657771244716126,143.510361023016,50.0274898273835,16.82892,15.09878,14.38323,13.98689,13.69201,2863,301,4,139,8385771888459405312,GALAXY,0.03784581,7448,56739,252,313522505.49558645,10001-12701,1-48157,133.371090612,57.5984251446,9.428999281013445,0.927642710084122,11754.1,AGBT17A_012_19,896.8291,1.4207177,-999.0,0.0137383435,8.670002,3.313165,0.14617112,10.35004,11955.675,47.163033,432.4681,303.13943,434.7268,307.13962,287.3401,6.6275935,11.448619,7.819415,8.402823,0.02141115,56.474014,-0.34800306,0,0,1,0.8186065239067744
1237651212288000238,259.17460532943,56.9277543304153,17.70895,16.28127,15.60663,15.25408,14.9785,1336,301,3,66,399735178857048064,GALAXY,0.02831327,355,51788,148,146035482.82294422,10001-12701,1-48157,133.371090612,57.5984251446,9.428999281013445,0.927642710084122,11754.1,AGBT17A_012_19,896.8291,1.4207177,-999.0,0.0137383435,8.670002,3.313165,0.14617112,10.35004,11955.675,47.163033,432.4681,303.13943,434.7268,307.13962,287.3401,6.6275935,11.448619,7.819415,8.402823,0.02141115,56.474014,-0.34800306,0,0,1,0.8186065239067744
1237651212287803521,258.656851752068,57.3054314250415,17.12808,15.25646,14.39407,13.95713,13.60638,1336,301,3,63,399745074461698048,GALAXY,0.02812668,355,51788,184,461414371.5747546,10001-12701,1-48157,133.371090612,57.5984251446,9.428999281013445,0.927642710084122,11754.1,AGBT17A_012_19,896.8291,1.4207177,-999.0,0.0137383435,8.670002,3.313165,0.14617112,10.35004,11955.675,47.163033,432.4681,303.13943,434.7268,307.13962,287.3401,6.6275935,11.448619,7.819415,8.402823,0.02141115,56.474014,-0.34800306,0,0,1,0.8186065239067744
1237651212287672346,258.72351674789,57.6733441015127,17.10608,15.33,14.53637,14.144,13.84306,1336,301,3,61,399826988077967360,GALAXY,0.02745843,355,51788,482,461620636.38100165,10001-12701,1-48157,133.371090612,57.5984251446,9.428999281013445,0.927642710084122,11754.1,AGBT17A_012_19,896.8291,1.4207177,-999.0,0.0137383435,8.670002,3.313165,0.14617112,10.35004,11955.675,47.163033,432.4681,303.13943,434.7268,307.13962,287.3401,6.6275935,11.448619,7.819415,8.402823,0.02141115,56.474014,-0.34800306,0,0,1,0.8186065239067744
1237651212287672564,258.827404014585,57.6587826727398,17.84342,15.91911,15.0396,14.58432,14.25309,1336,301,3,61,399831935880292352,GALAXY,0.02820208,355,51788,500,145829218.01669714,10001-12701,1-48157,133.371090612,57.5984251446,9.428999281013445,0.927642710084122,11754.1,AGBT17A_012_19,896.8291,1.4207177,-999.0,0.0137383435,8.670002,3.313165,0.14617112,10.35004,11955.675,47.163033,432.4681,303.13943,434.7268,307.13962,287.3401,6.6275935,11.448619,7.819415,8.402823,0.02141115,56.474014,-0.34800306,0,0,1,0.8186065239067744
1237651212289572962,261.105106224035,53.5179271601226,17.3421,15.95921,15.24148,14.88774,14.59243,1336,301,3,90,404251698299693056,GALAXY,0.02421405,359,51821,195,627251275.79742,10001-12701,1-48157,133.371090612,57.5984251446,9.428999281013445,0.927642710084122,11754.1,AGBT17A_012_19,896.8291,1.4207177,-999.0,0.0137383435,8.670002,3.313165,0.14617112,10.35004,11955.675,47.163033,432.4681,303.13943,434.7268,307.13962,287.3401,6.6275935,11.448619,7.819415,8.402823,0.02141115,56.474014,-0.34800306,0,0,1,0.8186065239067744
1237651212287803641,258.947524660873,57.301869642677,17.33319,15.54298,14.72528,14.32033,13.98859,1336,301,3,63,399739027147745280,GALAXY,0.02663169,355,51788,162,64767149.16158826,10001-12701,1-48157,133.371090612,57.5984251446,9.428999281013445,0.927642710084122,11754.1,AGBT17A_012_19,896.8291,1.4207177,-999.0,0.0137383435,8.670002,3.313165,0.14617112,10.35004,11955.675,47.163033,432.4681,303.13943,434.7268,307.13962,287.3401,6.6275935,11.448619,7.819415,8.402823,0.02141115,56.474014,-0.34800306,0,0,1,0.8186065239067744
1237657594612678822,123.092203794436,36.283641125961,18.01044,16.6161,16.0504,15.7209,15.48575,2822,301,3,116,1004454764282406912,GALAXY,0.0236042,892,52378,553,5981679.381165795,10001-12701,1-48157,133.371090612,57.5984251446,9.428999281013445,0.927642710084122,11754.1,AGBT17A_012_19,896.8291,1.4207177,-999.0,0.0137383435,8.670002,3.313165,0.14617112,10.35004,11955.675,47.163033,432.4681,303.13943,434.7268,307.13962,287.3401,6.6275935,11.448619,7.819415,8.402823,0.02141115,56.474014,-0.34800306,0,0,1,0.8186065239067744
1237663917874282885,114.767588109257,48.1291187071586,17.24002,16.05485,15.61561,15.3366,15.11613,4294,301,5,55,4126609064074696704,GALAXY,0.03634644,3665,55247,676,178831587.01623255,10001-12701,1-48157,133.371090612,57.5984251446,9.428999281013445,0.927642710084122,11754.1,AGBT17A_012_19,896.8291,1.4207177,-999.0,0.0137383435,8.670002,3.313165,0.14617112,10.35004,11955.675,47.163033,432.4681,303.13943,434.7268,307.13962,287.3401,6.6275935,11.448619,7.819415,8.402823,0.02141115,56.474014,-0.34800306,0,0,1,0.8186065239067744
1237665549422952579,206.085726502636,26.0841715456985,17.58974,15.70412,14.88596,14.46662,14.17862,4674,301,4,24,2528791045177632768,GALAXY,0.02826876,2246,53767,72,1250996049.8886395,10001-12701,1-48157,133.371090612,57.5984251446,9.428999281013445,0.927642710084122,11754.1,AGBT17A_012_19,896.8291,1.4207177,-999.0,0.0137383435,8.670002,3.313165,0.14617112,10.35004,11955.675,47.163033,432.4681,303.13943,434.7268,307.13962,287.3401,6.6275935,11.448619,7.819415,8.402823,0.02141115,56.474014,-0.34800306,0,0,1,0.8186065239067744
1237661136886824990,155.69290034144,37.673575056007,16.72828,15.88338,15.5197,15.41095,15.2357,3647,301,1,114,1607865931374028800,GALAXY,0.02261648,1428,52998,294,398503605.66939014,10001-12701,1-48157,133.371090612,57.5984251446,9.428999281013445,0.927642710084122,11754.1,AGBT17A_012_19,896.8291,1.4207177,-999.0,0.0137383435,8.670002,3.313165,0.14617112,10.35004,11955.675,47.163033,432.4681,303.13943,434.7268,307.13962,287.3401,6.6275935,11.448619,7.819415,8.402823,0.02141115,56.474014,-0.34800306,0,0,1,0.8186065239067744
1237651800698978365,154.008750661391,-0.251305489791727,18.54199,17.71336,17.20039,16.90696,16.72661,1473,301,3,73,305193948014471168,GALAXY,0.03375706,271,51883,273,42490550.08690185,10001-12701,1-48157,133.371090612,57.5984251446,9.428999281013445,0.927642710084122,11754.1,AGBT17A_012_19,896.8291,1.4207177,-999.0,0.0137383435,8.670002,3.313165,0.14617112,10.35004,11955.675,47.163033,432.4681,303.13943,434.7268,307.13962,287.3401,6.6275935,11.448619,7.819415,8.402823,0.02141115,56.474014,-0.34800306,0,0,1,0.8186065239067744
1237667441901502554,195.574051553962,26.1425677037289,18.10027,16.99957,16.65616,16.4766,16.33735,5115,301,1,155,2524348474921609216,GALAXY,0.02153035,2242,54153,294,729971149.308474,10001-12701,1-48157,133.371090612,57.5984251446,9.428999281013445,0.927642710084122,11754.1,AGBT17A_012_19,896.8291,1.4207177,-999.0,0.0137383435,8.670002,3.313165,0.14617112,10.35004,11955.675,47.163033,432.4681,303.13943,434.7268,307.13962,287.3401,6.6275935,11.448619,7.819415,8.402823,0.02141115,56.474014,-0.34800306,0,0,1,0.8186065239067744
1237667441900912767,194.03664598558,26.3168012756771,17.5094,16.49454,16.05803,15.73824,15.55037,5115,301,1,146,2523198660905297920,GALAXY,0.04518884,2241,54169,207,984914449.8298851,10001-12701,1-48157,133.371090612,57.5984251446,9.428999281013445,0.927642710084122,11754.1,AGBT17A_012_19,896.8291,1.4207177,-999.0,0.0137383435,8.670002,3.313165,0.14617112,10.35004,11955.675,47.163033,432.4681,303.13943,434.7268,307.13962,287.3401,6.6275935,11.448619,7.819415,8.402823,0.02141115,56.474014,-0.34800306,0,0,1,0.8186065239067744
1237664835928981681,132.890679740133,24.9646266219413,18.99224,16.97192,16.07601,15.64273,15.31474,4508,301,3,138,2176444566121506816,GALAXY,0.05837138,1933,53381,291,1302355986.6441662,10001-12701,1-48157,133.371090612,57.5984251446,9.428999281013445,0.927642710084122,11754.1,AGBT17A_012_19,896.8291,1.4207177,-999.0,0.0137383435,8.670002,3.313165,0.14617112,10.35004,11955.675,47.163033,432.4681,303.13943,434.7268,307.13962,287.3401,6.6275935,11.448619,7.819415,8.402823,0.02141115,56.474014,-0.34800306,0,0,1,0.8186065239067744
1237653665787871726,132.106736675881,2.28780381007863,19.24632,17.49509,16.66621,16.30723,16.0089,1907,301,5,63,635022153300862976,GALAXY,0.03962057,564,52224,53,968619530.1363646,10001-12701,1-48157,133.371090612,57.5984251446,9.428999281013445,0.927642710084122,11754.1,AGBT17A_012_19,896.8291,1.4207177,-999.0,0.0137383435,8.670002,3.313165,0.14617112,10.35004,11955.675,47.163033,432.4681,303.13943,434.7268,307.13962,287.3401,6.6275935,11.448619,7.819415,8.402823,0.02141115,56.474014,-0.34800306,0,0,1,0.8186065239067744
1237653665787478124,131.127924970294,2.29490464723714,17.44245,15.51046,14.49798,14.05036,13.72875,1907,301,5,57,635066408643880960,GALAXY,0.05059979,564,52224,214,1010491285.804525,10001-12701,1-48157,133.371090612,57.5984251446,9.428999281013445,0.927642710084122,11754.1,AGBT17A_012_19,896.8291,1.4207177,-999.0,0.0137383435,8.670002,3.313165,0.14617112,10.35004,11955.675,47.163033,432.4681,303.13943,434.7268,307.13962,287.3401,6.6275935,11.448619,7.819415,8.402823,0.02141115,56.474014,-0.34800306,0,0,1,0.8186065239067744
1237660957571023182,123.822145286812,25.6970632194306,18.83074,17.12166,16.3512,15.97442,15.66108,3605,301,3,100,1425430559198308352,GALAXY,0.04166729,1266,52709,150,1314731875.0189922,10001-12701,1-48157,133.371090612,57.5984251446,9.428999281013445,0.927642710084122,11754.1,AGBT17A_012_19,896.8291,1.4207177,-999.0,0.0137383435,8.670002,3.313165,0.14617112,10.35004,11955.675,47.163033,432.4681,303.13943,434.7268,307.13962,287.3401,6.6275935,11.448619,7.819415,8.402823,0.02141115,56.474014,-0.34800306,0,0,1,0.8186065239067744
1237663784214593648,39.2954143123776,0.012198171839908,18.66314,16.81901,15.98402,15.58346,15.2466,4263,301,4,378,459421618368702464,GALAXY,0.04805684,408,51821,198,202345774.92840153,10001-12701,1-48157,133.371090612,57.5984251446,9.428999281013445,0.927642710084122,11754.1,AGBT17A_012_19,896.8291,1.4207177,-999.0,0.0137383435,8.670002,3.313165,0.14617112,10.35004,11955.675,47.163033,432.4681,303.13943,434.7268,307.13962,287.3401,6.6275935,11.448619,7.819415,8.402823,0.02141115,56.474014,-0.34800306,0,0,1,0.8186065239067744
1237662698644111581,230.369765097545,29.281632897425,18.3791,16.61046,15.71232,15.24106,14.86885,4010,301,6,111,2079637803313948672,GALAXY,0.05016254,1847,54176,366,1274922767.4133027,10001-12701,1-48157,133.371090612,57.5984251446,9.428999281013445,0.927642710084122,11754.1,AGBT17A_012_19,896.8291,1.4207177,-999.0,0.0137383435,8.670002,3.313165,0.14617112,10.35004,11955.675,47.163033,432.4681,303.13943,434.7268,307.13962,287.3401,6.6275935,11.448619,7.819415,8.402823,0.02141115,56.474014,-0.34800306,0,0,1,0.8186065239067744
1237664837535596939,123.761604196815,21.2716078150967,18.31326,16.78736,16.0467,15.60737,15.28621,4508,301,6,77,2167483545449162752,GALAXY,0.04402361,1925,53327,459,656747143.0907549,10001-12701,1-48157,133.371090612,57.5984251446,9.428999281013445,0.927642710084122,11754.1,AGBT17A_012_19,896.8291,1.4207177,-999.0,0.0137383435,8.670002,3.313165,0.14617112,10.35004,11955.675,47.163033,432.4681,303.13943,434.7268,307.13962,287.3401,6.6275935,11.448619,7.819415,8.402823,0.02141115,56.474014,-0.34800306,0,0,1,0.8186065239067744
1237659163346665696,237.761204919789,44.274309012883,18.23712,17.25504,16.89272,16.64727,16.5186,3187,301,5,73,1500832868832667648,GALAXY,0.03445362,1333,52782,30,583935666.4855298,10001-12701,1-48157,133.371090612,57.5984251446,9.428999281013445,0.927642710084122,11754.1,AGBT17A_012_19,896.8291,1.4207177,-999.0,0.0137383435,8.670002,3.313165,0.14617112,10.35004,11955.675,47.163033,432.4681,303.13943,434.7268,307.13962,287.3401,6.6275935,11.448619,7.819415,8.402823,0.02141115,56.474014,-0.34800306,0,0,1,0.8186065239067744
1237662266460340522,220.741469911604,5.13671421985619,17.07359,15.48826,14.71475,14.28818,13.92124,3910,301,1,70,2059337233810352128,GALAXY,0.02686099,1829,53494,241,732240062.1771921,10001-12701,1-48157,133.371090612,57.5984251446,9.428999281013445,0.927642710084122,11754.1,AGBT17A_012_19,896.8291,1.4207177,-999.0,0.0137383435,8.670002,3.313165,0.14617112,10.35004,11955.675,47.163033,432.4681,303.13943,434.7268,307.13962,287.3401,6.6275935,11.448619,7.819415,8.402823,0.02141115,56.474014,-0.34800306,0,0,1,0.8186065239067744
1237664835925573906,125.649642936005,20.9961571609827,17.48827,16.07516,15.35232,14.968,14.66652,4508,301,3,86,2169650957644752896,GALAXY,0.01520453,1927,53321,152,638183310.5285162,10001-12701,1-48157,133.371090612,57.5984251446,9.428999281013445,0.927642710084122,11754.1,AGBT17A_012_19,896.8291,1.4207177,-999.0,0.0137383435,8.670002,3.313165,0.14617112,10.35004,11955.675,47.163033,432.4681,303.13943,434.7268,307.13962,287.3401,6.6275935,11.448619,7.819415,8.402823,0.02141115,56.474014,-0.34800306,0,0,1,0.8186065239067744
1237673703967097209,114.084718036426,39.8799804011774,18.52525,17.23755,16.76729,16.50388,16.36604,6573,301,1,205,486465757178259456,GALAXY,0.04148704,432,51884,280,179862911.04746804,10001-12701,1-48157,133.371090612,57.5984251446,9.428999281013445,0.927642710084122,11754.1,AGBT17A_012_19,896.8291,1.4207177,-999.0,0.0137383435,8.670002,3.313165,0.14617112,10.35004,11955.675,47.163033,432.4681,303.13943,434.7268,307.13962,287.3401,6.6275935,11.448619,7.819415,8.402823,0.02141115,56.474014,-0.34800306,0,0,1,0.8186065239067744
1237657590312271990,145.308095263075,47.6885854998574,17.9126,16.34718,15.57039,15.17637,14.88897,2821,301,3,33,939150644499998720,GALAXY,0.04679925,834,52316,546,236173203.15292534,10001-12701,1-48157,133.371090612,57.5984251446,9.428999281013445,0.927642710084122,11754.1,AGBT17A_012_19,896.8291,1.4207177,-999.0,0.0137383435,8.670002,3.313165,0.14617112,10.35004,11955.675,47.163033,432.4681,303.13943,434.7268,307.13962,287.3401,6.6275935,11.448619,7.819415,8.402823,0.02141115,56.474014,-0.34800306,0,0,1,0.8186065239067744
1237657630043078939,119.666725225136,29.1698917783893,19.12504,17.567,16.95621,16.59788,16.27584,2830,301,5,69,967269280007612416,GALAXY,0.03676198,859,52317,441,875594102.518924,10001-12701,1-48157,133.371090612,57.5984251446,9.428999281013445,0.927642710084122,11754.1,AGBT17A_012_19,896.8291,1.4207177,-999.0,0.0137383435,8.670002,3.313165,0.14617112,10.35004,11955.675,47.163033,432.4681,303.13943,434.7268,307.13962,287.3401,6.6275935,11.448619,7.819415,8.402823,0.02141115,56.474014,-0.34800306,0,0,1,0.8186065239067744
1237660765372219747,124.759166404629,27.1039801355525,17.84665,16.81995,16.41015,16.19536,16.03176,3560,301,5,115,1425529240366901248,GALAXY,0.02299223,1266,52709,509,866518451.0440519,10001-12701,1-48157,133.371090612,57.5984251446,9.428999281013445,0.927642710084122,11754.1,AGBT17A_012_19,896.8291,1.4207177,-999.0,0.0137383435,8.670002,3.313165,0.14617112,10.35004,11955.675,47.163033,432.4681,303.13943,434.7268,307.13962,287.3401,6.6275935,11.448619,7.819415,8.402823,0.02141115,56.474014,-0.34800306,0,0,1,0.8186065239067744
1237660765375234298,131.012525276528,31.1355599163432,18.5113,16.62006,15.73941,15.31157,14.97906,3560,301,5,161,1429967148905687040,GALAXY,0.05167101,1270,52991,270,945311607.0304426,10001-12701,1-48157,133.371090612,57.5984251446,9.428999281013445,0.927642710084122,11754.1,AGBT17A_012_19,896.8291,1.4207177,-999.0,0.0137383435,8.670002,3.313165,0.14617112,10.35004,11955.675,47.163033,432.4681,303.13943,434.7268,307.13962,287.3401,6.6275935,11.448619,7.819415,8.402823,0.02141115,56.474014,-0.34800306,0,0,1,0.8186065239067744
1237661386539008177,236.214118736755,43.6974727479711,18.83985,17.61605,17.0191,16.63797,16.35819,3705,301,2,224,1500859806867548160,GALAXY,0.03707423,1333,52782,128,580222899.9730821,10001-12701,1-48157,133.371090612,57.5984251446,9.428999281013445,0.927642710084122,11754.1,AGBT17A_012_19,896.8291,1.4207177,-999.0,0.0137383435,8.670002,3.313165,0.14617112,10.35004,11955.675,47.163033,432.4681,303.13943,434.7268,307.13962,287.3401,6.6275935,11.448619,7.819415,8.402823,0.02141115,56.474014,-0.34800306,0,0,1,0.8186065239067744
1237656568118509903,327.236353890647,-0.345563000744427,17.88142,16.35235,15.51282,15.05929,14.6714,2583,301,3,162,417783667092383744,GALAXY,0.01583428,371,52078,272,106432640.02350172,10001-12701,1-48157,133.371090612,57.5984251446,9.428999281013445,0.927642710084122,11754.1,AGBT17A_012_19,896.8291,1.4207177,-999.0,0.0137383435,8.670002,3.313165,0.14617112,10.35004,11955.675,47.163033,432.4681,303.13943,434.7268,307.13962,287.3401,6.6275935,11.448619,7.819415,8.402823,0.02141115,56.474014,-0.34800306,0,0,1,0.8186065239067744
1237662473694478434,243.907386713859,31.3213208080307,17.61699,16.06249,15.26424,14.84466,14.49507,3958,301,3,100,1598909861893007360,GALAXY,0.02219772,1420,53146,480,881575781.9000899,10001-12701,1-48157,133.371090612,57.5984251446,9.428999281013445,0.927642710084122,11754.1,AGBT17A_012_19,896.8291,1.4207177,-999.0,0.0137383435,8.670002,3.313165,0.14617112,10.35004,11955.675,47.163033,432.4681,303.13943,434.7268,307.13962,287.3401,6.6275935,11.448619,7.819415,8.402823,0.02141115,56.474014,-0.34800306,0,0,1,0.8186065239067744
1237655502424178861,255.41787060706,34.5203586530625,17.60074,15.74955,14.96601,14.56429,14.28557,2335,301,2,77,1094513013890770944,GALAXY,0.02947037,972,52435,503,446563305.5249636,10001-12701,1-48157,133.371090612,57.5984251446,9.428999281013445,0.927642710084122,11754.1,AGBT17A_012_19,896.8291,1.4207177,-999.0,0.0137383435,8.670002,3.313165,0.14617112,10.35004,11955.675,47.163033,432.4681,303.13943,434.7268,307.13962,287.3401,6.6275935,11.448619,7.819415,8.402823,0.02141115,56.474014,-0.34800306,0,0,1,0.8186065239067744
1237655502422999207,253.793895078397,36.9062957196883,17.41932,15.35643,14.50926,14.11549,13.75141,2335,301,2,59,923367981763815424,GALAXY,0.02356243,820,52438,473,435631270.7938675,10001-12701,1-48157,133.371090612,57.5984251446,9.428999281013445,0.927642710084122,11754.1,AGBT17A_012_19,896.8291,1.4207177,-999.0,0.0137383435,8.670002,3.313165,0.14617112,10.35004,11955.675,47.163033,432.4681,303.13943,434.7268,307.13962,287.3401,6.6275935,11.448619,7.819415,8.402823,0.02141115,56.474014,-0.34800306,0,0,1,0.8186065239067744
1237655502426800306,259.122323399652,29.4462558838775,17.14631,15.57294,14.86152,14.46212,14.19448,2335,301,2,117,1103471834566780928,GALAXY,0.03018737,980,52431,327,609718767.2664169,10001-12701,1-48157,133.371090612,57.5984251446,9.428999281013445,0.927642710084122,11754.1,AGBT17A_012_19,896.8291,1.4207177,-999.0,0.0137383435,8.670002,3.313165,0.14617112,10.35004,11955.675,47.163033,432.4681,303.13943,434.7268,307.13962,287.3401,6.6275935,11.448619,7.819415,8.402823,0.02141115,56.474014,-0.34800306,0,0,1,0.8186065239067744
1237652942094925973,344.508086432807,13.1344988031875,15.87495,13.78029,12.85492,12.38701,12.06303,1739,301,1,201,834295167438579712,GALAXY,0.0251877,741,52261,12,1073608316.5161365,10001-12701,1-48157,133.371090612,57.5984251446,9.428999281013445,0.927642710084122,11754.1,AGBT17A_012_19,896.8291,1.4207177,-999.0,0.0137383435,8.670002,3.313165,0.14617112,10.35004,11955.675,47.163033,432.4681,303.13943,434.7268,307.13962,287.3401,6.6275935,11.448619,7.819415,8.402823,0.02141115,56.474014,-0.34800306,0,0,1,0.8186065239067744
1237667442437193868,192.584241562654,26.7498457320174,17.51373,16.38338,15.92492,15.69684,15.53232,5115,301,2,137,2519783028637591552,GALAXY,0.02368702,2238,54205,69,750803894.7394308,10001-12701,1-48157,133.371090612,57.5984251446,9.428999281013445,0.927642710084122,11754.1,AGBT17A_012_19,896.8291,1.4207177,-999.0,0.0137383435,8.670002,3.313165,0.14617112,10.35004,11955.675,47.163033,432.4681,303.13943,434.7268,307.13962,287.3401,6.6275935,11.448619,7.819415,8.402823,0.02141115,56.474014,-0.34800306,0,0,1,0.8186065239067744
1237667442437587048,193.595360029618,26.799432593751,19.24061,17.5935,16.87731,16.53789,16.31357,5115,301,2,143,2523222575283202048,GALAXY,0.02258758,2241,54169,294,1032355355.2667173,10001-12701,1-48157,133.371090612,57.5984251446,9.428999281013445,0.927642710084122,11754.1,AGBT17A_012_19,896.8291,1.4207177,-999.0,0.0137383435,8.670002,3.313165,0.14617112,10.35004,11955.675,47.163033,432.4681,303.13943,434.7268,307.13962,287.3401,6.6275935,11.448619,7.819415,8.402823,0.02141115,56.474014,-0.34800306,0,0,1,0.8186065239067744
1237660765367959610,116.570049422914,20.7524513414428,17.50531,16.55257,16.19432,16.02355,15.87528,3560,301,5,50,1422114706990065664,GALAXY,0.01686553,1263,52708,375,663141352.0844148,10001-12701,1-48157,133.371090612,57.5984251446,9.428999281013445,0.927642710084122,11754.1,AGBT17A_012_19,896.8291,1.4207177,-999.0,0.0137383435,8.670002,3.313165,0.14617112,10.35004,11955.675,47.163033,432.4681,303.13943,434.7268,307.13962,287.3401,6.6275935,11.448619,7.819415,8.402823,0.02141115,56.474014,-0.34800306,0,0,1,0.8186065239067744
1237662337870200859,249.557163338913,26.2817766123422,17.20491,15.17651,14.30516,13.86966,13.57098,3926,301,6,162,1602244681012373504,GALAXY,0.05135348,1423,53167,324,742553302.4895469,10001-12701,1-48157,133.371090612,57.5984251446,9.428999281013445,0.927642710084122,11754.1,AGBT17A_012_19,896.8291,1.4207177,-999.0,0.0137383435,8.670002,3.313165,0.14617112,10.35004,11955.675,47.163033,432.4681,303.13943,434.7268,307.13962,287.3401,6.6275935,11.448619,7.819415,8.402823,0.02141115,56.474014,-0.34800306,0,0,1,0.8186065239067744
1237661384387657897,157.685742233107,40.0575251499265,16.99067,16.02108,15.50368,15.26781,15.02444,3704,301,6,165,1607951418403088384,GALAXY,0.02310808,1428,52998,605,334767780.53903735,10001-12701,1-48157,133.371090612,57.5984251446,9.428999281013445,0.927642710084122,11754.1,AGBT17A_012_19,896.8291,1.4207177,-999.0,0.0137383435,8.670002,3.313165,0.14617112,10.35004,11955.675,47.163033,432.4681,303.13943,434.7268,307.13962,287.3401,6.6275935,11.448619,7.819415,8.402823,0.02141115,56.474014,-0.34800306,0,0,1,0.8186065239067744
1237661136883417174,146.775292043129,34.7568021959229,19.15109,17.2473,16.40858,16.00482,15.6952,3647,301,1,62,2189986701185673216,GALAXY,0.04070314,1945,53387,405,719451644.1898721,10001-12701,1-48157,133.371090612,57.5984251446,9.428999281013445,0.927642710084122,11754.1,AGBT17A_012_19,896.8291,1.4207177,-999.0,0.0137383435,8.670002,3.313165,0.14617112,10.35004,11955.675,47.163033,432.4681,303.13943,434.7268,307.13962,287.3401,6.6275935,11.448619,7.819415,8.402823,0.02141115,56.474014,-0.34800306,0,0,1,0.8186065239067744
1237663918413906113,118.726942232356,53.8462726169888,16.04367,14.75594,14.08542,13.68982,13.41681,4294,301,6,97,2105524691773974528,GALAXY,0.0348771,1870,53383,334,476059172.8182984,10001-12701,1-48157,133.371090612,57.5984251446,9.428999281013445,0.927642710084122,11754.1,AGBT17A_012_19,896.8291,1.4207177,-999.0,0.0137383435,8.670002,3.313165,0.14617112,10.35004,11955.675,47.163033,432.4681,303.13943,434.7268,307.13962,287.3401,6.6275935,11.448619,7.819415,8.402823,0.02141115,56.474014,-0.34800306,0,0,1,0.8186065239067744
1237655501884293516,250.363769043811,40.2099156268194,18.50804,17.576,17.2707,17.06227,16.90318,2335,301,1,31,709410709070440448,GALAXY,0.03266048,630,52050,341,423255382.41904175,10001-12701,1-48157,133.371090612,57.5984251446,9.428999281013445,0.927642710084122,11754.1,AGBT17A_012_19,896.8291,1.4207177,-999.0,0.0137383435,8.670002,3.313165,0.14617112,10.35004,11955.675,47.163033,432.4681,303.13943,434.7268,307.13962,287.3401,6.6275935,11.448619,7.819415,8.402823,0.02141115,56.474014,-0.34800306,0,0,1,0.8186065239067744
1237661384380711027,139.398635942676,33.6538121361282,18.63469,17.09521,16.39101,16.04373,15.79281,3704,301,6,59,1792525885467813888,GALAXY,0.02282123,1592,52990,339,951087021.6053613,10001-12701,1-48157,133.371090612,57.5984251446,9.428999281013445,0.927642710084122,11754.1,AGBT17A_012_19,896.8291,1.4207177,-999.0,0.0137383435,8.670002,3.313165,0.14617112,10.35004,11955.675,47.163033,432.4681,303.13943,434.7268,307.13962,287.3401,6.6275935,11.448619,7.819415,8.402823,0.02141115,56.474014,-0.34800306,0,0,1,0.8186065239067744
1237660343928946925,127.292035616645,30.3849323969267,17.87536,15.92428,15.08678,14.66128,14.37715,3462,301,4,121,1360158325672536064,GALAXY,0.05346802,1208,52672,259,999146721.4609348,10001-12701,1-48157,133.371090612,57.5984251446,9.428999281013445,0.927642710084122,11754.1,AGBT17A_012_19,896.8291,1.4207177,-999.0,0.0137383435,8.670002,3.313165,0.14617112,10.35004,11955.675,47.163033,432.4681,303.13943,434.7268,307.13962,287.3401,6.6275935,11.448619,7.819415,8.402823,0.02141115,56.474014,-0.34800306,0,0,1,0.8186065239067744
1237652901310562468,58.88672600148,-5.36796401162041,19.54862,18.1195,17.3836,16.93911,16.64951,1729,301,5,473,522521217756850176,GALAXY,0.03692059,464,51908,377,511124189.8803048,10001-12701,1-48157,133.371090612,57.5984251446,9.428999281013445,0.927642710084122,11754.1,AGBT17A_012_19,896.8291,1.4207177,-999.0,0.0137383435,8.670002,3.313165,0.14617112,10.35004,11955.675,47.163033,432.4681,303.13943,434.7268,307.13962,287.3401,6.6275935,11.448619,7.819415,8.402823,0.02141115,56.474014,-0.34800306,0,0,1,0.8186065239067744
1237662301903061116,229.16487630374,42.9538695237094,17.22406,15.85784,15.40067,15.18237,15.17439,3918,301,3,211,1889366204150212608,GALAXY,0.01800037,1678,53433,386,681911449.4529006,10001-12701,1-48157,133.371090612,57.5984251446,9.428999281013445,0.927642710084122,11754.1,AGBT17A_012_19,896.8291,1.4207177,-999.0,0.0137383435,8.670002,3.313165,0.14617112,10.35004,11955.675,47.163033,432.4681,303.13943,434.7268,307.13962,287.3401,6.6275935,11.448619,7.819415,8.402823,0.02141115,56.474014,-0.34800306,0,0,1,0.8186065239067744
1237653665787478494,131.186779998871,2.29352850184339,18.80194,17.11568,16.25209,15.78734,15.47385,1907,301,5,57,635043044021790720,GALAXY,0.04939082,564,52224,129,741934508.0708057,10001-12701,1-48157,133.371090612,57.5984251446,9.428999281013445,0.927642710084122,11754.1,AGBT17A_012_19,896.8291,1.4207177,-999.0,0.0137383435,8.670002,3.313165,0.14617112,10.35004,11955.675,47.163033,432.4681,303.13943,434.7268,307.13962,287.3401,6.6275935,11.448619,7.819415,8.402823,0.02141115,56.474014,-0.34800306,0,0,1,0.8186065239067744
1237653665795014687,148.343047245859,2.67514059607886,17.56252,16.56786,16.14725,15.75239,15.71576,1907,301,5,172,541705496638285824,GALAXY,0.05678539,481,51908,537,975220003.9362717,10001-12701,1-48157,133.371090612,57.5984251446,9.428999281013445,0.927642710084122,11754.1,AGBT17A_012_19,896.8291,1.4207177,-999.0,0.0137383435,8.670002,3.313165,0.14617112,10.35004,11955.675,47.163033,432.4681,303.13943,434.7268,307.13962,287.3401,6.6275935,11.448619,7.819415,8.402823,0.02141115,56.474014,-0.34800306,0,0,1,0.8186065239067744
1237661150306041990,199.944790769595,48.2065921430099,16.60193,15.05211,14.50043,14.15609,13.89939,3650,301,2,75,1443470522191996928,GALAXY,0.03596257,1282,52759,243,284645432.620993,10001-12701,1-48157,133.371090612,57.5984251446,9.428999281013445,0.927642710084122,11754.1,AGBT17A_012_19,896.8291,1.4207177,-999.0,0.0137383435,8.670002,3.313165,0.14617112,10.35004,11955.675,47.163033,432.4681,303.13943,434.7268,307.13962,287.3401,6.6275935,11.448619,7.819415,8.402823,0.02141115,56.474014,-0.34800306,0,0,1,0.8186065239067744
1237655107293085828,142.135692520437,50.7936210384354,16.57879,15.08001,14.3837,13.98549,13.72101,2243,301,2,167,863580384615491584,GALAXY,0.02510763,767,52252,55,311872387.0456097,10001-12701,1-48157,133.371090612,57.5984251446,9.428999281013445,0.927642710084122,11754.1,AGBT17A_012_19,896.8291,1.4207177,-999.0,0.0137383435,8.670002,3.313165,0.14617112,10.35004,11955.675,47.163033,432.4681,303.13943,434.7268,307.13962,287.3401,6.6275935,11.448619,7.819415,8.402823,0.02141115,56.474014,-0.34800306,0,0,1,0.8186065239067744
1237651271887749316,130.414332298324,53.2810952909541,19.01147,17.13656,16.23157,15.8121,15.47714,1350,301,2,174,502211313695483904,GALAXY,0.04476495,446,51899,218,219053224.23441634,10001-12701,1-48157,133.371090612,57.5984251446,9.428999281013445,0.927642710084122,11754.1,AGBT17A_012_19,896.8291,1.4207177,-999.0,0.0137383435,8.670002,3.313165,0.14617112,10.35004,11955.675,47.163033,432.4681,303.13943,434.7268,307.13962,287.3401,6.6275935,11.448619,7.819415,8.402823,0.02141115,56.474014,-0.34800306,0,0,1,0.8186065239067744
1237654600488714489,147.937894189477,3.27239136838862,16.8693,15.41354,14.68217,14.2964,13.98667,2125,301,2,194,642946059764525056,GALAXY,0.03453844,571,52286,208,1009253696.9670424,10001-12701,1-48157,133.371090612,57.5984251446,9.428999281013445,0.927642710084122,11754.1,AGBT17A_012_19,896.8291,1.4207177,-999.0,0.0137383435,8.670002,3.313165,0.14617112,10.35004,11955.675,47.163033,432.4681,303.13943,434.7268,307.13962,287.3401,6.6275935,11.448619,7.819415,8.402823,0.02141115,56.474014,-0.34800306,0,0,1,0.8186065239067744
1237654600489763023,150.28466065468,3.27963786265532,17.70196,16.33488,15.8027,15.4791,15.24982,2125,301,2,210,644027979256588288,GALAXY,0.04745598,572,52289,48,974188679.9050362,10001-12701,1-48157,133.371090612,57.5984251446,9.428999281013445,0.927642710084122,11754.1,AGBT17A_012_19,896.8291,1.4207177,-999.0,0.0137383435,8.670002,3.313165,0.14617112,10.35004,11955.675,47.163033,432.4681,303.13943,434.7268,307.13962,287.3401,6.6275935,11.448619,7.819415,8.402823,0.02141115,56.474014,-0.34800306,0,0,1,0.8186065239067744
1237662500002726033,231.478692697399,41.9097734636808,18.28371,17.28571,16.85806,16.63703,16.46931,3964,301,4,124,1889277143708362752,GALAXY,0.02265461,1678,53433,62,114064437.85464428,10001-12701,1-48157,133.371090612,57.5984251446,9.428999281013445,0.927642710084122,11754.1,AGBT17A_012_19,896.8291,1.4207177,-999.0,0.0137383435,8.670002,3.313165,0.14617112,10.35004,11955.675,47.163033,432.4681,303.13943,434.7268,307.13962,287.3401,6.6275935,11.448619,7.819415,8.402823,0.02141115,56.474014,-0.34800306,0,0,1,0.8186065239067744
1237651537649336502,234.032788170168,56.3653209018167,18.86316,17.40953,16.73992,16.36958,16.10114,1412,301,1,334,694779233330817024,GALAXY,0.03913363,617,52072,360,384683863.65083474,10001-12701,1-48157,133.371090612,57.5984251446,9.428999281013445,0.927642710084122,11754.1,AGBT17A_012_19,896.8291,1.4207177,-999.0,0.0137383435,8.670002,3.313165,0.14617112,10.35004,11955.675,47.163033,432.4681,303.13943,434.7268,307.13962,287.3401,6.6275935,11.448619,7.819415,8.402823,0.02141115,56.474014,-0.34800306,0,0,1,0.8186065239067744
1237667442437456016,193.245989501276,26.7203888332117,18.14075,16.55956,15.82722,15.41757,15.05358,5115,301,2,141,2522084300065630208,GALAXY,0.02713395,2240,53823,249,1032561620.0729644,10001-12701,1-48157,133.371090612,57.5984251446,9.428999281013445,0.927642710084122,11754.1,AGBT17A_012_19,896.8291,1.4207177,-999.0,0.0137383435,8.670002,3.313165,0.14617112,10.35004,11955.675,47.163033,432.4681,303.13943,434.7268,307.13962,287.3401,6.6275935,11.448619,7.819415,8.402823,0.02141115,56.474014,-0.34800306,0,0,1,0.8186065239067744
1237667442439290888,197.921862993989,26.3898608567412,17.02657,16.14097,15.82329,15.59047,15.36685,5115,301,2,169,2525465847590316032,GALAXY,0.03805693,2243,53794,263,728321030.8584973,10001-12701,1-48157,133.371090612,57.5984251446,9.428999281013445,0.927642710084122,11754.1,AGBT17A_012_19,896.8291,1.4207177,-999.0,0.0137383435,8.670002,3.313165,0.14617112,10.35004,11955.675,47.163033,432.4681,303.13943,434.7268,307.13962,287.3401,6.6275935,11.448619,7.819415,8.402823,0.02141115,56.474014,-0.34800306,0,0,1,0.8186065239067744
1237651212287475914,258.52785261526,57.9935885929158,17.40494,15.4854,14.61906,14.19825,13.84448,1336,301,3,58,399807746624481280,GALAXY,0.0317269,355,51788,412,64148354.742846966,10001-12701,1-48157,133.371090612,57.5984251446,9.428999281013445,0.927642710084122,11754.1,AGBT17A_012_19,896.8291,1.4207177,-999.0,0.0137383435,8.670002,3.313165,0.14617112,10.35004,11955.675,47.163033,432.4681,303.13943,434.7268,307.13962,287.3401,6.6275935,11.448619,7.819415,8.402823,0.02141115,56.474014,-0.34800306,0,0,1,0.8186065239067744
1237651212287803550,258.820291752,57.3294388650363,19.00048,17.24558,16.45827,16.07679,15.79426,1336,301,3,63,399747548362860544,GALAXY,0.02623665,355,51788,193,461208106.7685075,10001-12701,1-48157,133.371090612,57.5984251446,9.428999281013445,0.927642710084122,11754.1,AGBT17A_012_19,896.8291,1.4207177,-999.0,0.0137383435,8.670002,3.313165,0.14617112,10.35004,11955.675,47.163033,432.4681,303.13943,434.7268,307.13962,287.3401,6.6275935,11.448619,7.819415,8.402823,0.02141115,56.474014,-0.34800306,0,0,1,0.8186065239067744
1237651212287738198,258.88208221432,57.50246875368,17.78954,15.96801,15.12591,14.70175,14.38776,1336,301,3,62,399829461979129856,GALAXY,0.02948984,355,51788,491,64354619.549094066,10001-12701,1-48157,133.371090612,57.5984251446,9.428999281013445,0.927642710084122,11754.1,AGBT17A_012_19,896.8291,1.4207177,-999.0,0.0137383435,8.670002,3.313165,0.14617112,10.35004,11955.675,47.163033,432.4681,303.13943,434.7268,307.13962,287.3401,6.6275935,11.448619,7.819415,8.402823,0.02141115,56.474014,-0.34800306,0,0,1,0.8186065239067744
1237654627323412744,115.479905263468,31.4114858703793,17.77124,16.60803,16.10127,15.8269,15.63415,2131,301,4,59,850098722506303488,GALAXY,0.01558757,755,52235,161,185638325.62238672,10001-12701,1-48157,133.371090612,57.5984251446,9.428999281013445,0.927642710084122,11754.1,AGBT17A_012_19,896.8291,1.4207177,-999.0,0.0137383435,8.670002,3.313165,0.14617112,10.35004,11955.675,47.163033,432.4681,303.13943,434.7268,307.13962,287.3401,6.6275935,11.448619,7.819415,8.402823,0.02141115,56.474014,-0.34800306,0,0,1,0.8186065239067744
1237654627326820628,121.272991206134,37.6255927417864,17.63534,15.82388,15.02985,14.63439,14.35405,2131,301,4,111,853478071796262912,GALAXY,0.03284431,758,52253,167,630345247.8911265,10001-12701,1-48157,133.371090612,57.5984251446,9.428999281013445,0.927642710084122,11754.1,AGBT17A_012_19,896.8291,1.4207177,-999.0,0.0137383435,8.670002,3.313165,0.14617112,10.35004,11955.675,47.163033,432.4681,303.13943,434.7268,307.13962,287.3401,6.6275935,11.448619,7.819415,8.402823,0.02141115,56.474014,-0.34800306,0,0,1,0.8186065239067744
1237662196137328664,185.570463025412,43.7363335336074,18.45572,16.65608,15.80665,15.4168,15.10924,3893,301,6,178,1634907597138061312,GALAXY,0.04805018,1452,53112,367,260718715.0963298,10001-12701,1-48157,133.371090612,57.5984251446,9.428999281013445,0.927642710084122,11754.1,AGBT17A_012_19,896.8291,1.4207177,-999.0,0.0137383435,8.670002,3.313165,0.14617112,10.35004,11955.675,47.163033,432.4681,303.13943,434.7268,307.13962,287.3401,6.6275935,11.448619,7.819415,8.402823,0.02141115,56.474014,-0.34800306,0,0,1,0.8186065239067744
1237665226237083703,199.338706021443,31.0594846898291,16.4072,15.40711,14.96978,14.76579,14.54857,4599,301,2,183,2368947069814597632,GALAXY,0.01856995,2104,53852,195,1176946984.445932,10001-12701,1-48157,133.371090612,57.5984251446,9.428999281013445,0.927642710084122,11754.1,AGBT17A_012_19,896.8291,1.4207177,-999.0,0.0137383435,8.670002,3.313165,0.14617112,10.35004,11955.675,47.163033,432.4681,303.13943,434.7268,307.13962,287.3401,6.6275935,11.448619,7.819415,8.402823,0.02141115,56.474014,-0.34800306,0,0,1,0.8186065239067744
1237657630578245717,116.213913536109,26.5790353487465,16.83587,15.72626,15.15075,14.87464,14.65533,2830,301,6,43,1192362954763298816,GALAXY,0.023827,1059,52618,127,821140193.6696906,10001-12701,1-48157,133.371090612,57.5984251446,9.428999281013445,0.927642710084122,11754.1,AGBT17A_012_19,896.8291,1.4207177,-999.0,0.0137383435,8.670002,3.313165,0.14617112,10.35004,11955.675,47.163033,432.4681,303.13943,434.7268,307.13962,287.3401,6.6275935,11.448619,7.819415,8.402823,0.02141115,56.474014,-0.34800306,0,0,1,0.8186065239067744
1237661850922713103,154.731792922408,40.6129351574279,16.61708,15.32791,14.91239,14.67952,14.50105,3813,301,3,77,1527998506847987712,GALAXY,0.0292303,1357,53034,554,333530191.70155483,10001-12701,1-48157,133.371090612,57.5984251446,9.428999281013445,0.927642710084122,11754.1,AGBT17A_012_19,896.8291,1.4207177,-999.0,0.0137383435,8.670002,3.313165,0.14617112,10.35004,11955.675,47.163033,432.4681,303.13943,434.7268,307.13962,287.3401,6.6275935,11.448619,7.819415,8.402823,0.02141115,56.474014,-0.34800306,0,0,1,0.8186065239067744
1237661850930512000,178.50648121828,44.6424608825031,17.02966,15.70557,15.09357,14.71584,14.39797,3813,301,3,196,1540368288377235456,GALAXY,0.02406666,1368,53084,499,252674387.65269303,10001-12701,1-48157,133.371090612,57.5984251446,9.428999281013445,0.927642710084122,11754.1,AGBT17A_012_19,896.8291,1.4207177,-999.0,0.0137383435,8.670002,3.313165,0.14617112,10.35004,11955.675,47.163033,432.4681,303.13943,434.7268,307.13962,287.3401,6.6275935,11.448619,7.819415,8.402823,0.02141115,56.474014,-0.34800306,0,0,1,0.8186065239067744
1237667734503555358,171.966299820844,21.4092490329768,18.53456,17.1055,16.61027,16.3245,16.18615,5183,301,2,268,2814811959608764416,GALAXY,0.02182166,2500,54178,226,837641378.1694584,10001-12701,1-48157,133.371090612,57.5984251446,9.428999281013445,0.927642710084122,11754.1,AGBT17A_012_19,896.8291,1.4207177,-999.0,0.0137383435,8.670002,3.313165,0.14617112,10.35004,11955.675,47.163033,432.4681,303.13943,434.7268,307.13962,287.3401,6.6275935,11.448619,7.819415,8.402823,0.02141115,56.474014,-0.34800306,0,0,1,0.8186065239067744
1237661383307100283,140.254899787838,33.1266768793326,17.68486,15.98609,15.22511,14.8605,14.58862,3704,301,4,61,1792570965444552704,GALAXY,0.02310728,1592,52990,503,949849432.7678787,10001-12701,1-48157,133.371090612,57.5984251446,9.428999281013445,0.927642710084122,11754.1,AGBT17A_012_19,896.8291,1.4207177,-999.0,0.0137383435,8.670002,3.313165,0.14617112,10.35004,11955.675,47.163033,432.4681,303.13943,434.7268,307.13962,287.3401,6.6275935,11.448619,7.819415,8.402823,0.02141115,56.474014,-0.34800306,0,0,1,0.8186065239067744
1237664674330378406,206.551792128201,36.4266717129963,17.53141,16.59285,16.30735,16.15195,16.05022,4470,301,6,131,2289052975219369984,GALAXY,0.0234566,2033,53476,358,320535508.9079877,10001-12701,1-48157,133.371090612,57.5984251446,9.428999281013445,0.927642710084122,11754.1,AGBT17A_012_19,896.8291,1.4207177,-999.0,0.0137383435,8.670002,3.313165,0.14617112,10.35004,11955.675,47.163033,432.4681,303.13943,434.7268,307.13962,287.3401,6.6275935,11.448619,7.819415,8.402823,0.02141115,56.474014,-0.34800306,0,0,1,0.8186065239067744
1237661387075748084,236.469912468959,44.2632250072675,17.46155,16.56028,16.28424,16.06278,15.9595,3705,301,3,222,1500865029547780096,GALAXY,0.03994299,1333,52782,147,578779046.3293524,10001-12701,1-48157,133.371090612,57.5984251446,9.428999281013445,0.927642710084122,11754.1,AGBT17A_012_19,896.8291,1.4207177,-999.0,0.0137383435,8.670002,3.313165,0.14617112,10.35004,11955.675,47.163033,432.4681,303.13943,434.7268,307.13962,287.3401,6.6275935,11.448619,7.819415,8.402823,0.02141115,56.474014,-0.34800306,0,0,1,0.8186065239067744
1237661387069259897,217.910602882007,52.7494424986305,18.77302,16.96552,16.07541,15.60504,15.23276,3705,301,3,123,1492971910147893248,GALAXY,0.04565605,1326,52764,104,368801473.5698083,10001-12701,1-48157,133.371090612,57.5984251446,9.428999281013445,0.927642710084122,11754.1,AGBT17A_012_19,896.8291,1.4207177,-999.0,0.0137383435,8.670002,3.313165,0.14617112,10.35004,11955.675,47.163033,432.4681,303.13943,434.7268,307.13962,287.3401,6.6275935,11.448619,7.819415,8.402823,0.02141115,56.474014,-0.34800306,0,0,1,0.8186065239067744
1237661387069325432,218.113226513591,52.7383820829964,19.15957,17.24452,16.29416,15.77939,15.35194,3705,301,3,124,1494176150543427584,GALAXY,0.04464842,1327,52781,389,369626532.7947967,10001-12701,1-48157,133.371090612,57.5984251446,9.428999281013445,0.927642710084122,11754.1,AGBT17A_012_19,896.8291,1.4207177,-999.0,0.0137383435,8.670002,3.313165,0.14617112,10.35004,11955.675,47.163033,432.4681,303.13943,434.7268,307.13962,287.3401,6.6275935,11.448619,7.819415,8.402823,0.02141115,56.474014,-0.34800306,0,0,1,0.8186065239067744
1237651211214192736,257.582267507497,56.7572529951764,17.39266,15.59141,14.76799,14.37468,14.07517,1336,301,1,65,399776135665182720,GALAXY,0.03284022,355,51788,297,145210423.59795582,10001-12701,1-48157,133.371090612,57.5984251446,9.428999281013445,0.927642710084122,11754.1,AGBT17A_012_19,896.8291,1.4207177,-999.0,0.0137383435,8.670002,3.313165,0.14617112,10.35004,11955.675,47.163033,432.4681,303.13943,434.7268,307.13962,287.3401,6.6275935,11.448619,7.819415,8.402823,0.02141115,56.474014,-0.34800306,0,0,1,0.8186065239067744
1237667444585791491,195.553278002564,28.2148373267855,16.48366,15.48613,15.08236,14.86562,14.68007,5115,301,6,154,2523297616951797760,GALAXY,0.02730983,2241,54169,567,1344227742.312327,10001-12701,1-48157,133.371090612,57.5984251446,9.428999281013445,0.927642710084122,11754.1,AGBT17A_012_19,896.8291,1.4207177,-999.0,0.0137383435,8.670002,3.313165,0.14617112,10.35004,11955.675,47.163033,432.4681,303.13943,434.7268,307.13962,287.3401,6.6275935,11.448619,7.819415,8.402823,0.02141115,56.474014,-0.34800306,0,0,1,0.8186065239067744
1237674366456234419,118.813057061715,33.6421483119521,19.0628,17.2345,16.36619,15.95297,15.62905,6727,301,3,59,851199339383515136,GALAXY,0.04175546,756,52577,69,523500078.2551305,10001-12701,1-48157,133.371090612,57.5984251446,9.428999281013445,0.927642710084122,11754.1,AGBT17A_012_19,896.8291,1.4207177,-999.0,0.0137383435,8.670002,3.313165,0.14617112,10.35004,11955.675,47.163033,432.4681,303.13943,434.7268,307.13962,287.3401,6.6275935,11.448619,7.819415,8.402823,0.02141115,56.474014,-0.34800306,0,0,1,0.8186065239067744
1237665549423280214,206.838332716988,25.8419326645558,18.00397,16.31015,15.54881,15.16389,14.85589,4674,301,4,29,2381384740029622272,GALAXY,0.0508315,2115,53535,387,1254090021.9823458,10001-12701,1-48157,133.371090612,57.5984251446,9.428999281013445,0.927642710084122,11754.1,AGBT17A_012_19,896.8291,1.4207177,-999.0,0.0137383435,8.670002,3.313165,0.14617112,10.35004,11955.675,47.163033,432.4681,303.13943,434.7268,307.13962,287.3401,6.6275935,11.448619,7.819415,8.402823,0.02141115,56.474014,-0.34800306,0,0,1,0.8186065239067744
1237651225172771008,258.430117681296,57.1884096320215,18.42218,17.26961,16.63694,16.30238,16.05015,1339,301,3,64,399760192746579968,GALAXY,0.02894658,355,51788,239,461001841.96226037,10001-12701,1-48157,133.371090612,57.5984251446,9.428999281013445,0.927642710084122,11754.1,AGBT17A_012_19,896.8291,1.4207177,-999.0,0.0137383435,8.670002,3.313165,0.14617112,10.35004,11955.675,47.163033,432.4681,303.13943,434.7268,307.13962,287.3401,6.6275935,11.448619,7.819415,8.402823,0.02141115,56.474014,-0.34800306,0,0,1,0.8186065239067744
1237660765908893968,124.003321406132,27.0758846629965,16.45682,14.55173,13.73015,13.32419,12.99803,3560,301,6,112,1357854024145070080,GALAXY,0.02549639,1206,52670,68,864868332.5940751,10001-12701,1-48157,133.371090612,57.5984251446,9.428999281013445,0.927642710084122,11754.1,AGBT17A_012_19,896.8291,1.4207177,-999.0,0.0137383435,8.670002,3.313165,0.14617112,10.35004,11955.675,47.163033,432.4681,303.13943,434.7268,307.13962,287.3401,6.6275935,11.448619,7.819415,8.402823,0.02141115,56.474014,-0.34800306,0,0,1,0.8186065239067744
1237673809194058066,125.967654335201,21.4186873072041,17.66949,16.37075,15.75742,15.44174,15.23382,6597,301,5,209,2169750463447066624,GALAXY,0.01699542,1927,53321,514,10932034.731096108,10001-12701,1-48157,133.371090612,57.5984251446,9.428999281013445,0.927642710084122,11754.1,AGBT17A_012_19,896.8291,1.4207177,-999.0,0.0137383435,8.670002,3.313165,0.14617112,10.35004,11955.675,47.163033,432.4681,303.13943,434.7268,307.13962,287.3401,6.6275935,11.448619,7.819415,8.402823,0.02141115,56.474014,-0.34800306,0,0,1,0.8186065239067744
1237666301091053778,47.1188153106536,0.387552102150732,16.86747,15.63651,15.04176,14.68587,14.44535,4849,301,4,769,462920539179083776,GALAXY,0.04277887,411,51817,639,153254751.0415926,10001-12701,1-48157,133.371090612,57.5984251446,9.428999281013445,0.927642710084122,11754.1,AGBT17A_012_19,896.8291,1.4207177,-999.0,0.0137383435,8.670002,3.313165,0.14617112,10.35004,11955.675,47.163033,432.4681,303.13943,434.7268,307.13962,287.3401,6.6275935,11.448619,7.819415,8.402823,0.02141115,56.474014,-0.34800306,0,0,1,0.8186065239067744
1237654601024078158,144.48959267972,3.4629292037913,17.21756,15.89617,15.24106,14.91192,14.62674,2125,301,3,171,641846547801204736,GALAXY,0.02252137,570,52266,304,710582257.521247,10001-12701,1-48157,133.371090612,57.5984251446,9.428999281013445,0.927642710084122,11754.1,AGBT17A_012_19,896.8291,1.4207177,-999.0,0.0137383435,8.670002,3.313165,0.14617112,10.35004,11955.675,47.163033,432.4681,303.13943,434.7268,307.13962,287.3401,6.6275935,11.448619,7.819415,8.402823,0.02141115,56.474014,-0.34800306,0,0,1,0.8186065239067744
1237654601026175190,149.210533396935,3.74973806036716,17.64467,15.73761,14.88232,14.46213,14.12623,2125,301,3,203,644091476053092352,GALAXY,0.03335052,572,52289,279,726877177.2147676,10001-12701,1-48157,133.371090612,57.5984251446,9.428999281013445,0.927642710084122,11754.1,AGBT17A_012_19,896.8291,1.4207177,-999.0,0.0137383435,8.670002,3.313165,0.14617112,10.35004,11955.675,47.163033,432.4681,303.13943,434.7268,307.13962,287.3401,6.6275935,11.448619,7.819415,8.402823,0.02141115,56.474014,-0.34800306,0,0,1,0.8186065239067744
1237654601029976321,157.926133898724,4.06166061507003,18.6017,17.29221,16.81506,16.54881,16.4141,2125,301,3,261,648561816057702400,GALAXY,0.04008964,576,52325,158,717801525.7398953,10001-12701,1-48157,133.371090612,57.5984251446,9.428999281013445,0.927642710084122,11754.1,AGBT17A_012_19,896.8291,1.4207177,-999.0,0.0137383435,8.670002,3.313165,0.14617112,10.35004,11955.675,47.163033,432.4681,303.13943,434.7268,307.13962,287.3401,6.6275935,11.448619,7.819415,8.402823,0.02141115,56.474014,-0.34800306,0,0,1,0.8186065239067744
1237654601018573164,131.881115195722,2.69025301720044,17.28571,15.91085,15.34903,15.03235,14.8373,2125,301,3,87,635024352324118528,GALAXY,0.02868119,564,52224,61,707075755.8150463,10001-12701,1-48157,133.371090612,57.5984251446,9.428999281013445,0.927642710084122,11754.1,AGBT17A_012_19,896.8291,1.4207177,-999.0,0.0137383435,8.670002,3.313165,0.14617112,10.35004,11955.675,47.163033,432.4681,303.13943,434.7268,307.13962,287.3401,6.6275935,11.448619,7.819415,8.402823,0.02141115,56.474014,-0.34800306,0,0,1,0.8186065239067744
1237652901308661962,54.510659572733,-5.93239109338757,19.35603,17.5142,16.70534,16.32184,16.01193,1729,301,5,444,520270792349476864,GALAXY,0.03373223,462,51909,382,507411423.3678571,10001-12701,1-48157,133.371090612,57.5984251446,9.428999281013445,0.927642710084122,11754.1,AGBT17A_012_19,896.8291,1.4207177,-999.0,0.0137383435,8.670002,3.313165,0.14617112,10.35004,11955.675,47.163033,432.4681,303.13943,434.7268,307.13962,287.3401,6.6275935,11.448619,7.819415,8.402823,0.02141115,56.474014,-0.34800306,0,0,1,0.8186065239067744
1237666407900250147,347.882683359105,-0.178580141362679,16.8002,15.70978,15.1887,14.90483,14.6766,4874,301,3,340,428998681216182272,GALAXY,0.02750422,381,51811,112,1063295076.2037817,10001-12701,1-48157,133.371090612,57.5984251446,9.428999281013445,0.927642710084122,11754.1,AGBT17A_012_19,896.8291,1.4207177,-999.0,0.0137383435,8.670002,3.313165,0.14617112,10.35004,11955.675,47.163033,432.4681,303.13943,434.7268,307.13962,287.3401,6.6275935,11.448619,7.819415,8.402823,0.02141115,56.474014,-0.34800306,0,0,1,0.8186065239067744
1237666407918075971,28.6710165027204,-0.143361716844596,16.05886,14.16482,13.31131,12.89139,12.58513,4874,301,3,612,453810811371022336,GALAXY,0.01851283,403,51871,266,761942194.276774,10001-12701,1-48157,133.371090612,57.5984251446,9.428999281013445,0.927642710084122,11754.1,AGBT17A_012_19,896.8291,1.4207177,-999.0,0.0137383435,8.670002,3.313165,0.14617112,10.35004,11955.675,47.163033,432.4681,303.13943,434.7268,307.13962,287.3401,6.6275935,11.448619,7.819415,8.402823,0.02141115,56.474014,-0.34800306,0,0,1,0.8186065239067744
1237649919502516350,14.7794877563874,14.523291115091,17.8938,16.64836,16.17322,15.89126,15.77426,1035,301,3,61,472885688845494272,GALAXY,0.04735448,420,51871,28,771430375.3641404,10001-12701,1-48157,133.371090612,57.5984251446,9.428999281013445,0.927642710084122,11754.1,AGBT17A_012_19,896.8291,1.4207177,-999.0,0.0137383435,8.670002,3.313165,0.14617112,10.35004,11955.675,47.163033,432.4681,303.13943,434.7268,307.13962,287.3401,6.6275935,11.448619,7.819415,8.402823,0.02141115,56.474014,-0.34800306,0,0,1,0.8186065239067744
1237654879665586207,220.178480734503,3.46542287709142,15.93458,13.31969,12.44933,12.01752,11.61914,2190,301,2,255,659793872024528896,GALAXY,0.02737131,586,52023,60,1023279703.791845,10001-12701,1-48157,133.371090612,57.5984251446,9.428999281013445,0.927642710084122,11754.1,AGBT17A_012_19,896.8291,1.4207177,-999.0,0.0137383435,8.670002,3.313165,0.14617112,10.35004,11955.675,47.163033,432.4681,303.13943,434.7268,307.13962,287.3401,6.6275935,11.448619,7.819415,8.402823,0.02141115,56.474014,-0.34800306,0,0,1,0.8186065239067744
1237654879664865501,218.522079763333,3.65754532847635,18.69776,17.28049,16.561,16.19015,15.88533,2190,301,2,244,658668796818515968,GALAXY,0.02873143,585,52027,63,1103310448.6157184,10001-12701,1-48157,133.371090612,57.5984251446,9.428999281013445,0.927642710084122,11754.1,AGBT17A_012_19,896.8291,1.4207177,-999.0,0.0137383435,8.670002,3.313165,0.14617112,10.35004,11955.675,47.163033,432.4681,303.13943,434.7268,307.13962,287.3401,6.6275935,11.448619,7.819415,8.402823,0.02141115,56.474014,-0.34800306,0,0,1,0.8186065239067744
1237667442437783651,194.179997750107,26.7419660285757,18.31483,16.64113,15.92894,15.60177,15.35332,5115,301,2,146,2523201684562274304,GALAXY,0.02317537,2241,54169,218,1332058118.7437482,10001-12701,1-48157,133.371090612,57.5984251446,9.428999281013445,0.927642710084122,11754.1,AGBT17A_012_19,896.8291,1.4207177,-999.0,0.0137383435,8.670002,3.313165,0.14617112,10.35004,11955.675,47.163033,432.4681,303.13943,434.7268,307.13962,287.3401,6.6275935,11.448619,7.819415,8.402823,0.02141115,56.474014,-0.34800306,0,0,1,0.8186065239067744
1237652943708619029,351.646182214145,14.9011178780807,18.90165,17.05836,16.20968,15.75902,15.40115,1739,301,4,248,6916592348878362624,GALAXY,0.0435501,6143,56267,688,1202523820.4205718,10001-12701,1-48157,133.371090612,57.5984251446,9.428999281013445,0.927642710084122,11754.1,AGBT17A_012_19,896.8291,1.4207177,-999.0,0.0137383435,8.670002,3.313165,0.14617112,10.35004,11955.675,47.163033,432.4681,303.13943,434.7268,307.13962,287.3401,6.6275935,11.448619,7.819415,8.402823,0.02141115,56.474014,-0.34800306,0,0,1,0.8186065239067744
1237662695961788461,233.973014767012,25.341132871303,16.6774,14.8481,13.95165,13.50933,13.18571,4010,301,1,142,2435485664750364672,GALAXY,0.03447749,2163,53823,597,1363410369.293307,10001-12701,1-48157,133.371090612,57.5984251446,9.428999281013445,0.927642710084122,11754.1,AGBT17A_012_19,896.8291,1.4207177,-999.0,0.0137383435,8.670002,3.313165,0.14617112,10.35004,11955.675,47.163033,432.4681,303.13943,434.7268,307.13962,287.3401,6.6275935,11.448619,7.819415,8.402823,0.02141115,56.474014,-0.34800306,0,0,1,0.8186065239067744
1237662695961854020,234.196092681361,25.4168057602961,16.70702,14.71664,13.80909,13.38031,13.04589,4010,301,1,143,2437675068856231936,GALAXY,0.0341251,2165,53917,370,1364029163.7120483,10001-12701,1-48157,133.371090612,57.5984251446,9.428999281013445,0.927642710084122,11754.1,AGBT17A_012_19,896.8291,1.4207177,-999.0,0.0137383435,8.670002,3.313165,0.14617112,10.35004,11955.675,47.163033,432.4681,303.13943,434.7268,307.13962,287.3401,6.6275935,11.448619,7.819415,8.402823,0.02141115,56.474014,-0.34800306,0,0,1,0.8186065239067744
1237653664182501525,144.025606910068,1.46072397504597,18.80705,16.8926,15.99048,15.54633,15.1986,1907,301,2,143,537135103659239424,GALAXY,0.0459177,477,52026,294,1008841167.3545483,10001-12701,1-48157,133.371090612,57.5984251446,9.428999281013445,0.927642710084122,11754.1,AGBT17A_012_19,896.8291,1.4207177,-999.0,0.0137383435,8.670002,3.313165,0.14617112,10.35004,11955.675,47.163033,432.4681,303.13943,434.7268,307.13962,287.3401,6.6275935,11.448619,7.819415,8.402823,0.02141115,56.474014,-0.34800306,0,0,1,0.8186065239067744
1237661958831341597,200.971914049489,51.4352573509795,16.76775,15.17095,14.43849,14.0447,13.74979,3838,301,4,40,1876896642729273344,GALAXY,0.02532289,1667,53430,78,73636535.8302134,10001-12701,1-48157,133.371090612,57.5984251446,9.428999281013445,0.927642710084122,11754.1,AGBT17A_012_19,896.8291,1.4207177,-999.0,0.0137383435,8.670002,3.313165,0.14617112,10.35004,11955.675,47.163033,432.4681,303.13943,434.7268,307.13962,287.3401,6.6275935,11.448619,7.819415,8.402823,0.02141115,56.474014,-0.34800306,0,0,1,0.8186065239067744
1237653651309723760,27.3234597217131,13.4666522368252,19.40356,17.85538,17.08577,16.71465,16.4522,1904,301,2,328,483043526163064832,GALAXY,0.01663708,429,51820,118,1145800998.7026203,10001-12701,1-48157,133.371090612,57.5984251446,9.428999281013445,0.927642710084122,11754.1,AGBT17A_012_19,896.8291,1.4207177,-999.0,0.0137383435,8.670002,3.313165,0.14617112,10.35004,11955.675,47.163033,432.4681,303.13943,434.7268,307.13962,287.3401,6.6275935,11.448619,7.819415,8.402823,0.02141115,56.474014,-0.34800306,0,0,1,0.8186065239067744
1237654669200326940,153.725617382003,-0.794525735434848,19.07006,17.06262,16.19116,15.77496,15.44757,2141,301,2,74,305189000212146176,GALAXY,0.04809754,271,51883,255,44140668.53687862,10001-12701,1-48157,133.371090612,57.5984251446,9.428999281013445,0.927642710084122,11754.1,AGBT17A_012_19,896.8291,1.4207177,-999.0,0.0137383435,8.670002,3.313165,0.14617112,10.35004,11955.675,47.163033,432.4681,303.13943,434.7268,307.13962,287.3401,6.6275935,11.448619,7.819415,8.402823,0.02141115,56.474014,-0.34800306,0,0,1,0.8186065239067744
1237661959366639641,195.213507436014,52.5674335764381,17.17651,15.28453,14.51365,14.11177,13.84441,3838,301,5,16,997718881223075840,GALAXY,0.03346166,886,52381,624,56104027.29921021,10001-12701,1-48157,133.371090612,57.5984251446,9.428999281013445,0.927642710084122,11754.1,AGBT17A_012_19,896.8291,1.4207177,-999.0,0.0137383435,8.670002,3.313165,0.14617112,10.35004,11955.675,47.163033,432.4681,303.13943,434.7268,307.13962,287.3401,6.6275935,11.448619,7.819415,8.402823,0.02141115,56.474014,-0.34800306,0,0,1,0.8186065239067744
1237665126938706106,199.675899937301,32.9186856670469,19.23194,17.81763,16.95991,16.4813,16.10691,4576,301,1,530,2356540729792161792,GALAXY,0.03585742,2093,53818,117,1182928663.8270977,10001-12701,1-48157,133.371090612,57.5984251446,9.428999281013445,0.927642710084122,11754.1,AGBT17A_012_19,896.8291,1.4207177,-999.0,0.0137383435,8.670002,3.313165,0.14617112,10.35004,11955.675,47.163033,432.4681,303.13943,434.7268,307.13962,287.3401,6.6275935,11.448619,7.819415,8.402823,0.02141115,56.474014,-0.34800306,0,0,1,0.8186065239067744
1237659326573641835,259.432654262786,26.0761245511465,19.34404,17.38689,16.54635,16.13102,15.81495,3225,301,5,351,1102335764110272512,GALAXY,0.04058116,979,52427,290,128296709.48569393,10001-12701,1-48157,133.371090612,57.5984251446,9.428999281013445,0.927642710084122,11754.1,AGBT17A_012_19,896.8291,1.4207177,-999.0,0.0137383435,8.670002,3.313165,0.14617112,10.35004,11955.675,47.163033,432.4681,303.13943,434.7268,307.13962,287.3401,6.6275935,11.448619,7.819415,8.402823,0.02141115,56.474014,-0.34800306,0,0,1,0.8186065239067744
1237661139565346959,139.571982493686,34.1605460059848,18.74826,17.29982,16.592,16.22014,15.96196,3647,301,6,25,1433287948933031936,GALAXY,0.04296575,1273,52993,63,32589839.387041226,10001-12701,1-48157,133.371090612,57.5984251446,9.428999281013445,0.927642710084122,11754.1,AGBT17A_012_19,896.8291,1.4207177,-999.0,0.0137383435,8.670002,3.313165,0.14617112,10.35004,11955.675,47.163033,432.4681,303.13943,434.7268,307.13962,287.3401,6.6275935,11.448619,7.819415,8.402823,0.02141115,56.474014,-0.34800306,0,0,1,0.8186065239067744
1237662475311252672,256.252924907997,22.2849704812547,18.96472,17.71408,17.16383,16.874,16.80807,3958,301,6,194,1900574351292393472,GALAXY,0.03692931,1688,53462,201,105813845.60476044,10001-12701,1-48157,133.371090612,57.5984251446,9.428999281013445,0.927642710084122,11754.1,AGBT17A_012_19,896.8291,1.4207177,-999.0,0.0137383435,8.670002,3.313165,0.14617112,10.35004,11955.675,47.163033,432.4681,303.13943,434.7268,307.13962,287.3401,6.6275935,11.448619,7.819415,8.402823,0.02141115,56.474014,-0.34800306,0,0,1,0.8186065239067744
1237664852038582388,227.48118222447,28.3821876641593,17.44312,15.50874,14.56965,14.08609,13.72549,4512,301,1,191,2425311895671040000,GALAXY,0.0581414,2154,54539,449,1365885546.968272,10001-12701,1-48157,133.371090612,57.5984251446,9.428999281013445,0.927642710084122,11754.1,AGBT17A_012_19,896.8291,1.4207177,-999.0,0.0137383435,8.670002,3.313165,0.14617112,10.35004,11955.675,47.163033,432.4681,303.13943,434.7268,307.13962,287.3401,6.6275935,11.448619,7.819415,8.402823,0.02141115,56.474014,-0.34800306,0,0,1,0.8186065239067744
1237674598923370579,178.741860707325,4.66056412160763,16.20707,14.94758,14.34755,14.03566,13.75729,6781,301,4,90,946968173163341824,GALAXY,0.02270648,841,52375,314,780093497.2265184,10001-12701,1-48157,133.371090612,57.5984251446,9.428999281013445,0.927642710084122,11754.1,AGBT17A_012_19,896.8291,1.4207177,-999.0,0.0137383435,8.670002,3.313165,0.14617112,10.35004,11955.675,47.163033,432.4681,303.13943,434.7268,307.13962,287.3401,6.6275935,11.448619,7.819415,8.402823,0.02141115,56.474014,-0.34800306,0,0,1,0.8186065239067744
1237664295297024156,204.543866672105,38.6656136398867,17.48149,16.02001,15.26764,14.89274,14.56901,4382,301,4,93,2257471427789744128,GALAXY,0.02013369,2005,53472,153,297846380.22080714,10001-12701,1-48157,133.371090612,57.5984251446,9.428999281013445,0.927642710084122,11754.1,AGBT17A_012_19,896.8291,1.4207177,-999.0,0.0137383435,8.670002,3.313165,0.14617112,10.35004,11955.675,47.163033,432.4681,303.13943,434.7268,307.13962,287.3401,6.6275935,11.448619,7.819415,8.402823,0.02141115,56.474014,-0.34800306,0,0,1,0.8186065239067744
1237661950274568545,231.452112104406,8.97977761995824,19.56861,18.00961,17.36247,17.04136,16.84104,3836,301,4,546,1937834058205652992,GALAXY,0.03316115,1721,53857,583,1049475334.1852263,10001-12701,1-48157,133.371090612,57.5984251446,9.428999281013445,0.927642710084122,11754.1,AGBT17A_012_19,896.8291,1.4207177,-999.0,0.0137383435,8.670002,3.313165,0.14617112,10.35004,11955.675,47.163033,432.4681,303.13943,434.7268,307.13962,287.3401,6.6275935,11.448619,7.819415,8.402823,0.02141115,56.474014,-0.34800306,0,0,1,0.8186065239067744
1237659324955099291,245.270860749519,39.9173937200665,16.58421,15.15724,14.52895,14.16051,13.88296,3225,301,2,230,1319652318764886016,GALAXY,0.0320253,1172,52759,355,268556777.73371947,10001-12701,1-48157,133.371090612,57.5984251446,9.428999281013445,0.927642710084122,11754.1,AGBT17A_012_19,896.8291,1.4207177,-999.0,0.0137383435,8.670002,3.313165,0.14617112,10.35004,11955.675,47.163033,432.4681,303.13943,434.7268,307.13962,287.3401,6.6275935,11.448619,7.819415,8.402823,0.02141115,56.474014,-0.34800306,0,0,1,0.8186065239067744
1237658203962540185,146.206752212374,42.2937940126266,18.31854,17.01796,16.45025,16.13941,15.93472,2964,301,2,137,1058517755919099904,GALAXY,0.01656445,940,52670,625,345081020.8513922,10001-12701,1-48157,133.371090612,57.5984251446,9.428999281013445,0.927642710084122,11754.1,AGBT17A_012_19,896.8291,1.4207177,-999.0,0.0137383435,8.670002,3.313165,0.14617112,10.35004,11955.675,47.163033,432.4681,303.13943,434.7268,307.13962,287.3401,6.6275935,11.448619,7.819415,8.402823,0.02141115,56.474014,-0.34800306,0,0,1,0.8186065239067744
1237658203983249636,213.783663689435,45.5948501497007,16.18934,14.9186,14.536,14.35343,14.24394,2964,301,2,453,1447909524940810240,GALAXY,0.01594291,1286,52725,8,295371202.545842,10001-12701,1-48157,133.371090612,57.5984251446,9.428999281013445,0.927642710084122,11754.1,AGBT17A_012_19,896.8291,1.4207177,-999.0,0.0137383435,8.670002,3.313165,0.14617112,10.35004,11955.675,47.163033,432.4681,303.13943,434.7268,307.13962,287.3401,6.6275935,11.448619,7.819415,8.402823,0.02141115,56.474014,-0.34800306,0,0,1,0.8186065239067744
1237661152452804757,197.921374372529,50.247290038577,17.55463,16.2724,15.77636,15.53713,15.39434,3650,301,6,64,1442421313120528384,GALAXY,0.01588052,1281,52753,522,83330981.72382693,10001-12701,1-48157,133.371090612,57.5984251446,9.428999281013445,0.927642710084122,11754.1,AGBT17A_012_19,896.8291,1.4207177,-999.0,0.0137383435,8.670002,3.313165,0.14617112,10.35004,11955.675,47.163033,432.4681,303.13943,434.7268,307.13962,287.3401,6.6275935,11.448619,7.819415,8.402823,0.02141115,56.474014,-0.34800306,0,0,1,0.8186065239067744
1237654605314982214,135.565373794913,3.16993232067175,17.12429,15.44705,14.59156,14.14386,13.84568,2126,301,3,109,637343497459886080,GALAXY,0.05113008,566,52238,306,954180993.6990678,10001-12701,1-48157,133.371090612,57.5984251446,9.428999281013445,0.927642710084122,11754.1,AGBT17A_012_19,896.8291,1.4207177,-999.0,0.0137383435,8.670002,3.313165,0.14617112,10.35004,11955.675,47.163033,432.4681,303.13943,434.7268,307.13962,287.3401,6.6275935,11.448619,7.819415,8.402823,0.02141115,56.474014,-0.34800306,0,0,1,0.8186065239067744
1237673706651451823,113.365501647497,41.8857886469155,17.85004,16.19214,15.41938,15.04152,14.757,6573,301,6,205,1953509781691983872,GALAXY,0.0196408,1735,53035,267,395203368.76943666,10001-12701,1-48157,133.371090612,57.5984251446,9.428999281013445,0.927642710084122,11754.1,AGBT17A_012_19,896.8291,1.4207177,-999.0,0.0137383435,8.670002,3.313165,0.14617112,10.35004,11955.675,47.163033,432.4681,303.13943,434.7268,307.13962,287.3401,6.6275935,11.448619,7.819415,8.402823,0.02141115,56.474014,-0.34800306,0,0,1,0.8186065239067744
1237667736113184836,169.49117665962,22.5029718745009,16.58316,14.76325,13.93229,13.53215,13.2568,5183,301,5,253,2810336947283716096,GALAXY,0.02595381,2496,54178,330,1193241904.1394525,10001-12701,1-48157,133.371090612,57.5984251446,9.428999281013445,0.927642710084122,11754.1,AGBT17A_012_19,896.8291,1.4207177,-999.0,0.0137383435,8.670002,3.313165,0.14617112,10.35004,11955.675,47.163033,432.4681,303.13943,434.7268,307.13962,287.3401,6.6275935,11.448619,7.819415,8.402823,0.02141115,56.474014,-0.34800306,0,0,1,0.8186065239067744
1237654601557016898,135.436275580135,3.38575679202851,18.08555,16.63161,15.8794,15.44682,15.10648,2125,301,4,111,637357516233140224,GALAXY,0.05488825,566,52238,357,955831112.1490445,10001-12701,1-48157,133.371090612,57.5984251446,9.428999281013445,0.927642710084122,11754.1,AGBT17A_012_19,896.8291,1.4207177,-999.0,0.0137383435,8.670002,3.313165,0.14617112,10.35004,11955.675,47.163033,432.4681,303.13943,434.7268,307.13962,287.3401,6.6275935,11.448619,7.819415,8.402823,0.02141115,56.474014,-0.34800306,0,0,1,0.8186065239067744
1237663530255056942,116.657118311141,44.7905177958229,15.77981,14.08962,13.24351,12.81287,12.49038,4204,301,3,79,1954721993546819584,GALAXY,0.03080504,1736,53052,581,183781942.36616287,10001-12701,1-48157,133.371090612,57.5984251446,9.428999281013445,0.927642710084122,11754.1,AGBT17A_012_19,896.8291,1.4207177,-999.0,0.0137383435,8.670002,3.313165,0.14617112,10.35004,11955.675,47.163033,432.4681,303.13943,434.7268,307.13962,287.3401,6.6275935,11.448619,7.819415,8.402823,0.02141115,56.474014,-0.34800306,0,0,1,0.8186065239067744
1237663530259972153,126.179172720085,54.2242383559593,16.84052,15.43026,14.81582,14.47075,14.21015,4204,301,3,154,2006383101277661184,GALAXY,0.0317928,1782,53299,107,25576835.97463995,10001-12701,1-48157,133.371090612,57.5984251446,9.428999281013445,0.927642710084122,11754.1,AGBT17A_012_19,896.8291,1.4207177,-999.0,0.0137383435,8.670002,3.313165,0.14617112,10.35004,11955.675,47.163033,432.4681,303.13943,434.7268,307.13962,287.3401,6.6275935,11.448619,7.819415,8.402823,0.02141115,56.474014,-0.34800306,0,0,1,0.8186065239067744
1237655472894116061,247.630832677593,41.0941579290265,19.56483,17.97389,17.15664,16.75157,16.43158,2328,301,3,44,919954272081176576,GALAXY,0.03403897,817,52381,342,677992418.1342057,10001-12701,1-48157,133.371090612,57.5984251446,9.428999281013445,0.927642710084122,11754.1,AGBT17A_012_19,896.8291,1.4207177,-999.0,0.0137383435,8.670002,3.313165,0.14617112,10.35004,11955.675,47.163033,432.4681,303.13943,434.7268,307.13962,287.3401,6.6275935,11.448619,7.819415,8.402823,0.02141115,56.474014,-0.34800306,0,0,1,0.8186065239067744
1237661126155501775,139.929077228593,33.8109863959626,19.04761,17.43482,16.70217,16.33415,16.05174,3644,301,5,207,1792555022525949952,GALAXY,0.02285301,1592,52990,445,947786784.7054079,10001-12701,1-48157,133.371090612,57.5984251446,9.428999281013445,0.927642710084122,11754.1,AGBT17A_012_19,896.8291,1.4207177,-999.0,0.0137383435,8.670002,3.313165,0.14617112,10.35004,11955.675,47.163033,432.4681,303.13943,434.7268,307.13962,287.3401,6.6275935,11.448619,7.819415,8.402823,0.02141115,56.474014,-0.34800306,0,0,1,0.8186065239067744
1237661360757145674,189.03200908544,46.6433397007538,17.52836,16.14548,15.59819,15.2984,15.04075,3699,301,2,40,1635937014429804544,GALAXY,0.02421459,1453,53084,16,310634798.20812714,10001-12701,1-48157,133.371090612,57.5984251446,9.428999281013445,0.927642710084122,11754.1,AGBT17A_012_19,896.8291,1.4207177,-999.0,0.0137383435,8.670002,3.313165,0.14617112,10.35004,11955.675,47.163033,432.4681,303.13943,434.7268,307.13962,287.3401,6.6275935,11.448619,7.819415,8.402823,0.02141115,56.474014,-0.34800306,0,0,1,0.8186065239067744
1237662666426286469,247.530729378292,23.9258467560986,17.82299,16.66876,16.08785,15.79766,15.53189,4003,301,2,26,1771057650017003520,GALAXY,0.01485694,1573,53226,62,887969990.8937498,10001-12701,1-48157,133.371090612,57.5984251446,9.428999281013445,0.927642710084122,11754.1,AGBT17A_012_19,896.8291,1.4207177,-999.0,0.0137383435,8.670002,3.313165,0.14617112,10.35004,11955.675,47.163033,432.4681,303.13943,434.7268,307.13962,287.3401,6.6275935,11.448619,7.819415,8.402823,0.02141115,56.474014,-0.34800306,0,0,1,0.8186065239067744
1237655743481839788,224.64187685324,5.50957684644631,18.86676,17.08733,16.24156,15.82941,15.53104,2391,301,3,117,2060406801630783488,GALAXY,0.04530368,1830,54560,36,1016679229.9919379,10001-12701,1-48157,133.371090612,57.5984251446,9.428999281013445,0.927642710084122,11754.1,AGBT17A_012_19,896.8291,1.4207177,-999.0,0.0137383435,8.670002,3.313165,0.14617112,10.35004,11955.675,47.163033,432.4681,303.13943,434.7268,307.13962,287.3401,6.6275935,11.448619,7.819415,8.402823,0.02141115,56.474014,-0.34800306,0,0,1,0.8186065239067744
1237661851471249596,191.012470413126,45.1292714156155,17.32812,16.01983,15.42732,15.1014,14.87009,3813,301,4,255,1545956555873085440,GALAXY,0.02447244,1373,53063,349,311253592.62686837,10001-12701,1-48157,133.371090612,57.5984251446,9.428999281013445,0.927642710084122,11754.1,AGBT17A_012_19,896.8291,1.4207177,-999.0,0.0137383435,8.670002,3.313165,0.14617112,10.35004,11955.675,47.163033,432.4681,303.13943,434.7268,307.13962,287.3401,6.6275935,11.448619,7.819415,8.402823,0.02141115,56.474014,-0.34800306,0,0,1,0.8186065239067744
1237654604784861347,150.940368402367,3.67633666963454,16.92672,15.44655,14.73801,14.37565,14.06863,2126,301,2,212,644021382186821632,GALAXY,0.0290504,572,52289,24,961400261.9177161,10001-12701,1-48157,133.371090612,57.5984251446,9.428999281013445,0.927642710084122,11754.1,AGBT17A_012_19,896.8291,1.4207177,-999.0,0.0137383435,8.670002,3.313165,0.14617112,10.35004,11955.675,47.163033,432.4681,303.13943,434.7268,307.13962,287.3401,6.6275935,11.448619,7.819415,8.402823,0.02141115,56.474014,-0.34800306,0,0,1,0.8186065239067744
1237664814989115552,206.932636466137,3.92786686993135,18.49311,17.02996,16.25089,15.80564,15.42922,4503,301,4,109,962724449667278848,GALAXY,0.02437912,855,52375,291,752041483.5769134,10001-12701,1-48157,133.371090612,57.5984251446,9.428999281013445,0.927642710084122,11754.1,AGBT17A_012_19,896.8291,1.4207177,-999.0,0.0137383435,8.670002,3.313165,0.14617112,10.35004,11955.675,47.163033,432.4681,303.13943,434.7268,307.13962,287.3401,6.6275935,11.448619,7.819415,8.402823,0.02141115,56.474014,-0.34800306,0,0,1,0.8186065239067744
1237660634924449825,165.495812394322,45.2280320761381,15.03234,14.06,13.48808,13.21666,12.97369,3530,301,2,296,1616840421097367552,GALAXY,0.01999631,1436,53054,175,247311502.69026855,10001-12701,1-48157,133.371090612,57.5984251446,9.428999281013445,0.927642710084122,11754.1,AGBT17A_012_19,896.8291,1.4207177,-999.0,0.0137383435,8.670002,3.313165,0.14617112,10.35004,11955.675,47.163033,432.4681,303.13943,434.7268,307.13962,287.3401,6.6275935,11.448619,7.819415,8.402823,0.02141115,56.474014,-0.34800306,0,0,1,0.8186065239067744
1237660634927005771,173.618694558777,46.3605757929613,16.56776,14.97483,14.17363,13.80148,13.50418,3530,301,2,335,1623579052918990848,GALAXY,0.03384244,1442,53050,114,517930928.48645896,10001-12701,1-48157,133.371090612,57.5984251446,9.428999281013445,0.927642710084122,11754.1,AGBT17A_012_19,896.8291,1.4207177,-999.0,0.0137383435,8.670002,3.313165,0.14617112,10.35004,11955.675,47.163033,432.4681,303.13943,434.7268,307.13962,287.3401,6.6275935,11.448619,7.819415,8.402823,0.02141115,56.474014,-0.34800306,0,0,1,0.8186065239067744
1237657629507059993,121.489680636383,30.3718140853985,17.49305,15.63068,14.69932,14.1828,13.75488,2830,301,4,82,968412772134053888,GALAXY,0.03635749,860,52319,505,1232844746.938895,10001-12701,1-48157,133.371090612,57.5984251446,9.428999281013445,0.927642710084122,11754.1,AGBT17A_012_19,896.8291,1.4207177,-999.0,0.0137383435,8.670002,3.313165,0.14617112,10.35004,11955.675,47.163033,432.4681,303.13943,434.7268,307.13962,287.3401,6.6275935,11.448619,7.819415,8.402823,0.02141115,56.474014,-0.34800306,0,0,1,0.8186065239067744
1237666214607323501,18.1583475262095,15.5510524159748,18.36201,16.78166,16.18725,15.84133,15.5657,4829,301,3,44,475284547332761600,GALAXY,0.04287472,422,51811,563,772874229.0078701,10001-12701,1-48157,133.371090612,57.5984251446,9.428999281013445,0.927642710084122,11754.1,AGBT17A_012_19,896.8291,1.4207177,-999.0,0.0137383435,8.670002,3.313165,0.14617112,10.35004,11955.675,47.163033,432.4681,303.13943,434.7268,307.13962,287.3401,6.6275935,11.448619,7.819415,8.402823,0.02141115,56.474014,-0.34800306,0,0,1,0.8186065239067744
1237666214607323567,18.1831806483249,15.5893545198584,19.06813,17.34296,16.50597,16.0696,15.75505,4829,301,3,44,476344476709709824,GALAXY,0.04299866,423,51821,323,1084540351.2472327,10001-12701,1-48157,133.371090612,57.5984251446,9.428999281013445,0.927642710084122,11754.1,AGBT17A_012_19,896.8291,1.4207177,-999.0,0.0137383435,8.670002,3.313165,0.14617112,10.35004,11955.675,47.163033,432.4681,303.13943,434.7268,307.13962,287.3401,6.6275935,11.448619,7.819415,8.402823,0.02141115,56.474014,-0.34800306,0,0,1,0.8186065239067744
1237666301628317703,47.9148602583622,0.781697183195074,17.9934,16.69447,16.07561,15.72701,15.43855,4849,301,5,775,464017309426542592,GALAXY,0.02704466,412,52258,533,157173782.36028743,10001-12701,1-48157,133.371090612,57.5984251446,9.428999281013445,0.927642710084122,11754.1,AGBT17A_012_19,896.8291,1.4207177,-999.0,0.0137383435,8.670002,3.313165,0.14617112,10.35004,11955.675,47.163033,432.4681,303.13943,434.7268,307.13962,287.3401,6.6275935,11.448619,7.819415,8.402823,0.02141115,56.474014,-0.34800306,0,0,1,0.8186065239067744
1237673807044411696,121.733211965699,18.2225967464426,17.81718,16.69269,16.16137,15.90204,15.68162,6597,301,1,176,2343145097018763264,GALAXY,0.01603093,2081,53357,536,29495867.293334782,10001-12701,1-48157,133.371090612,57.5984251446,9.428999281013445,0.927642710084122,11754.1,AGBT17A_012_19,896.8291,1.4207177,-999.0,0.0137383435,8.670002,3.313165,0.14617112,10.35004,11955.675,47.163033,432.4681,303.13943,434.7268,307.13962,287.3401,6.6275935,11.448619,7.819415,8.402823,0.02141115,56.474014,-0.34800306,0,0,1,0.8186065239067744
1237664091823538292,126.621525930862,22.2611797184154,16.62492,15.48746,14.87938,14.51843,14.21069,4335,301,1,102,2169767230999390208,GALAXY,0.02846304,1927,53321,575,652828111.7720599,10001-12701,1-48157,133.371090612,57.5984251446,9.428999281013445,0.927642710084122,11754.1,AGBT17A_012_19,896.8291,1.4207177,-999.0,0.0137383435,8.670002,3.313165,0.14617112,10.35004,11955.675,47.163033,432.4681,303.13943,434.7268,307.13962,287.3401,6.6275935,11.448619,7.819415,8.402823,0.02141115,56.474014,-0.34800306,0,0,1,0.8186065239067744
1237657071160590453,30.8167785512933,0.298846609044782,16.87837,14.9956,14.14371,13.69337,13.35858,2700,301,4,71,789404855079823360,GALAXY,0.04279368,701,52179,542,1069483020.3911946,10001-12701,1-48157,133.371090612,57.5984251446,9.428999281013445,0.927642710084122,11754.1,AGBT17A_012_19,896.8291,1.4207177,-999.0,0.0137383435,8.670002,3.313165,0.14617112,10.35004,11955.675,47.163033,432.4681,303.13943,434.7268,307.13962,287.3401,6.6275935,11.448619,7.819415,8.402823,0.02141115,56.474014,-0.34800306,0,0,1,0.8186065239067744
1237657071162622114,35.4188385006162,0.255257524056362,17.01005,15.09622,14.24748,13.8441,13.53575,2700,301,4,102,792751219155167232,GALAXY,0.02497962,704,52205,428,936442220.3618175,10001-12701,1-48157,133.371090612,57.5984251446,9.428999281013445,0.927642710084122,11754.1,AGBT17A_012_19,896.8291,1.4207177,-999.0,0.0137383435,8.670002,3.313165,0.14617112,10.35004,11955.675,47.163033,432.4681,303.13943,434.7268,307.13962,287.3401,6.6275935,11.448619,7.819415,8.402823,0.02141115,56.474014,-0.34800306,0,0,1,0.8186065239067744
1237659133284450357,223.5885184295,48.9911439349047,18.16288,17.15154,16.70625,16.39254,16.14536,3180,301,5,112,1180102302581680128,GALAXY,0.03626924,1048,52736,579,674485916.4280051,10001-12701,1-48157,133.371090612,57.5984251446,9.428999281013445,0.927642710084122,11754.1,AGBT17A_012_19,896.8291,1.4207177,-999.0,0.0137383435,8.670002,3.313165,0.14617112,10.35004,11955.675,47.163033,432.4681,303.13943,434.7268,307.13962,287.3401,6.6275935,11.448619,7.819415,8.402823,0.02141115,56.474014,-0.34800306,0,0,1,0.8186065239067744
1237653665255522596,142.359255106188,2.07071193870609,19.30602,17.58184,16.68135,16.22974,15.90961,1907,301,4,132,534943501083764736,GALAXY,0.02265959,475,51965,513,971507237.423824,10001-12701,1-48157,133.371090612,57.5984251446,9.428999281013445,0.927642710084122,11754.1,AGBT17A_012_19,896.8291,1.4207177,-999.0,0.0137383435,8.670002,3.313165,0.14617112,10.35004,11955.675,47.163033,432.4681,303.13943,434.7268,307.13962,287.3401,6.6275935,11.448619,7.819415,8.402823,0.02141115,56.474014,-0.34800306,0,0,1,0.8186065239067744
1237648722827870327,149.205825976946,1.12050108519128,18.66943,16.8495,16.00342,15.59754,15.29298,756,301,6,223,301852802861262848,GALAXY,0.04704995,268,51633,406,1027404999.9167869,10001-12701,1-48157,133.371090612,57.5984251446,9.428999281013445,0.927642710084122,11754.1,AGBT17A_012_19,896.8291,1.4207177,-999.0,0.0137383435,8.670002,3.313165,0.14617112,10.35004,11955.675,47.163033,432.4681,303.13943,434.7268,307.13962,287.3401,6.6275935,11.448619,7.819415,8.402823,0.02141115,56.474014,-0.34800306,0,0,1,0.8186065239067744
1237659326029430852,247.333316601429,39.4289977860626,16.86409,14.95488,14.11412,13.69754,13.37619,3225,301,4,239,1319573978561406976,GALAXY,0.02775308,1172,52759,70,434599946.7626321,10001-12701,1-48157,133.371090612,57.5984251446,9.428999281013445,0.927642710084122,11754.1,AGBT17A_012_19,896.8291,1.4207177,-999.0,0.0137383435,8.670002,3.313165,0.14617112,10.35004,11955.675,47.163033,432.4681,303.13943,434.7268,307.13962,287.3401,6.6275935,11.448619,7.819415,8.402823,0.02141115,56.474014,-0.34800306,0,0,1,0.8186065239067744
1237661434312261795,197.930191449793,46.5807906307233,18.2405,16.84061,16.10364,15.75326,15.48314,3716,301,3,98,1645049491553806336,GALAXY,0.02939972,1461,53062,399,287326875.1022052,10001-12701,1-48157,133.371090612,57.5984251446,9.428999281013445,0.927642710084122,11754.1,AGBT17A_012_19,896.8291,1.4207177,-999.0,0.0137383435,8.670002,3.313165,0.14617112,10.35004,11955.675,47.163033,432.4681,303.13943,434.7268,307.13962,287.3401,6.6275935,11.448619,7.819415,8.402823,0.02141115,56.474014,-0.34800306,0,0,1,0.8186065239067744
1237664853654503585,240.156221596632,24.0467838867781,17.54736,15.55176,14.62411,14.1817,13.8405,4512,301,4,272,2084178225642104832,GALAXY,0.05629403,1851,53524,500,1285442272.5319045,10001-12701,1-48157,133.371090612,57.5984251446,9.428999281013445,0.927642710084122,11754.1,AGBT17A_012_19,896.8291,1.4207177,-999.0,0.0137383435,8.670002,3.313165,0.14617112,10.35004,11955.675,47.163033,432.4681,303.13943,434.7268,307.13962,287.3401,6.6275935,11.448619,7.819415,8.402823,0.02141115,56.474014,-0.34800306,0,0,1,0.8186065239067744
1237649920575144013,12.2653815073816,15.4855283865924,17.36482,16.3923,15.88331,15.64572,15.44761,1035,301,5,44,472982995624552448,GALAXY,0.01825912,420,51871,382,809383099.7136061,10001-12701,1-48157,133.371090612,57.5984251446,9.428999281013445,0.927642710084122,11754.1,AGBT17A_012_19,896.8291,1.4207177,-999.0,0.0137383435,8.670002,3.313165,0.14617112,10.35004,11955.675,47.163033,432.4681,303.13943,434.7268,307.13962,287.3401,6.6275935,11.448619,7.819415,8.402823,0.02141115,56.474014,-0.34800306,0,0,1,0.8186065239067744
1237648722291392551,150.101524252211,0.704590919788355,16.81395,14.94518,14.10857,13.67011,13.35343,756,301,5,229,301889911378700288,GALAXY,0.03337267,268,51633,541,1027817529.5292813,10001-12701,1-48157,133.371090612,57.5984251446,9.428999281013445,0.927642710084122,11754.1,AGBT17A_012_19,896.8291,1.4207177,-999.0,0.0137383435,8.670002,3.313165,0.14617112,10.35004,11955.675,47.163033,432.4681,303.13943,434.7268,307.13962,287.3401,6.6275935,11.448619,7.819415,8.402823,0.02141115,56.474014,-0.34800306,0,0,1,0.8186065239067744
1237662498390802695,227.360438142422,42.5954351156682,17.35027,16.28469,15.84786,15.63733,15.4451,3964,301,1,104,1453703126803572736,GALAXY,0.01746876,1291,52738,605,682736508.6778889,10001-12701,1-48157,133.371090612,57.5984251446,9.428999281013445,0.927642710084122,11754.1,AGBT17A_012_19,896.8291,1.4207177,-999.0,0.0137383435,8.670002,3.313165,0.14617112,10.35004,11955.675,47.163033,432.4681,303.13943,434.7268,307.13962,287.3401,6.6275935,11.448619,7.819415,8.402823,0.02141115,56.474014,-0.34800306,0,0,1,0.8186065239067744
1237672764445032575,351.201018609174,15.0000572215513,16.73087,14.88484,14.03387,13.60406,13.24756,6354,301,3,236,840026921168300032,GALAXY,0.03072431,746,52238,384,1203348879.6455603,10001-12701,1-48157,133.371090612,57.5984251446,9.428999281013445,0.927642710084122,11754.1,AGBT17A_012_19,896.8291,1.4207177,-999.0,0.0137383435,8.670002,3.313165,0.14617112,10.35004,11955.675,47.163033,432.4681,303.13943,434.7268,307.13962,287.3401,6.6275935,11.448619,7.819415,8.402823,0.02141115,56.474014,-0.34800306,0,0,1,0.8186065239067744
1237662305122648360,231.872180342861,30.7783159090883,18.09067,16.30005,15.47569,15.06093,14.73193,3919,301,1,186,1857895977994708992,GALAXY,0.05362659,1650,53174,586,1365266752.5495307,10001-12701,1-48157,133.371090612,57.5984251446,9.428999281013445,0.927642710084122,11754.1,AGBT17A_012_19,896.8291,1.4207177,-999.0,0.0137383435,8.670002,3.313165,0.14617112,10.35004,11955.675,47.163033,432.4681,303.13943,434.7268,307.13962,287.3401,6.6275935,11.448619,7.819415,8.402823,0.02141115,56.474014,-0.34800306,0,0,1,0.8186065239067744
1237663531332993312,123.259926756475,53.5193641813365,18.95088,17.24034,16.39699,15.9112,15.50025,4204,301,5,143,2005340214465161216,GALAXY,0.04179953,1781,53297,409,483278441.0369468,10001-12701,1-48157,133.371090612,57.5984251446,9.428999281013445,0.927642710084122,11754.1,AGBT17A_012_19,896.8291,1.4207177,-999.0,0.0137383435,8.670002,3.313165,0.14617112,10.35004,11955.675,47.163033,432.4681,303.13943,434.7268,307.13962,287.3401,6.6275935,11.448619,7.819415,8.402823,0.02141115,56.474014,-0.34800306,0,0,1,0.8186065239067744
1237667448885215273,204.806909987265,24.8930731014003,18.04436,16.51736,15.82705,15.49202,15.2113,5116,301,6,222,2528839698567161856,GALAXY,0.02820624,2246,53767,249,1356397365.8809059,10001-12701,1-48157,133.371090612,57.5984251446,9.428999281013445,0.927642710084122,11754.1,AGBT17A_012_19,896.8291,1.4207177,-999.0,0.0137383435,8.670002,3.313165,0.14617112,10.35004,11955.675,47.163033,432.4681,303.13943,434.7268,307.13962,287.3401,6.6275935,11.448619,7.819415,8.402823,0.02141115,56.474014,-0.34800306,0,0,1,0.8186065239067744
1237662306736472253,239.752716234084,27.9853893106988,18.77192,16.94462,16.11251,15.63779,15.28262,3919,301,4,235,1567353597862111232,GALAXY,0.05140398,1392,52822,367,1293692864.7817883,10001-12701,1-48157,133.371090612,57.5984251446,9.428999281013445,0.927642710084122,11754.1,AGBT17A_012_19,896.8291,1.4207177,-999.0,0.0137383435,8.670002,3.313165,0.14617112,10.35004,11955.675,47.163033,432.4681,303.13943,434.7268,307.13962,287.3401,6.6275935,11.448619,7.819415,8.402823,0.02141115,56.474014,-0.34800306,0,0,1,0.8186065239067744
1237654604782502118,145.613339103639,3.34711750855639,17.12016,15.82416,15.37889,15.12542,14.91427,2126,301,2,176,641814661963999232,GALAXY,0.02397294,570,52266,188,710169727.9087528,10001-12701,1-48157,133.371090612,57.5984251446,9.428999281013445,0.927642710084122,11754.1,AGBT17A_012_19,896.8291,1.4207177,-999.0,0.0137383435,8.670002,3.313165,0.14617112,10.35004,11955.675,47.163033,432.4681,303.13943,434.7268,307.13962,287.3401,6.6275935,11.448619,7.819415,8.402823,0.02141115,56.474014,-0.34800306,0,0,1,0.8186065239067744
1237663787415437700,114.924480900334,45.9126113539029,17.3475,15.30285,14.35838,13.91167,13.56013,4264,301,2,67,2102087617318250496,GALAXY,0.03198338,1867,53317,118,178625322.20998544,10001-12701,1-48157,133.371090612,57.5984251446,9.428999281013445,0.927642710084122,11754.1,AGBT17A_012_19,896.8291,1.4207177,-999.0,0.0137383435,8.670002,3.313165,0.14617112,10.35004,11955.675,47.163033,432.4681,303.13943,434.7268,307.13962,287.3401,6.6275935,11.448619,7.819415,8.402823,0.02141115,56.474014,-0.34800306,0,0,1,0.8186065239067744
1237667448884428909,202.934297474388,25.1396652955651,17.90519,16.72207,16.25072,15.97123,15.73701,5116,301,6,210,2527700886797445120,GALAXY,0.0397968,2245,54208,202,920353565.4745439,10001-12701,1-48157,133.371090612,57.5984251446,9.428999281013445,0.927642710084122,11754.1,AGBT17A_012_19,896.8291,1.4207177,-999.0,0.0137383435,8.670002,3.313165,0.14617112,10.35004,11955.675,47.163033,432.4681,303.13943,434.7268,307.13962,287.3401,6.6275935,11.448619,7.819415,8.402823,0.02141115,56.474014,-0.34800306,0,0,1,0.8186065239067744
1237651225709576297,259.099947154139,57.4227192339861,18.87344,17.65741,16.8584,16.40035,16.05296,1339,301,4,63,399742050804721664,GALAXY,0.02930426,355,51788,173,63735825.13035277,10001-12701,1-48157,133.371090612,57.5984251446,9.428999281013445,0.927642710084122,11754.1,AGBT17A_012_19,896.8291,1.4207177,-999.0,0.0137383435,8.670002,3.313165,0.14617112,10.35004,11955.675,47.163033,432.4681,303.13943,434.7268,307.13962,287.3401,6.6275935,11.448619,7.819415,8.402823,0.02141115,56.474014,-0.34800306,0,0,1,0.8186065239067744
1237662307273277730,239.838180453365,28.3912985616301,16.99892,15.94927,15.55622,15.34743,15.20617,3919,301,5,234,1566288995644631040,GALAXY,0.02145701,1391,52817,590,893332875.8561743,10001-12701,1-48157,133.371090612,57.5984251446,9.428999281013445,0.927642710084122,11754.1,AGBT17A_012_19,896.8291,1.4207177,-999.0,0.0137383435,8.670002,3.313165,0.14617112,10.35004,11955.675,47.163033,432.4681,303.13943,434.7268,307.13962,287.3401,6.6275935,11.448619,7.819415,8.402823,0.02141115,56.474014,-0.34800306,0,0,1,0.8186065239067744
1237662307274653752,242.751024239461,26.6428656491378,18.2635,16.21304,15.10894,14.53399,14.1264,3919,301,5,255,1568527876314130432,GALAXY,0.03119766,1393,52824,543,890238903.7624679,10001-12701,1-48157,133.371090612,57.5984251446,9.428999281013445,0.927642710084122,11754.1,AGBT17A_012_19,896.8291,1.4207177,-999.0,0.0137383435,8.670002,3.313165,0.14617112,10.35004,11955.675,47.163033,432.4681,303.13943,434.7268,307.13962,287.3401,6.6275935,11.448619,7.819415,8.402823,0.02141115,56.474014,-0.34800306,0,0,1,0.8186065239067744
1237658613056733296,176.288584887456,49.7187837348816,16.32521,14.34883,13.47762,13.0106,12.71802,3059,301,4,115,1088894512845056000,GALAXY,0.03220984,967,52636,543,36096341.09324186,10001-12701,1-48157,133.371090612,57.5984251446,9.428999281013445,0.927642710084122,11754.1,AGBT17A_012_19,896.8291,1.4207177,-999.0,0.0137383435,8.670002,3.313165,0.14617112,10.35004,11955.675,47.163033,432.4681,303.13943,434.7268,307.13962,287.3401,6.6275935,11.448619,7.819415,8.402823,0.02141115,56.474014,-0.34800306,0,0,1,0.8186065239067744
1237658613050179717,154.594481981841,45.9546514277794,16.70233,14.94203,14.09202,13.67193,13.31535,3059,301,4,15,1062986445112764416,GALAXY,0.02501919,944,52614,498,333323926.8953077,10001-12701,1-48157,133.371090612,57.5984251446,9.428999281013445,0.927642710084122,11754.1,AGBT17A_012_19,896.8291,1.4207177,-999.0,0.0137383435,8.670002,3.313165,0.14617112,10.35004,11955.675,47.163033,432.4681,303.13943,434.7268,307.13962,287.3401,6.6275935,11.448619,7.819415,8.402823,0.02141115,56.474014,-0.34800306,0,0,1,0.8186065239067744
1237659325487055064,234.604646015282,48.0559442345781,18.63117,17.37778,16.90698,16.6631,16.51187,3225,301,3,155,1313975265000450048,GALAXY,0.01852456,1167,52738,182,361375940.5449128,10001-12701,1-48157,133.371090612,57.5984251446,9.428999281013445,0.927642710084122,11754.1,AGBT17A_012_19,896.8291,1.4207177,-999.0,0.0137383435,8.670002,3.313165,0.14617112,10.35004,11955.675,47.163033,432.4681,303.13943,434.7268,307.13962,287.3401,6.6275935,11.448619,7.819415,8.402823,0.02141115,56.474014,-0.34800306,0,0,1,0.8186065239067744
1237654953745514869,257.427362676781,36.4149261924147,16.00836,14.75875,14.288,13.99263,13.80101,2207,301,4,129,3345066292422928384,GALAXY,0.02767251,2971,54590,64,117570939.56084493,10001-12701,1-48157,133.371090612,57.5984251446,9.428999281013445,0.927642710084122,11754.1,AGBT17A_012_19,896.8291,1.4207177,-999.0,0.0137383435,8.670002,3.313165,0.14617112,10.35004,11955.675,47.163033,432.4681,303.13943,434.7268,307.13962,287.3401,6.6275935,11.448619,7.819415,8.402823,0.02141115,56.474014,-0.34800306,0,0,1,0.8186065239067744
1237654953743351850,254.36144716038,40.7356257224666,16.58809,14.89835,14.09416,13.65036,13.29983,2207,301,4,96,710455245603366912,GALAXY,0.02898678,631,52079,45,95088075.67991142,10001-12701,1-48157,133.371090612,57.5984251446,9.428999281013445,0.927642710084122,11754.1,AGBT17A_012_19,896.8291,1.4207177,-999.0,0.0137383435,8.670002,3.313165,0.14617112,10.35004,11955.675,47.163033,432.4681,303.13943,434.7268,307.13962,287.3401,6.6275935,11.448619,7.819415,8.402823,0.02141115,56.474014,-0.34800306,0,0,1,0.8186065239067744
1237666299481817102,50.1606281960426,-1.03502647810018,17.29454,15.66387,14.94613,14.58544,14.33476,4849,301,1,790,465022530600593408,GALAXY,0.02100532,413,51821,94,160061489.64774677,10001-12701,1-48157,133.371090612,57.5984251446,9.428999281013445,0.927642710084122,11754.1,AGBT17A_012_19,896.8291,1.4207177,-999.0,0.0137383435,8.670002,3.313165,0.14617112,10.35004,11955.675,47.163033,432.4681,303.13943,434.7268,307.13962,287.3401,6.6275935,11.448619,7.819415,8.402823,0.02141115,56.474014,-0.34800306,0,0,1,0.8186065239067744
1237666299482407203,51.5812184225331,-0.912673652338543,19.11806,17.88067,17.28262,16.9456,16.7647,4849,301,1,799,466178393004599296,GALAXY,0.03721263,414,51869,203,167487022.67264226,10001-12701,1-48157,133.371090612,57.5984251446,9.428999281013445,0.927642710084122,11754.1,AGBT17A_012_19,896.8291,1.4207177,-999.0,0.0137383435,8.670002,3.313165,0.14617112,10.35004,11955.675,47.163033,432.4681,303.13943,434.7268,307.13962,287.3401,6.6275935,11.448619,7.819415,8.402823,0.02141115,56.474014,-0.34800306,0,0,1,0.8186065239067744
1237666299484963027,57.4586331685472,-0.845691801725968,19.33182,18.01134,17.3513,16.99067,16.74581,4849,301,1,838,1398405666120427520,GALAXY,0.0361867,1242,52901,138,173881231.66630223,10001-12701,1-48157,133.371090612,57.5984251446,9.428999281013445,0.927642710084122,11754.1,AGBT17A_012_19,896.8291,1.4207177,-999.0,0.0137383435,8.670002,3.313165,0.14617112,10.35004,11955.675,47.163033,432.4681,303.13943,434.7268,307.13962,287.3401,6.6275935,11.448619,7.819415,8.402823,0.02141115,56.474014,-0.34800306,0,0,1,0.8186065239067744
1237667442437193887,192.610916926326,26.7353251849131,19.37096,17.78149,17.07117,16.75282,16.51129,5115,301,2,137,2519783303515498496,GALAXY,0.01941372,2238,54205,70,1328757881.8437946,10001-12701,1-48157,133.371090612,57.5984251446,9.428999281013445,0.927642710084122,11754.1,AGBT17A_012_19,896.8291,1.4207177,-999.0,0.0137383435,8.670002,3.313165,0.14617112,10.35004,11955.675,47.163033,432.4681,303.13943,434.7268,307.13962,287.3401,6.6275935,11.448619,7.819415,8.402823,0.02141115,56.474014,-0.34800306,0,0,1,0.8186065239067744
1237663546898383137,117.472405344598,45.248489535826,17.32946,15.60774,14.81557,14.39796,14.0756,4208,301,2,84,1955712928451684352,GALAXY,0.03125906,1737,53055,90,192032534.6160467,10001-12701,1-48157,133.371090612,57.5984251446,9.428999281013445,0.927642710084122,11754.1,AGBT17A_012_19,896.8291,1.4207177,-999.0,0.0137383435,8.670002,3.313165,0.14617112,10.35004,11955.675,47.163033,432.4681,303.13943,434.7268,307.13962,287.3401,6.6275935,11.448619,7.819415,8.402823,0.02141115,56.474014,-0.34800306,0,0,1,0.8186065239067744
1237671940341629405,259.063794152183,64.4947981499487,19.49742,17.84315,17.09304,16.73142,16.44261,6162,301,4,136,394106777207072768,GALAXY,0.03512376,350,51691,152,104163727.15478367,10001-12701,1-48157,133.371090612,57.5984251446,9.428999281013445,0.927642710084122,11754.1,AGBT17A_012_19,896.8291,1.4207177,-999.0,0.0137383435,8.670002,3.313165,0.14617112,10.35004,11955.675,47.163033,432.4681,303.13943,434.7268,307.13962,287.3401,6.6275935,11.448619,7.819415,8.402823,0.02141115,56.474014,-0.34800306,0,0,1,0.8186065239067744
1237658203972305037,176.811170230031,49.1852612244183,17.67815,16.21063,15.66672,15.38552,15.19396,2964,301,2,286,1089956637319391232,GALAXY,0.0255278,968,52412,311,34652487.44951219,10001-12701,1-48157,133.371090612,57.5984251446,9.428999281013445,0.927642710084122,11754.1,AGBT17A_012_19,896.8291,1.4207177,-999.0,0.0137383435,8.670002,3.313165,0.14617112,10.35004,11955.675,47.163033,432.4681,303.13943,434.7268,307.13962,287.3401,6.6275935,11.448619,7.819415,8.402823,0.02141115,56.474014,-0.34800306,0,0,1,0.8186065239067744
1237657590859235470,181.013960837583,55.204929420598,17.29147,15.76597,15.11533,14.74384,14.5116,2821,301,4,187,1145215073006938112,GALAXY,0.01940999,1017,52706,636,40427902.024430886,10001-12701,1-48157,133.371090612,57.5984251446,9.428999281013445,0.927642710084122,11754.1,AGBT17A_012_19,896.8291,1.4207177,-999.0,0.0137383435,8.670002,3.313165,0.14617112,10.35004,11955.675,47.163033,432.4681,303.13943,434.7268,307.13962,287.3401,6.6275935,11.448619,7.819415,8.402823,0.02141115,56.474014,-0.34800306,0,0,1,0.8186065239067744
1237657590849404986,145.943826073779,48.2907153305455,16.92327,15.77476,15.24874,14.97742,14.7558,2821,301,4,37,1131614114121017344,GALAXY,0.02502751,1005,52703,308,234935614.31544277,10001-12701,1-48157,133.371090612,57.5984251446,9.428999281013445,0.927642710084122,11754.1,AGBT17A_012_19,896.8291,1.4207177,-999.0,0.0137383435,8.670002,3.313165,0.14617112,10.35004,11955.675,47.163033,432.4681,303.13943,434.7268,307.13962,287.3401,6.6275935,11.448619,7.819415,8.402823,0.02141115,56.474014,-0.34800306,0,0,1,0.8186065239067744
1237662697567092813,222.034910041197,31.7103530198328,17.2123,15.4262,14.59486,14.14818,13.78786,4010,301,4,61,2074054746821388288,GALAXY,0.03283615,1842,53501,535,1261721819.8134885,10001-12701,1-48157,133.371090612,57.5984251446,9.428999281013445,0.927642710084122,11754.1,AGBT17A_012_19,896.8291,1.4207177,-999.0,0.0137383435,8.670002,3.313165,0.14617112,10.35004,11955.675,47.163033,432.4681,303.13943,434.7268,307.13962,287.3401,6.6275935,11.448619,7.819415,8.402823,0.02141115,56.474014,-0.34800306,0,0,1,0.8186065239067744
1237651226246185083,259.682197409455,58.13511677385,16.35298,14.60834,13.77061,13.32656,13.00992,1339,301,5,59,399840731973314560,GALAXY,0.02908145,355,51788,532,460383047.5435191,10001-12701,1-48157,133.371090612,57.5984251446,9.428999281013445,0.927642710084122,11754.1,AGBT17A_012_19,896.8291,1.4207177,-999.0,0.0137383435,8.670002,3.313165,0.14617112,10.35004,11955.675,47.163033,432.4681,303.13943,434.7268,307.13962,287.3401,6.6275935,11.448619,7.819415,8.402823,0.02141115,56.474014,-0.34800306,0,0,1,0.8186065239067744
1237651226246316520,259.833124550106,57.900282916921,17.53213,15.95933,15.12947,14.69761,14.3337,1339,301,5,61,399851452211685376,GALAXY,0.02894859,355,51788,571,463064490.0247313,10001-12701,1-48157,133.371090612,57.5984251446,9.428999281013445,0.927642710084122,11754.1,AGBT17A_012_19,896.8291,1.4207177,-999.0,0.0137383435,8.670002,3.313165,0.14617112,10.35004,11955.675,47.163033,432.4681,303.13943,434.7268,307.13962,287.3401,6.6275935,11.448619,7.819415,8.402823,0.02141115,56.474014,-0.34800306,0,0,1,0.8186065239067744
1237651226246644065,260.228153522384,57.0979663046759,17.4806,15.57026,14.66482,14.16281,13.76261,1339,301,5,66,399713738380306432,GALAXY,0.02746818,355,51788,70,145004158.79170874,10001-12701,1-48157,133.371090612,57.5984251446,9.428999281013445,0.927642710084122,11754.1,AGBT17A_012_19,896.8291,1.4207177,-999.0,0.0137383435,8.670002,3.313165,0.14617112,10.35004,11955.675,47.163033,432.4681,303.13943,434.7268,307.13962,287.3401,6.6275935,11.448619,7.819415,8.402823,0.02141115,56.474014,-0.34800306,0,0,1,0.8186065239067744
1237664852573421632,222.810025932435,30.6922346447944,16.69146,14.57288,13.694,13.23039,12.98631,4512,301,2,160,2075078397431670784,GALAXY,0.05471982,1843,53816,163,1260484230.9760058,10001-12701,1-48157,133.371090612,57.5984251446,9.428999281013445,0.927642710084122,11754.1,AGBT17A_012_19,896.8291,1.4207177,-999.0,0.0137383435,8.670002,3.313165,0.14617112,10.35004,11955.675,47.163033,432.4681,303.13943,434.7268,307.13962,287.3401,6.6275935,11.448619,7.819415,8.402823,0.02141115,56.474014,-0.34800306,0,0,1,0.8186065239067744
1237661381695242384,137.944411937061,30.6766665659378,18.55883,16.75643,15.85959,15.41467,15.01848,3704,301,1,42,2179864321306159104,GALAXY,0.04802323,1936,53330,444,1093822267.528352,10001-12701,1-48157,133.371090612,57.5984251446,9.428999281013445,0.927642710084122,11754.1,AGBT17A_012_19,896.8291,1.4207177,-999.0,0.0137383435,8.670002,3.313165,0.14617112,10.35004,11955.675,47.163033,432.4681,303.13943,434.7268,307.13962,287.3401,6.6275935,11.448619,7.819415,8.402823,0.02141115,56.474014,-0.34800306,0,0,1,0.8186065239067744
1237661381699174612,147.550319165677,34.6986610583253,18.45932,16.7928,16.14864,15.81377,15.56809,3704,301,1,102,2190018587022878720,GALAXY,0.03828187,1945,53387,521,966556882.0738935,10001-12701,1-48157,133.371090612,57.5984251446,9.428999281013445,0.927642710084122,11754.1,AGBT17A_012_19,896.8291,1.4207177,-999.0,0.0137383435,8.670002,3.313165,0.14617112,10.35004,11955.675,47.163033,432.4681,303.13943,434.7268,307.13962,287.3401,6.6275935,11.448619,7.819415,8.402823,0.02141115,56.474014,-0.34800306,0,0,1,0.8186065239067744
1237666300553724040,46.0210840143279,-0.0860388099793645,18.42039,17.18672,16.67668,16.376,16.18245,4849,301,3,762,462794095341889536,GALAXY,0.03873811,411,51817,179,624982362.928702,10001-12701,1-48157,133.371090612,57.5984251446,9.428999281013445,0.927642710084122,11754.1,AGBT17A_012_19,896.8291,1.4207177,-999.0,0.0137383435,8.670002,3.313165,0.14617112,10.35004,11955.675,47.163033,432.4681,303.13943,434.7268,307.13962,287.3401,6.6275935,11.448619,7.819415,8.402823,0.02141115,56.474014,-0.34800306,0,0,1,0.8186065239067744
1237661382772195474,145.267149111579,34.7329058161616,17.27209,15.47511,14.62752,14.14643,13.79262,3704,301,3,91,6528114001054029824,GALAXY,0.05000554,5798,56326,532,1006984784.0983244,10001-12701,1-48157,133.371090612,57.5984251446,9.428999281013445,0.927642710084122,11754.1,AGBT17A_012_19,896.8291,1.4207177,-999.0,0.0137383435,8.670002,3.313165,0.14617112,10.35004,11955.675,47.163033,432.4681,303.13943,434.7268,307.13962,287.3401,6.6275935,11.448619,7.819415,8.402823,0.02141115,56.474014,-0.34800306,0,0,1,0.8186065239067744
1237662336256114733,241.834249811948,30.4795935916782,17.29862,15.98814,15.33936,15.03108,14.76065,3926,301,3,109,1581914705293764608,GALAXY,0.021856,1405,52826,92,1269766147.2571254,10001-12701,1-48157,133.371090612,57.5984251446,9.428999281013445,0.927642710084122,11754.1,AGBT17A_012_19,896.8291,1.4207177,-999.0,0.0137383435,8.670002,3.313165,0.14617112,10.35004,11955.675,47.163033,432.4681,303.13943,434.7268,307.13962,287.3401,6.6275935,11.448619,7.819415,8.402823,0.02141115,56.474014,-0.34800306,0,0,1,0.8186065239067744
1237662337870004578,249.177152419589,26.5587005991385,18.71292,17.19283,16.58025,16.2236,15.96536,3926,301,6,159,3319176641258743808,GALAXY,0.04227559,2948,54553,86,1011728874.6420077,10001-12701,1-48157,133.371090612,57.5984251446,9.428999281013445,0.927642710084122,11754.1,AGBT17A_012_19,896.8291,1.4207177,-999.0,0.0137383435,8.670002,3.313165,0.14617112,10.35004,11955.675,47.163033,432.4681,303.13943,434.7268,307.13962,287.3401,6.6275935,11.448619,7.819415,8.402823,0.02141115,56.474014,-0.34800306,0,0,1,0.8186065239067744
1237653665250869466,131.691825939353,1.83081214449744,17.2982,15.33184,14.45169,14.01848,13.70262,1907,301,4,61,525919258325051392,GALAXY,0.05049159,467,51901,451,1009666226.5795367,10001-12701,1-48157,133.371090612,57.5984251446,9.428999281013445,0.927642710084122,11754.1,AGBT17A_012_19,896.8291,1.4207177,-999.0,0.0137383435,8.670002,3.313165,0.14617112,10.35004,11955.675,47.163033,432.4681,303.13943,434.7268,307.13962,287.3401,6.6275935,11.448619,7.819415,8.402823,0.02141115,56.474014,-0.34800306,0,0,1,0.8186065239067744
1237653665252507939,135.467034414975,1.99326979300924,18.78547,16.74418,15.80197,15.34592,15.00562,1907,301,4,86,530393721280161792,GALAXY,0.05681482,471,51924,345,1104341772.6469538,10001-12701,1-48157,133.371090612,57.5984251446,9.428999281013445,0.927642710084122,11754.1,AGBT17A_012_19,896.8291,1.4207177,-999.0,0.0137383435,8.670002,3.313165,0.14617112,10.35004,11955.675,47.163033,432.4681,303.13943,434.7268,307.13962,287.3401,6.6275935,11.448619,7.819415,8.402823,0.02141115,56.474014,-0.34800306,0,0,1,0.8186065239067744
1237653665255129113,141.447761056503,2.08961230424928,16.43294,14.51094,13.62543,13.15792,12.75434,1907,301,4,126,534911340368652288,GALAXY,0.02432023,475,51965,396,708519609.458776,10001-12701,1-48157,133.371090612,57.5984251446,9.428999281013445,0.927642710084122,11754.1,AGBT17A_012_19,896.8291,1.4207177,-999.0,0.0137383435,8.670002,3.313165,0.14617112,10.35004,11955.675,47.163033,432.4681,303.13943,434.7268,307.13962,287.3401,6.6275935,11.448619,7.819415,8.402823,0.02141115,56.474014,-0.34800306,0,0,1,0.8186065239067744
1237667549809999931,169.299216846394,23.5856608874378,17.19029,16.25165,16.06506,15.88825,15.81544,5140,301,2,116,2806909768482973696,GALAXY,0.04205955,2493,54115,150,846098235.2255893,10001-12701,1-48157,133.371090612,57.5984251446,9.428999281013445,0.927642710084122,11754.1,AGBT17A_012_19,896.8291,1.4207177,-999.0,0.0137383435,8.670002,3.313165,0.14617112,10.35004,11955.675,47.163033,432.4681,303.13943,434.7268,307.13962,287.3401,6.6275935,11.448619,7.819415,8.402823,0.02141115,56.474014,-0.34800306,0,0,1,0.8186065239067744
1237660339089899560,43.777490278468,-0.162503037766976,18.09515,16.16555,15.25187,14.80111,14.47798,3461,301,3,11,461663798395168768,GALAXY,0.028002,410,51877,163,1298230690.5192244,10001-12701,1-48157,133.371090612,57.5984251446,9.428999281013445,0.927642710084122,11754.1,AGBT17A_012_19,896.8291,1.4207177,-999.0,0.0137383435,8.670002,3.313165,0.14617112,10.35004,11955.675,47.163033,432.4681,303.13943,434.7268,307.13962,287.3401,6.6275935,11.448619,7.819415,8.402823,0.02141115,56.474014,-0.34800306,0,0,1,0.8186065239067744
1237667444585726083,195.412866869229,28.2458768145877,18.62891,17.19288,16.55649,16.25383,16.02692,5115,301,6,153,2523300915486681088,GALAXY,0.02533837,2241,54169,579,1338246062.9311612,10001-12701,1-48157,133.371090612,57.5984251446,9.428999281013445,0.927642710084122,11754.1,AGBT17A_012_19,896.8291,1.4207177,-999.0,0.0137383435,8.670002,3.313165,0.14617112,10.35004,11955.675,47.163033,432.4681,303.13943,434.7268,307.13962,287.3401,6.6275935,11.448619,7.819415,8.402823,0.02141115,56.474014,-0.34800306,0,0,1,0.8186065239067744
1237652942089945451,332.798730549115,11.8007452777269,17.46576,15.70467,14.88309,14.46346,14.13999,1739,301,1,125,827548568419067904,GALAXY,0.0270248,735,52519,44,139435009.02303714,10001-12701,1-48157,133.371090612,57.5984251446,9.428999281013445,0.927642710084122,11754.1,AGBT17A_012_19,896.8291,1.4207177,-999.0,0.0137383435,8.670002,3.313165,0.14617112,10.35004,11955.675,47.163033,432.4681,303.13943,434.7268,307.13962,287.3401,6.6275935,11.448619,7.819415,8.402823,0.02141115,56.474014,-0.34800306,0,0,1,0.8186065239067744
1237653650767610012,15.0658129054598,13.7636490173074,18.55378,17.16236,16.43126,16.01761,15.70824,1904,301,1,248,474063264959981568,GALAXY,0.04031654,421,51821,216,1082890232.797256,10001-12701,1-48157,133.371090612,57.5984251446,9.428999281013445,0.927642710084122,11754.1,AGBT17A_012_19,896.8291,1.4207177,-999.0,0.0137383435,8.670002,3.313165,0.14617112,10.35004,11955.675,47.163033,432.4681,303.13943,434.7268,307.13962,287.3401,6.6275935,11.448619,7.819415,8.402823,0.02141115,56.474014,-0.34800306,0,0,1,0.8186065239067744
1237653650772722004,27.0150293468788,12.9346206112617,18.19527,16.85272,16.25242,15.94497,16.01543,1904,301,1,326,483045450308413440,GALAXY,0.01746826,429,51820,125,813302131.032301,10001-12701,1-48157,133.371090612,57.5984251446,9.428999281013445,0.927642710084122,11754.1,AGBT17A_012_19,896.8291,1.4207177,-999.0,0.0137383435,8.670002,3.313165,0.14617112,10.35004,11955.675,47.163033,432.4681,303.13943,434.7268,307.13962,287.3401,6.6275935,11.448619,7.819415,8.402823,0.02141115,56.474014,-0.34800306,0,0,1,0.8186065239067744
1237663784747729004,30.7626036909019,0.567900231794895,18.31817,16.96595,16.49896,16.24732,16.08867,4263,301,5,321,454983164654282752,GALAXY,0.04272131,404,51812,435,1068657961.1662064,10001-12701,1-48157,133.371090612,57.5984251446,9.428999281013445,0.927642710084122,11754.1,AGBT17A_012_19,896.8291,1.4207177,-999.0,0.0137383435,8.670002,3.313165,0.14617112,10.35004,11955.675,47.163033,432.4681,303.13943,434.7268,307.13962,287.3401,6.6275935,11.448619,7.819415,8.402823,0.02141115,56.474014,-0.34800306,0,0,1,0.8186065239067744
1237666299483390121,53.7801370041799,-0.877178490100109,18.89476,17.41405,16.89766,16.61313,16.51883,4849,301,1,814,467261136090195968,GALAXY,0.03693101,415,51810,46,206264806.24709636,10001-12701,1-48157,133.371090612,57.5984251446,9.428999281013445,0.927642710084122,11754.1,AGBT17A_012_19,896.8291,1.4207177,-999.0,0.0137383435,8.670002,3.313165,0.14617112,10.35004,11955.675,47.163033,432.4681,303.13943,434.7268,307.13962,287.3401,6.6275935,11.448619,7.819415,8.402823,0.02141115,56.474014,-0.34800306,0,0,1,0.8186065239067744
1237657608029667422,115.075465191365,28.4643315340168,16.19777,14.99992,14.38817,14.07608,13.8152,2825,301,4,43,5017262415706085376,GALAXY,0.0222592,4456,55537,918,198426743.6097067,10001-12701,1-48157,133.371090612,57.5984251446,9.428999281013445,0.927642710084122,11754.1,AGBT17A_012_19,896.8291,1.4207177,-999.0,0.0137383435,8.670002,3.313165,0.14617112,10.35004,11955.675,47.163033,432.4681,303.13943,434.7268,307.13962,287.3401,6.6275935,11.448619,7.819415,8.402823,0.02141115,56.474014,-0.34800306,0,0,1,0.8186065239067744
1237657594613923852,125.481113324467,38.3774537287461,17.37038,15.43522,14.62193,14.18627,13.90323,2822,301,3,135,1005578468705986560,GALAXY,0.03002564,893,52589,545,65798473.19282374,10001-12701,1-48157,133.371090612,57.5984251446,9.428999281013445,0.927642710084122,11754.1,AGBT17A_012_19,896.8291,1.4207177,-999.0,0.0137383435,8.670002,3.313165,0.14617112,10.35004,11955.675,47.163033,432.4681,303.13943,434.7268,307.13962,287.3401,6.6275935,11.448619,7.819415,8.402823,0.02141115,56.474014,-0.34800306,0,0,1,0.8186065239067744
1237657594608877827,116.4926360551,29.7153637492789,17.80991,15.95759,15.18972,14.74113,14.4214,2822,301,3,58,1000972890616653824,GALAXY,0.02387724,889,52663,174,1229750774.8451886,10001-12701,1-48157,133.371090612,57.5984251446,9.428999281013445,0.927642710084122,11754.1,AGBT17A_012_19,896.8291,1.4207177,-999.0,0.0137383435,8.670002,3.313165,0.14617112,10.35004,11955.675,47.163033,432.4681,303.13943,434.7268,307.13962,287.3401,6.6275935,11.448619,7.819415,8.402823,0.02141115,56.474014,-0.34800306,0,0,1,0.8186065239067744
1237657878076653952,118.19276495331,25.0905594854849,19.31197,17.25804,16.21782,15.70811,15.29952,2888,301,3,57,1044879687022569472,GALAXY,0.0502752,928,52578,162,1300705868.1941895,10001-12701,1-48157,133.371090612,57.5984251446,9.428999281013445,0.927642710084122,11754.1,AGBT17A_012_19,896.8291,1.4207177,-999.0,0.0137383435,8.670002,3.313165,0.14617112,10.35004,11955.675,47.163033,432.4681,303.13943,434.7268,307.13962,287.3401,6.6275935,11.448619,7.819415,8.402823,0.02141115,56.474014,-0.34800306,0,0,1,0.8186065239067744
1237657878077702508,120.03319162849,26.7067786011236,18.55448,16.86694,16.05457,15.66776,15.35142,2888,301,3,73,1046010534782068736,GALAXY,0.04720968,929,52581,180,1235732454.2263544,10001-12701,1-48157,133.371090612,57.5984251446,9.428999281013445,0.927642710084122,11754.1,AGBT17A_012_19,896.8291,1.4207177,-999.0,0.0137383435,8.670002,3.313165,0.14617112,10.35004,11955.675,47.163033,432.4681,303.13943,434.7268,307.13962,287.3401,6.6275935,11.448619,7.819415,8.402823,0.02141115,56.474014,-0.34800306,0,0,1,0.8186065239067744
1237657878077702256,120.059597363863,26.6980062250989,17.49504,15.69998,14.93664,14.54827,14.27869,2888,301,3,73,1045999814543697920,GALAXY,0.02799849,929,52581,141,863630743.7565924,10001-12701,1-48157,133.371090612,57.5984251446,9.428999281013445,0.927642710084122,11754.1,AGBT17A_012_19,896.8291,1.4207177,-999.0,0.0137383435,8.670002,3.313165,0.14617112,10.35004,11955.675,47.163033,432.4681,303.13943,434.7268,307.13962,287.3401,6.6275935,11.448619,7.819415,8.402823,0.02141115,56.474014,-0.34800306,0,0,1,0.8186065239067744
1237651755079434394,169.378062381599,3.34416254224909,18.59997,17.07188,16.28414,15.87247,15.55447,1462,301,6,294,574367596988622848,GALAXY,0.04580513,510,52381,577,1097947563.6532938,10001-12701,1-48157,133.371090612,57.5984251446,9.428999281013445,0.927642710084122,11754.1,AGBT17A_012_19,896.8291,1.4207177,-999.0,0.0137383435,8.670002,3.313165,0.14617112,10.35004,11955.675,47.163033,432.4681,303.13943,434.7268,307.13962,287.3401,6.6275935,11.448619,7.819415,8.402823,0.02141115,56.474014,-0.34800306,0,0,1,0.8186065239067744
1237660343926129022,121.726711977048,26.3741258152141,17.60311,16.46738,16.0242,15.75958,15.61192,3462,301,4,78,1356830928575424512,GALAXY,0.02199223,1205,52670,442,864455802.9815809,10001-12701,1-48157,133.371090612,57.5984251446,9.428999281013445,0.927642710084122,11754.1,AGBT17A_012_19,896.8291,1.4207177,-999.0,0.0137383435,8.670002,3.313165,0.14617112,10.35004,11955.675,47.163033,432.4681,303.13943,434.7268,307.13962,287.3401,6.6275935,11.448619,7.819415,8.402823,0.02141115,56.474014,-0.34800306,0,0,1,0.8186065239067744
1237661138493374589,144.497081041812,35.1987945233235,16.84989,15.78005,15.36068,15.15588,15.01587,3647,301,4,52,1794814518954584064,GALAXY,0.02039839,1594,52992,473,828565726.694586,10001-12701,1-48157,133.371090612,57.5984251446,9.428999281013445,0.927642710084122,11754.1,AGBT17A_012_19,896.8291,1.4207177,-999.0,0.0137383435,8.670002,3.313165,0.14617112,10.35004,11955.675,47.163033,432.4681,303.13943,434.7268,307.13962,287.3401,6.6275935,11.448619,7.819415,8.402823,0.02141115,56.474014,-0.34800306,0,0,1,0.8186065239067744
1237660635997667485,163.623258986158,45.6852897012624,17.84335,16.70847,16.26234,16.02948,15.85415,3530,301,4,288,1616866809376434176,GALAXY,0.01922112,1436,53054,271,240504764.08411437,10001-12701,1-48157,133.371090612,57.5984251446,9.428999281013445,0.927642710084122,11754.1,AGBT17A_012_19,896.8291,1.4207177,-999.0,0.0137383435,8.670002,3.313165,0.14617112,10.35004,11955.675,47.163033,432.4681,303.13943,434.7268,307.13962,287.3401,6.6275935,11.448619,7.819415,8.402823,0.02141115,56.474014,-0.34800306,0,0,1,0.8186065239067744
1237660635998716036,166.871194987345,46.3544308352871,17.88754,16.63906,16.11515,15.84137,15.66387,3530,301,4,304,1619164238922672128,GALAXY,0.02403368,1438,53054,437,38571518.76820702,10001-12701,1-48157,133.371090612,57.5984251446,9.428999281013445,0.927642710084122,11754.1,AGBT17A_012_19,896.8291,1.4207177,-999.0,0.0137383435,8.670002,3.313165,0.14617112,10.35004,11955.675,47.163033,432.4681,303.13943,434.7268,307.13962,287.3401,6.6275935,11.448619,7.819415,8.402823,0.02141115,56.474014,-0.34800306,0,0,1,0.8186065239067744
1237648704048529580,202.452455017509,-0.294161985324678,16.81176,15.55591,15.05046,14.77603,14.60182,752,301,3,393,335602867433924608,GALAXY,0.02124054,298,51955,308,109732876.92345527,10001-12701,1-48157,133.371090612,57.5984251446,9.428999281013445,0.927642710084122,11754.1,AGBT17A_012_19,896.8291,1.4207177,-999.0,0.0137383435,8.670002,3.313165,0.14617112,10.35004,11955.675,47.163033,432.4681,303.13943,434.7268,307.13962,287.3401,6.6275935,11.448619,7.819415,8.402823,0.02141115,56.474014,-0.34800306,0,0,1,0.8186065239067744
1237661388140642314,209.897599882288,55.5925390649971,18.19896,16.78032,16.11544,15.71888,15.44268,3705,301,5,87,1490780863787460608,GALAXY,0.041111,1324,53088,325,49709818.30555022,10001-12701,1-48157,133.371090612,57.5984251446,9.428999281013445,0.927642710084122,11754.1,AGBT17A_012_19,896.8291,1.4207177,-999.0,0.0137383435,8.670002,3.313165,0.14617112,10.35004,11955.675,47.163033,432.4681,303.13943,434.7268,307.13962,287.3401,6.6275935,11.448619,7.819415,8.402823,0.02141115,56.474014,-0.34800306,0,0,1,0.8186065239067744
1237655349427437818,236.298091897429,51.1015412966221,17.81977,16.82932,16.46793,16.31594,16.21467,2299,301,5,252,896345833623021568,GALAXY,0.01247592,796,52401,471,366738825.50733733,10001-12701,1-48157,133.371090612,57.5984251446,9.428999281013445,0.927642710084122,11754.1,AGBT17A_012_19,896.8291,1.4207177,-999.0,0.0137383435,8.670002,3.313165,0.14617112,10.35004,11955.675,47.163033,432.4681,303.13943,434.7268,307.13962,287.3401,6.6275935,11.448619,7.819415,8.402823,0.02141115,56.474014,-0.34800306,0,0,1,0.8186065239067744
1237655349431959652,246.760657559764,43.4761001482287,17.04508,15.19992,14.44402,14.04623,13.75199,2299,301,5,321,917769542359345152,GALAXY,0.04623478,815,52374,586,389221689.3882708,10001-12701,1-48157,133.371090612,57.5984251446,9.428999281013445,0.927642710084122,11754.1,AGBT17A_012_19,896.8291,1.4207177,-999.0,0.0137383435,8.670002,3.313165,0.14617112,10.35004,11955.675,47.163033,432.4681,303.13943,434.7268,307.13962,287.3401,6.6275935,11.448619,7.819415,8.402823,0.02141115,56.474014,-0.34800306,0,0,1,0.8186065239067744
1237662198819389578,225.165303429635,9.21943423339391,18.50102,16.781,15.86743,15.37625,14.93913,3894,301,3,143,1933255417345894400,GALAXY,0.02935986,1717,53883,310,1056488337.5976275,10001-12701,1-48157,133.371090612,57.5984251446,9.428999281013445,0.927642710084122,11754.1,AGBT17A_012_19,896.8291,1.4207177,-999.0,0.0137383435,8.670002,3.313165,0.14617112,10.35004,11955.675,47.163033,432.4681,303.13943,434.7268,307.13962,287.3401,6.6275935,11.448619,7.819415,8.402823,0.02141115,56.474014,-0.34800306,0,0,1,0.8186065239067744
1237662198819520789,225.506859771018,9.14894225422765,17.05016,16.20712,15.84863,15.64849,15.46755,3894,301,3,145,1930947547958896640,GALAXY,0.0292406,1715,54212,106,1056282072.7913804,10001-12701,1-48157,133.371090612,57.5984251446,9.428999281013445,0.927642710084122,11754.1,AGBT17A_012_19,896.8291,1.4207177,-999.0,0.0137383435,8.670002,3.313165,0.14617112,10.35004,11955.675,47.163033,432.4681,303.13943,434.7268,307.13962,287.3401,6.6275935,11.448619,7.819415,8.402823,0.02141115,56.474014,-0.34800306,0,0,1,0.8186065239067744
1237665427553910894,197.486982336016,28.5580890172385,17.65743,16.45803,15.98842,15.78055,15.62385,4646,301,1,34,2261967338083477504,GALAXY,0.02303993,2009,53904,125,834547406.0757519,10001-12701,1-48157,133.371090612,57.5984251446,9.428999281013445,0.927642710084122,11754.1,AGBT17A_012_19,896.8291,1.4207177,-999.0,0.0137383435,8.670002,3.313165,0.14617112,10.35004,11955.675,47.163033,432.4681,303.13943,434.7268,307.13962,287.3401,6.6275935,11.448619,7.819415,8.402823,0.02141115,56.474014,-0.34800306,0,0,1,0.8186065239067744
1237659325487579327,236.029612443837,47.2946307283662,18.13966,16.68457,16.14865,15.89336,15.70552,3225,301,3,163,1315166860609611776,GALAXY,0.01986242,1168,52731,421,364469912.6386193,10001-12701,1-48157,133.371090612,57.5984251446,9.428999281013445,0.927642710084122,11754.1,AGBT17A_012_19,896.8291,1.4207177,-999.0,0.0137383435,8.670002,3.313165,0.14617112,10.35004,11955.675,47.163033,432.4681,303.13943,434.7268,307.13962,287.3401,6.6275935,11.448619,7.819415,8.402823,0.02141115,56.474014,-0.34800306,0,0,1,0.8186065239067744
1237663917874217441,114.473706481197,47.9571858490302,18.10781,16.67155,16.04143,15.77632,15.63099,4294,301,5,54,2102164033376380928,GALAXY,0.02097069,1867,53317,396,178006527.79124418,10001-12701,1-48157,133.371090612,57.5984251446,9.428999281013445,0.927642710084122,11754.1,AGBT17A_012_19,896.8291,1.4207177,-999.0,0.0137383435,8.670002,3.313165,0.14617112,10.35004,11955.675,47.163033,432.4681,303.13943,434.7268,307.13962,287.3401,6.6275935,11.448619,7.819415,8.402823,0.02141115,56.474014,-0.34800306,0,0,1,0.8186065239067744
1237663917877887375,121.054840471924,55.3976568641995,16.91658,14.88795,13.96636,13.5236,13.2087,4294,301,5,110,2106674506075498496,GALAXY,0.03241437,1871,53384,421,474615319.1745687,10001-12701,1-48157,133.371090612,57.5984251446,9.428999281013445,0.927642710084122,11754.1,AGBT17A_012_19,896.8291,1.4207177,-999.0,0.0137383435,8.670002,3.313165,0.14617112,10.35004,11955.675,47.163033,432.4681,303.13943,434.7268,307.13962,287.3401,6.6275935,11.448619,7.819415,8.402823,0.02141115,56.474014,-0.34800306,0,0,1,0.8186065239067744
1237667210510270520,137.386845660334,20.4790866540287,17.11922,15.22232,14.38208,13.95947,13.65762,5061,301,2,157,2573946612216784896,GALAXY,0.03235707,2286,53700,507,224622374.00308794,10001-12701,1-48157,133.371090612,57.5984251446,9.428999281013445,0.927642710084122,11754.1,AGBT17A_012_19,896.8291,1.4207177,-999.0,0.0137383435,8.670002,3.313165,0.14617112,10.35004,11955.675,47.163033,432.4681,303.13943,434.7268,307.13962,287.3401,6.6275935,11.448619,7.819415,8.402823,0.02141115,56.474014,-0.34800306,0,0,1,0.8186065239067744
1237668610660761749,244.216700577476,50.2821919626914,16.79403,15.07885,14.28933,13.88645,13.56072,5387,301,2,22,3247160003575965696,GALAXY,0.04168139,2884,54526,235,354775466.7450057,10001-12701,1-48157,133.371090612,57.5984251446,9.428999281013445,0.927642710084122,11754.1,AGBT17A_012_19,896.8291,1.4207177,-999.0,0.0137383435,8.670002,3.313165,0.14617112,10.35004,11955.675,47.163033,432.4681,303.13943,434.7268,307.13962,287.3401,6.6275935,11.448619,7.819415,8.402823,0.02141115,56.474014,-0.34800306,0,0,1,0.8186065239067744
1237657629525475355,171.065552953081,51.7423024924904,16.65626,15.26111,14.62606,14.2874,14.02253,2830,301,4,363,988710856864851968,GALAXY,0.03257822,878,52353,621,557121241.6734072,10001-12701,1-48157,133.371090612,57.5984251446,9.428999281013445,0.927642710084122,11754.1,AGBT17A_012_19,896.8291,1.4207177,-999.0,0.0137383435,8.670002,3.313165,0.14617112,10.35004,11955.675,47.163033,432.4681,303.13943,434.7268,307.13962,287.3401,6.6275935,11.448619,7.819415,8.402823,0.02141115,56.474014,-0.34800306,0,0,1,0.8186065239067744
1237657629523378185,163.622684735641,50.5775294661754,16.62473,15.7384,15.44536,15.29199,15.1343,2830,301,4,331,986441195288815616,GALAXY,0.02488582,876,52669,556,558565095.3171369,10001-12701,1-48157,133.371090612,57.5984251446,9.428999281013445,0.927642710084122,11754.1,AGBT17A_012_19,896.8291,1.4207177,-999.0,0.0137383435,8.670002,3.313165,0.14617112,10.35004,11955.675,47.163033,432.4681,303.13943,434.7268,307.13962,287.3401,6.6275935,11.448619,7.819415,8.402823,0.02141115,56.474014,-0.34800306,0,0,1,0.8186065239067744
1237665531709095957,207.067074132789,25.7334871863649,17.06446,15.3225,14.4786,14.06575,13.71123,4670,301,3,68,2381407005140084736,GALAXY,0.03699937,2115,53535,468,1185197576.6958158,10001-12701,1-48157,133.371090612,57.5984251446,9.428999281013445,0.927642710084122,11754.1,AGBT17A_012_19,896.8291,1.4207177,-999.0,0.0137383435,8.670002,3.313165,0.14617112,10.35004,11955.675,47.163033,432.4681,303.13943,434.7268,307.13962,287.3401,6.6275935,11.448619,7.819415,8.402823,0.02141115,56.474014,-0.34800306,0,0,1,0.8186065239067744
1237659329777107022,243.880667958161,41.4070199313521,17.3598,15.48339,14.65287,14.2416,13.9517,3226,301,3,80,1318559404106213376,GALAXY,0.02625552,1171,52753,475,420780204.74407655,10001-12701,1-48157,133.371090612,57.5984251446,9.428999281013445,0.927642710084122,11754.1,AGBT17A_012_19,896.8291,1.4207177,-999.0,0.0137383435,8.670002,3.313165,0.14617112,10.35004,11955.675,47.163033,432.4681,303.13943,434.7268,307.13962,287.3401,6.6275935,11.448619,7.819415,8.402823,0.02141115,56.474014,-0.34800306,0,0,1,0.8186065239067744
1237661435931328556,224.205923959445,41.5963516861323,17.43416,16.02541,15.80925,15.09862,15.51766,3716,301,6,227,1452444735678474240,GALAXY,0.01621318,1290,52734,123,530925611.2800261,10001-12701,1-48157,133.371090612,57.5984251446,9.428999281013445,0.927642710084122,11754.1,AGBT17A_012_19,896.8291,1.4207177,-999.0,0.0137383435,8.670002,3.313165,0.14617112,10.35004,11955.675,47.163033,432.4681,303.13943,434.7268,307.13962,287.3401,6.6275935,11.448619,7.819415,8.402823,0.02141115,56.474014,-0.34800306,0,0,1,0.8186065239067744
1237664854189801543,236.901359864199,26.0637805788893,15.70969,14.39603,13.75069,13.3974,13.13329,4512,301,5,248,2081963814626027520,GALAXY,0.03157891,1849,53846,636,926335244.8557098,10001-12701,1-48157,133.371090612,57.5984251446,9.428999281013445,0.927642710084122,11754.1,AGBT17A_012_19,896.8291,1.4207177,-999.0,0.0137383435,8.670002,3.313165,0.14617112,10.35004,11955.675,47.163033,432.4681,303.13943,434.7268,307.13962,287.3401,6.6275935,11.448619,7.819415,8.402823,0.02141115,56.474014,-0.34800306,0,0,1,0.8186065239067744
1237664854177546318,206.295782817727,36.3762272990684,17.71408,16.28267,15.51888,15.11907,14.75041,4512,301,5,61,2365522915828459520,GALAXY,0.02690944,2101,53858,26,321566832.93922323,10001-12701,1-48157,133.371090612,57.5984251446,9.428999281013445,0.927642710084122,11754.1,AGBT17A_012_19,896.8291,1.4207177,-999.0,0.0137383435,8.670002,3.313165,0.14617112,10.35004,11955.675,47.163033,432.4681,303.13943,434.7268,307.13962,287.3401,6.6275935,11.448619,7.819415,8.402823,0.02141115,56.474014,-0.34800306,0,0,1,0.8186065239067744
1237652900234068132,52.7035666095971,-7.04673046104907,16.50864,14.88118,14.07817,13.68626,13.36358,1729,301,3,431,519086893221046272,GALAXY,0.03890861,461,51910,171,613431533.7788646,10001-12701,1-48157,133.371090612,57.5984251446,9.428999281013445,0.927642710084122,11754.1,AGBT17A_012_19,896.8291,1.4207177,-999.0,0.0137383435,8.670002,3.313165,0.14617112,10.35004,11955.675,47.163033,432.4681,303.13943,434.7268,307.13962,287.3401,6.6275935,11.448619,7.819415,8.402823,0.02141115,56.474014,-0.34800306,0,0,1,0.8186065239067744
1237662224087580955,237.970989247451,25.9783308443545,16.88593,15.6078,15.04997,14.74971,14.55862,3900,301,2,681,1862272589464889344,GALAXY,0.02202578,1654,53498,124,924272596.7932388,10001-12701,1-48157,133.371090612,57.5984251446,9.428999281013445,0.927642710084122,11754.1,AGBT17A_012_19,896.8291,1.4207177,-999.0,0.0137383435,8.670002,3.313165,0.14617112,10.35004,11955.675,47.163033,432.4681,303.13943,434.7268,307.13962,287.3401,6.6275935,11.448619,7.819415,8.402823,0.02141115,56.474014,-0.34800306,0,0,1,0.8186065239067744
1237662224089022727,241.039937213745,24.330762030936,18.61465,17.49908,17.06396,16.79315,16.61938,3900,301,2,703,1864572493499492352,GALAXY,0.03692729,1656,53533,299,889620109.3437266,10001-12701,1-48157,133.371090612,57.5984251446,9.428999281013445,0.927642710084122,11754.1,AGBT17A_012_19,896.8291,1.4207177,-999.0,0.0137383435,8.670002,3.313165,0.14617112,10.35004,11955.675,47.163033,432.4681,303.13943,434.7268,307.13962,287.3401,6.6275935,11.448619,7.819415,8.402823,0.02141115,56.474014,-0.34800306,0,0,1,0.8186065239067744
1237661463308927222,249.139887939511,24.127662435591,19.26701,17.92311,17.34756,17.01852,16.73873,3723,301,1,184,1770089804084570112,GALAXY,0.03654855,1572,53177,637,1030292707.2042463,10001-12701,1-48157,133.371090612,57.5984251446,9.428999281013445,0.927642710084122,11754.1,AGBT17A_012_19,896.8291,1.4207177,-999.0,0.0137383435,8.670002,3.313165,0.14617112,10.35004,11955.675,47.163033,432.4681,303.13943,434.7268,307.13962,287.3401,6.6275935,11.448619,7.819415,8.402823,0.02141115,56.474014,-0.34800306,0,0,1,0.8186065239067744
1237649963529535568,51.380834936096,-6.12889044204567,16.5371,15.3721,14.84985,14.51799,14.3162,1045,301,5,116,518084138851395584,GALAXY,0.03481079,460,51924,619,614669122.6163472,10001-12701,1-48157,133.371090612,57.5984251446,9.428999281013445,0.927642710084122,11754.1,AGBT17A_012_19,896.8291,1.4207177,-999.0,0.0137383435,8.670002,3.313165,0.14617112,10.35004,11955.675,47.163033,432.4681,303.13943,434.7268,307.13962,287.3401,6.6275935,11.448619,7.819415,8.402823,0.02141115,56.474014,-0.34800306,0,0,1,0.8186065239067744
1237649963529470103,51.2982475080165,-6.18096190840348,15.57463,14.14935,13.39946,13.0044,12.73353,1045,301,5,115,518072868857210880,GALAXY,0.033669,460,51924,578,613225268.9726175,10001-12701,1-48157,133.371090612,57.5984251446,9.428999281013445,0.927642710084122,11754.1,AGBT17A_012_19,896.8291,1.4207177,-999.0,0.0137383435,8.670002,3.313165,0.14617112,10.35004,11955.675,47.163033,432.4681,303.13943,434.7268,307.13962,287.3401,6.6275935,11.448619,7.819415,8.402823,0.02141115,56.474014,-0.34800306,0,0,1,0.8186065239067744
1237661849845629113,146.243073214897,36.821601031971,17.21435,16.18399,15.72921,15.50849,15.36991,3813,301,1,26,1436673071061690368,GALAXY,0.02251013,1276,53035,90,347556198.5263574,10001-12701,1-48157,133.371090612,57.5984251446,9.428999281013445,0.927642710084122,11754.1,AGBT17A_012_19,896.8291,1.4207177,-999.0,0.0137383435,8.670002,3.313165,0.14617112,10.35004,11955.675,47.163033,432.4681,303.13943,434.7268,307.13962,287.3401,6.6275935,11.448619,7.819415,8.402823,0.02141115,56.474014,-0.34800306,0,0,1,0.8186065239067744
1237673807044674016,122.32878778967,18.4044100279388,18.53373,17.05091,16.38955,16.0377,15.74005,6597,301,1,180,2165114372634994688,GALAXY,0.04450624,1923,53319,32,29289602.487087682,10001-12701,1-48157,133.371090612,57.5984251446,9.428999281013445,0.927642710084122,11754.1,AGBT17A_012_19,896.8291,1.4207177,-999.0,0.0137383435,8.670002,3.313165,0.14617112,10.35004,11955.675,47.163033,432.4681,303.13943,434.7268,307.13962,287.3401,6.6275935,11.448619,7.819415,8.402823,0.02141115,56.474014,-0.34800306,0,0,1,0.8186065239067744
1237651297649426615,259.795432647633,61.5422671096901,17.34169,15.83334,15.0419,14.60907,14.27758,1356,301,2,50,398671401424283648,GALAXY,0.02756607,354,51792,374,441612950.17503333,10001-12701,1-48157,133.371090612,57.5984251446,9.428999281013445,0.927642710084122,11754.1,AGBT17A_012_19,896.8291,1.4207177,-999.0,0.0137383435,8.670002,3.313165,0.14617112,10.35004,11955.675,47.163033,432.4681,303.13943,434.7268,307.13962,287.3401,6.6275935,11.448619,7.819415,8.402823,0.02141115,56.474014,-0.34800306,0,0,1,0.8186065239067744
1237657629506076720,119.607226185625,28.7036629676201,17.12791,15.99607,15.50091,15.26617,15.07665,2830,301,4,67,967281099757611008,GALAXY,0.01401631,859,52317,484,876006632.1314183,10001-12701,1-48157,133.371090612,57.5984251446,9.428999281013445,0.927642710084122,11754.1,AGBT17A_012_19,896.8291,1.4207177,-999.0,0.0137383435,8.670002,3.313165,0.14617112,10.35004,11955.675,47.163033,432.4681,303.13943,434.7268,307.13962,287.3401,6.6275935,11.448619,7.819415,8.402823,0.02141115,56.474014,-0.34800306,0,0,1,0.8186065239067744
1237657629506208223,119.90331656509,28.8638196115759,17.51977,16.51806,16.24473,16.0134,15.91769,2830,301,4,69,968351474360805376,GALAXY,0.04562555,860,52319,282,876419161.7439125,10001-12701,1-48157,133.371090612,57.5984251446,9.428999281013445,0.927642710084122,11754.1,AGBT17A_012_19,896.8291,1.4207177,-999.0,0.0137383435,8.670002,3.313165,0.14617112,10.35004,11955.675,47.163033,432.4681,303.13943,434.7268,307.13962,287.3401,6.6275935,11.448619,7.819415,8.402823,0.02141115,56.474014,-0.34800306,0,0,1,0.8186065239067744
1237657629506404532,120.331396804681,29.1793803414311,16.99169,15.11734,14.24667,13.80696,13.49646,2830,301,4,72,968310242674763776,GALAXY,0.04113941,860,52319,132,1234082335.7763774,10001-12701,1-48157,133.371090612,57.5984251446,9.428999281013445,0.927642710084122,11754.1,AGBT17A_012_19,896.8291,1.4207177,-999.0,0.0137383435,8.670002,3.313165,0.14617112,10.35004,11955.675,47.163033,432.4681,303.13943,434.7268,307.13962,287.3401,6.6275935,11.448619,7.819415,8.402823,0.02141115,56.474014,-0.34800306,0,0,1,0.8186065239067744
1237657629506863483,121.126275454331,30.0070470135289,18.02674,16.80913,16.26227,15.97868,15.74559,2830,301,4,79,968403701163124736,GALAXY,0.04007205,860,52319,472,859917977.2441447,10001-12701,1-48157,133.371090612,57.5984251446,9.428999281013445,0.927642710084122,11754.1,AGBT17A_012_19,896.8291,1.4207177,-999.0,0.0137383435,8.670002,3.313165,0.14617112,10.35004,11955.675,47.163033,432.4681,303.13943,434.7268,307.13962,287.3401,6.6275935,11.448619,7.819415,8.402823,0.02141115,56.474014,-0.34800306,0,0,1,0.8186065239067744
1237663278458929172,346.953917100802,0.940522541021295,16.29143,14.41786,13.57176,13.16514,12.86569,4145,301,6,23,429079220442916864,GALAXY,0.04185164,381,51811,405,1063707605.8162758,10001-12701,1-48157,133.371090612,57.5984251446,9.428999281013445,0.927642710084122,11754.1,AGBT17A_012_19,896.8291,1.4207177,-999.0,0.0137383435,8.670002,3.313165,0.14617112,10.35004,11955.675,47.163033,432.4681,303.13943,434.7268,307.13962,287.3401,6.6275935,11.448619,7.819415,8.402823,0.02141115,56.474014,-0.34800306,0,0,1,0.8186065239067744
1237651754532405563,146.225482677686,2.46548359717788,18.33676,17.08414,16.71979,16.51941,16.5443,1462,301,5,139,537228012391786496,GALAXY,0.01994256,477,52026,632,740490654.427076,10001-12701,1-48157,133.371090612,57.5984251446,9.428999281013445,0.927642710084122,11754.1,AGBT17A_012_19,896.8291,1.4207177,-999.0,0.0137383435,8.670002,3.313165,0.14617112,10.35004,11955.675,47.163033,432.4681,303.13943,434.7268,307.13962,287.3401,6.6275935,11.448619,7.819415,8.402823,0.02141115,56.474014,-0.34800306,0,0,1,0.8186065239067744
1237659131673640987,222.031998270139,48.0938120811768,16.55834,14.74416,13.88266,13.48556,13.19384,3180,301,2,109,1180006919947970560,GALAXY,0.02547472,1048,52736,232,674898446.0404993,10001-12701,1-48157,133.371090612,57.5984251446,9.428999281013445,0.927642710084122,11754.1,AGBT17A_012_19,896.8291,1.4207177,-999.0,0.0137383435,8.670002,3.313165,0.14617112,10.35004,11955.675,47.163033,432.4681,303.13943,434.7268,307.13962,287.3401,6.6275935,11.448619,7.819415,8.402823,0.02141115,56.474014,-0.34800306,0,0,1,0.8186065239067744
1237665440979222670,195.648014771929,28.7452316009678,18.14017,16.59146,15.88569,15.565,15.30581,4649,301,2,88,2264198790137276416,GALAXY,0.02039584,2011,53499,51,1344640271.9248211,10001-12701,1-48157,133.371090612,57.5984251446,9.428999281013445,0.927642710084122,11754.1,AGBT17A_012_19,896.8291,1.4207177,-999.0,0.0137383435,8.670002,3.313165,0.14617112,10.35004,11955.675,47.163033,432.4681,303.13943,434.7268,307.13962,287.3401,6.6275935,11.448619,7.819415,8.402823,0.02141115,56.474014,-0.34800306,0,0,1,0.8186065239067744
1237661124539777285,129.265437933818,26.6719606035938,19.29423,17.95872,17.27565,16.83553,16.49716,3644,301,2,129,2173077036313110528,GALAXY,0.04005285,1930,53347,328,909215265.9372007,10001-12701,1-48157,133.371090612,57.5984251446,9.428999281013445,0.927642710084122,11754.1,AGBT17A_012_19,896.8291,1.4207177,-999.0,0.0137383435,8.670002,3.313165,0.14617112,10.35004,11955.675,47.163033,432.4681,303.13943,434.7268,307.13962,287.3401,6.6275935,11.448619,7.819415,8.402823,0.02141115,56.474014,-0.34800306,0,0,1,0.8186065239067744
1237660343926063360,121.704756702554,26.1689983311241,18.33994,17.06849,16.50488,16.21523,16.01578,3462,301,4,77,1356849070517282816,GALAXY,0.02389036,1205,52670,508,1236144983.8388486,10001-12701,1-48157,133.371090612,57.5984251446,9.428999281013445,0.927642710084122,11754.1,AGBT17A_012_19,896.8291,1.4207177,-999.0,0.0137383435,8.670002,3.313165,0.14617112,10.35004,11955.675,47.163033,432.4681,303.13943,434.7268,307.13962,287.3401,6.6275935,11.448619,7.819415,8.402823,0.02141115,56.474014,-0.34800306,0,0,1,0.8186065239067744
1237660343927439628,124.267632033465,28.3150673386853,17.5823,16.43037,15.92618,15.67754,15.45866,3462,301,4,98,1357981292615985152,GALAXY,0.02008821,1206,52670,531,866105921.4315577,10001-12701,1-48157,133.371090612,57.5984251446,9.428999281013445,0.927642710084122,11754.1,AGBT17A_012_19,896.8291,1.4207177,-999.0,0.0137383435,8.670002,3.313165,0.14617112,10.35004,11955.675,47.163033,432.4681,303.13943,434.7268,307.13962,287.3401,6.6275935,11.448619,7.819415,8.402823,0.02141115,56.474014,-0.34800306,0,0,1,0.8186065239067744
1237659895636099345,260.58158030721,59.0764651403113,18.06724,15.89904,15.01561,14.53891,14.18329,3358,301,1,35,412188251395221504,GALAXY,0.03005277,366,52017,396,456670281.03107136,10001-12701,1-48157,133.371090612,57.5984251446,9.428999281013445,0.927642710084122,11754.1,AGBT17A_012_19,896.8291,1.4207177,-999.0,0.0137383435,8.670002,3.313165,0.14617112,10.35004,11955.675,47.163033,432.4681,303.13943,434.7268,307.13962,287.3401,6.6275935,11.448619,7.819415,8.402823,0.02141115,56.474014,-0.34800306,0,0,1,0.8186065239067744
1237662266998194486,222.977391635676,5.32619018526878,17.26146,15.2351,14.34548,13.94354,13.63126,3910,301,2,85,2060471397938915328,GALAXY,0.02811822,1830,54560,271,744203420.9395237,10001-12701,1-48157,133.371090612,57.5984251446,9.428999281013445,0.927642710084122,11754.1,AGBT17A_012_19,896.8291,1.4207177,-999.0,0.0137383435,8.670002,3.313165,0.14617112,10.35004,11955.675,47.163033,432.4681,303.13943,434.7268,307.13962,287.3401,6.6275935,11.448619,7.819415,8.402823,0.02141115,56.474014,-0.34800306,0,0,1,0.8186065239067744
1237651752926445722,156.781559916322,1.49291472647657,16.02911,14.59095,13.87091,13.46907,13.14655,1462,301,2,210,567476131893110784,GALAXY,0.03275921,504,52316,82,747916187.4519714,10001-12701,1-48157,133.371090612,57.5984251446,9.428999281013445,0.927642710084122,11754.1,AGBT17A_012_19,896.8291,1.4207177,-999.0,0.0137383435,8.670002,3.313165,0.14617112,10.35004,11955.675,47.163033,432.4681,303.13943,434.7268,307.13962,287.3401,6.6275935,11.448619,7.819415,8.402823,0.02141115,56.474014,-0.34800306,0,0,1,0.8186065239067744
1237663787416289711,116.115913444565,47.7310244348396,17.31712,15.80604,15.07043,14.63986,14.30701,4264,301,2,80,2102221482858932224,GALAXY,0.02132758,1867,53317,605,213484074.46574473,10001-12701,1-48157,133.371090612,57.5984251446,9.428999281013445,0.927642710084122,11754.1,AGBT17A_012_19,896.8291,1.4207177,-999.0,0.0137383435,8.670002,3.313165,0.14617112,10.35004,11955.675,47.163033,432.4681,303.13943,434.7268,307.13962,287.3401,6.6275935,11.448619,7.819415,8.402823,0.02141115,56.474014,-0.34800306,0,0,1,0.8186065239067744
1237662335183880411,244.244005291651,27.6184416174357,18.77692,16.96575,15.95501,15.42706,15.01817,3926,301,1,132,1774529912267368448,GALAXY,0.04977408,1576,53496,406,1270384941.6758666,10001-12701,1-48157,133.371090612,57.5984251446,9.428999281013445,0.927642710084122,11754.1,AGBT17A_012_19,896.8291,1.4207177,-999.0,0.0137383435,8.670002,3.313165,0.14617112,10.35004,11955.675,47.163033,432.4681,303.13943,434.7268,307.13962,287.3401,6.6275935,11.448619,7.819415,8.402823,0.02141115,56.474014,-0.34800306,0,0,1,0.8186065239067744
1237662335188861577,253.642743250902,20.1110001536014,17.78879,16.65748,16.14664,15.86356,15.63623,3926,301,1,208,1765548820927637504,GALAXY,0.02989668,1568,53169,501,102307343.8985598,10001-12701,1-48157,133.371090612,57.5984251446,9.428999281013445,0.927642710084122,11754.1,AGBT17A_012_19,896.8291,1.4207177,-999.0,0.0137383435,8.670002,3.313165,0.14617112,10.35004,11955.675,47.163033,432.4681,303.13943,434.7268,307.13962,287.3401,6.6275935,11.448619,7.819415,8.402823,0.02141115,56.474014,-0.34800306,0,0,1,0.8186065239067744
1237645943979311221,57.2483849503072,0.925978887679797,18.36343,16.25293,15.26318,14.77139,14.38668,109,301,6,151,1398480158033209344,GALAXY,0.035788,1242,52901,409,174293761.27879643,10001-12701,1-48157,133.371090612,57.5984251446,9.428999281013445,0.927642710084122,11754.1,AGBT17A_012_19,896.8291,1.4207177,-999.0,0.0137383435,8.670002,3.313165,0.14617112,10.35004,11955.675,47.163033,432.4681,303.13943,434.7268,307.13962,287.3401,6.6275935,11.448619,7.819415,8.402823,0.02141115,56.474014,-0.34800306,0,0,1,0.8186065239067744
1237653664180666637,139.925586816628,1.32582243566527,18.29703,16.97622,16.28641,15.9356,15.68795,1907,301,2,115,532591370230065152,GALAXY,0.01649534,473,51929,148,667266648.2093568,10001-12701,1-48157,133.371090612,57.5984251446,9.428999281013445,0.927642710084122,11754.1,AGBT17A_012_19,896.8291,1.4207177,-999.0,0.0137383435,8.670002,3.313165,0.14617112,10.35004,11955.675,47.163033,432.4681,303.13943,434.7268,307.13962,287.3401,6.6275935,11.448619,7.819415,8.402823,0.02141115,56.474014,-0.34800306,0,0,1,0.8186065239067744
1237657118943347004,120.550314915716,32.3150641479935,16.4618,15.08885,14.40976,14.01474,13.74675,2711,301,5,90,1194692270532618240,GALAXY,0.03713459,1061,52641,409,14232271.631049648,10001-12701,1-48157,133.371090612,57.5984251446,9.428999281013445,0.927642710084122,11754.1,AGBT17A_012_19,896.8291,1.4207177,-999.0,0.0137383435,8.670002,3.313165,0.14617112,10.35004,11955.675,47.163033,432.4681,303.13943,434.7268,307.13962,287.3401,6.6275935,11.448619,7.819415,8.402823,0.02141115,56.474014,-0.34800306,0,0,1,0.8186065239067744
1237664870826639426,149.71385515965,32.0730531831711,16.45798,14.80119,14.01737,13.58345,13.14735,4516,301,4,154,2194433126980151296,GALAXY,0.02703758,1949,53433,197,1156939298.2399635,10001-12701,1-48157,133.371090612,57.5984251446,9.428999281013445,0.927642710084122,11754.1,AGBT17A_012_19,896.8291,1.4207177,-999.0,0.0137383435,8.670002,3.313165,0.14617112,10.35004,11955.675,47.163033,432.4681,303.13943,434.7268,307.13962,287.3401,6.6275935,11.448619,7.819415,8.402823,0.02141115,56.474014,-0.34800306,0,0,1,0.8186065239067744
1237665427556204551,203.240437706708,27.7178408429962,17.64749,15.76474,14.92544,14.51625,14.16974,4646,301,1,69,2227052613990377472,GALAXY,0.02907987,1978,53473,82,1254502551.59484,10001-12701,1-48157,133.371090612,57.5984251446,9.428999281013445,0.927642710084122,11754.1,AGBT17A_012_19,896.8291,1.4207177,-999.0,0.0137383435,8.670002,3.313165,0.14617112,10.35004,11955.675,47.163033,432.4681,303.13943,434.7268,307.13962,287.3401,6.6275935,11.448619,7.819415,8.402823,0.02141115,56.474014,-0.34800306,0,0,1,0.8186065239067744
1237667211583291449,135.414762011726,20.7500835605932,17.53119,15.60257,14.7511,14.30599,14.00792,5061,301,4,146,2569305023594915840,GALAXY,0.03128307,2282,53683,5,224003579.58434665,10001-12701,1-48157,133.371090612,57.5984251446,9.428999281013445,0.927642710084122,11754.1,AGBT17A_012_19,896.8291,1.4207177,-999.0,0.0137383435,8.670002,3.313165,0.14617112,10.35004,11955.675,47.163033,432.4681,303.13943,434.7268,307.13962,287.3401,6.6275935,11.448619,7.819415,8.402823,0.02141115,56.474014,-0.34800306,0,0,1,0.8186065239067744
1237654604776210642,131.246778969696,2.47634758036944,18.3399,16.63435,15.85878,15.4442,15.19741,2126,301,2,80,635054039138068480,GALAXY,0.04957863,564,52224,169,1009872491.3857838,10001-12701,1-48157,133.371090612,57.5984251446,9.428999281013445,0.927642710084122,11754.1,AGBT17A_012_19,896.8291,1.4207177,-999.0,0.0137383435,8.670002,3.313165,0.14617112,10.35004,11955.675,47.163033,432.4681,303.13943,434.7268,307.13962,287.3401,6.6275935,11.448619,7.819415,8.402823,0.02141115,56.474014,-0.34800306,0,0,1,0.8186065239067744
1237654604782632972,145.782013556081,3.43005173947036,17.06939,15.43541,14.68532,14.30379,14.04012,2126,301,2,178,641807240260511744,GALAXY,0.0239956,570,52266,161,957893760.2115155,10001-12701,1-48157,133.371090612,57.5984251446,9.428999281013445,0.927642710084122,11754.1,AGBT17A_012_19,896.8291,1.4207177,-999.0,0.0137383435,8.670002,3.313165,0.14617112,10.35004,11955.675,47.163033,432.4681,303.13943,434.7268,307.13962,287.3401,6.6275935,11.448619,7.819415,8.402823,0.02141115,56.474014,-0.34800306,0,0,1,0.8186065239067744
1237654604782698714,146.039014708168,3.40408283599955,17.33968,16.02954,15.52221,15.21104,14.99125,2126,301,2,179,641802842214000640,GALAXY,0.02374652,570,52266,145,739871860.0083346,10001-12701,1-48157,133.371090612,57.5984251446,9.428999281013445,0.927642710084122,11754.1,AGBT17A_012_19,896.8291,1.4207177,-999.0,0.0137383435,8.670002,3.313165,0.14617112,10.35004,11955.675,47.163033,432.4681,303.13943,434.7268,307.13962,287.3401,6.6275935,11.448619,7.819415,8.402823,0.02141115,56.474014,-0.34800306,0,0,1,0.8186065239067744
1237654604785254531,151.87210390797,3.67365125036219,17.28598,15.52883,14.75005,14.38638,14.09085,2126,301,2,218,645187689749964800,GALAXY,0.02833328,573,52325,171,959750143.4677393,10001-12701,1-48157,133.371090612,57.5984251446,9.428999281013445,0.927642710084122,11754.1,AGBT17A_012_19,896.8291,1.4207177,-999.0,0.0137383435,8.670002,3.313165,0.14617112,10.35004,11955.675,47.163033,432.4681,303.13943,434.7268,307.13962,287.3401,6.6275935,11.448619,7.819415,8.402823,0.02141115,56.474014,-0.34800306,0,0,1,0.8186065239067744
1237659329235845262,233.319178515939,48.1195855847899,17.62314,16.6159,16.26271,16.07193,16.01097,3226,301,2,13,1313997255233005568,GALAXY,0.02342527,1167,52738,262,361169675.73866576,10001-12701,1-48157,133.371090612,57.5984251446,9.428999281013445,0.927642710084122,11754.1,AGBT17A_012_19,896.8291,1.4207177,-999.0,0.0137383435,8.670002,3.313165,0.14617112,10.35004,11955.675,47.163033,432.4681,303.13943,434.7268,307.13962,287.3401,6.6275935,11.448619,7.819415,8.402823,0.02141115,56.474014,-0.34800306,0,0,1,0.8186065239067744
1237662302971691136,214.930128291803,49.2366456023941,16.94468,15.35733,14.53475,14.11499,13.76462,3918,301,5,133,1882639117586556928,GALAXY,0.02552837,1672,53460,489,82093392.88634436,10001-12701,1-48157,133.371090612,57.5984251446,9.428999281013445,0.927642710084122,11754.1,AGBT17A_012_19,896.8291,1.4207177,-999.0,0.0137383435,8.670002,3.313165,0.14617112,10.35004,11955.675,47.163033,432.4681,303.13943,434.7268,307.13962,287.3401,6.6275935,11.448619,7.819415,8.402823,0.02141115,56.474014,-0.34800306,0,0,1,0.8186065239067744
1237673708258656336,139.641400270404,1.34377951186194,17.98486,16.53156,15.89993,15.56179,15.31815,6574,301,1,153,532601265834715136,GALAXY,0.02721061,473,51929,184,1319475965.5626755,10001-12701,1-48157,133.371090612,57.5984251446,9.428999281013445,0.927642710084122,11754.1,AGBT17A_012_19,896.8291,1.4207177,-999.0,0.0137383435,8.670002,3.313165,0.14617112,10.35004,11955.675,47.163033,432.4681,303.13943,434.7268,307.13962,287.3401,6.6275935,11.448619,7.819415,8.402823,0.02141115,56.474014,-0.34800306,0,0,1,0.8186065239067744
1237662697567748310,223.710757161106,30.9580585934761,19.17123,17.67727,17.06778,16.73963,16.42458,4010,301,4,71,2075185324937472000,GALAXY,0.0248984,1843,53816,552,1261928084.6197355,10001-12701,1-48157,133.371090612,57.5984251446,9.428999281013445,0.927642710084122,11754.1,AGBT17A_012_19,896.8291,1.4207177,-999.0,0.0137383435,8.670002,3.313165,0.14617112,10.35004,11955.675,47.163033,432.4681,303.13943,434.7268,307.13962,287.3401,6.6275935,11.448619,7.819415,8.402823,0.02141115,56.474014,-0.34800306,0,0,1,0.8186065239067744
1237664093976920188,138.609991943995,30.6365252898434,17.09874,15.30986,14.50494,14.13515,13.85773,4335,301,5,192,2179908026893363200,GALAXY,0.03792555,1936,53330,603,1093203473.1096108,10001-12701,1-48157,133.371090612,57.5984251446,9.428999281013445,0.927642710084122,11754.1,AGBT17A_012_19,896.8291,1.4207177,-999.0,0.0137383435,8.670002,3.313165,0.14617112,10.35004,11955.675,47.163033,432.4681,303.13943,434.7268,307.13962,287.3401,6.6275935,11.448619,7.819415,8.402823,0.02141115,56.474014,-0.34800306,0,0,1,0.8186065239067744
1237664093977641162,140.293970304725,31.3876211534646,18.39457,16.82261,16.03121,15.6046,15.22851,4335,301,5,203,2182120245110532096,GALAXY,0.02236407,1938,53379,459,1005334665.6483477,10001-12701,1-48157,133.371090612,57.5984251446,9.428999281013445,0.927642710084122,11754.1,AGBT17A_012_19,896.8291,1.4207177,-999.0,0.0137383435,8.670002,3.313165,0.14617112,10.35004,11955.675,47.163033,432.4681,303.13943,434.7268,307.13962,287.3401,6.6275935,11.448619,7.819415,8.402823,0.02141115,56.474014,-0.34800306,0,0,1,0.8186065239067744
1237667443511328857,193.753470855872,27.483378756505,18.17717,16.74456,16.06363,15.7391,15.47951,5115,301,4,143,2522069181780748288,GALAXY,0.02321488,2240,53823,194,751216424.3519249,10001-12701,1-48157,133.371090612,57.5984251446,9.428999281013445,0.927642710084122,11754.1,AGBT17A_012_19,896.8291,1.4207177,-999.0,0.0137383435,8.670002,3.313165,0.14617112,10.35004,11955.675,47.163033,432.4681,303.13943,434.7268,307.13962,287.3401,6.6275935,11.448619,7.819415,8.402823,0.02141115,56.474014,-0.34800306,0,0,1,0.8186065239067744
1237667443511459955,194.060924012978,27.506304128918,18.6724,16.92163,16.16508,15.79566,15.50842,5115,301,4,145,2522064783734237184,GALAXY,0.02478419,2240,53823,178,1215105973.6016445,10001-12701,1-48157,133.371090612,57.5984251446,9.428999281013445,0.927642710084122,11754.1,AGBT17A_012_19,896.8291,1.4207177,-999.0,0.0137383435,8.670002,3.313165,0.14617112,10.35004,11955.675,47.163033,432.4681,303.13943,434.7268,307.13962,287.3401,6.6275935,11.448619,7.819415,8.402823,0.02141115,56.474014,-0.34800306,0,0,1,0.8186065239067744
1237667443511591123,194.294813548489,27.4049023685192,17.17614,15.5113,14.79071,14.43657,14.1675,5115,301,4,147,2522059561054005248,GALAXY,0.0206777,2240,53823,159,1036686916.1979063,10001-12701,1-48157,133.371090612,57.5984251446,9.428999281013445,0.927642710084122,11754.1,AGBT17A_012_19,896.8291,1.4207177,-999.0,0.0137383435,8.670002,3.313165,0.14617112,10.35004,11955.675,47.163033,432.4681,303.13943,434.7268,307.13962,287.3401,6.6275935,11.448619,7.819415,8.402823,0.02141115,56.474014,-0.34800306,0,0,1,0.8186065239067744
1237667443511590952,194.351489490412,27.4978156080583,15.29586,13.38383,12.45603,12.02486,11.78227,5115,301,4,147,2522059011298191360,GALAXY,0.02447844,2240,53823,157,979551564.8674606,10001-12701,1-48157,133.371090612,57.5984251446,9.428999281013445,0.927642710084122,11754.1,AGBT17A_012_19,896.8291,1.4207177,-999.0,0.0137383435,8.670002,3.313165,0.14617112,10.35004,11955.675,47.163033,432.4681,303.13943,434.7268,307.13962,287.3401,6.6275935,11.448619,7.819415,8.402823,0.02141115,56.474014,-0.34800306,0,0,1,0.8186065239067744
1237667443511591044,194.35519928743,27.4045700201824,16.83002,15.71315,15.10971,14.84276,14.57985,5115,301,4,147,2523192613591345152,GALAXY,0.01617514,2241,54169,185,1035861856.9729179,10001-12701,1-48157,133.371090612,57.5984251446,9.428999281013445,0.927642710084122,11754.1,AGBT17A_012_19,896.8291,1.4207177,-999.0,0.0137383435,8.670002,3.313165,0.14617112,10.35004,11955.675,47.163033,432.4681,303.13943,434.7268,307.13962,287.3401,6.6275935,11.448619,7.819415,8.402823,0.02141115,56.474014,-0.34800306,0,0,1,0.8186065239067744
1237667443511656567,194.50649494591,27.4896658449692,16.88984,15.14931,14.41383,14.05181,13.76541,5115,301,4,148,2522048840815634432,GALAXY,0.02543061,2240,53823,120,1214074649.570409,10001-12701,1-48157,133.371090612,57.5984251446,9.428999281013445,0.927642710084122,11754.1,AGBT17A_012_19,896.8291,1.4207177,-999.0,0.0137383435,8.670002,3.313165,0.14617112,10.35004,11955.675,47.163033,432.4681,303.13943,434.7268,307.13962,287.3401,6.6275935,11.448619,7.819415,8.402823,0.02141115,56.474014,-0.34800306,0,0,1,0.8186065239067744
1237667443511722195,194.660041733041,27.5441002461781,17.7192,16.0195,15.25426,14.86802,14.56659,5115,301,4,149,2522156867833063424,GALAXY,0.01991322,2240,53823,513,1348146773.6310217,10001-12701,1-48157,133.371090612,57.5984251446,9.428999281013445,0.927642710084122,11754.1,AGBT17A_012_19,896.8291,1.4207177,-999.0,0.0137383435,8.670002,3.313165,0.14617112,10.35004,11955.675,47.163033,432.4681,303.13943,434.7268,307.13962,287.3401,6.6275935,11.448619,7.819415,8.402823,0.02141115,56.474014,-0.34800306,0,0,1,0.8186065239067744
1237667443511853161,195.079593550087,27.5537206819325,17.36353,15.49025,14.66778,14.29111,14.01266,5115,301,4,151,2523163476533209088,GALAXY,0.01964111,2241,54169,79,1336389679.6749375,10001-12701,1-48157,133.371090612,57.5984251446,9.428999281013445,0.927642710084122,11754.1,AGBT17A_012_19,896.8291,1.4207177,-999.0,0.0137383435,8.670002,3.313165,0.14617112,10.35004,11955.675,47.163033,432.4681,303.13943,434.7268,307.13962,287.3401,6.6275935,11.448619,7.819415,8.402823,0.02141115,56.474014,-0.34800306,0,0,1,0.8186065239067744
1237667443511918698,195.20800961403,27.4057818464861,16.34023,14.6341,13.92338,13.55998,13.27995,5115,301,4,152,2522024926437730304,GALAXY,0.02198225,2240,53823,33,1243776781.669991,10001-12701,1-48157,133.371090612,57.5984251446,9.428999281013445,0.927642710084122,11754.1,AGBT17A_012_19,896.8291,1.4207177,-999.0,0.0137383435,8.670002,3.313165,0.14617112,10.35004,11955.675,47.163033,432.4681,303.13943,434.7268,307.13962,287.3401,6.6275935,11.448619,7.819415,8.402823,0.02141115,56.474014,-0.34800306,0,0,1,0.8186065239067744
1237667443512443018,196.575869480874,27.2550457994464,17.64149,15.83253,15.05498,14.66982,14.3763,5115,301,4,160,2524410597328578560,GALAXY,0.025315,2242,54153,520,1221087652.9828105,10001-12701,1-48157,133.371090612,57.5984251446,9.428999281013445,0.927642710084122,11754.1,AGBT17A_012_19,896.8291,1.4207177,-999.0,0.0137383435,8.670002,3.313165,0.14617112,10.35004,11955.675,47.163033,432.4681,303.13943,434.7268,307.13962,287.3401,6.6275935,11.448619,7.819415,8.402823,0.02141115,56.474014,-0.34800306,0,0,1,0.8186065239067744
1237667443511787618,194.826871658135,27.5135105463817,18.14042,16.76635,16.10495,15.78389,15.55766,5115,301,4,150,2523173097259952128,GALAXY,0.02015118,2241,54169,114,1213868384.764162,10001-12701,1-48157,133.371090612,57.5984251446,9.428999281013445,0.927642710084122,11754.1,AGBT17A_012_19,896.8291,1.4207177,-999.0,0.0137383435,8.670002,3.313165,0.14617112,10.35004,11955.675,47.163033,432.4681,303.13943,434.7268,307.13962,287.3401,6.6275935,11.448619,7.819415,8.402823,0.02141115,56.474014,-0.34800306,0,0,1,0.8186065239067744
1237667443511525502,194.199045299034,27.4209916267466,17.79548,16.22021,15.52767,15.19811,14.94004,5115,301,4,146,2522064233978423296,GALAXY,0.02591777,2240,53823,176,1224800419.495258,10001-12701,1-48157,133.371090612,57.5984251446,9.428999281013445,0.927642710084122,11754.1,AGBT17A_012_19,896.8291,1.4207177,-999.0,0.0137383435,8.670002,3.313165,0.14617112,10.35004,11955.675,47.163033,432.4681,303.13943,434.7268,307.13962,287.3401,6.6275935,11.448619,7.819415,8.402823,0.02141115,56.474014,-0.34800306,0,0,1,0.8186065239067744
1237667443511918768,195.275799953577,27.3978258093587,18.16053,16.53306,15.83931,15.48725,15.20698,5115,301,4,152,2524366616863467520,GALAXY,0.02706441,2242,54153,360,1241714133.60752,10001-12701,1-48157,133.371090612,57.5984251446,9.428999281013445,0.927642710084122,11754.1,AGBT17A_012_19,896.8291,1.4207177,-999.0,0.0137383435,8.670002,3.313165,0.14617112,10.35004,11955.675,47.163033,432.4681,303.13943,434.7268,307.13962,287.3401,6.6275935,11.448619,7.819415,8.402823,0.02141115,56.474014,-0.34800306,0,0,1,0.8186065239067744
1237667443511656452,194.476510958023,27.490632767353,17.30269,15.66803,14.99516,14.63793,14.36301,5115,301,4,148,2522048016181913600,GALAXY,0.01661109,2240,53823,117,986977097.892356,10001-12701,1-48157,133.371090612,57.5984251446,9.428999281013445,0.927642710084122,11754.1,AGBT17A_012_19,896.8291,1.4207177,-999.0,0.0137383435,8.670002,3.313165,0.14617112,10.35004,11955.675,47.163033,432.4681,303.13943,434.7268,307.13962,287.3401,6.6275935,11.448619,7.819415,8.402823,0.02141115,56.474014,-0.34800306,0,0,1,0.8186065239067744
1237667443511722010,194.633601353935,27.4563338750488,17.65912,15.83846,15.05505,14.65487,14.41438,5115,301,4,149,2523184642132043776,GALAXY,0.02341978,2241,54169,156,1337627268.51242,10001-12701,1-48157,133.371090612,57.5984251446,9.428999281013445,0.927642710084122,11754.1,AGBT17A_012_19,896.8291,1.4207177,-999.0,0.0137383435,8.670002,3.313165,0.14617112,10.35004,11955.675,47.163033,432.4681,303.13943,434.7268,307.13962,287.3401,6.6275935,11.448619,7.819415,8.402823,0.02141115,56.474014,-0.34800306,0,0,1,0.8186065239067744
1237665531707129980,202.140598644293,26.4085411918812,18.53311,17.27152,16.82878,16.56526,16.39139,4670,301,3,38,2527744042628835328,GALAXY,0.03822671,2245,54208,359,920147300.6682969,10001-12701,1-48157,133.371090612,57.5984251446,9.428999281013445,0.927642710084122,11754.1,AGBT17A_012_19,896.8291,1.4207177,-999.0,0.0137383435,8.670002,3.313165,0.14617112,10.35004,11955.675,47.163033,432.4681,303.13943,434.7268,307.13962,287.3401,6.6275935,11.448619,7.819415,8.402823,0.02141115,56.474014,-0.34800306,0,0,1,0.8186065239067744
1237654604781584604,143.46905176911,3.12330870569779,18.68689,17.4473,16.87777,16.58981,16.42617,2126,301,2,162,640694259581741056,GALAXY,0.02293166,569,52264,208,972126031.8425652,10001-12701,1-48157,133.371090612,57.5984251446,9.428999281013445,0.927642710084122,11754.1,AGBT17A_012_19,896.8291,1.4207177,-999.0,0.0137383435,8.670002,3.313165,0.14617112,10.35004,11955.675,47.163033,432.4681,303.13943,434.7268,307.13962,287.3401,6.6275935,11.448619,7.819415,8.402823,0.02141115,56.474014,-0.34800306,0,0,1,0.8186065239067744
1237653665255588082,142.587814453712,2.13440334336913,17.93159,16.47922,15.79119,15.406,15.12472,1907,301,4,133,534951747420973056,GALAXY,0.02482222,475,51965,543,739253065.5895934,10001-12701,1-48157,133.371090612,57.5984251446,9.428999281013445,0.927642710084122,11754.1,AGBT17A_012_19,896.8291,1.4207177,-999.0,0.0137383435,8.670002,3.313165,0.14617112,10.35004,11955.675,47.163033,432.4681,303.13943,434.7268,307.13962,287.3401,6.6275935,11.448619,7.819415,8.402823,0.02141115,56.474014,-0.34800306,0,0,1,0.8186065239067744
1237661136886628464,155.035756424614,37.5441020750268,18.7927,16.959,16.11019,15.72674,15.43506,3647,301,1,111,1606682307073173504,GALAXY,0.0475775,1427,52996,84,398297340.8631431,10001-12701,1-48157,133.371090612,57.5984251446,9.428999281013445,0.927642710084122,11754.1,AGBT17A_012_19,896.8291,1.4207177,-999.0,0.0137383435,8.670002,3.313165,0.14617112,10.35004,11955.675,47.163033,432.4681,303.13943,434.7268,307.13962,287.3401,6.6275935,11.448619,7.819415,8.402823,0.02141115,56.474014,-0.34800306,0,0,1,0.8186065239067744
1237651190815260908,119.401213677848,41.1145932285474,18.89057,17.12774,16.22233,15.7602,15.38467,1331,301,3,98,489915199998945280,GALAXY,0.04148959,435,51882,541,196364095.54723576,10001-12701,1-48157,133.371090612,57.5984251446,9.428999281013445,0.927642710084122,11754.1,AGBT17A_012_19,896.8291,1.4207177,-999.0,0.0137383435,8.670002,3.313165,0.14617112,10.35004,11955.675,47.163033,432.4681,303.13943,434.7268,307.13962,287.3401,6.6275935,11.448619,7.819415,8.402823,0.02141115,56.474014,-0.34800306,0,0,1,0.8186065239067744
1237655504034660924,256.565782227426,35.4170250131829,18.82674,17.61299,17.08673,16.78573,16.58294,2335,301,5,75,3346257613204514816,GALAXY,0.0367457,2972,54586,302,118808528.39832751,10001-12701,1-48157,133.371090612,57.5984251446,9.428999281013445,0.927642710084122,11754.1,AGBT17A_012_19,896.8291,1.4207177,-999.0,0.0137383435,8.670002,3.313165,0.14617112,10.35004,11955.675,47.163033,432.4681,303.13943,434.7268,307.13962,287.3401,6.6275935,11.448619,7.819415,8.402823,0.02141115,56.474014,-0.34800306,0,0,1,0.8186065239067744
1237655128772903484,258.832961821456,29.4163835103948,19.26147,17.73017,17.00758,16.61699,16.33109,2248,301,2,243,1101167258362734592,GALAXY,0.03726446,978,52441,135,608274913.6226872,10001-12701,1-48157,133.371090612,57.5984251446,9.428999281013445,0.927642710084122,11754.1,AGBT17A_012_19,896.8291,1.4207177,-999.0,0.0137383435,8.670002,3.313165,0.14617112,10.35004,11955.675,47.163033,432.4681,303.13943,434.7268,307.13962,287.3401,6.6275935,11.448619,7.819415,8.402823,0.02141115,56.474014,-0.34800306,0,0,1,0.8186065239067744
1237665328784277569,200.096100018591,30.4447445542159,17.87919,16.05087,15.26018,14.89649,14.60199,4623,301,1,257,2254177840691963904,GALAXY,0.04757174,2002,53471,459,1175709395.6084492,10001-12701,1-48157,133.371090612,57.5984251446,9.428999281013445,0.927642710084122,11754.1,AGBT17A_012_19,896.8291,1.4207177,-999.0,0.0137383435,8.670002,3.313165,0.14617112,10.35004,11955.675,47.163033,432.4681,303.13943,434.7268,307.13962,287.3401,6.6275935,11.448619,7.819415,8.402823,0.02141115,56.474014,-0.34800306,0,0,1,0.8186065239067744
1237667443511656590,194.503139521754,27.4539875922619,19.08916,17.39193,16.63759,16.27158,15.95974,5115,301,4,148,2523190689445996544,GALAXY,0.02561549,2241,54169,178,982851801.7674141,10001-12701,1-48157,133.371090612,57.5984251446,9.428999281013445,0.927642710084122,11754.1,AGBT17A_012_19,896.8291,1.4207177,-999.0,0.0137383435,8.670002,3.313165,0.14617112,10.35004,11955.675,47.163033,432.4681,303.13943,434.7268,307.13962,287.3401,6.6275935,11.448619,7.819415,8.402823,0.02141115,56.474014,-0.34800306,0,0,1,0.8186065239067744
1237651754532339946,146.043290809396,2.4103122302567,16.52262,15.43124,14.93963,14.68506,14.45049,1462,301,5,138,537229936537135104,GALAXY,0.01994092,477,52026,639,741109448.8458172,10001-12701,1-48157,133.371090612,57.5984251446,9.428999281013445,0.927642710084122,11754.1,AGBT17A_012_19,896.8291,1.4207177,-999.0,0.0137383435,8.670002,3.313165,0.14617112,10.35004,11955.675,47.163033,432.4681,303.13943,434.7268,307.13962,287.3401,6.6275935,11.448619,7.819415,8.402823,0.02141115,56.474014,-0.34800306,0,0,1,0.8186065239067744
1237662302965858419,194.453107984168,52.7792747945597,18.59496,17.00122,16.29522,15.95018,15.69131,3918,301,5,44,997696066356799488,GALAXY,0.02756847,886,52381,541,78174361.56764951,10001-12701,1-48157,133.371090612,57.5984251446,9.428999281013445,0.927642710084122,11754.1,AGBT17A_012_19,896.8291,1.4207177,-999.0,0.0137383435,8.670002,3.313165,0.14617112,10.35004,11955.675,47.163033,432.4681,303.13943,434.7268,307.13962,287.3401,6.6275935,11.448619,7.819415,8.402823,0.02141115,56.474014,-0.34800306,0,0,1,0.8186065239067744
1237658205049258160,188.202171127463,50.2717396474468,18.32392,16.7399,15.93055,15.47078,15.08418,2964,301,4,335,7515382260679596032,GALAXY,0.02942279,6675,56415,1,85393629.7862979,10001-12701,1-48157,133.371090612,57.5984251446,9.428999281013445,0.927642710084122,11754.1,AGBT17A_012_19,896.8291,1.4207177,-999.0,0.0137383435,8.670002,3.313165,0.14617112,10.35004,11955.675,47.163033,432.4681,303.13943,434.7268,307.13962,287.3401,6.6275935,11.448619,7.819415,8.402823,0.02141115,56.474014,-0.34800306,0,0,1,0.8186065239067744
1237657628988473347,170.708082657211,51.2077174971503,16.99381,15.16845,14.37219,13.95811,13.71568,2830,301,3,361,989752644333496320,GALAXY,0.02611397,879,52365,315,519993576.5489299,10001-12701,1-48157,133.371090612,57.5984251446,9.428999281013445,0.927642710084122,11754.1,AGBT17A_012_19,896.8291,1.4207177,-999.0,0.0137383435,8.670002,3.313165,0.14617112,10.35004,11955.675,47.163033,432.4681,303.13943,434.7268,307.13962,287.3401,6.6275935,11.448619,7.819415,8.402823,0.02141115,56.474014,-0.34800306,0,0,1,0.8186065239067744
1237665023837274271,201.147056977251,32.9410728950022,18.33519,17.2319,16.86907,16.65896,16.50847,4552,301,1,191,2378033978327197696,GALAXY,0.03897034,2112,53534,485,792263120.7950971,10001-12701,1-48157,133.371090612,57.5984251446,9.428999281013445,0.927642710084122,11754.1,AGBT17A_012_19,896.8291,1.4207177,-999.0,0.0137383435,8.670002,3.313165,0.14617112,10.35004,11955.675,47.163033,432.4681,303.13943,434.7268,307.13962,287.3401,6.6275935,11.448619,7.819415,8.402823,0.02141115,56.474014,-0.34800306,0,0,1,0.8186065239067744
1237662336256704656,243.046922586068,29.5741223899582,17.30595,15.36576,14.44754,13.9934,13.64643,3926,301,3,118,5639663515449186304,GALAXY,0.05363549,5009,55707,112,882607105.9313254,10001-12701,1-48157,133.371090612,57.5984251446,9.428999281013445,0.927642710084122,11754.1,AGBT17A_012_19,896.8291,1.4207177,-999.0,0.0137383435,8.670002,3.313165,0.14617112,10.35004,11955.675,47.163033,432.4681,303.13943,434.7268,307.13962,287.3401,6.6275935,11.448619,7.819415,8.402823,0.02141115,56.474014,-0.34800306,0,0,1,0.8186065239067744
1237655473432101119,250.156159095998,39.2216416714504,17.44845,15.61718,14.79294,14.35714,14.03744,2328,301,4,61,919867960418396160,GALAXY,0.03523589,817,52381,28,402010107.3755908,10001-12701,1-48157,133.371090612,57.5984251446,9.428999281013445,0.927642710084122,11754.1,AGBT17A_012_19,896.8291,1.4207177,-999.0,0.0137383435,8.670002,3.313165,0.14617112,10.35004,11955.675,47.163033,432.4681,303.13943,434.7268,307.13962,287.3401,6.6275935,11.448619,7.819415,8.402823,0.02141115,56.474014,-0.34800306,0,0,1,0.8186065239067744
1237655473430790336,247.476809050074,41.6045398630234,17.05709,15.20786,14.30796,13.85853,13.48823,2328,301,4,41,6806317651532732416,GALAXY,0.03106722,6045,56072,919,573828690.9794221,10001-12701,1-48157,133.371090612,57.5984251446,9.428999281013445,0.927642710084122,11754.1,AGBT17A_012_19,896.8291,1.4207177,-999.0,0.0137383435,8.670002,3.313165,0.14617112,10.35004,11955.675,47.163033,432.4681,303.13943,434.7268,307.13962,287.3401,6.6275935,11.448619,7.819415,8.402823,0.02141115,56.474014,-0.34800306,0,0,1,0.8186065239067744
1237656567038804464,313.570729382629,-1.24917122002078,19.2816,17.19918,16.13418,15.61268,15.19403,2583,301,1,71,1106774217942132736,GALAXY,0.04744462,983,52443,53,466364726.9246849,10001-12701,1-48157,133.371090612,57.5984251446,9.428999281013445,0.927642710084122,11754.1,AGBT17A_012_19,896.8291,1.4207177,-999.0,0.0137383435,8.670002,3.313165,0.14617112,10.35004,11955.675,47.163033,432.4681,303.13943,434.7268,307.13962,287.3401,6.6275935,11.448619,7.819415,8.402823,0.02141115,56.474014,-0.34800306,0,0,1,0.8186065239067744
1237667447811408036,204.597117169817,23.9721581306942,17.77312,16.03796,15.26481,14.90031,14.61063,5116,301,4,221,3001744055487981568,GALAXY,0.02818461,2666,54230,345,1169108921.8085423,10001-12701,1-48157,133.371090612,57.5984251446,9.428999281013445,0.927642710084122,11754.1,AGBT17A_012_19,896.8291,1.4207177,-999.0,0.0137383435,8.670002,3.313165,0.14617112,10.35004,11955.675,47.163033,432.4681,303.13943,434.7268,307.13962,287.3401,6.6275935,11.448619,7.819415,8.402823,0.02141115,56.474014,-0.34800306,0,0,1,0.8186065239067744
1237664878878589178,148.285915162354,31.438319975458,18.44516,16.92094,16.24376,15.9168,15.69033,4518,301,3,137,2191162904504461312,GALAXY,0.02144941,1946,53432,588,1156320503.8212223,10001-12701,1-48157,133.371090612,57.5984251446,9.428999281013445,0.927642710084122,11754.1,AGBT17A_012_19,896.8291,1.4207177,-999.0,0.0137383435,8.670002,3.313165,0.14617112,10.35004,11955.675,47.163033,432.4681,303.13943,434.7268,307.13962,287.3401,6.6275935,11.448619,7.819415,8.402823,0.02141115,56.474014,-0.34800306,0,0,1,0.8186065239067744
1237667442974982311,195.019097162347,27.0324696954038,18.81526,17.41994,16.73576,16.44279,16.21556,5115,301,3,151,2522023552048195584,GALAXY,0.0232099,2240,53823,28,1247283283.3761916,10001-12701,1-48157,133.371090612,57.5984251446,9.428999281013445,0.927642710084122,11754.1,AGBT17A_012_19,896.8291,1.4207177,-999.0,0.0137383435,8.670002,3.313165,0.14617112,10.35004,11955.675,47.163033,432.4681,303.13943,434.7268,307.13962,287.3401,6.6275935,11.448619,7.819415,8.402823,0.02141115,56.474014,-0.34800306,0,0,1,0.8186065239067744
1237655130381615585,257.566822949883,33.7518480532601,18.06675,17.09942,16.7867,16.56297,16.41872,2248,301,5,214,1096626824860952576,GALAXY,0.03804799,974,52427,1,607037324.7852045,10001-12701,1-48157,133.371090612,57.5984251446,9.428999281013445,0.927642710084122,11754.1,AGBT17A_012_19,896.8291,1.4207177,-999.0,0.0137383435,8.670002,3.313165,0.14617112,10.35004,11955.675,47.163033,432.4681,303.13943,434.7268,307.13962,287.3401,6.6275935,11.448619,7.819415,8.402823,0.02141115,56.474014,-0.34800306,0,0,1,0.8186065239067744
1237660764297560067,123.357514951574,25.1269650870698,17.4628,15.52021,14.67626,14.28221,13.97861,3560,301,3,101,1425461345523886080,GALAXY,0.03407151,1266,52709,262,695731191.471456,10001-12701,1-48157,133.371090612,57.5984251446,9.428999281013445,0.927642710084122,11754.1,AGBT17A_012_19,896.8291,1.4207177,-999.0,0.0137383435,8.670002,3.313165,0.14617112,10.35004,11955.675,47.163033,432.4681,303.13943,434.7268,307.13962,287.3401,6.6275935,11.448619,7.819415,8.402823,0.02141115,56.474014,-0.34800306,0,0,1,0.8186065239067744
1237656496181215535,345.302680996319,14.7446324731329,17.41186,15.94635,15.23968,14.82695,14.49863,2566,301,5,214,835543113169659904,GALAXY,0.024336,742,52263,456,764623636.7579862,10001-12701,1-48157,133.371090612,57.5984251446,9.428999281013445,0.927642710084122,11754.1,AGBT17A_012_19,896.8291,1.4207177,-999.0,0.0137383435,8.670002,3.313165,0.14617112,10.35004,11955.675,47.163033,432.4681,303.13943,434.7268,307.13962,287.3401,6.6275935,11.448619,7.819415,8.402823,0.02141115,56.474014,-0.34800306,0,0,1,0.8186065239067744
1237654605866467489,168.949620576199,5.09752989594476,17.82647,16.83904,16.54334,16.33174,16.17982,2126,301,4,332,940259502144382976,GALAXY,0.04053243,835,52326,484,781124821.257754,10001-12701,1-48157,133.371090612,57.5984251446,9.428999281013445,0.927642710084122,11754.1,AGBT17A_012_19,896.8291,1.4207177,-999.0,0.0137383435,8.670002,3.313165,0.14617112,10.35004,11955.675,47.163033,432.4681,303.13943,434.7268,307.13962,287.3401,6.6275935,11.448619,7.819415,8.402823,0.02141115,56.474014,-0.34800306,0,0,1,0.8186065239067744
1237654605851853095,135.527448915419,3.49771583284946,17.96939,16.20377,15.40887,15.0015,14.7156,2126,301,4,109,637357241355233280,GALAXY,0.0273639,566,52238,356,954387258.505315,10001-12701,1-48157,133.371090612,57.5984251446,9.428999281013445,0.927642710084122,11754.1,AGBT17A_012_19,896.8291,1.4207177,-999.0,0.0137383435,8.670002,3.313165,0.14617112,10.35004,11955.675,47.163033,432.4681,303.13943,434.7268,307.13962,287.3401,6.6275935,11.448619,7.819415,8.402823,0.02141115,56.474014,-0.34800306,0,0,1,0.8186065239067744
1237661434314620954,205.664646774532,45.5843446417337,17.06388,15.18292,14.33888,13.92226,13.62515,3716,301,3,134,1649491243987658752,GALAXY,0.03845886,1465,53082,174,292689760.06462973,10001-12701,1-48157,133.371090612,57.5984251446,9.428999281013445,0.927642710084122,11754.1,AGBT17A_012_19,896.8291,1.4207177,-999.0,0.0137383435,8.670002,3.313165,0.14617112,10.35004,11955.675,47.163033,432.4681,303.13943,434.7268,307.13962,287.3401,6.6275935,11.448619,7.819415,8.402823,0.02141115,56.474014,-0.34800306,0,0,1,0.8186065239067744
1237658300058173812,129.312103521258,4.69589063411397,17.10394,15.39357,14.59957,14.19646,13.90899,2986,301,5,72,1335477312849733632,GALAXY,0.04697105,1186,52646,582,914165621.2871311,10001-12701,1-48157,133.371090612,57.5984251446,9.428999281013445,0.927642710084122,11754.1,AGBT17A_012_19,896.8291,1.4207177,-999.0,0.0137383435,8.670002,3.313165,0.14617112,10.35004,11955.675,47.163033,432.4681,303.13943,434.7268,307.13962,287.3401,6.6275935,11.448619,7.819415,8.402823,0.02141115,56.474014,-0.34800306,0,0,1,0.8186065239067744
1237658800963190855,180.789154664564,54.2225986654718,17.49957,15.65748,14.83413,14.42362,14.09348,3103,301,2,140,1146235144349181952,GALAXY,0.02967747,1018,52672,251,89106396.29874563,10001-12701,1-48157,133.371090612,57.5984251446,9.428999281013445,0.927642710084122,11754.1,AGBT17A_012_19,896.8291,1.4207177,-999.0,0.0137383435,8.670002,3.313165,0.14617112,10.35004,11955.675,47.163033,432.4681,303.13943,434.7268,307.13962,287.3401,6.6275935,11.448619,7.819415,8.402823,0.02141115,56.474014,-0.34800306,0,0,1,0.8186065239067744
1237661958300106781,219.227539520012,46.8017798423369,16.91703,15.10439,14.31559,13.93604,13.63876,3838,301,3,126,1884805705316198400,GALAXY,0.03638979,1674,53464,179,677373623.7154645,10001-12701,1-48157,133.371090612,57.5984251446,9.428999281013445,0.927642710084122,11754.1,AGBT17A_012_19,896.8291,1.4207177,-999.0,0.0137383435,8.670002,3.313165,0.14617112,10.35004,11955.675,47.163033,432.4681,303.13943,434.7268,307.13962,287.3401,6.6275935,11.448619,7.819415,8.402823,0.02141115,56.474014,-0.34800306,0,0,1,0.8186065239067744
1237657629505028535,117.860410939222,26.991837093321,17.72059,16.52802,16.04883,15.81012,15.65141,2830,301,4,51,966149427397945344,GALAXY,0.02300166,858,52316,463,1153020266.9212687,10001-12701,1-48157,133.371090612,57.5984251446,9.428999281013445,0.927642710084122,11754.1,AGBT17A_012_19,896.8291,1.4207177,-999.0,0.0137383435,8.670002,3.313165,0.14617112,10.35004,11955.675,47.163033,432.4681,303.13943,434.7268,307.13962,287.3401,6.6275935,11.448619,7.819415,8.402823,0.02141115,56.474014,-0.34800306,0,0,1,0.8186065239067744
1237651272420688127,121.357120735066,46.2874010251348,19.09682,17.38845,16.5262,16.04755,15.66178,1350,301,3,114,493169479572809728,GALAXY,0.02889943,438,51884,92,491116503.67433643,10001-12701,1-48157,133.371090612,57.5984251446,9.428999281013445,0.927642710084122,11754.1,AGBT17A_012_19,896.8291,1.4207177,-999.0,0.0137383435,8.670002,3.313165,0.14617112,10.35004,11955.675,47.163033,432.4681,303.13943,434.7268,307.13962,287.3401,6.6275935,11.448619,7.819415,8.402823,0.02141115,56.474014,-0.34800306,0,0,1,0.8186065239067744
1237651272424882309,130.335239126387,53.9386464288064,16.59462,15.17721,14.46862,14.09403,13.82614,1350,301,3,178,502212138329204736,GALAXY,0.03160603,446,51899,221,499160831.1179732,10001-12701,1-48157,133.371090612,57.5984251446,9.428999281013445,0.927642710084122,11754.1,AGBT17A_012_19,896.8291,1.4207177,-999.0,0.0137383435,8.670002,3.313165,0.14617112,10.35004,11955.675,47.163033,432.4681,303.13943,434.7268,307.13962,287.3401,6.6275935,11.448619,7.819415,8.402823,0.02141115,56.474014,-0.34800306,0,0,1,0.8186065239067744
1237651539262701677,242.848274204988,52.4548106873155,17.0268,15.19365,14.39451,14.00111,13.70662,1412,301,4,376,701554698506758144,GALAXY,0.02942318,623,52051,433,392728191.0944715,10001-12701,1-48157,133.371090612,57.5984251446,9.428999281013445,0.927642710084122,11754.1,AGBT17A_012_19,896.8291,1.4207177,-999.0,0.0137383435,8.670002,3.313165,0.14617112,10.35004,11955.675,47.163033,432.4681,303.13943,434.7268,307.13962,287.3401,6.6275935,11.448619,7.819415,8.402823,0.02141115,56.474014,-0.34800306,0,0,1,0.8186065239067744
1237651539262570671,242.597949388496,52.8089412526221,19.25471,17.59088,16.76474,16.35223,16.00908,1412,301,4,374,699200919056705536,GALAXY,0.03755784,621,52055,62,392521926.28822434,10001-12701,1-48157,133.371090612,57.5984251446,9.428999281013445,0.927642710084122,11754.1,AGBT17A_012_19,896.8291,1.4207177,-999.0,0.0137383435,8.670002,3.313165,0.14617112,10.35004,11955.675,47.163033,432.4681,303.13943,434.7268,307.13962,287.3401,6.6275935,11.448619,7.819415,8.402823,0.02141115,56.474014,-0.34800306,0,0,1,0.8186065239067744
1237662226240962588,251.12815748364,19.9407451637527,16.31311,15.00272,14.33298,13.97388,13.7124,3900,301,6,771,1766604626951432192,GALAXY,0.02297745,1569,53168,246,691605895.3465141,10001-12701,1-48157,133.371090612,57.5984251446,9.428999281013445,0.927642710084122,11754.1,AGBT17A_012_19,896.8291,1.4207177,-999.0,0.0137383435,8.670002,3.313165,0.14617112,10.35004,11955.675,47.163033,432.4681,303.13943,434.7268,307.13962,287.3401,6.6275935,11.448619,7.819415,8.402823,0.02141115,56.474014,-0.34800306,0,0,1,0.8186065239067744
1237655374647460143,249.557267719219,40.1468129287328,17.17886,15.18688,14.28129,13.76924,13.35791,2305,301,4,55,920007323517216768,GALAXY,0.03036305,817,52381,535,399741194.5068728,10001-12701,1-48157,133.371090612,57.5984251446,9.428999281013445,0.927642710084122,11754.1,AGBT17A_012_19,896.8291,1.4207177,-999.0,0.0137383435,8.670002,3.313165,0.14617112,10.35004,11955.675,47.163033,432.4681,303.13943,434.7268,307.13962,287.3401,6.6275935,11.448619,7.819415,8.402823,0.02141115,56.474014,-0.34800306,0,0,1,0.8186065239067744
1237660958107369915,122.524678495973,25.28881109334,18.4359,16.60066,15.71177,15.2859,14.95206,3605,301,4,92,1424424780869691392,GALAXY,0.05553512,1265,52705,587,934379572.2993464,10001-12701,1-48157,133.371090612,57.5984251446,9.428999281013445,0.927642710084122,11754.1,AGBT17A_012_19,896.8291,1.4207177,-999.0,0.0137383435,8.670002,3.313165,0.14617112,10.35004,11955.675,47.163033,432.4681,303.13943,434.7268,307.13962,287.3401,6.6275935,11.448619,7.819415,8.402823,0.02141115,56.474014,-0.34800306,0,0,1,0.8186065239067744
1237662305664696703,243.398403264864,24.8275265846459,18.86893,17.35563,16.67062,16.27435,15.98284,3919,301,2,265,1773365804281128960,GALAXY,0.03828295,1575,53493,267,889001314.9249853,10001-12701,1-48157,133.371090612,57.5984251446,9.428999281013445,0.927642710084122,11754.1,AGBT17A_012_19,896.8291,1.4207177,-999.0,0.0137383435,8.670002,3.313165,0.14617112,10.35004,11955.675,47.163033,432.4681,303.13943,434.7268,307.13962,287.3401,6.6275935,11.448619,7.819415,8.402823,0.02141115,56.474014,-0.34800306,0,0,1,0.8186065239067744
1237662667499307328,246.551608782254,25.6166498937037,19.5741,17.98069,17.16006,16.66921,16.2721,4003,301,4,15,1772305325030926336,GALAXY,0.03965329,1574,53476,505,1279666857.956986,10001-12701,1-48157,133.371090612,57.5984251446,9.428999281013445,0.927642710084122,11754.1,AGBT17A_012_19,896.8291,1.4207177,-999.0,0.0137383435,8.670002,3.313165,0.14617112,10.35004,11955.675,47.163033,432.4681,303.13943,434.7268,307.13962,287.3401,6.6275935,11.448619,7.819415,8.402823,0.02141115,56.474014,-0.34800306,0,0,1,0.8186065239067744
1237665443129852026,204.092493941601,29.5630778437618,18.15996,17.11257,16.77204,16.52641,16.37424,4649,301,6,136,2227199948548499456,GALAXY,0.03851299,1978,53473,618,791231796.7638617,10001-12701,1-48157,133.371090612,57.5984251446,9.428999281013445,0.927642710084122,11754.1,AGBT17A_012_19,896.8291,1.4207177,-999.0,0.0137383435,8.670002,3.313165,0.14617112,10.35004,11955.675,47.163033,432.4681,303.13943,434.7268,307.13962,287.3401,6.6275935,11.448619,7.819415,8.402823,0.02141115,56.474014,-0.34800306,0,0,1,0.8186065239067744
1237664835394601204,138.844788812927,27.2866400180271,16.8035,15.07337,14.21756,13.77233,13.41304,4508,301,2,176,2180934421970970624,GALAXY,0.04579197,1937,53388,241,1308750195.6378264,10001-12701,1-48157,133.371090612,57.5984251446,9.428999281013445,0.927642710084122,11754.1,AGBT17A_012_19,896.8291,1.4207177,-999.0,0.0137383435,8.670002,3.313165,0.14617112,10.35004,11955.675,47.163033,432.4681,303.13943,434.7268,307.13962,287.3401,6.6275935,11.448619,7.819415,8.402823,0.02141115,56.474014,-0.34800306,0,0,1,0.8186065239067744
1237661388151914527,242.682560111156,41.1485623700161,16.45488,14.59519,13.7868,13.36858,13.0493,3705,301,5,259,1503086043740530688,GALAXY,0.03153706,1335,52824,35,272682073.85866135,10001-12701,1-48157,133.371090612,57.5984251446,9.428999281013445,0.927642710084122,11754.1,AGBT17A_012_19,896.8291,1.4207177,-999.0,0.0137383435,8.670002,3.313165,0.14617112,10.35004,11955.675,47.163033,432.4681,303.13943,434.7268,307.13962,287.3401,6.6275935,11.448619,7.819415,8.402823,0.02141115,56.474014,-0.34800306,0,0,1,0.8186065239067744
1237662500538417334,228.982722570731,43.88959608963,19.34157,17.69215,16.90017,16.54816,16.252,3964,301,5,106,1888294725287438336,GALAXY,0.03934289,1677,53148,584,383858804.42584634,10001-12701,1-48157,133.371090612,57.5984251446,9.428999281013445,0.927642710084122,11754.1,AGBT17A_012_19,896.8291,1.4207177,-999.0,0.0137383435,8.670002,3.313165,0.14617112,10.35004,11955.675,47.163033,432.4681,303.13943,434.7268,307.13962,287.3401,6.6275935,11.448619,7.819415,8.402823,0.02141115,56.474014,-0.34800306,0,0,1,0.8186065239067744
1237662667499504041,247.028382668822,25.3954177421122,17.89884,16.78417,16.2817,15.9357,15.68434,4003,301,4,18,1772327865019295744,GALAXY,0.04168399,1574,53476,587,1282142035.6319509,10001-12701,1-48157,133.371090612,57.5984251446,9.428999281013445,0.927642710084122,11754.1,AGBT17A_012_19,896.8291,1.4207177,-999.0,0.0137383435,8.670002,3.313165,0.14617112,10.35004,11955.675,47.163033,432.4681,303.13943,434.7268,307.13962,287.3401,6.6275935,11.448619,7.819415,8.402823,0.02141115,56.474014,-0.34800306,0,0,1,0.8186065239067744
1237660765917675745,144.130271623701,38.0950449625758,17.83016,16.48787,16.00507,15.72366,15.501,3560,301,6,246,1435667017267963904,GALAXY,0.04562809,1275,52996,526,345699815.2701335,10001-12701,1-48157,133.371090612,57.5984251446,9.428999281013445,0.927642710084122,11754.1,AGBT17A_012_19,896.8291,1.4207177,-999.0,0.0137383435,8.670002,3.313165,0.14617112,10.35004,11955.675,47.163033,432.4681,303.13943,434.7268,307.13962,287.3401,6.6275935,11.448619,7.819415,8.402823,0.02141115,56.474014,-0.34800306,0,0,1,0.8186065239067744
1237651273494954261,121.352398455962,47.7442005494767,18.75303,17.38186,16.73298,16.36578,16.04724,1350,301,5,122,493278606101866496,GALAXY,0.0221326,438,51884,489,490497709.2555952,10001-12701,1-48157,133.371090612,57.5984251446,9.428999281013445,0.927642710084122,11754.1,AGBT17A_012_19,896.8291,1.4207177,-999.0,0.0137383435,8.670002,3.313165,0.14617112,10.35004,11955.675,47.163033,432.4681,303.13943,434.7268,307.13962,287.3401,6.6275935,11.448619,7.819415,8.402823,0.02141115,56.474014,-0.34800306,0,0,1,0.8186065239067744
1237654949450416218,239.554177194299,54.6155833510313,18.21759,16.51815,15.71911,15.33899,15.03668,2206,301,4,127,696974957783050240,GALAXY,0.04688733,619,52056,156,353950407.5200173,10001-12701,1-48157,133.371090612,57.5984251446,9.428999281013445,0.927642710084122,11754.1,AGBT17A_012_19,896.8291,1.4207177,-999.0,0.0137383435,8.670002,3.313165,0.14617112,10.35004,11955.675,47.163033,432.4681,303.13943,434.7268,307.13962,287.3401,6.6275935,11.448619,7.819415,8.402823,0.02141115,56.474014,-0.34800306,0,0,1,0.8186065239067744
1237663787419762957,122.411099033403,54.5521618994446,18.01246,16.92522,16.51325,16.25565,16.10102,4264,301,2,133,2106605511720855552,GALAXY,0.04210159,1871,53384,170,483072176.23069966,10001-12701,1-48157,133.371090612,57.5984251446,9.428999281013445,0.927642710084122,11754.1,AGBT17A_012_19,896.8291,1.4207177,-999.0,0.0137383435,8.670002,3.313165,0.14617112,10.35004,11955.675,47.163033,432.4681,303.13943,434.7268,307.13962,287.3401,6.6275935,11.448619,7.819415,8.402823,0.02141115,56.474014,-0.34800306,0,0,1,0.8186065239067744
1237665228384698625,200.042274327876,32.678635596522,18.89634,17.11353,16.31,15.93088,15.64693,4599,301,6,185,2377985050059761664,GALAXY,0.03868203,2112,53534,307,1183753723.052086,10001-12701,1-48157,133.371090612,57.5984251446,9.428999281013445,0.927642710084122,11754.1,AGBT17A_012_19,896.8291,1.4207177,-999.0,0.0137383435,8.670002,3.313165,0.14617112,10.35004,11955.675,47.163033,432.4681,303.13943,434.7268,307.13962,287.3401,6.6275935,11.448619,7.819415,8.402823,0.02141115,56.474014,-0.34800306,0,0,1,0.8186065239067744
1237665228379914369,186.932292655305,33.5799726990685,18.30093,17.29307,16.87165,16.6812,16.52443,4599,301,6,112,2268724660243818496,GALAXY,0.02212335,2015,53819,132,1088046852.9534335,10001-12701,1-48157,133.371090612,57.5984251446,9.428999281013445,0.927642710084122,11754.1,AGBT17A_012_19,896.8291,1.4207177,-999.0,0.0137383435,8.670002,3.313165,0.14617112,10.35004,11955.675,47.163033,432.4681,303.13943,434.7268,307.13962,287.3401,6.6275935,11.448619,7.819415,8.402823,0.02141115,56.474014,-0.34800306,0,0,1,0.8186065239067744
1237648720683663442,156.7274604772,-0.541496287023398,16.88283,15.34853,14.57638,14.17368,13.84184,756,301,2,273,306272844772304896,GALAXY,0.03457265,272,51941,102,86218689.01128627,10001-12701,1-48157,133.371090612,57.5984251446,9.428999281013445,0.927642710084122,11754.1,AGBT17A_012_19,896.8291,1.4207177,-999.0,0.0137383435,8.670002,3.313165,0.14617112,10.35004,11955.675,47.163033,432.4681,303.13943,434.7268,307.13962,287.3401,6.6275935,11.448619,7.819415,8.402823,0.02141115,56.474014,-0.34800306,0,0,1,0.8186065239067744
1237669771914641581,31.9585864831739,0.873075910763171,18.30754,17.08158,16.59304,16.34271,16.07241,5657,301,5,54,455017799270557696,GALAXY,0.04105189,404,51812,561,696556250.6964445,10001-12701,1-48157,133.371090612,57.5984251446,9.428999281013445,0.927642710084122,11754.1,AGBT17A_012_19,896.8291,1.4207177,-999.0,0.0137383435,8.670002,3.313165,0.14617112,10.35004,11955.675,47.163033,432.4681,303.13943,434.7268,307.13962,287.3401,6.6275935,11.448619,7.819415,8.402823,0.02141115,56.474014,-0.34800306,0,0,1,0.8186065239067744
1237663655343357998,110.88848516,41.4348960467391,16.07103,14.39771,13.62239,13.15388,13.00342,4233,301,4,39,2098724486059681792,GALAXY,0.02762241,1864,53313,171,175531350.116279,10001-12701,1-48157,133.371090612,57.5984251446,9.428999281013445,0.927642710084122,11754.1,AGBT17A_012_19,896.8291,1.4207177,-999.0,0.0137383435,8.670002,3.313165,0.14617112,10.35004,11955.675,47.163033,432.4681,303.13943,434.7268,307.13962,287.3401,6.6275935,11.448619,7.819415,8.402823,0.02141115,56.474014,-0.34800306,0,0,1,0.8186065239067744
1237664869211701530,137.949734547069,32.9241558391612,18.73709,17.24444,16.58669,16.25929,16.00237,4516,301,1,88,1792520113031768064,GALAXY,0.03850818,1592,52990,318,68686180.4802831,10001-12701,1-48157,133.371090612,57.5984251446,9.428999281013445,0.927642710084122,11754.1,AGBT17A_012_19,896.8291,1.4207177,-999.0,0.0137383435,8.670002,3.313165,0.14617112,10.35004,11955.675,47.163033,432.4681,303.13943,434.7268,307.13962,287.3401,6.6275935,11.448619,7.819415,8.402823,0.02141115,56.474014,-0.34800306,0,0,1,0.8186065239067744
1237662224090005796,243.08487293563,23.0020095436373,16.72416,15.25811,14.52107,14.11765,13.81901,3900,301,2,718,1865701416845207552,GALAXY,0.03226489,1657,53520,310,597342878.8915911,10001-12701,1-48157,133.371090612,57.5984251446,9.428999281013445,0.927642710084122,11754.1,AGBT17A_012_19,896.8291,1.4207177,-999.0,0.0137383435,8.670002,3.313165,0.14617112,10.35004,11955.675,47.163033,432.4681,303.13943,434.7268,307.13962,287.3401,6.6275935,11.448619,7.819415,8.402823,0.02141115,56.474014,-0.34800306,0,0,1,0.8186065239067744
1237648722291065136,149.430258049795,0.689940245360079,17.55132,16.07058,15.32903,14.90121,14.61607,756,301,5,224,301870669925214208,GALAXY,0.04589036,268,51633,471,1027611264.7230341,10001-12701,1-48157,133.371090612,57.5984251446,9.428999281013445,0.927642710084122,11754.1,AGBT17A_012_19,896.8291,1.4207177,-999.0,0.0137383435,8.670002,3.313165,0.14617112,10.35004,11955.675,47.163033,432.4681,303.13943,434.7268,307.13962,287.3401,6.6275935,11.448619,7.819415,8.402823,0.02141115,56.474014,-0.34800306,0,0,1,0.8186065239067744
1237655130378469444,252.817383511529,39.8523317295624,18.17597,16.48187,15.71677,15.3345,15.04782,2248,301,5,166,709348586663471104,GALAXY,0.03380102,630,52050,115,94263016.45492303,10001-12701,1-48157,133.371090612,57.5984251446,9.428999281013445,0.927642710084122,11754.1,AGBT17A_012_19,896.8291,1.4207177,-999.0,0.0137383435,8.670002,3.313165,0.14617112,10.35004,11955.675,47.163033,432.4681,303.13943,434.7268,307.13962,287.3401,6.6275935,11.448619,7.819415,8.402823,0.02141115,56.474014,-0.34800306,0,0,1,0.8186065239067744
1237655130381287469,256.957103566441,34.439808231694,18.36805,17.36571,17.14185,17.89714,16.70154,2248,301,5,209,1096788178192328704,GALAXY,0.03577491,974,52427,588,120252382.04205719,10001-12701,1-48157,133.371090612,57.5984251446,9.428999281013445,0.927642710084122,11754.1,AGBT17A_012_19,896.8291,1.4207177,-999.0,0.0137383435,8.670002,3.313165,0.14617112,10.35004,11955.675,47.163033,432.4681,303.13943,434.7268,307.13962,287.3401,6.6275935,11.448619,7.819415,8.402823,0.02141115,56.474014,-0.34800306,0,0,1,0.8186065239067744
1237662337871577650,252.271044319031,24.1244760852371,19.17202,17.11594,16.26289,15.79404,15.42568,3926,301,6,183,1592184149081352192,GALAXY,0.04645506,1414,53135,588,99213371.80485335,10001-12701,1-48157,133.371090612,57.5984251446,9.428999281013445,0.927642710084122,11754.1,AGBT17A_012_19,896.8291,1.4207177,-999.0,0.0137383435,8.670002,3.313165,0.14617112,10.35004,11955.675,47.163033,432.4681,303.13943,434.7268,307.13962,287.3401,6.6275935,11.448619,7.819415,8.402823,0.02141115,56.474014,-0.34800306,0,0,1,0.8186065239067744
1237662303509676064,218.718588218424,48.6618679562701,16.04399,15.6071,15.19864,14.89763,14.69941,3918,301,6,150,1178899711688468480,QSO,0.03664102,1047,52733,300,45378257.3743612,10001-12701,1-48157,133.371090612,57.5984251446,9.428999281013445,0.927642710084122,11754.1,AGBT17A_012_19,896.8291,1.4207177,-999.0,0.0137383435,8.670002,3.313165,0.14617112,10.35004,11955.675,47.163033,432.4681,303.13943,434.7268,307.13962,287.3401,6.6275935,11.448619,7.819415,8.402823,0.02141115,56.474014,-0.34800306,0,0,1,0.8186065239067744
1237655502957248519,249.829908631176,42.1841211260062,17.10074,15.25343,14.45423,14.07221,13.80529,2335,301,3,19,707119052513896448,GALAXY,0.02740454,628,52083,196,525356461.5113544,10001-12701,1-48157,133.371090612,57.5984251446,9.428999281013445,0.927642710084122,11754.1,AGBT17A_012_19,896.8291,1.4207177,-999.0,0.0137383435,8.670002,3.313165,0.14617112,10.35004,11955.675,47.163033,432.4681,303.13943,434.7268,307.13962,287.3401,6.6275935,11.448619,7.819415,8.402823,0.02141115,56.474014,-0.34800306,0,0,1,0.8186065239067744
1237655502958625056,252.184008201559,39.50245076168,16.82572,15.828,15.50824,15.35488,15.25804,2335,301,3,40,709361505925097472,GALAXY,0.02913614,630,52050,162,93437957.22993465,10001-12701,1-48157,133.371090612,57.5984251446,9.428999281013445,0.927642710084122,11754.1,AGBT17A_012_19,896.8291,1.4207177,-999.0,0.0137383435,8.670002,3.313165,0.14617112,10.35004,11955.675,47.163033,432.4681,303.13943,434.7268,307.13962,287.3401,6.6275935,11.448619,7.819415,8.402823,0.02141115,56.474014,-0.34800306,0,0,1,0.8186065239067744
1237655348358676825,246.668115783738,42.0267700991908,18.91564,17.19681,16.46082,16.10953,15.81378,2299,301,3,328,918846514082637824,GALAXY,0.03093406,816,52379,408,571766042.9169511,10001-12701,1-48157,133.371090612,57.5984251446,9.428999281013445,0.927642710084122,11754.1,AGBT17A_012_19,896.8291,1.4207177,-999.0,0.0137383435,8.670002,3.313165,0.14617112,10.35004,11955.675,47.163033,432.4681,303.13943,434.7268,307.13962,287.3401,6.6275935,11.448619,7.819415,8.402823,0.02141115,56.474014,-0.34800306,0,0,1,0.8186065239067744
1237666088978350237,18.786702377566,15.719040476382,18.51847,17.12572,16.77613,16.54889,16.51596,4800,301,1,26,476381310349240320,GALAXY,0.03760617,423,51821,457,1141675702.5776784,10001-12701,1-48157,133.371090612,57.5984251446,9.428999281013445,0.927642710084122,11754.1,AGBT17A_012_19,896.8291,1.4207177,-999.0,0.0137383435,8.670002,3.313165,0.14617112,10.35004,11955.675,47.163033,432.4681,303.13943,434.7268,307.13962,287.3401,6.6275935,11.448619,7.819415,8.402823,0.02141115,56.474014,-0.34800306,0,0,1,0.8186065239067744
1237651224635900225,257.833822763573,56.9913080368981,18.29597,16.96181,16.38014,16.03546,15.74848,1339,301,2,64,399771462740764672,GALAXY,0.03111707,355,51788,280,145622953.21045002,10001-12701,1-48157,133.371090612,57.5984251446,9.428999281013445,0.927642710084122,11754.1,AGBT17A_012_19,896.8291,1.4207177,-999.0,0.0137383435,8.670002,3.313165,0.14617112,10.35004,11955.675,47.163033,432.4681,303.13943,434.7268,307.13962,287.3401,6.6275935,11.448619,7.819415,8.402823,0.02141115,56.474014,-0.34800306,0,0,1,0.8186065239067744
1237673708795986114,140.293426859858,2.20123192532957,18.77901,17.02022,16.09067,15.57453,15.13596,6574,301,2,160,532692525299820544,GALAXY,0.0504077,473,51929,516,956037376.9552916,10001-12701,1-48157,133.371090612,57.5984251446,9.428999281013445,0.927642710084122,11754.1,AGBT17A_012_19,896.8291,1.4207177,-999.0,0.0137383435,8.670002,3.313165,0.14617112,10.35004,11955.675,47.163033,432.4681,303.13943,434.7268,307.13962,287.3401,6.6275935,11.448619,7.819415,8.402823,0.02141115,56.474014,-0.34800306,0,0,1,0.8186065239067744
1237657629506208350,119.955303596404,28.9297508977489,17.349,15.41672,14.53827,14.1053,13.78102,2830,301,4,69,968343777779410944,GALAXY,0.04924156,860,52319,254,1232019687.7139065,10001-12701,1-48157,133.371090612,57.5984251446,9.428999281013445,0.927642710084122,11754.1,AGBT17A_012_19,896.8291,1.4207177,-999.0,0.0137383435,8.670002,3.313165,0.14617112,10.35004,11955.675,47.163033,432.4681,303.13943,434.7268,307.13962,287.3401,6.6275935,11.448619,7.819415,8.402823,0.02141115,56.474014,-0.34800306,0,0,1,0.8186065239067744
1237666183488340185,338.669988698023,14.6604909221921,17.68119,16.38889,15.88532,15.64199,15.50968,4822,301,1,342,831069479562668032,GALAXY,0.02360833,738,52521,565,801132507.4637222,10001-12701,1-48157,133.371090612,57.5984251446,9.428999281013445,0.927642710084122,11754.1,AGBT17A_012_19,896.8291,1.4207177,-999.0,0.0137383435,8.670002,3.313165,0.14617112,10.35004,11955.675,47.163033,432.4681,303.13943,434.7268,307.13962,287.3401,6.6275935,11.448619,7.819415,8.402823,0.02141115,56.474014,-0.34800306,0,0,1,0.8186065239067744
1237657627913879565,167.98135743672,50.0838356255029,17.1006,15.88914,15.2851,14.97485,14.73149,2830,301,1,348,988609426917189632,GALAXY,0.02342019,878,52353,252,521849959.8051538,10001-12701,1-48157,133.371090612,57.5984251446,9.428999281013445,0.927642710084122,11754.1,AGBT17A_012_19,896.8291,1.4207177,-999.0,0.0137383435,8.670002,3.313165,0.14617112,10.35004,11955.675,47.163033,432.4681,303.13943,434.7268,307.13962,287.3401,6.6275935,11.448619,7.819415,8.402823,0.02141115,56.474014,-0.34800306,0,0,1,0.8186065239067744
1237657627916173541,176.084156695234,51.0193986963032,16.67018,15.32781,14.67421,14.36524,14.08551,2830,301,1,383,990807900651808768,GALAXY,0.02390086,880,52367,58,535669701.8237093,10001-12701,1-48157,133.371090612,57.5984251446,9.428999281013445,0.927642710084122,11754.1,AGBT17A_012_19,896.8291,1.4207177,-999.0,0.0137383435,8.670002,3.313165,0.14617112,10.35004,11955.675,47.163033,432.4681,303.13943,434.7268,307.13962,287.3401,6.6275935,11.448619,7.819415,8.402823,0.02141115,56.474014,-0.34800306,0,0,1,0.8186065239067744
1237654949448450067,233.968338264541,57.9026375269467,15.57437,15.06426,14.63637,14.41834,14.2432,2206,301,4,97,692458168898316288,QSO,0.03022659,615,52347,108,385302658.069576,10001-12701,1-48157,133.371090612,57.5984251446,9.428999281013445,0.927642710084122,11754.1,AGBT17A_012_19,896.8291,1.4207177,-999.0,0.0137383435,8.670002,3.313165,0.14617112,10.35004,11955.675,47.163033,432.4681,303.13943,434.7268,307.13962,287.3401,6.6275935,11.448619,7.819415,8.402823,0.02141115,56.474014,-0.34800306,0,0,1,0.8186065239067744
1237654949450350719,239.339128096032,54.6710912928305,16.77063,14.81502,13.95335,13.52101,13.22425,2206,301,4,126,696975507538864128,GALAXY,0.04693877,619,52056,158,353537877.90752316,10001-12701,1-48157,133.371090612,57.5984251446,9.428999281013445,0.927642710084122,11754.1,AGBT17A_012_19,896.8291,1.4207177,-999.0,0.0137383435,8.670002,3.313165,0.14617112,10.35004,11955.675,47.163033,432.4681,303.13943,434.7268,307.13962,287.3401,6.6275935,11.448619,7.819415,8.402823,0.02141115,56.474014,-0.34800306,0,0,1,0.8186065239067744
1237660239777562754,51.6942448869319,-0.648179828939061,17.30248,15.86766,15.11787,14.71339,14.40883,3438,301,2,145,466161350574368768,GALAXY,0.02049347,414,51869,141,167693287.47888935,10001-12701,1-48157,133.371090612,57.5984251446,9.428999281013445,0.927642710084122,11754.1,AGBT17A_012_19,896.8291,1.4207177,-999.0,0.0137383435,8.670002,3.313165,0.14617112,10.35004,11955.675,47.163033,432.4681,303.13943,434.7268,307.13962,287.3401,6.6275935,11.448619,7.819415,8.402823,0.02141115,56.474014,-0.34800306,0,0,1,0.8186065239067744
1237656240634331272,357.971649797946,13.6955845167283,16.58935,15.47804,14.87515,14.54531,14.29033,2507,301,1,270,843354867786344448,GALAXY,0.0264905,749,52226,203,806082862.8136526,10001-12701,1-48157,133.371090612,57.5984251446,9.428999281013445,0.927642710084122,11754.1,AGBT17A_012_19,896.8291,1.4207177,-999.0,0.0137383435,8.670002,3.313165,0.14617112,10.35004,11955.675,47.163033,432.4681,303.13943,434.7268,307.13962,287.3401,6.6275935,11.448619,7.819415,8.402823,0.02141115,56.474014,-0.34800306,0,0,1,0.8186065239067744
1237656240634855571,359.175239201038,13.7763702199791,16.29357,14.89329,14.23688,13.87664,13.67392,2507,301,1,278,844502483198830592,GALAXY,0.03622779,750,52235,282,802988890.7199461,10001-12701,1-48157,133.371090612,57.5984251446,9.428999281013445,0.927642710084122,11754.1,AGBT17A_012_19,896.8291,1.4207177,-999.0,0.0137383435,8.670002,3.313165,0.14617112,10.35004,11955.675,47.163033,432.4681,303.13943,434.7268,307.13962,287.3401,6.6275935,11.448619,7.819415,8.402823,0.02141115,56.474014,-0.34800306,0,0,1,0.8186065239067744
1237661386004365315,240.847704172048,39.9857538733438,17.13975,15.87224,15.22707,14.86956,14.61252,3705,301,1,258,1186709539139905536,GALAXY,0.03015843,1054,52516,40,275982310.7586149,10001-12701,1-48157,133.371090612,57.5984251446,9.428999281013445,0.927642710084122,11754.1,AGBT17A_012_19,896.8291,1.4207177,-999.0,0.0137383435,8.670002,3.313165,0.14617112,10.35004,11955.675,47.163033,432.4681,303.13943,434.7268,307.13962,287.3401,6.6275935,11.448619,7.819415,8.402823,0.02141115,56.474014,-0.34800306,0,0,1,0.8186065239067744
1237661386013278608,256.651394068495,24.5453931087018,19.18709,17.62599,16.83017,16.37005,16.04428,3705,301,1,394,1900663411734243328,GALAXY,0.0382303,1688,53462,525,689955776.8965374,10001-12701,1-48157,133.371090612,57.5984251446,9.428999281013445,0.927642710084122,11754.1,AGBT17A_012_19,896.8291,1.4207177,-999.0,0.0137383435,8.670002,3.313165,0.14617112,10.35004,11955.675,47.163033,432.4681,303.13943,434.7268,307.13962,287.3401,6.6275935,11.448619,7.819415,8.402823,0.02141115,56.474014,-0.34800306,0,0,1,0.8186065239067744
1237653651837419694,5.81193805460214,14.8095437395133,17.33183,16.28669,15.85823,15.64154,15.46048,1904,301,3,188,847851595583481856,GALAXY,0.01768067,753,52233,178,808970570.101112,10001-12701,1-48157,133.371090612,57.5984251446,9.428999281013445,0.927642710084122,11754.1,AGBT17A_012_19,896.8291,1.4207177,-999.0,0.0137383435,8.670002,3.313165,0.14617112,10.35004,11955.675,47.163033,432.4681,303.13943,434.7268,307.13962,287.3401,6.6275935,11.448619,7.819415,8.402823,0.02141115,56.474014,-0.34800306,0,0,1,0.8186065239067744
1237653651844628666,22.8610035606999,14.2775005182796,15.49081,14.16797,13.5409,13.20668,12.98827,1904,301,3,298,5252584853359319040,GALAXY,0.01498667,4665,56209,952,852079914.606755,10001-12701,1-48157,133.371090612,57.5984251446,9.428999281013445,0.927642710084122,11754.1,AGBT17A_012_19,896.8291,1.4207177,-999.0,0.0137383435,8.670002,3.313165,0.14617112,10.35004,11955.675,47.163033,432.4681,303.13943,434.7268,307.13962,287.3401,6.6275935,11.448619,7.819415,8.402823,0.02141115,56.474014,-0.34800306,0,0,1,0.8186065239067744
1237660636001075217,174.588114215859,47.4373438910327,16.19783,14.38383,13.60351,13.21758,12.92188,3530,301,4,340,1625926510311401472,GALAXY,0.03341888,1444,53054,462,35683811.48074767,10001-12701,1-48157,133.371090612,57.5984251446,9.428999281013445,0.927642710084122,11754.1,AGBT17A_012_19,896.8291,1.4207177,-999.0,0.0137383435,8.670002,3.313165,0.14617112,10.35004,11955.675,47.163033,432.4681,303.13943,434.7268,307.13962,287.3401,6.6275935,11.448619,7.819415,8.402823,0.02141115,56.474014,-0.34800306,0,0,1,0.8186065239067744
1237664667887272185,128.941527233004,24.4524495871172,17.53714,16.55237,16.2538,16.02241,15.94089,4469,301,2,121,2173065491441018880,GALAXY,0.04318285,1930,53347,286,902614792.1372936,10001-12701,1-48157,133.371090612,57.5984251446,9.428999281013445,0.927642710084122,11754.1,AGBT17A_012_19,896.8291,1.4207177,-999.0,0.0137383435,8.670002,3.313165,0.14617112,10.35004,11955.675,47.163033,432.4681,303.13943,434.7268,307.13962,287.3401,6.6275935,11.448619,7.819415,8.402823,0.02141115,56.474014,-0.34800306,0,0,1,0.8186065239067744
1237664667887927492,130.367740077966,25.2344524030971,16.6465,15.28822,14.59735,14.22702,13.95734,4469,301,2,131,2174216405421942784,GALAXY,0.02918408,1931,53358,377,902408527.3310466,10001-12701,1-48157,133.371090612,57.5984251446,9.428999281013445,0.927642710084122,11754.1,AGBT17A_012_19,896.8291,1.4207177,-999.0,0.0137383435,8.670002,3.313165,0.14617112,10.35004,11955.675,47.163033,432.4681,303.13943,434.7268,307.13962,287.3401,6.6275935,11.448619,7.819415,8.402823,0.02141115,56.474014,-0.34800306,0,0,1,0.8186065239067744
1237664667889696903,134.213943120502,27.2700960669539,17.54985,15.80281,15.05653,14.68897,14.40069,4469,301,2,158,2177558920753604608,GALAXY,0.01856138,1934,53357,249,1311225373.3127916,10001-12701,1-48157,133.371090612,57.5984251446,9.428999281013445,0.927642710084122,11754.1,AGBT17A_012_19,896.8291,1.4207177,-999.0,0.0137383435,8.670002,3.313165,0.14617112,10.35004,11955.675,47.163033,432.4681,303.13943,434.7268,307.13962,287.3401,6.6275935,11.448619,7.819415,8.402823,0.02141115,56.474014,-0.34800306,0,0,1,0.8186065239067744
1237664667890614287,136.249898280163,28.3477281618553,17.15358,16.15088,15.80817,15.50866,15.35868,4469,301,2,172,2178720830169573376,GALAXY,0.04864325,1935,53387,380,877656750.581395,10001-12701,1-48157,133.371090612,57.5984251446,9.428999281013445,0.927642710084122,11754.1,AGBT17A_012_19,896.8291,1.4207177,-999.0,0.0137383435,8.670002,3.313165,0.14617112,10.35004,11955.675,47.163033,432.4681,303.13943,434.7268,307.13962,287.3401,6.6275935,11.448619,7.819415,8.402823,0.02141115,56.474014,-0.34800306,0,0,1,0.8186065239067744
1237664667891597466,138.582736623582,29.5456797469337,18.73672,17.33339,16.68397,16.3344,16.11949,4469,301,2,187,2179762341602682880,GALAXY,0.0223189,1936,53330,73,1310400314.0878031,10001-12701,1-48157,133.371090612,57.5984251446,9.428999281013445,0.927642710084122,11754.1,AGBT17A_012_19,896.8291,1.4207177,-999.0,0.0137383435,8.670002,3.313165,0.14617112,10.35004,11955.675,47.163033,432.4681,303.13943,434.7268,307.13962,287.3401,6.6275935,11.448619,7.819415,8.402823,0.02141115,56.474014,-0.34800306,0,0,1,0.8186065239067744
1237667782290112533,165.892826844038,21.0494629181598,18.11577,17.00527,16.54953,16.28481,16.10782,5194,301,3,345,2801280819274999808,GALAXY,0.0210484,2488,54149,152,1191385520.8832285,10001-12701,1-48157,133.371090612,57.5984251446,9.428999281013445,0.927642710084122,11754.1,AGBT17A_012_19,896.8291,1.4207177,-999.0,0.0137383435,8.670002,3.313165,0.14617112,10.35004,11955.675,47.163033,432.4681,303.13943,434.7268,307.13962,287.3401,6.6275935,11.448619,7.819415,8.402823,0.02141115,56.474014,-0.34800306,0,0,1,0.8186065239067744
1237667111720190009,136.196799414269,22.028479425136,16.62228,14.76241,13.92441,13.47325,13.16621,5038,301,2,68,6498846645371033600,GALAXY,0.03431071,5772,56003,554,222559725.94061697,10001-12701,1-48157,133.371090612,57.5984251446,9.428999281013445,0.927642710084122,11754.1,AGBT17A_012_19,896.8291,1.4207177,-999.0,0.0137383435,8.670002,3.313165,0.14617112,10.35004,11955.675,47.163033,432.4681,303.13943,434.7268,307.13962,287.3401,6.6275935,11.448619,7.819415,8.402823,0.02141115,56.474014,-0.34800306,0,0,1,0.8186065239067744
1237666299480309896,46.7261566126649,-0.937059487071051,19.29709,17.51609,16.72577,16.34092,16.01727,4849,301,1,767,462748740487243776,GALAXY,0.03802203,411,51817,14,622919714.8662311,10001-12701,1-48157,133.371090612,57.5984251446,9.428999281013445,0.927642710084122,11754.1,AGBT17A_012_19,896.8291,1.4207177,-999.0,0.0137383435,8.670002,3.313165,0.14617112,10.35004,11955.675,47.163033,432.4681,303.13943,434.7268,307.13962,287.3401,6.6275935,11.448619,7.819415,8.402823,0.02141115,56.474014,-0.34800306,0,0,1,0.8186065239067744
1237666299483521064,54.0959625365584,-0.882658589128563,17.72313,16.47976,15.72504,15.36631,15.05055,4849,301,1,816,467277628764612608,GALAXY,0.02357786,415,51810,106,207502395.08457893,10001-12701,1-48157,133.371090612,57.5984251446,9.428999281013445,0.927642710084122,11754.1,AGBT17A_012_19,896.8291,1.4207177,-999.0,0.0137383435,8.670002,3.313165,0.14617112,10.35004,11955.675,47.163033,432.4681,303.13943,434.7268,307.13962,287.3401,6.6275935,11.448619,7.819415,8.402823,0.02141115,56.474014,-0.34800306,0,0,1,0.8186065239067744
1237654605855588469,143.968825132449,4.01680573631748,16.72852,15.60317,15.13972,14.88977,14.74315,2126,301,4,166,640776448075917312,GALAXY,0.01830632,569,52264,507,709963463.1025057,10001-12701,1-48157,133.371090612,57.5984251446,9.428999281013445,0.927642710084122,11754.1,AGBT17A_012_19,896.8291,1.4207177,-999.0,0.0137383435,8.670002,3.313165,0.14617112,10.35004,11955.675,47.163033,432.4681,303.13943,434.7268,307.13962,287.3401,6.6275935,11.448619,7.819415,8.402823,0.02141115,56.474014,-0.34800306,0,0,1,0.8186065239067744
1237654605858275503,150.101310106822,4.40162946577405,18.30544,16.99053,16.53923,16.24802,16.08998,2126,301,4,207,644154148215875584,GALAXY,0.04330433,572,52289,507,714501288.8399417,10001-12701,1-48157,133.371090612,57.5984251446,9.428999281013445,0.927642710084122,11754.1,AGBT17A_012_19,896.8291,1.4207177,-999.0,0.0137383435,8.670002,3.313165,0.14617112,10.35004,11955.675,47.163033,432.4681,303.13943,434.7268,307.13962,287.3401,6.6275935,11.448619,7.819415,8.402823,0.02141115,56.474014,-0.34800306,0,0,1,0.8186065239067744
1237656243316064394,351.593758515997,15.6762280935792,17.79502,16.5346,15.97156,15.63079,15.37708,2507,301,6,230,840023622633416704,GALAXY,0.04322455,746,52238,372,1077939877.4473257,10001-12701,1-48157,133.371090612,57.5984251446,9.428999281013445,0.927642710084122,11754.1,AGBT17A_012_19,896.8291,1.4207177,-999.0,0.0137383435,8.670002,3.313165,0.14617112,10.35004,11955.675,47.163033,432.4681,303.13943,434.7268,307.13962,287.3401,6.6275935,11.448619,7.819415,8.402823,0.02141115,56.474014,-0.34800306,0,0,1,0.8186065239067744
1237656243315998939,351.515298517125,15.5484773966941,18.00671,16.75974,16.14903,15.72999,15.43464,2507,301,6,229,838961494736529408,GALAXY,0.0437957,745,52258,604,770811580.9453992,10001-12701,1-48157,133.371090612,57.5984251446,9.428999281013445,0.927642710084122,11754.1,AGBT17A_012_19,896.8291,1.4207177,-999.0,0.0137383435,8.670002,3.313165,0.14617112,10.35004,11955.675,47.163033,432.4681,303.13943,434.7268,307.13962,287.3401,6.6275935,11.448619,7.819415,8.402823,0.02141115,56.474014,-0.34800306,0,0,1,0.8186065239067744
1237654601563832441,151.016084593288,4.28143001050709,18.85483,16.79297,15.86183,15.41999,15.08958,2125,301,4,215,644186583808894976,GALAXY,0.05421831,572,52289,625,961606526.7239633,10001-12701,1-48157,133.371090612,57.5984251446,9.428999281013445,0.927642710084122,11754.1,AGBT17A_012_19,896.8291,1.4207177,-999.0,0.0137383435,8.670002,3.313165,0.14617112,10.35004,11955.675,47.163033,432.4681,303.13943,434.7268,307.13962,287.3401,6.6275935,11.448619,7.819415,8.402823,0.02141115,56.474014,-0.34800306,0,0,1,0.8186065239067744
1237654879128781015,220.37299077115,3.19516121603517,18.6426,17.55219,17.04119,16.80294,16.62471,2190,301,1,256,660969524882860032,GALAXY,0.02398016,587,52026,241,1102897919.0032244,10001-12701,1-48157,133.371090612,57.5984251446,9.428999281013445,0.927642710084122,11754.1,AGBT17A_012_19,896.8291,1.4207177,-999.0,0.0137383435,8.670002,3.313165,0.14617112,10.35004,11955.675,47.163033,432.4681,303.13943,434.7268,307.13962,287.3401,6.6275935,11.448619,7.819415,8.402823,0.02141115,56.474014,-0.34800306,0,0,1,0.8186065239067744
1237657629515055218,138.902587345771,42.1572367691993,17.93084,16.17196,15.60393,15.30079,15.03758,2830,301,4,204,1352259983927961600,GALAXY,0.02472481,1201,52674,197,233285495.865466,10001-12701,1-48157,133.371090612,57.5984251446,9.428999281013445,0.927642710084122,11754.1,AGBT17A_012_19,896.8291,1.4207177,-999.0,0.0137383435,8.670002,3.313165,0.14617112,10.35004,11955.675,47.163033,432.4681,303.13943,434.7268,307.13962,287.3401,6.6275935,11.448619,7.819415,8.402823,0.02141115,56.474014,-0.34800306,0,0,1,0.8186065239067744
1237662303507906686,213.010143713072,50.1370812980943,18.51968,16.63111,15.80347,15.39474,15.06487,3918,301,6,123,1881534657921574912,GALAXY,0.04877293,1671,53446,567,50741142.336785704,10001-12701,1-48157,133.371090612,57.5984251446,9.428999281013445,0.927642710084122,11754.1,AGBT17A_012_19,896.8291,1.4207177,-999.0,0.0137383435,8.670002,3.313165,0.14617112,10.35004,11955.675,47.163033,432.4681,303.13943,434.7268,307.13962,287.3401,6.6275935,11.448619,7.819415,8.402823,0.02141115,56.474014,-0.34800306,0,0,1,0.8186065239067744
1237664837001150668,129.012714369906,23.911853536702,17.98258,16.97625,16.63175,16.47842,16.31644,4508,301,5,114,2172005562265397248,GALAXY,0.01217971,1929,53349,526,649940404.4846007,10001-12701,1-48157,133.371090612,57.5984251446,9.428999281013445,0.927642710084122,11754.1,AGBT17A_012_19,896.8291,1.4207177,-999.0,0.0137383435,8.670002,3.313165,0.14617112,10.35004,11955.675,47.163033,432.4681,303.13943,434.7268,307.13962,287.3401,6.6275935,11.448619,7.819415,8.402823,0.02141115,56.474014,-0.34800306,0,0,1,0.8186065239067744
1237657628432334888,120.221694060135,28.1303867627498,17.32444,15.72377,15.01762,14.66059,14.40054,2830,301,2,67,967154381042509824,GALAXY,0.01706279,859,52317,23,1154670385.3712454,10001-12701,1-48157,133.371090612,57.5984251446,9.428999281013445,0.927642710084122,11754.1,AGBT17A_012_19,896.8291,1.4207177,-999.0,0.0137383435,8.670002,3.313165,0.14617112,10.35004,11955.675,47.163033,432.4681,303.13943,434.7268,307.13962,287.3401,6.6275935,11.448619,7.819415,8.402823,0.02141115,56.474014,-0.34800306,0,0,1,0.8186065239067744
1237653009193632331,315.853864767669,10.8770624804744,19.16332,17.4658,16.79479,16.18739,16.06035,1754,301,6,46,818652139726333952,GALAXY,0.04313887,727,52207,447,134072124.06061263,10001-12701,1-48157,133.371090612,57.5984251446,9.428999281013445,0.927642710084122,11754.1,AGBT17A_012_19,896.8291,1.4207177,-999.0,0.0137383435,8.670002,3.313165,0.14617112,10.35004,11955.675,47.163033,432.4681,303.13943,434.7268,307.13962,287.3401,6.6275935,11.448619,7.819415,8.402823,0.02141115,56.474014,-0.34800306,0,0,1,0.8186065239067744
1237662302974443663,223.352502362709,46.485533082375,16.54092,15.37771,14.96258,14.70433,14.54761,3918,301,5,175,1886053101291464704,GALAXY,0.03114272,1675,53466,621,578572781.5231053,10001-12701,1-48157,133.371090612,57.5984251446,9.428999281013445,0.927642710084122,11754.1,AGBT17A_012_19,896.8291,1.4207177,-999.0,0.0137383435,8.670002,3.313165,0.14617112,10.35004,11955.675,47.163033,432.4681,303.13943,434.7268,307.13962,287.3401,6.6275935,11.448619,7.819415,8.402823,0.02141115,56.474014,-0.34800306,0,0,1,0.8186065239067744
1237662224088105234,239.126316677276,25.3290467875812,18.72264,17.31547,16.73958,16.41637,16.18015,3900,301,2,689,1863433124407437312,GALAXY,0.03691984,1655,53523,250,893126611.0499272,10001-12701,1-48157,133.371090612,57.5984251446,9.428999281013445,0.927642710084122,11754.1,AGBT17A_012_19,896.8291,1.4207177,-999.0,0.0137383435,8.670002,3.313165,0.14617112,10.35004,11955.675,47.163033,432.4681,303.13943,434.7268,307.13962,287.3401,6.6275935,11.448619,7.819415,8.402823,0.02141115,56.474014,-0.34800306,0,0,1,0.8186065239067744
1237654602093494404,134.522078625768,3.75646305605001,17.12115,15.90045,15.35849,15.08248,14.87541,2125,301,5,105,636280819253536768,GALAXY,0.02687622,565,52225,536,969857118.973847,10001-12701,1-48157,133.371090612,57.5984251446,9.428999281013445,0.927642710084122,11754.1,AGBT17A_012_19,896.8291,1.4207177,-999.0,0.0137383435,8.670002,3.313165,0.14617112,10.35004,11955.675,47.163033,432.4681,303.13943,434.7268,307.13962,287.3401,6.6275935,11.448619,7.819415,8.402823,0.02141115,56.474014,-0.34800306,0,0,1,0.8186065239067744
1237654602098344230,145.590497496272,4.35448714351893,17.76909,15.78562,14.90972,14.49796,14.17641,2125,301,5,179,641878983394224128,GALAXY,0.02737029,570,52266,422,973982415.0987891,10001-12701,1-48157,133.371090612,57.5984251446,9.428999281013445,0.927642710084122,11754.1,AGBT17A_012_19,896.8291,1.4207177,-999.0,0.0137383435,8.670002,3.313165,0.14617112,10.35004,11955.675,47.163033,432.4681,303.13943,434.7268,307.13962,287.3401,6.6275935,11.448619,7.819415,8.402823,0.02141115,56.474014,-0.34800306,0,0,1,0.8186065239067744
1237654602101686404,153.213901597083,4.79447685777591,16.90571,15.02317,14.18629,13.78805,13.50973,2125,301,5,230,5405657203582720000,GALAXY,0.03207246,4801,55653,770,715326348.0649302,10001-12701,1-48157,133.371090612,57.5984251446,9.428999281013445,0.927642710084122,11754.1,AGBT17A_012_19,896.8291,1.4207177,-999.0,0.0137383435,8.670002,3.313165,0.14617112,10.35004,11955.675,47.163033,432.4681,303.13943,434.7268,307.13962,287.3401,6.6275935,11.448619,7.819415,8.402823,0.02141115,56.474014,-0.34800306,0,0,1,0.8186065239067744
1237654602102079513,154.085406480357,4.82201180752542,16.4703,14.74561,13.90428,13.49759,13.22371,2125,301,5,236,646403750113601536,GALAXY,0.04580888,574,52355,499,715738877.6774244,10001-12701,1-48157,133.371090612,57.5984251446,9.428999281013445,0.927642710084122,11754.1,AGBT17A_012_19,896.8291,1.4207177,-999.0,0.0137383435,8.670002,3.313165,0.14617112,10.35004,11955.675,47.163033,432.4681,303.13943,434.7268,307.13962,287.3401,6.6275935,11.448619,7.819415,8.402823,0.02141115,56.474014,-0.34800306,0,0,1,0.8186065239067744
1237654602104897779,160.624181232972,5.08340893988101,17.92232,16.64444,16.07125,15.7749,15.59682,2125,301,5,279,650905425327187968,GALAXY,0.02810786,578,52339,492,947374255.0929136,10001-12701,1-48157,133.371090612,57.5984251446,9.428999281013445,0.927642710084122,11754.1,AGBT17A_012_19,896.8291,1.4207177,-999.0,0.0137383435,8.670002,3.313165,0.14617112,10.35004,11955.675,47.163033,432.4681,303.13943,434.7268,307.13962,287.3401,6.6275935,11.448619,7.819415,8.402823,0.02141115,56.474014,-0.34800306,0,0,1,0.8186065239067744
1237667734494314672,149.760706804941,18.1928868981046,17.43827,15.66435,14.90568,14.51504,14.2273,5183,301,2,127,2669545026123491328,GALAXY,0.02572537,2371,53762,132,1182309869.4083564,10001-12701,1-48157,133.371090612,57.5984251446,9.428999281013445,0.927642710084122,11754.1,AGBT17A_012_19,896.8291,1.4207177,-999.0,0.0137383435,8.670002,3.313165,0.14617112,10.35004,11955.675,47.163033,432.4681,303.13943,434.7268,307.13962,287.3401,6.6275935,11.448619,7.819415,8.402823,0.02141115,56.474014,-0.34800306,0,0,1,0.8186065239067744
1237667734503751864,172.481775619701,21.5178807926097,18.29664,16.45737,15.61509,15.22237,14.93027,5183,301,2,271,2814792168399464448,GALAXY,0.04937544,2500,54178,154,1195304552.2019236,10001-12701,1-48157,133.371090612,57.5984251446,9.428999281013445,0.927642710084122,11754.1,AGBT17A_012_19,896.8291,1.4207177,-999.0,0.0137383435,8.670002,3.313165,0.14617112,10.35004,11955.675,47.163033,432.4681,303.13943,434.7268,307.13962,287.3401,6.6275935,11.448619,7.819415,8.402823,0.02141115,56.474014,-0.34800306,0,0,1,0.8186065239067744
1237657629517873163,146.273435866451,45.5870374888244,17.08058,15.98751,15.43051,15.18354,14.94372,2830,301,4,247,1353486763993098240,GALAXY,0.01618211,1202,52672,564,339511871.08272064,10001-12701,1-48157,133.371090612,57.5984251446,9.428999281013445,0.927642710084122,11754.1,AGBT17A_012_19,896.8291,1.4207177,-999.0,0.0137383435,8.670002,3.313165,0.14617112,10.35004,11955.675,47.163033,432.4681,303.13943,434.7268,307.13962,287.3401,6.6275935,11.448619,7.819415,8.402823,0.02141115,56.474014,-0.34800306,0,0,1,0.8186065239067744
1237650795680628773,140.372728892748,-0.268876220561267,17.83475,15.95478,15.1181,14.70777,14.38474,1239,301,3,134,533749706921109504,GALAXY,0.0256775,474,52000,266,41046696.44317218,10001-12701,1-48157,133.371090612,57.5984251446,9.428999281013445,0.927642710084122,11754.1,AGBT17A_012_19,896.8291,1.4207177,-999.0,0.0137383435,8.670002,3.313165,0.14617112,10.35004,11955.675,47.163033,432.4681,303.13943,434.7268,307.13962,287.3401,6.6275935,11.448619,7.819415,8.402823,0.02141115,56.474014,-0.34800306,0,0,1,0.8186065239067744
1237673708259312050,140.950095769382,2.1127346656277,16.27386,15.11005,14.596,14.31743,14.12091,6574,301,1,163,532713965776562176,GALAXY,0.02403993,473,51929,594,708313344.652529,10001-12701,1-48157,133.371090612,57.5984251446,9.428999281013445,0.927642710084122,11754.1,AGBT17A_012_19,896.8291,1.4207177,-999.0,0.0137383435,8.670002,3.313165,0.14617112,10.35004,11955.675,47.163033,432.4681,303.13943,434.7268,307.13962,287.3401,6.6275935,11.448619,7.819415,8.402823,0.02141115,56.474014,-0.34800306,0,0,1,0.8186065239067744
1237667444048658774,194.897020531483,27.8636306906784,18.92306,17.2523,16.51428,16.17959,15.91132,5115,301,5,150,2523274252329707520,GALAXY,0.02098727,2241,54169,482,1324426320.9126058,10001-12701,1-48157,133.371090612,57.5984251446,9.428999281013445,0.927642710084122,11754.1,AGBT17A_012_19,896.8291,1.4207177,-999.0,0.0137383435,8.670002,3.313165,0.14617112,10.35004,11955.675,47.163033,432.4681,303.13943,434.7268,307.13962,287.3401,6.6275935,11.448619,7.819415,8.402823,0.02141115,56.474014,-0.34800306,0,0,1,0.8186065239067744
1237662303510855830,222.337617628621,47.4175237324765,18.18792,16.66488,15.85303,15.42484,15.07501,3918,301,6,168,1180020663843317760,GALAXY,0.02600369,1048,52736,282,577747722.2981169,10001-12701,1-48157,133.371090612,57.5984251446,9.428999281013445,0.927642710084122,11754.1,AGBT17A_012_19,896.8291,1.4207177,-999.0,0.0137383435,8.670002,3.313165,0.14617112,10.35004,11955.675,47.163033,432.4681,303.13943,434.7268,307.13962,287.3401,6.6275935,11.448619,7.819415,8.402823,0.02141115,56.474014,-0.34800306,0,0,1,0.8186065239067744
1237662303510921223,222.538357050225,47.3169224985513,17.20579,16.36192,16.08235,15.94801,15.81011,3918,301,6,169,1180022862866573312,GALAXY,0.01851662,1048,52736,290,577541457.4918698,10001-12701,1-48157,133.371090612,57.5984251446,9.428999281013445,0.927642710084122,11754.1,AGBT17A_012_19,896.8291,1.4207177,-999.0,0.0137383435,8.670002,3.313165,0.14617112,10.35004,11955.675,47.163033,432.4681,303.13943,434.7268,307.13962,287.3401,6.6275935,11.448619,7.819415,8.402823,0.02141115,56.474014,-0.34800306,0,0,1,0.8186065239067744
1237651753997631624,150.955418956859,2.27134330553935,18.41358,16.78448,16.04184,15.6954,15.39574,1462,301,4,171,564208107098499072,GALAXY,0.04441816,501,52235,481,713057435.196212,10001-12701,1-48157,133.371090612,57.5984251446,9.428999281013445,0.927642710084122,11754.1,AGBT17A_012_19,896.8291,1.4207177,-999.0,0.0137383435,8.670002,3.313165,0.14617112,10.35004,11955.675,47.163033,432.4681,303.13943,434.7268,307.13962,287.3401,6.6275935,11.448619,7.819415,8.402823,0.02141115,56.474014,-0.34800306,0,0,1,0.8186065239067744
1237651753997828235,151.445929598918,2.24662452672591,17.15548,15.21912,14.35377,13.95842,13.61582,1462,301,4,174,564229822453147648,GALAXY,0.0460238,501,52235,560,959131349.0489981,10001-12701,1-48157,133.371090612,57.5984251446,9.428999281013445,0.927642710084122,11754.1,AGBT17A_012_19,896.8291,1.4207177,-999.0,0.0137383435,8.670002,3.313165,0.14617112,10.35004,11955.675,47.163033,432.4681,303.13943,434.7268,307.13962,287.3401,6.6275935,11.448619,7.819415,8.402823,0.02141115,56.474014,-0.34800306,0,0,1,0.8186065239067744
1237667444585595157,195.092451607569,28.2470906197883,19.26667,17.61904,16.87688,16.53324,16.25595,5115,301,6,151,2523266555748313088,GALAXY,0.02508161,2241,54169,454,980170359.2862018,10001-12701,1-48157,133.371090612,57.5984251446,9.428999281013445,0.927642710084122,11754.1,AGBT17A_012_19,896.8291,1.4207177,-999.0,0.0137383435,8.670002,3.313165,0.14617112,10.35004,11955.675,47.163033,432.4681,303.13943,434.7268,307.13962,287.3401,6.6275935,11.448619,7.819415,8.402823,0.02141115,56.474014,-0.34800306,0,0,1,0.8186065239067744
1237667444585857168,195.839808704322,28.3090354738125,17.94827,16.2401,15.50245,15.13956,14.8897,5115,301,6,155,2524367716375095296,GALAXY,0.01842575,2242,54153,364,1354128453.0121877,10001-12701,1-48157,133.371090612,57.5984251446,9.428999281013445,0.927642710084122,11754.1,AGBT17A_012_19,896.8291,1.4207177,-999.0,0.0137383435,8.670002,3.313165,0.14617112,10.35004,11955.675,47.163033,432.4681,303.13943,434.7268,307.13962,287.3401,6.6275935,11.448619,7.819415,8.402823,0.02141115,56.474014,-0.34800306,0,0,1,0.8186065239067744
1237667444585922800,195.899849185867,28.1669677048163,19.57223,17.84153,17.15127,16.81996,16.59961,5115,301,6,156,2524382010026256384,GALAXY,0.02207758,2242,54153,416,990071069.9860625,10001-12701,1-48157,133.371090612,57.5984251446,9.428999281013445,0.927642710084122,11754.1,AGBT17A_012_19,896.8291,1.4207177,-999.0,0.0137383435,8.670002,3.313165,0.14617112,10.35004,11955.675,47.163033,432.4681,303.13943,434.7268,307.13962,287.3401,6.6275935,11.448619,7.819415,8.402823,0.02141115,56.474014,-0.34800306,0,0,1,0.8186065239067744
1237667444585922611,195.978633527641,28.187643280719,17.77137,15.97209,15.23183,14.88644,14.6286,5115,301,6,156,2524381460270442496,GALAXY,0.02291706,2242,54153,414,990277334.7923095,10001-12701,1-48157,133.371090612,57.5984251446,9.428999281013445,0.927642710084122,11754.1,AGBT17A_012_19,896.8291,1.4207177,-999.0,0.0137383435,8.670002,3.313165,0.14617112,10.35004,11955.675,47.163033,432.4681,303.13943,434.7268,307.13962,287.3401,6.6275935,11.448619,7.819415,8.402823,0.02141115,56.474014,-0.34800306,0,0,1,0.8186065239067744
1237667444585988306,196.173652210193,28.2275322819398,19.01675,17.62692,16.94125,16.64117,16.42714,5115,301,6,157,2524393829776254976,GALAXY,0.0240348,2242,54153,459,1335358355.6437018,10001-12701,1-48157,133.371090612,57.5984251446,9.428999281013445,0.927642710084122,11754.1,AGBT17A_012_19,896.8291,1.4207177,-999.0,0.0137383435,8.670002,3.313165,0.14617112,10.35004,11955.675,47.163033,432.4681,303.13943,434.7268,307.13962,287.3401,6.6275935,11.448619,7.819415,8.402823,0.02141115,56.474014,-0.34800306,0,0,1,0.8186065239067744
1237667444586971212,198.758959764692,28.0363623997837,16.74259,15.67744,15.15523,14.90006,14.66214,5115,301,6,172,2525516700003100672,GALAXY,0.02178789,2243,53794,448,921178624.6995324,10001-12701,1-48157,133.371090612,57.5984251446,9.428999281013445,0.927642710084122,11754.1,AGBT17A_012_19,896.8291,1.4207177,-999.0,0.0137383435,8.670002,3.313165,0.14617112,10.35004,11955.675,47.163033,432.4681,303.13943,434.7268,307.13962,287.3401,6.6275935,11.448619,7.819415,8.402823,0.02141115,56.474014,-0.34800306,0,0,1,0.8186065239067744
1237667444589199397,204.353504368818,27.419214018263,16.09882,14.42778,13.65111,13.25671,12.95417,5115,301,6,206,2527799567966038016,GALAXY,0.0365577,2245,54208,561,873325189.650206,10001-12701,1-48157,133.371090612,57.5984251446,9.428999281013445,0.927642710084122,11754.1,AGBT17A_012_19,896.8291,1.4207177,-999.0,0.0137383435,8.670002,3.313165,0.14617112,10.35004,11955.675,47.163033,432.4681,303.13943,434.7268,307.13962,287.3401,6.6275935,11.448619,7.819415,8.402823,0.02141115,56.474014,-0.34800306,0,0,1,0.8186065239067744
1237667444588871809,203.59566888597,27.4613373954603,18.10085,16.96709,16.60812,16.38221,16.23496,5115,301,6,201,2527789122605574144,GALAXY,0.03912949,2245,54208,523,872912660.0377119,10001-12701,1-48157,133.371090612,57.5984251446,9.428999281013445,0.927642710084122,11754.1,AGBT17A_012_19,896.8291,1.4207177,-999.0,0.0137383435,8.670002,3.313165,0.14617112,10.35004,11955.675,47.163033,432.4681,303.13943,434.7268,307.13962,287.3401,6.6275935,11.448619,7.819415,8.402823,0.02141115,56.474014,-0.34800306,0,0,1,0.8186065239067744
1237667735038525539,167.222480576023,21.4137768022134,18.8807,17.12247,16.3171,15.9631,15.65769,5183,301,3,239,2805829774243555328,GALAXY,0.04238795,2492,54178,317,1191179256.0769815,10001-12701,1-48157,133.371090612,57.5984251446,9.428999281013445,0.927642710084122,11754.1,AGBT17A_012_19,896.8291,1.4207177,-999.0,0.0137383435,8.670002,3.313165,0.14617112,10.35004,11955.675,47.163033,432.4681,303.13943,434.7268,307.13962,287.3401,6.6275935,11.448619,7.819415,8.402823,0.02141115,56.474014,-0.34800306,0,0,1,0.8186065239067744
1237663783663960074,7.80040664835179,-0.40733241810828,16.24646,14.86028,14.06204,13.69301,13.36058,4263,301,3,168,440244210780628992,GALAXY,0.01944243,391,51782,63,1211186942.2829497,10001-12701,1-48157,133.371090612,57.5984251446,9.428999281013445,0.927642710084122,11754.1,AGBT17A_012_19,896.8291,1.4207177,-999.0,0.0137383435,8.670002,3.313165,0.14617112,10.35004,11955.675,47.163033,432.4681,303.13943,434.7268,307.13962,287.3401,6.6275935,11.448619,7.819415,8.402823,0.02141115,56.474014,-0.34800306,0,0,1,0.8186065239067744
1237663783675822095,34.9213845502879,-0.255664690909862,15.91271,14.81477,14.24781,13.96537,13.74024,4263,301,3,349,455999113465456640,GALAXY,0.02575283,405,51816,35,18563832.56223867,10001-12701,1-48157,133.371090612,57.5984251446,9.428999281013445,0.927642710084122,11754.1,AGBT17A_012_19,896.8291,1.4207177,-999.0,0.0137383435,8.670002,3.313165,0.14617112,10.35004,11955.675,47.163033,432.4681,303.13943,434.7268,307.13962,287.3401,6.6275935,11.448619,7.819415,8.402823,0.02141115,56.474014,-0.34800306,0,0,1,0.8186065239067744
1237663783674314797,31.5666030810979,-0.291453223335288,15.64199,14.29559,13.59834,13.2427,13.00389,4263,301,3,326,454902350549641216,QSO,0.0429575,404,51812,141,17532508.531003192,10001-12701,1-48157,133.371090612,57.5984251446,9.428999281013445,0.927642710084122,11754.1,AGBT17A_012_19,896.8291,1.4207177,-999.0,0.0137383435,8.670002,3.313165,0.14617112,10.35004,11955.675,47.163033,432.4681,303.13943,434.7268,307.13962,287.3401,6.6275935,11.448619,7.819415,8.402823,0.02141115,56.474014,-0.34800306,0,0,1,0.8186065239067744
1237664668428534022,138.477803488402,29.928978012335,17.83664,16.04118,15.26877,14.89603,14.62019,4469,301,3,188,2179895107631736832,GALAXY,0.02022621,1936,53330,556,1002859487.9733825,10001-12701,1-48157,133.371090612,57.5984251446,9.428999281013445,0.927642710084122,11754.1,AGBT17A_012_19,896.8291,1.4207177,-999.0,0.0137383435,8.670002,3.313165,0.14617112,10.35004,11955.675,47.163033,432.4681,303.13943,434.7268,307.13962,287.3401,6.6275935,11.448619,7.819415,8.402823,0.02141115,56.474014,-0.34800306,0,0,1,0.8186065239067744
1237658205583179983,177.524369952401,50.467443534019,16.91686,15.43644,14.71468,14.31175,14.03521,2964,301,5,290,1089974504383342592,GALAXY,0.02352839,968,52412,376,536907290.6611918,10001-12701,1-48157,133.371090612,57.5984251446,9.428999281013445,0.927642710084122,11754.1,AGBT17A_012_19,896.8291,1.4207177,-999.0,0.0137383435,8.670002,3.313165,0.14617112,10.35004,11955.675,47.163033,432.4681,303.13943,434.7268,307.13962,287.3401,6.6275935,11.448619,7.819415,8.402823,0.02141115,56.474014,-0.34800306,0,0,1,0.8186065239067744
1237658205592420516,209.832124533293,47.9562266815558,17.64099,16.49783,16.01125,15.7545,15.55161,2964,301,5,431,1446906495424817152,GALAXY,0.01533376,1285,52723,455,289802052.7771704,10001-12701,1-48157,133.371090612,57.5984251446,9.428999281013445,0.927642710084122,11754.1,AGBT17A_012_19,896.8291,1.4207177,-999.0,0.0137383435,8.670002,3.313165,0.14617112,10.35004,11955.675,47.163033,432.4681,303.13943,434.7268,307.13962,287.3401,6.6275935,11.448619,7.819415,8.402823,0.02141115,56.474014,-0.34800306,0,0,1,0.8186065239067744
1237649964070011010,59.5806306317627,-4.73047735112629,18.39405,17.01081,16.51838,16.39504,16.28194,1045,301,6,171,522558876030101504,GALAXY,0.01766202,464,51908,514,511330454.68655187,10001-12701,1-48157,133.371090612,57.5984251446,9.428999281013445,0.927642710084122,11754.1,AGBT17A_012_19,896.8291,1.4207177,-999.0,0.0137383435,8.670002,3.313165,0.14617112,10.35004,11955.675,47.163033,432.4681,303.13943,434.7268,307.13962,287.3401,6.6275935,11.448619,7.819415,8.402823,0.02141115,56.474014,-0.34800306,0,0,1,0.8186065239067744
1237664837001740485,130.350945608606,24.4950865321697,19.04521,17.19905,16.35283,15.93236,15.60736,4508,301,5,123,2173009966103816192,GALAXY,0.04296247,1930,53347,84,1304212369.9003904,10001-12701,1-48157,133.371090612,57.5984251446,9.428999281013445,0.927642710084122,11754.1,AGBT17A_012_19,896.8291,1.4207177,-999.0,0.0137383435,8.670002,3.313165,0.14617112,10.35004,11955.675,47.163033,432.4681,303.13943,434.7268,307.13962,287.3401,6.6275935,11.448619,7.819415,8.402823,0.02141115,56.474014,-0.34800306,0,0,1,0.8186065239067744
1237664836996759970,119.913603995906,18.5184431630133,19.17878,17.62036,16.85844,16.43002,16.09893,4508,301,5,47,2164035201905223680,GALAXY,0.03893641,1922,53315,202,645402578.7471645,10001-12701,1-48157,133.371090612,57.5984251446,9.428999281013445,0.927642710084122,11754.1,AGBT17A_012_19,896.8291,1.4207177,-999.0,0.0137383435,8.670002,3.313165,0.14617112,10.35004,11955.675,47.163033,432.4681,303.13943,434.7268,307.13962,287.3401,6.6275935,11.448619,7.819415,8.402823,0.02141115,56.474014,-0.34800306,0,0,1,0.8186065239067744
1237663716555096241,8.96123621839547,0.869309872842613,18.49171,17.25792,16.86069,16.62962,16.55825,4247,301,6,168,441474839354566656,GALAXY,0.03543752,392,51793,444,1212630795.9266796,10001-12701,1-48157,133.371090612,57.5984251446,9.428999281013445,0.927642710084122,11754.1,AGBT17A_012_19,896.8291,1.4207177,-999.0,0.0137383435,8.670002,3.313165,0.14617112,10.35004,11955.675,47.163033,432.4681,303.13943,434.7268,307.13962,287.3401,6.6275935,11.448619,7.819415,8.402823,0.02141115,56.474014,-0.34800306,0,0,1,0.8186065239067744
1237663204921901182,17.7392399476695,0.634239406373547,16.69159,15.06026,14.23423,13.78433,13.49551,4128,301,5,241,447112310364858368,GALAXY,0.04637209,397,51794,473,1065357724.2662528,10001-12701,1-48157,133.371090612,57.5984251446,9.428999281013445,0.927642710084122,11754.1,AGBT17A_012_19,896.8291,1.4207177,-999.0,0.0137383435,8.670002,3.313165,0.14617112,10.35004,11955.675,47.163033,432.4681,303.13943,434.7268,307.13962,287.3401,6.6275935,11.448619,7.819415,8.402823,0.02141115,56.474014,-0.34800306,0,0,1,0.8186065239067744
1237656243308331487,333.518451170402,13.7670201854183,19.55981,18.09336,17.37384,16.97269,16.60526,2507,301,6,112,828771495227451392,GALAXY,0.02549031,736,52221,397,1124761988.4654164,10001-12701,1-48157,133.371090612,57.5984251446,9.428999281013445,0.927642710084122,11754.1,AGBT17A_012_19,896.8291,1.4207177,-999.0,0.0137383435,8.670002,3.313165,0.14617112,10.35004,11955.675,47.163033,432.4681,303.13943,434.7268,307.13962,287.3401,6.6275935,11.448619,7.819415,8.402823,0.02141115,56.474014,-0.34800306,0,0,1,0.8186065239067744
1237658205574004762,147.664312926461,44.3310786472084,17.03533,15.64201,15.06198,14.77196,14.57739,2964,301,5,150,1060694789495744512,GALAXY,0.01543267,942,52703,353,340336930.307709,10001-12701,1-48157,133.371090612,57.5984251446,9.428999281013445,0.927642710084122,11754.1,AGBT17A_012_19,896.8291,1.4207177,-999.0,0.0137383435,8.670002,3.313165,0.14617112,10.35004,11955.675,47.163033,432.4681,303.13943,434.7268,307.13962,287.3401,6.6275935,11.448619,7.819415,8.402823,0.02141115,56.474014,-0.34800306,0,0,1,0.8186065239067744
1237651735776395363,224.445781664037,1.37844656906637,19.39063,17.50838,16.64701,16.24566,15.94053,1458,301,2,665,605764145614186496,GALAXY,0.04354471,538,52029,109,1019979466.8918915,10001-12701,1-48157,133.371090612,57.5984251446,9.428999281013445,0.927642710084122,11754.1,AGBT17A_012_19,896.8291,1.4207177,-999.0,0.0137383435,8.670002,3.313165,0.14617112,10.35004,11955.675,47.163033,432.4681,303.13943,434.7268,307.13962,287.3401,6.6275935,11.448619,7.819415,8.402823,0.02141115,56.474014,-0.34800306,0,0,1,0.8186065239067744
1237661150310105133,213.110490249451,45.6904087067431,16.09649,15.02246,14.48552,14.1904,13.95696,3650,301,2,137,7601039438375049216,GALAXY,0.02715532,6751,56368,324,296608791.38332456,10001-12701,1-48157,133.371090612,57.5984251446,9.428999281013445,0.927642710084122,11754.1,AGBT17A_012_19,896.8291,1.4207177,-999.0,0.0137383435,8.670002,3.313165,0.14617112,10.35004,11955.675,47.163033,432.4681,303.13943,434.7268,307.13962,287.3401,6.6275935,11.448619,7.819415,8.402823,0.02141115,56.474014,-0.34800306,0,0,1,0.8186065239067744
1237661150305320995,197.549677192714,48.6233833516335,17.87984,16.68841,16.29111,16.18885,22.93189,3650,301,2,64,1442330603411236864,GALAXY,0.028277,1281,52753,192,350031376.20132256,10001-12701,1-48157,133.371090612,57.5984251446,9.428999281013445,0.927642710084122,11754.1,AGBT17A_012_19,896.8291,1.4207177,-999.0,0.0137383435,8.670002,3.313165,0.14617112,10.35004,11955.675,47.163033,432.4681,303.13943,434.7268,307.13962,287.3401,6.6275935,11.448619,7.819415,8.402823,0.02141115,56.474014,-0.34800306,0,0,1,0.8186065239067744
1237665443129262181,202.482736600747,29.7946245764368,18.62873,16.82728,16.01042,15.61503,15.29871,4649,301,6,127,2227129579804321792,GALAXY,0.04714897,1978,53473,362,1110117187.2218726,10001-12701,1-48157,133.371090612,57.5984251446,9.428999281013445,0.927642710084122,11754.1,AGBT17A_012_19,896.8291,1.4207177,-999.0,0.0137383435,8.670002,3.313165,0.14617112,10.35004,11955.675,47.163033,432.4681,303.13943,434.7268,307.13962,287.3401,6.6275935,11.448619,7.819415,8.402823,0.02141115,56.474014,-0.34800306,0,0,1,0.8186065239067744
1237659324952609254,240.103423701079,43.9343652200057,18.6299,17.30776,16.81169,16.53743,16.36005,3225,301,2,192,1316204250199517184,GALAXY,0.04032111,1169,52753,99,574447485.3981634,10001-12701,1-48157,133.371090612,57.5984251446,9.428999281013445,0.927642710084122,11754.1,AGBT17A_012_19,896.8291,1.4207177,-999.0,0.0137383435,8.670002,3.313165,0.14617112,10.35004,11955.675,47.163033,432.4681,303.13943,434.7268,307.13962,287.3401,6.6275935,11.448619,7.819415,8.402823,0.02141115,56.474014,-0.34800306,0,0,1,0.8186065239067744
1237665226774216803,200.093478589739,31.5811825766436,18.34315,16.6965,15.95929,15.56205,15.23183,4599,301,3,187,2369032556843657216,GALAXY,0.04529007,2104,53852,506,1183959987.858333,10001-12701,1-48157,133.371090612,57.5984251446,9.428999281013445,0.927642710084122,11754.1,AGBT17A_012_19,896.8291,1.4207177,-999.0,0.0137383435,8.670002,3.313165,0.14617112,10.35004,11955.675,47.163033,432.4681,303.13943,434.7268,307.13962,287.3401,6.6275935,11.448619,7.819415,8.402823,0.02141115,56.474014,-0.34800306,0,0,1,0.8186065239067744
1237667782295224478,178.474130047823,22.0356637090363,18.11381,16.50095,15.73424,15.29368,14.96509,5194,301,3,423,2827137479990077440,GALAXY,0.02559168,2511,53882,10,832278493.2070338,10001-12701,1-48157,133.371090612,57.5984251446,9.428999281013445,0.927642710084122,11754.1,AGBT17A_012_19,896.8291,1.4207177,-999.0,0.0137383435,8.670002,3.313165,0.14617112,10.35004,11955.675,47.163033,432.4681,303.13943,434.7268,307.13962,287.3401,6.6275935,11.448619,7.819415,8.402823,0.02141115,56.474014,-0.34800306,0,0,1,0.8186065239067744
1237661387604557987,212.784712338106,54.593389784264,19.49988,17.60637,16.69479,16.19204,15.75753,3705,301,4,99,1490723689182816256,GALAXY,0.04224125,1324,53088,117,405516609.08179146,10001-12701,1-48157,133.371090612,57.5984251446,9.428999281013445,0.927642710084122,11754.1,AGBT17A_012_19,896.8291,1.4207177,-999.0,0.0137383435,8.670002,3.313165,0.14617112,10.35004,11955.675,47.163033,432.4681,303.13943,434.7268,307.13962,287.3401,6.6275935,11.448619,7.819415,8.402823,0.02141115,56.474014,-0.34800306,0,0,1,0.8186065239067744
1237656243308527704,333.918175195177,13.8821399974989,18.17876,16.40414,15.61726,15.25316,14.99404,2507,301,6,115,828787438146054144,GALAXY,0.02458678,736,52221,455,800101183.4324868,10001-12701,1-48157,133.371090612,57.5984251446,9.428999281013445,0.927642710084122,11754.1,AGBT17A_012_19,896.8291,1.4207177,-999.0,0.0137383435,8.670002,3.313165,0.14617112,10.35004,11955.675,47.163033,432.4681,303.13943,434.7268,307.13962,287.3401,6.6275935,11.448619,7.819415,8.402823,0.02141115,56.474014,-0.34800306,0,0,1,0.8186065239067744
1237656243308396725,333.656030962009,13.8747173107472,19.22728,17.25972,16.41256,16.00673,15.72803,2507,301,6,113,828774244006520832,GALAXY,0.02759692,736,52221,407,1127443430.9466286,10001-12701,1-48157,133.371090612,57.5984251446,9.428999281013445,0.927642710084122,11754.1,AGBT17A_012_19,896.8291,1.4207177,-999.0,0.0137383435,8.670002,3.313165,0.14617112,10.35004,11955.675,47.163033,432.4681,303.13943,434.7268,307.13962,287.3401,6.6275935,11.448619,7.819415,8.402823,0.02141115,56.474014,-0.34800306,0,0,1,0.8186065239067744
1237657628988997683,172.6312383533,51.4559395629406,15.84236,14.46248,13.81579,13.43185,13.14436,2830,301,3,369,7533639376347355136,GALAXY,0.02559746,6691,56413,884,542270175.6236163,10001-12701,1-48157,133.371090612,57.5984251446,9.428999281013445,0.927642710084122,11754.1,AGBT17A_012_19,896.8291,1.4207177,-999.0,0.0137383435,8.670002,3.313165,0.14617112,10.35004,11955.675,47.163033,432.4681,303.13943,434.7268,307.13962,287.3401,6.6275935,11.448619,7.819415,8.402823,0.02141115,56.474014,-0.34800306,0,0,1,0.8186065239067744
1237657628968354094,118.592607874085,27.0087952852618,16.11922,14.94297,14.32879,14.0179,13.75823,2830,301,3,54,967214579304130560,GALAXY,0.02661827,859,52317,242,820521399.2509493,10001-12701,1-48157,133.371090612,57.5984251446,9.428999281013445,0.927642710084122,11754.1,AGBT17A_012_19,896.8291,1.4207177,-999.0,0.0137383435,8.670002,3.313165,0.14617112,10.35004,11955.675,47.163033,432.4681,303.13943,434.7268,307.13962,287.3401,6.6275935,11.448619,7.819415,8.402823,0.02141115,56.474014,-0.34800306,0,0,1,0.8186065239067744
1237657628990505038,178.048688710145,51.9896470431343,16.65791,15.36113,14.75522,14.45219,14.16973,2830,301,3,392,7524573353270859776,GALAXY,0.02335308,6683,56416,670,541032586.7861338,10001-12701,1-48157,133.371090612,57.5984251446,9.428999281013445,0.927642710084122,11754.1,AGBT17A_012_19,896.8291,1.4207177,-999.0,0.0137383435,8.670002,3.313165,0.14617112,10.35004,11955.675,47.163033,432.4681,303.13943,434.7268,307.13962,287.3401,6.6275935,11.448619,7.819415,8.402823,0.02141115,56.474014,-0.34800306,0,0,1,0.8186065239067744
1237662303509151862,217.198982019666,49.1008420903802,17.74087,16.32102,15.56445,15.15945,14.80499,3918,301,6,142,1177760613061912576,GALAXY,0.02703635,1046,52460,252,44965727.76186701,10001-12701,1-48157,133.371090612,57.5984251446,9.428999281013445,0.927642710084122,11754.1,AGBT17A_012_19,896.8291,1.4207177,-999.0,0.0137383435,8.670002,3.313165,0.14617112,10.35004,11955.675,47.163033,432.4681,303.13943,434.7268,307.13962,287.3401,6.6275935,11.448619,7.819415,8.402823,0.02141115,56.474014,-0.34800306,0,0,1,0.8186065239067744
1237655502963081493,258.650211219289,30.7335438949668,16.7158,15.35853,14.65943,14.2866,14.0042,2335,301,3,108,1101257693194119168,GALAXY,0.02959387,978,52441,464,123758883.74825782,10001-12701,1-48157,133.371090612,57.5984251446,9.428999281013445,0.927642710084122,11754.1,AGBT17A_012_19,896.8291,1.4207177,-999.0,0.0137383435,8.670002,3.313165,0.14617112,10.35004,11955.675,47.163033,432.4681,303.13943,434.7268,307.13962,287.3401,6.6275935,11.448619,7.819415,8.402823,0.02141115,56.474014,-0.34800306,0,0,1,0.8186065239067744
1237655502964392502,260.358021211932,28.193046033131,17.91367,16.56266,15.84617,15.43019,15.09004,2335,301,3,128,1103520213078403072,GALAXY,0.02763883,980,52431,503,592805053.154155,10001-12701,1-48157,133.371090612,57.5984251446,9.428999281013445,0.927642710084122,11754.1,AGBT17A_012_19,896.8291,1.4207177,-999.0,0.0137383435,8.670002,3.313165,0.14617112,10.35004,11955.675,47.163033,432.4681,303.13943,434.7268,307.13962,287.3401,6.6275935,11.448619,7.819415,8.402823,0.02141115,56.474014,-0.34800306,0,0,1,0.8186065239067744
1237666339189882975,18.6928963596565,-0.0010960651420885,16.8676,15.21939,14.49636,14.12473,13.85701,4858,301,3,479,448193130211076096,GALAXY,0.0179635,398,51789,309,1065151459.4600056,10001-12701,1-48157,133.371090612,57.5984251446,9.428999281013445,0.927642710084122,11754.1,AGBT17A_012_19,896.8291,1.4207177,-999.0,0.0137383435,8.670002,3.313165,0.14617112,10.35004,11955.675,47.163033,432.4681,303.13943,434.7268,307.13962,287.3401,6.6275935,11.448619,7.819415,8.402823,0.02141115,56.474014,-0.34800306,0,0,1,0.8186065239067744
1237666339190079630,19.0938360651733,-0.209269542384799,18.50558,16.95268,16.11841,15.68817,15.33726,4858,301,3,482,448169765588985856,GALAXY,0.04215716,398,51789,224,108701552.89221978,10001-12701,1-48157,133.371090612,57.5984251446,9.428999281013445,0.927642710084122,11754.1,AGBT17A_012_19,896.8291,1.4207177,-999.0,0.0137383435,8.670002,3.313165,0.14617112,10.35004,11955.675,47.163033,432.4681,303.13943,434.7268,307.13962,287.3401,6.6275935,11.448619,7.819415,8.402823,0.02141115,56.474014,-0.34800306,0,0,1,0.8186065239067744
1237661968505962643,191.674623448531,43.3090084986938,18.35538,17.0913,16.55268,16.23334,15.99766,3840,301,6,207,1545928243448670208,GALAXY,0.04049543,1373,53063,246,279901342.0773098,10001-12701,1-48157,133.371090612,57.5984251446,9.428999281013445,0.927642710084122,11754.1,AGBT17A_012_19,896.8291,1.4207177,-999.0,0.0137383435,8.670002,3.313165,0.14617112,10.35004,11955.675,47.163033,432.4681,303.13943,434.7268,307.13962,287.3401,6.6275935,11.448619,7.819415,8.402823,0.02141115,56.474014,-0.34800306,0,0,1,0.8186065239067744
1237666090051961046,17.9718968335874,15.4701071355895,19.01698,17.1337,16.2224,15.76585,15.39138,4800,301,3,24,475286746356017152,GALAXY,0.04168727,422,51811,571,1086396734.5034566,10001-12701,1-48157,133.371090612,57.5984251446,9.428999281013445,0.927642710084122,11754.1,AGBT17A_012_19,896.8291,1.4207177,-999.0,0.0137383435,8.670002,3.313165,0.14617112,10.35004,11955.675,47.163033,432.4681,303.13943,434.7268,307.13962,287.3401,6.6275935,11.448619,7.819415,8.402823,0.02141115,56.474014,-0.34800306,0,0,1,0.8186065239067744
1237671936044564999,259.055399145105,34.0554512768023,19.25644,17.56503,16.76755,16.31841,15.97545,6161,301,4,104,3347426943904540672,GALAXY,0.03810551,2973,54591,460,120664911.65455137,10001-12701,1-48157,133.371090612,57.5984251446,9.428999281013445,0.927642710084122,11754.1,AGBT17A_012_19,896.8291,1.4207177,-999.0,0.0137383435,8.670002,3.313165,0.14617112,10.35004,11955.675,47.163033,432.4681,303.13943,434.7268,307.13962,287.3401,6.6275935,11.448619,7.819415,8.402823,0.02141115,56.474014,-0.34800306,0,0,1,0.8186065239067744
1237654604256247819,169.81188040454,3.96425883995435,16.58153,15.59453,15.12675,14.82492,14.60856,2126,301,1,338,941330152430790656,GALAXY,0.03980424,836,52376,283,1097741298.8470469,10001-12701,1-48157,133.371090612,57.5984251446,9.428999281013445,0.927642710084122,11754.1,AGBT17A_012_19,896.8291,1.4207177,-999.0,0.0137383435,8.670002,3.313165,0.14617112,10.35004,11955.675,47.163033,432.4681,303.13943,434.7268,307.13962,287.3401,6.6275935,11.448619,7.819415,8.402823,0.02141115,56.474014,-0.34800306,0,0,1,0.8186065239067744
1237654391105781976,125.010571316488,44.2640422903621,17.42938,16.03901,15.25202,14.80571,14.43682,2076,301,4,144,615996199647864832,GALAXY,0.02331967,547,51959,469,216165516.946957,10001-12701,1-48157,133.371090612,57.5984251446,9.428999281013445,0.927642710084122,11754.1,AGBT17A_012_19,896.8291,1.4207177,-999.0,0.0137383435,8.670002,3.313165,0.14617112,10.35004,11955.675,47.163033,432.4681,303.13943,434.7268,307.13962,287.3401,6.6275935,11.448619,7.819415,8.402823,0.02141115,56.474014,-0.34800306,0,0,1,0.8186065239067744
1237658205584818218,183.371967473135,50.7414926478407,15.56202,13.53425,12.60048,12.13496,11.84672,2964,301,5,315,1092252142737057792,GALAXY,0.03075743,970,52413,470,37540194.736971535,10001-12701,1-48157,133.371090612,57.5984251446,9.428999281013445,0.927642710084122,11754.1,AGBT17A_012_19,896.8291,1.4207177,-999.0,0.0137383435,8.670002,3.313165,0.14617112,10.35004,11955.675,47.163033,432.4681,303.13943,434.7268,307.13962,287.3401,6.6275935,11.448619,7.819415,8.402823,0.02141115,56.474014,-0.34800306,0,0,1,0.8186065239067744
1237658205576298586,154.480790068095,46.603247641718,17.18943,15.86656,15.26341,14.90681,14.62751,2964,301,5,185,1062961156345325568,GALAXY,0.02997079,944,52614,406,331055014.0265897,10001-12701,1-48157,133.371090612,57.5984251446,9.428999281013445,0.927642710084122,11754.1,AGBT17A_012_19,896.8291,1.4207177,-999.0,0.0137383435,8.670002,3.313165,0.14617112,10.35004,11955.675,47.163033,432.4681,303.13943,434.7268,307.13962,287.3401,6.6275935,11.448619,7.819415,8.402823,0.02141115,56.474014,-0.34800306,0,0,1,0.8186065239067744
1237656243308200440,333.188670613319,13.8630426150816,17.33421,16.0329,15.46755,15.11819,14.96426,2507,301,6,110,5675873182835562496,GALAXY,0.02690606,5041,55749,770,799276124.2074984,10001-12701,1-48157,133.371090612,57.5984251446,9.428999281013445,0.927642710084122,11754.1,AGBT17A_012_19,896.8291,1.4207177,-999.0,0.0137383435,8.670002,3.313165,0.14617112,10.35004,11955.675,47.163033,432.4681,303.13943,434.7268,307.13962,287.3401,6.6275935,11.448619,7.819415,8.402823,0.02141115,56.474014,-0.34800306,0,0,1,0.8186065239067744
1237656243308331298,333.558437251085,13.8756628029387,17.63989,15.90546,15.14251,14.76021,14.50962,2507,301,6,112,828772594739079168,GALAXY,0.02423961,736,52221,401,1125999577.3028991,10001-12701,1-48157,133.371090612,57.5984251446,9.428999281013445,0.927642710084122,11754.1,AGBT17A_012_19,896.8291,1.4207177,-999.0,0.0137383435,8.670002,3.313165,0.14617112,10.35004,11955.675,47.163033,432.4681,303.13943,434.7268,307.13962,287.3401,6.6275935,11.448619,7.819415,8.402823,0.02141115,56.474014,-0.34800306,0,0,1,0.8186065239067744
1237656243308462237,333.866402505039,13.8539662791507,17.7652,15.76973,14.93455,14.53521,14.1978,2507,301,6,114,828783589855356928,GALAXY,0.02211029,736,52221,441,1124349458.8529222,10001-12701,1-48157,133.371090612,57.5984251446,9.428999281013445,0.927642710084122,11754.1,AGBT17A_012_19,896.8291,1.4207177,-999.0,0.0137383435,8.670002,3.313165,0.14617112,10.35004,11955.675,47.163033,432.4681,303.13943,434.7268,307.13962,287.3401,6.6275935,11.448619,7.819415,8.402823,0.02141115,56.474014,-0.34800306,0,0,1,0.8186065239067744
1237667736116723872,178.228986426742,23.1104843833416,18.02407,16.73275,16.35431,16.16569,16.03683,5183,301,5,307,2827310653071452160,GALAXY,0.02252379,2511,53882,640,832072228.4007866,10001-12701,1-48157,133.371090612,57.5984251446,9.428999281013445,0.927642710084122,11754.1,AGBT17A_012_19,896.8291,1.4207177,-999.0,0.0137383435,8.670002,3.313165,0.14617112,10.35004,11955.675,47.163033,432.4681,303.13943,434.7268,307.13962,287.3401,6.6275935,11.448619,7.819415,8.402823,0.02141115,56.474014,-0.34800306,0,0,1,0.8186065239067744
1237658205051093035,194.664203364805,49.9920930665819,16.76735,14.86465,14.02244,13.59523,13.29859,2964,301,4,363,1440199474713487360,GALAXY,0.0360293,1279,52736,631,55072703.267974734,10001-12701,1-48157,133.371090612,57.5984251446,9.428999281013445,0.927642710084122,11754.1,AGBT17A_012_19,896.8291,1.4207177,-999.0,0.0137383435,8.670002,3.313165,0.14617112,10.35004,11955.675,47.163033,432.4681,303.13943,434.7268,307.13962,287.3401,6.6275935,11.448619,7.819415,8.402823,0.02141115,56.474014,-0.34800306,0,0,1,0.8186065239067744
1237663543678272263,319.594554874883,0.291599585957666,18.98252,17.11026,16.24531,15.82732,15.48414,4207,301,4,101,1111355059603531776,GALAXY,0.04168953,987,52523,334,449244748.0061759,10001-12701,1-48157,133.371090612,57.5984251446,9.428999281013445,0.927642710084122,11754.1,AGBT17A_012_19,896.8291,1.4207177,-999.0,0.0137383435,8.670002,3.313165,0.14617112,10.35004,11955.675,47.163033,432.4681,303.13943,434.7268,307.13962,287.3401,6.6275935,11.448619,7.819415,8.402823,0.02141115,56.474014,-0.34800306,0,0,1,0.8186065239067744
1237663543683449041,331.293028761054,0.336954524057076,18.60316,16.99399,16.25737,15.85336,15.5319,4207,301,4,180,420076968604624896,GALAXY,0.04301599,373,51788,423,1206442851.7392666,10001-12701,1-48157,133.371090612,57.5984251446,9.428999281013445,0.927642710084122,11754.1,AGBT17A_012_19,896.8291,1.4207177,-999.0,0.0137383435,8.670002,3.313165,0.14617112,10.35004,11955.675,47.163033,432.4681,303.13943,434.7268,307.13962,287.3401,6.6275935,11.448619,7.819415,8.402823,0.02141115,56.474014,-0.34800306,0,0,1,0.8186065239067744
1237665441518715005,202.480747879603,28.5195673859474,18.24236,16.94536,16.35568,16.03696,15.78712,4649,301,3,128,2227084774705489920,GALAXY,0.04413604,1978,53473,199,1255327610.8198283,10001-12701,1-48157,133.371090612,57.5984251446,9.428999281013445,0.927642710084122,11754.1,AGBT17A_012_19,896.8291,1.4207177,-999.0,0.0137383435,8.670002,3.313165,0.14617112,10.35004,11955.675,47.163033,432.4681,303.13943,434.7268,307.13962,287.3401,6.6275935,11.448619,7.819415,8.402823,0.02141115,56.474014,-0.34800306,0,0,1,0.8186065239067744
1237662307260498243,207.483318171459,40.8950692189723,18.96712,17.65241,17.23622,16.99594,16.891,3919,301,5,39,1551581107571419136,GALAXY,0.03481228,1378,53061,331,324042010.61418843,10001-12701,1-48157,133.371090612,57.5984251446,9.428999281013445,0.927642710084122,11754.1,AGBT17A_012_19,896.8291,1.4207177,-999.0,0.0137383435,8.670002,3.313165,0.14617112,10.35004,11955.675,47.163033,432.4681,303.13943,434.7268,307.13962,287.3401,6.6275935,11.448619,7.819415,8.402823,0.02141115,56.474014,-0.34800306,0,0,1,0.8186065239067744
1237657608034713655,123.857378856915,37.3405177076714,18.35693,16.99151,16.3652,16.03436,15.75488,2825,301,4,120,1005493256554833920,GALAXY,0.03973042,893,52589,235,7219268.218648372,10001-12701,1-48157,133.371090612,57.5984251446,9.428999281013445,0.927642710084122,11754.1,AGBT17A_012_19,896.8291,1.4207177,-999.0,0.0137383435,8.670002,3.313165,0.14617112,10.35004,11955.675,47.163033,432.4681,303.13943,434.7268,307.13962,287.3401,6.6275935,11.448619,7.819415,8.402823,0.02141115,56.474014,-0.34800306,0,0,1,0.8186065239067744
1237662300824338533,214.375221780542,47.7148975498339,18.63874,17.45479,16.92779,16.6075,16.36346,3918,301,1,135,1882539062028429312,GALAXY,0.03747798,1672,53460,125,290833376.8084059,10001-12701,1-48157,133.371090612,57.5984251446,9.428999281013445,0.927642710084122,11754.1,AGBT17A_012_19,896.8291,1.4207177,-999.0,0.0137383435,8.670002,3.313165,0.14617112,10.35004,11955.675,47.163033,432.4681,303.13943,434.7268,307.13962,287.3401,6.6275935,11.448619,7.819415,8.402823,0.02141115,56.474014,-0.34800306,0,0,1,0.8186065239067744
1237659161201803392,241.923523702483,38.9307492347176,16.50273,14.58542,13.74357,13.33894,13.05,3187,301,1,113,1187991298930403328,GALAXY,0.03843516,1055,52761,607,277219899.5960975,10001-12701,1-48157,133.371090612,57.5984251446,9.428999281013445,0.927642710084122,11754.1,AGBT17A_012_19,896.8291,1.4207177,-999.0,0.0137383435,8.670002,3.313165,0.14617112,10.35004,11955.675,47.163033,432.4681,303.13943,434.7268,307.13962,287.3401,6.6275935,11.448619,7.819415,8.402823,0.02141115,56.474014,-0.34800306,0,0,1,0.8186065239067744
1237665227313381481,206.242823668112,31.0046812604239,18.77324,17.33418,16.62208,16.20868,15.94353,4599,301,4,222,2278905307981703168,GALAXY,0.04337154,2024,53503,305,1255946405.2385697,10001-12701,1-48157,133.371090612,57.5984251446,9.428999281013445,0.927642710084122,11754.1,AGBT17A_012_19,896.8291,1.4207177,-999.0,0.0137383435,8.670002,3.313165,0.14617112,10.35004,11955.675,47.163033,432.4681,303.13943,434.7268,307.13962,287.3401,6.6275935,11.448619,7.819415,8.402823,0.02141115,56.474014,-0.34800306,0,0,1,0.8186065239067744
1237655499737923780,203.079278469552,-1.69433704441109,17.52594,16.46431,16.06388,15.86282,15.77395,2334,301,5,48,1024739929164376064,GALAXY,0.02268655,910,52377,622,61054382.64914052,10001-12701,1-48157,133.371090612,57.5984251446,9.428999281013445,0.927642710084122,11754.1,AGBT17A_012_19,896.8291,1.4207177,-999.0,0.0137383435,8.670002,3.313165,0.14617112,10.35004,11955.675,47.163033,432.4681,303.13943,434.7268,307.13962,287.3401,6.6275935,11.448619,7.819415,8.402823,0.02141115,56.474014,-0.34800306,0,0,1,0.8186065239067744
1237655499737858124,202.859553645673,-1.68532748340791,18.2243,16.32982,15.38292,14.94679,14.7614,2334,301,5,47,1025809479922378752,GALAXY,0.02206955,911,52426,417,61260647.455387615,10001-12701,1-48157,133.371090612,57.5984251446,9.428999281013445,0.927642710084122,11754.1,AGBT17A_012_19,896.8291,1.4207177,-999.0,0.0137383435,8.670002,3.313165,0.14617112,10.35004,11955.675,47.163033,432.4681,303.13943,434.7268,307.13962,287.3401,6.6275935,11.448619,7.819415,8.402823,0.02141115,56.474014,-0.34800306,0,0,1,0.8186065239067744
1237662636909068394,232.64406875018,10.181130550786,18.59902,17.50352,17.00901,16.75962,16.53621,3996,301,3,189,1938842585162344448,GALAXY,0.03297291,1722,53852,156,1043906184.4165546,10001-12701,1-48157,133.371090612,57.5984251446,9.428999281013445,0.927642710084122,11754.1,AGBT17A_012_19,896.8291,1.4207177,-999.0,0.0137383435,8.670002,3.313165,0.14617112,10.35004,11955.675,47.163033,432.4681,303.13943,434.7268,307.13962,287.3401,6.6275935,11.448619,7.819415,8.402823,0.02141115,56.474014,-0.34800306,0,0,1,0.8186065239067744
1237664837000954089,128.655639982725,23.5732984280408,18.9634,17.20762,16.3969,16.01357,15.71504,4508,301,5,111,2170735900844124160,GALAXY,0.04182832,1928,53327,3,650559198.9033419,10001-12701,1-48157,133.371090612,57.5984251446,9.428999281013445,0.927642710084122,11754.1,AGBT17A_012_19,896.8291,1.4207177,-999.0,0.0137383435,8.670002,3.313165,0.14617112,10.35004,11955.675,47.163033,432.4681,303.13943,434.7268,307.13962,287.3401,6.6275935,11.448619,7.819415,8.402823,0.02141115,56.474014,-0.34800306,0,0,1,0.8186065239067744
1237651272956903644,119.637938464652,45.3294280137861,18.54124,17.2933,16.62472,16.29026,16.01063,1350,301,4,104,491030654562101248,GALAXY,0.02189192,436,51883,503,488228796.38687706,10001-12701,1-48157,133.371090612,57.5984251446,9.428999281013445,0.927642710084122,11754.1,AGBT17A_012_19,896.8291,1.4207177,-999.0,0.0137383435,8.670002,3.313165,0.14617112,10.35004,11955.675,47.163033,432.4681,303.13943,434.7268,307.13962,287.3401,6.6275935,11.448619,7.819415,8.402823,0.02141115,56.474014,-0.34800306,0,0,1,0.8186065239067744
1237663786879942704,117.540961404426,48.4788900062472,17.92505,16.20004,15.43498,15.05236,14.76848,4264,301,1,88,2003058999225772032,GALAXY,0.02239534,1779,53089,302,396440957.6069192,10001-12701,1-48157,133.371090612,57.5984251446,9.428999281013445,0.927642710084122,11754.1,AGBT17A_012_19,896.8291,1.4207177,-999.0,0.0137383435,8.670002,3.313165,0.14617112,10.35004,11955.675,47.163033,432.4681,303.13943,434.7268,307.13962,287.3401,6.6275935,11.448619,7.819415,8.402823,0.02141115,56.474014,-0.34800306,0,0,1,0.8186065239067744
1237665531708309827,205.182894374033,25.9083604190251,17.02442,15.70578,14.99553,14.63185,14.42577,4670,301,3,56,2528818258090420224,GALAXY,0.03125555,2246,53767,171,872500130.4252175,10001-12701,1-48157,133.371090612,57.5984251446,9.428999281013445,0.927642710084122,11754.1,AGBT17A_012_19,896.8291,1.4207177,-999.0,0.0137383435,8.670002,3.313165,0.14617112,10.35004,11955.675,47.163033,432.4681,303.13943,434.7268,307.13962,287.3401,6.6275935,11.448619,7.819415,8.402823,0.02141115,56.474014,-0.34800306,0,0,1,0.8186065239067744
1237654029789364269,166.22564282092,2.36371892202024,17.40511,15.50974,14.65098,14.23696,13.90907,1992,301,3,109,572121569359325184,GALAXY,0.02524444,508,52366,598,1099391417.2970235,10001-12701,1-48157,133.371090612,57.5984251446,9.428999281013445,0.927642710084122,11754.1,AGBT17A_012_19,896.8291,1.4207177,-999.0,0.0137383435,8.670002,3.313165,0.14617112,10.35004,11955.675,47.163033,432.4681,303.13943,434.7268,307.13962,287.3401,6.6275935,11.448619,7.819415,8.402823,0.02141115,56.474014,-0.34800306,0,0,1,0.8186065239067744
1237655503495561305,252.713132298714,39.5982693393389,17.07614,15.22985,14.4318,14.05271,13.77863,2335,301,4,41,709358207390214144,GALAXY,0.03399299,630,52050,150,94056751.64867595,10001-12701,1-48157,133.371090612,57.5984251446,9.428999281013445,0.927642710084122,11754.1,AGBT17A_012_19,896.8291,1.4207177,-999.0,0.0137383435,8.670002,3.313165,0.14617112,10.35004,11955.675,47.163033,432.4681,303.13943,434.7268,307.13962,287.3401,6.6275935,11.448619,7.819415,8.402823,0.02141115,56.474014,-0.34800306,0,0,1,0.8186065239067744
1237655503498183074,256.613550829999,34.5032568390661,17.35352,15.49028,14.66244,14.25929,13.95395,2335,301,4,81,1096768661860935680,GALAXY,0.03091272,974,52427,517,446975835.1374578,10001-12701,1-48157,133.371090612,57.5984251446,9.428999281013445,0.927642710084122,11754.1,AGBT17A_012_19,896.8291,1.4207177,-999.0,0.0137383435,8.670002,3.313165,0.14617112,10.35004,11955.675,47.163033,432.4681,303.13943,434.7268,307.13962,287.3401,6.6275935,11.448619,7.819415,8.402823,0.02141115,56.474014,-0.34800306,0,0,1,0.8186065239067744
1237651754028302528,221.057161816526,2.13464343983316,17.53709,15.95337,15.35008,15.04458,14.78486,1462,301,4,639,603657206373574656,GALAXY,0.0273514,536,52024,636,746678598.6144888,10001-12701,1-48157,133.371090612,57.5984251446,9.428999281013445,0.927642710084122,11754.1,AGBT17A_012_19,896.8291,1.4207177,-999.0,0.0137383435,8.670002,3.313165,0.14617112,10.35004,11955.675,47.163033,432.4681,303.13943,434.7268,307.13962,287.3401,6.6275935,11.448619,7.819415,8.402823,0.02141115,56.474014,-0.34800306,0,0,1,0.8186065239067744
1237666300555755681,50.6829253488689,-0.179479562412172,19.4805,17.66111,16.86781,16.36245,15.95386,4849,301,3,793,466208629574363136,GALAXY,0.0378185,414,51869,313,166043169.02891257,10001-12701,1-48157,133.371090612,57.5984251446,9.428999281013445,0.927642710084122,11754.1,AGBT17A_012_19,896.8291,1.4207177,-999.0,0.0137383435,8.670002,3.313165,0.14617112,10.35004,11955.675,47.163033,432.4681,303.13943,434.7268,307.13962,287.3401,6.6275935,11.448619,7.819415,8.402823,0.02141115,56.474014,-0.34800306,0,0,1,0.8186065239067744
1237666300555165863,49.3337137245944,-0.0766057492679085,16.90454,15.99421,15.6215,15.37732,15.26521,4849,301,3,784,465062113019193344,GALAXY,0.02221469,413,51821,238,153873545.46033388,10001-12701,1-48157,133.371090612,57.5984251446,9.428999281013445,0.927642710084122,11754.1,AGBT17A_012_19,896.8291,1.4207177,-999.0,0.0137383435,8.670002,3.313165,0.14617112,10.35004,11955.675,47.163033,432.4681,303.13943,434.7268,307.13962,287.3401,6.6275935,11.448619,7.819415,8.402823,0.02141115,56.474014,-0.34800306,0,0,1,0.8186065239067744
1237666300555231278,49.4877943677172,-0.169089094658695,15.93181,14.15595,13.28609,12.8566,12.50754,4849,301,3,785,465050293269194752,GALAXY,0.02279666,413,51821,195,153667280.6540868,10001-12701,1-48157,133.371090612,57.5984251446,9.428999281013445,0.927642710084122,11754.1,AGBT17A_012_19,896.8291,1.4207177,-999.0,0.0137383435,8.670002,3.313165,0.14617112,10.35004,11955.675,47.163033,432.4681,303.13943,434.7268,307.13962,287.3401,6.6275935,11.448619,7.819415,8.402823,0.02141115,56.474014,-0.34800306,0,0,1,0.8186065239067744
1237666300555624519,50.3914334335039,-0.178404260088894,18.18218,16.15989,15.28264,14.79634,14.43446,4849,301,3,791,466210278841804800,GALAXY,0.02525907,414,51869,319,156554987.94154614,10001-12701,1-48157,133.371090612,57.5984251446,9.428999281013445,0.927642710084122,11754.1,AGBT17A_012_19,896.8291,1.4207177,-999.0,0.0137383435,8.670002,3.313165,0.14617112,10.35004,11955.675,47.163033,432.4681,303.13943,434.7268,307.13962,287.3401,6.6275935,11.448619,7.819415,8.402823,0.02141115,56.474014,-0.34800306,0,0,1,0.8186065239067744
1237657775534178328,117.177473337375,26.5397688946346,18.30007,16.92065,16.24996,15.94271,15.67116,2864,301,4,55,966086480357255168,GALAXY,0.01549638,858,52316,234,1152814002.1150217,10001-12701,1-48157,133.371090612,57.5984251446,9.428999281013445,0.927642710084122,11754.1,AGBT17A_012_19,896.8291,1.4207177,-999.0,0.0137383435,8.670002,3.313165,0.14617112,10.35004,11955.675,47.163033,432.4681,303.13943,434.7268,307.13962,287.3401,6.6275935,11.448619,7.819415,8.402823,0.02141115,56.474014,-0.34800306,0,0,1,0.8186065239067744
1237665232668459243,242.280286138645,21.8677246398202,17.30337,15.74771,14.89749,14.43608,14.09382,4600,301,6,14,2085222486978357248,GALAXY,0.03131231,1852,53534,203,595692760.4416143,10001-12701,1-48157,133.371090612,57.5984251446,9.428999281013445,0.927642710084122,11754.1,AGBT17A_012_19,896.8291,1.4207177,-999.0,0.0137383435,8.670002,3.313165,0.14617112,10.35004,11955.675,47.163033,432.4681,303.13943,434.7268,307.13962,287.3401,6.6275935,11.448619,7.819415,8.402823,0.02141115,56.474014,-0.34800306,0,0,1,0.8186065239067744
1237667549274439807,172.512464146037,23.4636467227191,18.5556,16.99525,16.18176,15.72975,15.37527,5140,301,1,136,2811377634636752896,GALAXY,0.03328968,2497,54154,20,1181072280.5708737,10001-12701,1-48157,133.371090612,57.5984251446,9.428999281013445,0.927642710084122,11754.1,AGBT17A_012_19,896.8291,1.4207177,-999.0,0.0137383435,8.670002,3.313165,0.14617112,10.35004,11955.675,47.163033,432.4681,303.13943,434.7268,307.13962,287.3401,6.6275935,11.448619,7.819415,8.402823,0.02141115,56.474014,-0.34800306,0,0,1,0.8186065239067744
1237660343389847768,123.134727963499,26.8936217345001,18.79575,16.97678,16.09669,15.66211,15.25161,3462,301,3,87,1357862545360185344,GALAXY,0.04613158,1206,52670,99,1236970043.0638368,10001-12701,1-48157,133.371090612,57.5984251446,9.428999281013445,0.927642710084122,11754.1,AGBT17A_012_19,896.8291,1.4207177,-999.0,0.0137383435,8.670002,3.313165,0.14617112,10.35004,11955.675,47.163033,432.4681,303.13943,434.7268,307.13962,287.3401,6.6275935,11.448619,7.819415,8.402823,0.02141115,56.474014,-0.34800306,0,0,1,0.8186065239067744
1237657595686092857,121.779924494769,36.2334767470257,16.26777,14.60565,13.81721,13.39198,13.05975,2822,301,5,111,1004411058695202816,GALAXY,0.03231353,892,52378,394,629107659.0536438,10001-12701,1-48157,133.371090612,57.5984251446,9.428999281013445,0.927642710084122,11754.1,AGBT17A_012_19,896.8291,1.4207177,-999.0,0.0137383435,8.670002,3.313165,0.14617112,10.35004,11955.675,47.163033,432.4681,303.13943,434.7268,307.13962,287.3401,6.6275935,11.448619,7.819415,8.402823,0.02141115,56.474014,-0.34800306,0,0,1,0.8186065239067744
1237651503806283976,202.924173573932,-0.466054854870004,18.66888,17.49945,17.01409,16.72791,16.51592,1404,301,2,26,334398627390711808,GALAXY,0.03875184,297,51959,23,110764200.95469075,10001-12701,1-48157,133.371090612,57.5984251446,9.428999281013445,0.927642710084122,11754.1,AGBT17A_012_19,896.8291,1.4207177,-999.0,0.0137383435,8.670002,3.313165,0.14617112,10.35004,11955.675,47.163033,432.4681,303.13943,434.7268,307.13962,287.3401,6.6275935,11.448619,7.819415,8.402823,0.02141115,56.474014,-0.34800306,0,0,1,0.8186065239067744
1237651503806808318,204.088627081797,-0.460661521729531,17.26709,16.1597,15.75744,15.55516,15.42059,1404,301,2,34,335549815997884416,GALAXY,0.0125614,298,51955,115,110145406.53594947,10001-12701,1-48157,133.371090612,57.5984251446,9.428999281013445,0.927642710084122,11754.1,AGBT17A_012_19,896.8291,1.4207177,-999.0,0.0137383435,8.670002,3.313165,0.14617112,10.35004,11955.675,47.163033,432.4681,303.13943,434.7268,307.13962,287.3401,6.6275935,11.448619,7.819415,8.402823,0.02141115,56.474014,-0.34800306,0,0,1,0.8186065239067744
1237658300062826517,139.887969710172,5.88276180859925,17.14147,15.27376,14.4792,14.0691,13.79314,2986,301,5,143,1115887524498139136,GALAXY,0.03382448,991,52707,439,723370675.508567,10001-12701,1-48157,133.371090612,57.5984251446,9.428999281013445,0.927642710084122,11754.1,AGBT17A_012_19,896.8291,1.4207177,-999.0,0.0137383435,8.670002,3.313165,0.14617112,10.35004,11955.675,47.163033,432.4681,303.13943,434.7268,307.13962,287.3401,6.6275935,11.448619,7.819415,8.402823,0.02141115,56.474014,-0.34800306,0,0,1,0.8186065239067744
1237663783142228143,42.4079774283689,-0.813853697012888,19.0331,17.64762,16.97523,16.63935,16.34885,4263,301,2,399,460505737672550400,GALAXY,0.02454135,409,51871,46,1135487758.3902655,10001-12701,1-48157,133.371090612,57.5984251446,9.428999281013445,0.927642710084122,11754.1,AGBT17A_012_19,896.8291,1.4207177,-999.0,0.0137383435,8.670002,3.313165,0.14617112,10.35004,11955.675,47.163033,432.4681,303.13943,434.7268,307.13962,287.3401,6.6275935,11.448619,7.819415,8.402823,0.02141115,56.474014,-0.34800306,0,0,1,0.8186065239067744
1237649918968201425,20.7941134385977,13.7795542425142,18.23177,17.05403,16.63202,16.37278,16.20138,1035,301,2,100,477418151022192640,GALAXY,0.03831249,424,51893,133,1142707026.608914,10001-12701,1-48157,133.371090612,57.5984251446,9.428999281013445,0.927642710084122,11754.1,AGBT17A_012_19,896.8291,1.4207177,-999.0,0.0137383435,8.670002,3.313165,0.14617112,10.35004,11955.675,47.163033,432.4681,303.13943,434.7268,307.13962,287.3401,6.6275935,11.448619,7.819415,8.402823,0.02141115,56.474014,-0.34800306,0,0,1,0.8186065239067744
1237651299262267709,264.662536225341,56.8243015169409,17.38442,16.06137,15.41323,15.03592,14.73851,1356,301,5,84,403221180976228352,GALAXY,0.02941937,358,51818,542,464714608.4747081,10001-12701,1-48157,133.371090612,57.5984251446,9.428999281013445,0.927642710084122,11754.1,AGBT17A_012_19,896.8291,1.4207177,-999.0,0.0137383435,8.670002,3.313165,0.14617112,10.35004,11955.675,47.163033,432.4681,303.13943,434.7268,307.13962,287.3401,6.6275935,11.448619,7.819415,8.402823,0.02141115,56.474014,-0.34800306,0,0,1,0.8186065239067744
1237652899699359887,57.7265554803228,-6.73136366561044,18.9894,17.50086,16.93787,16.67966,16.52246,1729,301,2,464,521332920565131264,GALAXY,0.02262664,463,51908,150,511536719.492799,10001-12701,1-48157,133.371090612,57.5984251446,9.428999281013445,0.927642710084122,11754.1,AGBT17A_012_19,896.8291,1.4207177,-999.0,0.0137383435,8.670002,3.313165,0.14617112,10.35004,11955.675,47.163033,432.4681,303.13943,434.7268,307.13962,287.3401,6.6275935,11.448619,7.819415,8.402823,0.02141115,56.474014,-0.34800306,0,0,1,0.8186065239067744
1237661958293946465,198.74928417642,51.2725857689042,17.90257,16.26262,15.49526,15.10424,14.78776,3838,301,3,32,1876940623194384384,GALAXY,0.02489301,1667,53430,238,83743511.33632113,10001-12701,1-48157,133.371090612,57.5984251446,9.428999281013445,0.927642710084122,11754.1,AGBT17A_012_19,896.8291,1.4207177,-999.0,0.0137383435,8.670002,3.313165,0.14617112,10.35004,11955.675,47.163033,432.4681,303.13943,434.7268,307.13962,287.3401,6.6275935,11.448619,7.819415,8.402823,0.02141115,56.474014,-0.34800306,0,0,1,0.8186065239067744
1237659163348304119,241.366385357337,41.6493636310196,17.11079,15.86362,15.28616,14.98502,14.71952,3187,301,5,98,1503214961478887424,GALAXY,0.02317716,1335,52824,504,528450433.6050609,10001-12701,1-48157,133.371090612,57.5984251446,9.428999281013445,0.927642710084122,11754.1,AGBT17A_012_19,896.8291,1.4207177,-999.0,0.0137383435,8.670002,3.313165,0.14617112,10.35004,11955.675,47.163033,432.4681,303.13943,434.7268,307.13962,287.3401,6.6275935,11.448619,7.819415,8.402823,0.02141115,56.474014,-0.34800306,0,0,1,0.8186065239067744
1237659163343782037,230.342651904736,48.4158171258807,16.86621,15.18911,14.46882,14.11806,13.87936,3187,301,5,29,1498675076994721792,GALAXY,0.02662442,1331,52766,372,418717556.68160564,10001-12701,1-48157,133.371090612,57.5984251446,9.428999281013445,0.927642710084122,11754.1,AGBT17A_012_19,896.8291,1.4207177,-999.0,0.0137383435,8.670002,3.313165,0.14617112,10.35004,11955.675,47.163033,432.4681,303.13943,434.7268,307.13962,287.3401,6.6275935,11.448619,7.819415,8.402823,0.02141115,56.474014,-0.34800306,0,0,1,0.8186065239067744
1237662636911362539,237.897758674456,9.1456121801433,18.65544,16.64775,15.70548,15.23832,14.84226,3996,301,3,224,1943437157381203968,GALAXY,0.05786097,1726,53137,487,1058344720.8538516,10001-12701,1-48157,133.371090612,57.5984251446,9.428999281013445,0.927642710084122,11754.1,AGBT17A_012_19,896.8291,1.4207177,-999.0,0.0137383435,8.670002,3.313165,0.14617112,10.35004,11955.675,47.163033,432.4681,303.13943,434.7268,307.13962,287.3401,6.6275935,11.448619,7.819415,8.402823,0.02141115,56.474014,-0.34800306,0,0,1,0.8186065239067744
1237657628978577617,140.210583928405,42.2888300010831,18.37561,17.16451,16.60709,16.26773,16.01894,2830,301,3,210,1352237443939592192,GALAXY,0.04076951,1201,52674,115,232872966.2529718,10001-12701,1-48157,133.371090612,57.5984251446,9.428999281013445,0.927642710084122,11754.1,AGBT17A_012_19,896.8291,1.4207177,-999.0,0.0137383435,8.670002,3.313165,0.14617112,10.35004,11955.675,47.163033,432.4681,303.13943,434.7268,307.13962,287.3401,6.6275935,11.448619,7.819415,8.402823,0.02141115,56.474014,-0.34800306,0,0,1,0.8186065239067744
1237664837008752790,146.701413382471,31.7195552022311,18.52266,17.27716,16.64579,16.302,16.00201,4508,301,5,230,2191128544766093312,GALAXY,0.02199386,1946,53432,463,1155907974.208728,10001-12701,1-48157,133.371090612,57.5984251446,9.428999281013445,0.927642710084122,11754.1,AGBT17A_012_19,896.8291,1.4207177,-999.0,0.0137383435,8.670002,3.313165,0.14617112,10.35004,11955.675,47.163033,432.4681,303.13943,434.7268,307.13962,287.3401,6.6275935,11.448619,7.819415,8.402823,0.02141115,56.474014,-0.34800306,0,0,1,0.8186065239067744
1237662667501862926,251.508278633594,21.974847006581,17.46397,15.48367,14.56886,14.12103,13.78226,4003,301,4,54,1766649981806077952,GALAXY,0.03101655,1569,53168,411,690780836.1215258,10001-12701,1-48157,133.371090612,57.5984251446,9.428999281013445,0.927642710084122,11754.1,AGBT17A_012_19,896.8291,1.4207177,-999.0,0.0137383435,8.670002,3.313165,0.14617112,10.35004,11955.675,47.163033,432.4681,303.13943,434.7268,307.13962,287.3401,6.6275935,11.448619,7.819415,8.402823,0.02141115,56.474014,-0.34800306,0,0,1,0.8186065239067744
1237662300818637021,194.966490277373,51.2121744818759,18.82241,17.61032,17.10531,16.8008,16.56311,3918,301,1,48,997550930821933056,GALAXY,0.03519498,886,52381,13,53835114.430492155,10001-12701,1-48157,133.371090612,57.5984251446,9.428999281013445,0.927642710084122,11754.1,AGBT17A_012_19,896.8291,1.4207177,-999.0,0.0137383435,8.670002,3.313165,0.14617112,10.35004,11955.675,47.163033,432.4681,303.13943,434.7268,307.13962,287.3401,6.6275935,11.448619,7.819415,8.402823,0.02141115,56.474014,-0.34800306,0,0,1,0.8186065239067744
1237658205043425494,167.55680620911,48.9514071476101,16.97276,15.7119,15.22735,14.9474,14.70056,2964,301,4,246,1085528633042298880,GALAXY,0.02433395,964,52646,586,39602842.7994425,10001-12701,1-48157,133.371090612,57.5984251446,9.428999281013445,0.927642710084122,11754.1,AGBT17A_012_19,896.8291,1.4207177,-999.0,0.0137383435,8.670002,3.313165,0.14617112,10.35004,11955.675,47.163033,432.4681,303.13943,434.7268,307.13962,287.3401,6.6275935,11.448619,7.819415,8.402823,0.02141115,56.474014,-0.34800306,0,0,1,0.8186065239067744
1237648705121419281,200.400291989356,0.573022304562373,17.81737,16.80829,16.38578,16.17575,16.00535,752,301,5,380,333398896862586880,GALAXY,0.02013292,296,51984,482,1106610685.515672,10001-12701,1-48157,133.371090612,57.5984251446,9.428999281013445,0.927642710084122,11754.1,AGBT17A_012_19,896.8291,1.4207177,-999.0,0.0137383435,8.670002,3.313165,0.14617112,10.35004,11955.675,47.163033,432.4681,303.13943,434.7268,307.13962,287.3401,6.6275935,11.448619,7.819415,8.402823,0.02141115,56.474014,-0.34800306,0,0,1,0.8186065239067744
1237665329858019369,200.120264085095,31.3519867794702,17.20007,15.16915,14.31307,13.91759,13.62407,4623,301,3,257,7307142728412059648,GALAXY,0.04638528,6490,56330,190,1176328190.0271907,10001-12701,1-48157,133.371090612,57.5984251446,9.428999281013445,0.927642710084122,11754.1,AGBT17A_012_19,896.8291,1.4207177,-999.0,0.0137383435,8.670002,3.313165,0.14617112,10.35004,11955.675,47.163033,432.4681,303.13943,434.7268,307.13962,287.3401,6.6275935,11.448619,7.819415,8.402823,0.02141115,56.474014,-0.34800306,0,0,1,0.8186065239067744
1237665024375390286,204.554366294331,32.822871463428,16.02826,14.41057,13.73497,13.37346,13.09904,4552,301,2,210,2374674969197045760,GALAXY,0.02451188,2109,53468,553,874562778.4876887,10001-12701,1-48157,133.371090612,57.5984251446,9.428999281013445,0.927642710084122,11754.1,AGBT17A_012_19,896.8291,1.4207177,-999.0,0.0137383435,8.670002,3.313165,0.14617112,10.35004,11955.675,47.163033,432.4681,303.13943,434.7268,307.13962,287.3401,6.6275935,11.448619,7.819415,8.402823,0.02141115,56.474014,-0.34800306,0,0,1,0.8186065239067744
1237667254019489911,194.612195497573,29.6124725357512,16.89517,15.2557,14.56103,14.22376,13.94905,5071,301,3,503,2264309840811681792,GALAXY,0.01946944,2011,53499,455,1338864857.3499024,10001-12701,1-48157,133.371090612,57.5984251446,9.428999281013445,0.927642710084122,11754.1,AGBT17A_012_19,896.8291,1.4207177,-999.0,0.0137383435,8.670002,3.313165,0.14617112,10.35004,11955.675,47.163033,432.4681,303.13943,434.7268,307.13962,287.3401,6.6275935,11.448619,7.819415,8.402823,0.02141115,56.474014,-0.34800306,0,0,1,0.8186065239067744
1237657630599872662,173.19458612658,52.9408804588984,17.54433,15.89674,15.07424,14.61914,14.24707,2830,301,6,373,990883766954125312,GALAXY,0.0274938,880,52367,334,561040272.9921021,10001-12701,1-48157,133.371090612,57.5984251446,9.428999281013445,0.927642710084122,11754.1,AGBT17A_012_19,896.8291,1.4207177,-999.0,0.0137383435,8.670002,3.313165,0.14617112,10.35004,11955.675,47.163033,432.4681,303.13943,434.7268,307.13962,287.3401,6.6275935,11.448619,7.819415,8.402823,0.02141115,56.474014,-0.34800306,0,0,1,0.8186065239067744
1237657630580801577,120.814371263699,30.7964982480375,16.22803,14.65427,13.92072,13.51982,13.23563,2830,301,6,82,1194582594247747584,GALAXY,0.04030178,1061,52641,10,859711712.4378977,10001-12701,1-48157,133.371090612,57.5984251446,9.428999281013445,0.927642710084122,11754.1,AGBT17A_012_19,896.8291,1.4207177,-999.0,0.0137383435,8.670002,3.313165,0.14617112,10.35004,11955.675,47.163033,432.4681,303.13943,434.7268,307.13962,287.3401,6.6275935,11.448619,7.819415,8.402823,0.02141115,56.474014,-0.34800306,0,0,1,0.8186065239067744
1237659326566039614,247.164509177157,40.1237382769902,16.4135,15.10469,14.33895,14.02,13.95979,3225,301,5,235,6806114516759500800,GALAXY,0.02576146,6045,56072,180,432124769.0876669,10001-12701,1-48157,133.371090612,57.5984251446,9.428999281013445,0.927642710084122,11754.1,AGBT17A_012_19,896.8291,1.4207177,-999.0,0.0137383435,8.670002,3.313165,0.14617112,10.35004,11955.675,47.163033,432.4681,303.13943,434.7268,307.13962,287.3401,6.6275935,11.448619,7.819415,8.402823,0.02141115,56.474014,-0.34800306,0,0,1,0.8186065239067744
1237659326566301798,247.620020140229,39.626065341039,16.35851,14.58791,13.75643,13.29531,12.93678,3225,301,5,239,1319718289462552576,GALAXY,0.03036039,1172,52759,595,376845801.0134451,10001-12701,1-48157,133.371090612,57.5984251446,9.428999281013445,0.927642710084122,11754.1,AGBT17A_012_19,896.8291,1.4207177,-999.0,0.0137383435,8.670002,3.313165,0.14617112,10.35004,11955.675,47.163033,432.4681,303.13943,434.7268,307.13962,287.3401,6.6275935,11.448619,7.819415,8.402823,0.02141115,56.474014,-0.34800306,0,0,1,0.8186065239067744
1237651539261915379,240.966448034533,53.9016555856485,17.83159,16.45438,15.88181,15.59471,15.38011,1412,301,4,364,699290254376462336,GALAXY,0.02992863,621,52055,387,391078072.6444947,10001-12701,1-48157,133.371090612,57.5984251446,9.428999281013445,0.927642710084122,11754.1,AGBT17A_012_19,896.8291,1.4207177,-999.0,0.0137383435,8.670002,3.313165,0.14617112,10.35004,11955.675,47.163033,432.4681,303.13943,434.7268,307.13962,287.3401,6.6275935,11.448619,7.819415,8.402823,0.02141115,56.474014,-0.34800306,0,0,1,0.8186065239067744
1237670959470936199,33.2955381625694,14.0179742584605,16.93023,15.06746,14.09483,13.60527,13.24021,5934,301,1,21,482035000179451904,GALAXY,0.02605854,428,51883,545,1323601261.6876173,10001-12701,1-48157,133.371090612,57.5984251446,9.428999281013445,0.927642710084122,11754.1,AGBT17A_012_19,896.8291,1.4207177,-999.0,0.0137383435,8.670002,3.313165,0.14617112,10.35004,11955.675,47.163033,432.4681,303.13943,434.7268,307.13962,287.3401,6.6275935,11.448619,7.819415,8.402823,0.02141115,56.474014,-0.34800306,0,0,1,0.8186065239067744
1237648722831212652,156.872894093013,1.24672624630132,16.15333,14.69591,14.02366,13.62593,13.32399,756,301,6,274,567479705305901056,GALAXY,0.02238173,504,52316,95,1026786205.4980457,10001-12701,1-48157,133.371090612,57.5984251446,9.428999281013445,0.927642710084122,11754.1,AGBT17A_012_19,896.8291,1.4207177,-999.0,0.0137383435,8.670002,3.313165,0.14617112,10.35004,11955.675,47.163033,432.4681,303.13943,434.7268,307.13962,287.3401,6.6275935,11.448619,7.819415,8.402823,0.02141115,56.474014,-0.34800306,0,0,1,0.8186065239067744
1237648722830688271,155.600556206058,1.19823180703168,15.82069,14.82276,14.3413,14.1126,13.92004,756,301,6,266,566339231551612928,GALAXY,0.02162867,503,51999,42,747503657.8394772,10001-12701,1-48157,133.371090612,57.5984251446,9.428999281013445,0.927642710084122,11754.1,AGBT17A_012_19,896.8291,1.4207177,-999.0,0.0137383435,8.670002,3.313165,0.14617112,10.35004,11955.675,47.163033,432.4681,303.13943,434.7268,307.13962,287.3401,6.6275935,11.448619,7.819415,8.402823,0.02141115,56.474014,-0.34800306,0,0,1,0.8186065239067744
1237659324408987926,221.276099094769,53.188346387314,18.44337,17.39839,17.01926,16.78941,16.63021,3225,301,1,89,1494238822706210816,GALAXY,0.03771765,1327,52781,617,409023110.78799206,10001-12701,1-48157,133.371090612,57.5984251446,9.428999281013445,0.927642710084122,11754.1,AGBT17A_012_19,896.8291,1.4207177,-999.0,0.0137383435,8.670002,3.313165,0.14617112,10.35004,11955.675,47.163033,432.4681,303.13943,434.7268,307.13962,287.3401,6.6275935,11.448619,7.819415,8.402823,0.02141115,56.474014,-0.34800306,0,0,1,0.8186065239067744
1237651735765188765,198.839833943152,1.92753019229199,16.46499,14.90449,14.13177,13.72243,13.38863,1458,301,2,494,592306128038160384,GALAXY,0.03455445,526,52312,301,787312765.4451668,10001-12701,1-48157,133.371090612,57.5984251446,9.428999281013445,0.927642710084122,11754.1,AGBT17A_012_19,896.8291,1.4207177,-999.0,0.0137383435,8.670002,3.313165,0.14617112,10.35004,11955.675,47.163033,432.4681,303.13943,434.7268,307.13962,287.3401,6.6275935,11.448619,7.819415,8.402823,0.02141115,56.474014,-0.34800306,0,0,1,0.8186065239067744
1237651504880615610,204.244032595122,0.225683379142746,17.14675,15.67581,14.94121,14.5715,14.27177,1404,301,4,35,335682307149031424,GALAXY,0.02174899,298,51955,597,785456382.188943,10001-12701,1-48157,133.371090612,57.5984251446,9.428999281013445,0.927642710084122,11754.1,AGBT17A_012_19,896.8291,1.4207177,-999.0,0.0137383435,8.670002,3.313165,0.14617112,10.35004,11955.675,47.163033,432.4681,303.13943,434.7268,307.13962,287.3401,6.6275935,11.448619,7.819415,8.402823,0.02141115,56.474014,-0.34800306,0,0,1,0.8186065239067744
1237657773924614811,120.063627273158,27.5898578291102,18.33002,17.05092,16.50523,16.25319,16.09039,2864,301,1,71,1046049842322761728,GALAXY,0.02294547,929,52581,323,862599419.725357,10001-12701,1-48157,133.371090612,57.5984251446,9.428999281013445,0.927642710084122,11754.1,AGBT17A_012_19,896.8291,1.4207177,-999.0,0.0137383435,8.670002,3.313165,0.14617112,10.35004,11955.675,47.163033,432.4681,303.13943,434.7268,307.13962,287.3401,6.6275935,11.448619,7.819415,8.402823,0.02141115,56.474014,-0.34800306,0,0,1,0.8186065239067744
1237657773936672954,147.035649658821,44.7972460601518,18.82855,17.0824,16.27143,15.90451,15.60462,2864,301,1,255,1353338329923348480,GALAXY,0.0426597,1202,52672,24,339305606.2764735,10001-12701,1-48157,133.371090612,57.5984251446,9.428999281013445,0.927642710084122,11754.1,AGBT17A_012_19,896.8291,1.4207177,-999.0,0.0137383435,8.670002,3.313165,0.14617112,10.35004,11955.675,47.163033,432.4681,303.13943,434.7268,307.13962,287.3401,6.6275935,11.448619,7.819415,8.402823,0.02141115,56.474014,-0.34800306,0,0,1,0.8186065239067744
1237673809192157411,121.720438094717,19.8592106324286,19.07306,17.32026,16.51383,16.13173,15.86704,6597,301,5,180,2164151200381954048,GALAXY,0.03917289,1922,53315,624,643339930.6846936,10001-12701,1-48157,133.371090612,57.5984251446,9.428999281013445,0.927642710084122,11754.1,AGBT17A_012_19,896.8291,1.4207177,-999.0,0.0137383435,8.670002,3.313165,0.14617112,10.35004,11955.675,47.163033,432.4681,303.13943,434.7268,307.13962,287.3401,6.6275935,11.448619,7.819415,8.402823,0.02141115,56.474014,-0.34800306,0,0,1,0.8186065239067744
1237651191354622186,123.571183504349,46.0103062120349,17.54131,15.62577,14.77378,14.34072,13.99719,1331,301,4,136,494439965141264384,GALAXY,0.04987465,439,51877,618,635708132.8535509,10001-12701,1-48157,133.371090612,57.5984251446,9.428999281013445,0.927642710084122,11754.1,AGBT17A_012_19,896.8291,1.4207177,-999.0,0.0137383435,8.670002,3.313165,0.14617112,10.35004,11955.675,47.163033,432.4681,303.13943,434.7268,307.13962,287.3401,6.6275935,11.448619,7.819415,8.402823,0.02141115,56.474014,-0.34800306,0,0,1,0.8186065239067744
1237651191358685202,133.027362632448,52.9327649096042,17.11635,15.31223,14.51871,14.14223,13.8674,1331,301,4,198,505610179031623680,GALAXY,0.03175763,449,51900,295,222147196.3281228,10001-12701,1-48157,133.371090612,57.5984251446,9.428999281013445,0.927642710084122,11754.1,AGBT17A_012_19,896.8291,1.4207177,-999.0,0.0137383435,8.670002,3.313165,0.14617112,10.35004,11955.675,47.163033,432.4681,303.13943,434.7268,307.13962,287.3401,6.6275935,11.448619,7.819415,8.402823,0.02141115,56.474014,-0.34800306,0,0,1,0.8186065239067744
1237657776071246213,117.108580255305,27.2980337906619,17.44938,15.89705,15.10677,14.70934,14.42119,2864,301,5,58,1192333267949348864,GALAXY,0.02642212,1059,52618,19,1151576413.2775388,10001-12701,1-48157,133.371090612,57.5984251446,9.428999281013445,0.927642710084122,11754.1,AGBT17A_012_19,896.8291,1.4207177,-999.0,0.0137383435,8.670002,3.313165,0.14617112,10.35004,11955.675,47.163033,432.4681,303.13943,434.7268,307.13962,287.3401,6.6275935,11.448619,7.819415,8.402823,0.02141115,56.474014,-0.34800306,0,0,1,0.8186065239067744
1237657776080486420,136.114162556734,41.4862084416932,18.45641,17.06065,16.58282,16.32596,16.1251,2864,301,5,199,1351185760966961152,GALAXY,0.02446469,1200,52668,385,314966359.13931614,10001-12701,1-48157,133.371090612,57.5984251446,9.428999281013445,0.927642710084122,11754.1,AGBT17A_012_19,896.8291,1.4207177,-999.0,0.0137383435,8.670002,3.313165,0.14617112,10.35004,11955.675,47.163033,432.4681,303.13943,434.7268,307.13962,287.3401,6.6275935,11.448619,7.819415,8.402823,0.02141115,56.474014,-0.34800306,0,0,1,0.8186065239067744
1237667171851567150,358.094447569254,-0.628747203793375,18.03794,16.75624,16.17279,15.87957,15.65569,5052,301,2,96,434622957684287488,GALAXY,0.02263317,386,51788,93,1209330559.026726,10001-12701,1-48157,133.371090612,57.5984251446,9.428999281013445,0.927642710084122,11754.1,AGBT17A_012_19,896.8291,1.4207177,-999.0,0.0137383435,8.670002,3.313165,0.14617112,10.35004,11955.675,47.163033,432.4681,303.13943,434.7268,307.13962,287.3401,6.6275935,11.448619,7.819415,8.402823,0.02141115,56.474014,-0.34800306,0,0,1,0.8186065239067744
1237657879150920168,118.423222782205,26.4926837302172,16.7864,15.20879,14.45627,14.05164,13.79482,2888,301,5,65,966039476235167744,GALAXY,0.03742329,858,52316,63,898902025.624846,10001-12701,1-48157,133.371090612,57.5984251446,9.428999281013445,0.927642710084122,11754.1,AGBT17A_012_19,896.8291,1.4207177,-999.0,0.0137383435,8.670002,3.313165,0.14617112,10.35004,11955.675,47.163033,432.4681,303.13943,434.7268,307.13962,287.3401,6.6275935,11.448619,7.819415,8.402823,0.02141115,56.474014,-0.34800306,0,0,1,0.8186065239067744
1237666339726622880,18.443021096694,0.305732311894734,16.9847,15.35451,14.55692,14.14096,13.78736,4858,301,4,477,4759369213692631040,GALAXY,0.04440837,4227,55481,692,1064326400.2350172,10001-12701,1-48157,133.371090612,57.5984251446,9.428999281013445,0.927642710084122,11754.1,AGBT17A_012_19,896.8291,1.4207177,-999.0,0.0137383435,8.670002,3.313165,0.14617112,10.35004,11955.675,47.163033,432.4681,303.13943,434.7268,307.13962,287.3401,6.6275935,11.448619,7.819415,8.402823,0.02141115,56.474014,-0.34800306,0,0,1,0.8186065239067744
1237666339724787841,14.2108994377942,0.346452587085817,17.28794,15.44898,14.58376,14.14195,13.81209,4858,301,4,449,444837970378254336,GALAXY,0.04209036,395,51783,391,1115686336.9905443,10001-12701,1-48157,133.371090612,57.5984251446,9.428999281013445,0.927642710084122,11754.1,AGBT17A_012_19,896.8291,1.4207177,-999.0,0.0137383435,8.670002,3.313165,0.14617112,10.35004,11955.675,47.163033,432.4681,303.13943,434.7268,307.13962,287.3401,6.6275935,11.448619,7.819415,8.402823,0.02141115,56.474014,-0.34800306,0,0,1,0.8186065239067744
1237651821100597279,220.096922490055,3.03953272329252,18.7837,16.96325,16.22259,15.88251,15.64897,1478,301,1,81,603636590530553856,GALAXY,0.02695568,536,52024,561,1102485389.3907301,10001-12701,1-48157,133.371090612,57.5984251446,9.428999281013445,0.927642710084122,11754.1,AGBT17A_012_19,896.8291,1.4207177,-999.0,0.0137383435,8.670002,3.313165,0.14617112,10.35004,11955.675,47.163033,432.4681,303.13943,434.7268,307.13962,287.3401,6.6275935,11.448619,7.819415,8.402823,0.02141115,56.474014,-0.34800306,0,0,1,0.8186065239067744
1237655504571400472,256.874160821054,35.9241388403982,18.97172,17.73467,17.35575,17.05068,17.00549,2335,301,6,73,3345072339736881152,GALAXY,0.03652209,2971,54590,86,117158409.94835073,10001-12701,1-48157,133.371090612,57.5984251446,9.428999281013445,0.927642710084122,11754.1,AGBT17A_012_19,896.8291,1.4207177,-999.0,0.0137383435,8.670002,3.313165,0.14617112,10.35004,11955.675,47.163033,432.4681,303.13943,434.7268,307.13962,287.3401,6.6275935,11.448619,7.819415,8.402823,0.02141115,56.474014,-0.34800306,0,0,1,0.8186065239067744
1237658424081973340,140.011910117039,5.73547929137386,16.89345,15.1347,14.36296,13.93384,13.58211,3015,301,4,173,1115894121567905792,GALAXY,0.03821405,991,52707,463,972538561.4550593,10001-12701,1-48157,133.371090612,57.5984251446,9.428999281013445,0.927642710084122,11754.1,AGBT17A_012_19,896.8291,1.4207177,-999.0,0.0137383435,8.670002,3.313165,0.14617112,10.35004,11955.675,47.163033,432.4681,303.13943,434.7268,307.13962,287.3401,6.6275935,11.448619,7.819415,8.402823,0.02141115,56.474014,-0.34800306,0,0,1,0.8186065239067744
1237659324416327895,241.029871991926,42.8084968877626,18.19376,16.97322,16.48765,16.22441,16.05077,3225,301,1,201,1317383201592731648,GALAXY,0.03927024,1170,52756,292,582491812.8418001,10001-12701,1-48157,133.371090612,57.5984251446,9.428999281013445,0.927642710084122,11754.1,AGBT17A_012_19,896.8291,1.4207177,-999.0,0.0137383435,8.670002,3.313165,0.14617112,10.35004,11955.675,47.163033,432.4681,303.13943,434.7268,307.13962,287.3401,6.6275935,11.448619,7.819415,8.402823,0.02141115,56.474014,-0.34800306,0,0,1,0.8186065239067744
1237655130381090923,256.817720534761,34.8226116333159,16.1989,15.32438,15.02976,14.81367,14.66987,2248,301,5,206,1096778007709771776,GALAXY,0.03668582,974,52427,551,444500657.46249264,10001-12701,1-48157,133.371090612,57.5984251446,9.428999281013445,0.927642710084122,11754.1,AGBT17A_012_19,896.8291,1.4207177,-999.0,0.0137383435,8.670002,3.313165,0.14617112,10.35004,11955.675,47.163033,432.4681,303.13943,434.7268,307.13962,287.3401,6.6275935,11.448619,7.819415,8.402823,0.02141115,56.474014,-0.34800306,0,0,1,0.8186065239067744
1237662697034678327,232.55105785503,27.1341067906871,17.07369,15.28155,14.49658,14.09049,13.75654,4010,301,3,129,2080728518915811328,GALAXY,0.0326025,1848,54180,238,1274303972.9945612,10001-12701,1-48157,133.371090612,57.5984251446,9.428999281013445,0.927642710084122,11754.1,AGBT17A_012_19,896.8291,1.4207177,-999.0,0.0137383435,8.670002,3.313165,0.14617112,10.35004,11955.675,47.163033,432.4681,303.13943,434.7268,307.13962,287.3401,6.6275935,11.448619,7.819415,8.402823,0.02141115,56.474014,-0.34800306,0,0,1,0.8186065239067744
1237654606399537330,160.170109321626,5.19447654434237,18.55147,16.97465,16.19587,15.80087,15.4758,2126,301,5,274,649818008797079552,GALAXY,0.02725929,577,52367,632,946961725.4804193,10001-12701,1-48157,133.371090612,57.5984251446,9.428999281013445,0.927642710084122,11754.1,AGBT17A_012_19,896.8291,1.4207177,-999.0,0.0137383435,8.670002,3.313165,0.14617112,10.35004,11955.675,47.163033,432.4681,303.13943,434.7268,307.13962,287.3401,6.6275935,11.448619,7.819415,8.402823,0.02141115,56.474014,-0.34800306,0,0,1,0.8186065239067744
1237663917339836556,119.344652419405,52.7127155126548,19.10529,17.63514,16.95056,16.58155,16.36083,4294,301,4,92,2105497753739094016,GALAXY,0.04047224,1870,53383,236,471727611.8871094,10001-12701,1-48157,133.371090612,57.5984251446,9.428999281013445,0.927642710084122,11754.1,AGBT17A_012_19,896.8291,1.4207177,-999.0,0.0137383435,8.670002,3.313165,0.14617112,10.35004,11955.675,47.163033,432.4681,303.13943,434.7268,307.13962,287.3401,6.6275935,11.448619,7.819415,8.402823,0.02141115,56.474014,-0.34800306,0,0,1,0.8186065239067744
1237649918971084821,27.4754741897681,13.126662184591,19.00817,17.13766,16.36818,15.99174,15.71176,1035,301,2,144,484218905049458688,GALAXY,0.01703279,430,51877,298,1299674544.1629543,10001-12701,1-48157,133.371090612,57.5984251446,9.428999281013445,0.927642710084122,11754.1,AGBT17A_012_19,896.8291,1.4207177,-999.0,0.0137383435,8.670002,3.313165,0.14617112,10.35004,11955.675,47.163033,432.4681,303.13943,434.7268,307.13962,287.3401,6.6275935,11.448619,7.819415,8.402823,0.02141115,56.474014,-0.34800306,0,0,1,0.8186065239067744
1237665024910164061,198.97319917781,34.0330302841843,18.61287,17.2192,16.66782,16.37923,16.12676,4552,301,3,178,2356664974606100480,GALAXY,0.03738187,2093,53818,569,1090934560.2408926,10001-12701,1-48157,133.371090612,57.5984251446,9.428999281013445,0.927642710084122,11754.1,AGBT17A_012_19,896.8291,1.4207177,-999.0,0.0137383435,8.670002,3.313165,0.14617112,10.35004,11955.675,47.163033,432.4681,303.13943,434.7268,307.13962,287.3401,6.6275935,11.448619,7.819415,8.402823,0.02141115,56.474014,-0.34800306,0,0,1,0.8186065239067744
1237663480334385552,337.642361494441,0.924534029543685,18.90221,17.69823,17.17884,16.93216,16.77274,4192,301,6,206,423452200379901952,GALAXY,0.03741504,376,52143,414,1060613633.7225695,10001-12701,1-48157,133.371090612,57.5984251446,9.428999281013445,0.927642710084122,11754.1,AGBT17A_012_19,896.8291,1.4207177,-999.0,0.0137383435,8.670002,3.313165,0.14617112,10.35004,11955.675,47.163033,432.4681,303.13943,434.7268,307.13962,287.3401,6.6275935,11.448619,7.819415,8.402823,0.02141115,56.474014,-0.34800306,0,0,1,0.8186065239067744
1237664880490119334,149.990348870296,33.4150750032449,17.38779,16.15827,15.67762,15.37079,15.15113,4518,301,6,151,2193279188771825664,GALAXY,0.0499634,1948,53388,95,867962304.6877816,10001-12701,1-48157,133.371090612,57.5984251446,9.428999281013445,0.927642710084122,11754.1,AGBT17A_012_19,896.8291,1.4207177,-999.0,0.0137383435,8.670002,3.313165,0.14617112,10.35004,11955.675,47.163033,432.4681,303.13943,434.7268,307.13962,287.3401,6.6275935,11.448619,7.819415,8.402823,0.02141115,56.474014,-0.34800306,0,0,1,0.8186065239067744
1237661387602985091,206.788848767408,55.9859769485364,17.78622,16.64372,16.21791,15.95518,15.82541,3705,301,4,75,1489656058510075904,GALAXY,0.04019184,1323,52797,329,49091023.88680894,10001-12701,1-48157,133.371090612,57.5984251446,9.428999281013445,0.927642710084122,11754.1,AGBT17A_012_19,896.8291,1.4207177,-999.0,0.0137383435,8.670002,3.313165,0.14617112,10.35004,11955.675,47.163033,432.4681,303.13943,434.7268,307.13962,287.3401,6.6275935,11.448619,7.819415,8.402823,0.02141115,56.474014,-0.34800306,0,0,1,0.8186065239067744
1237663787954471312,117.68142546283,50.504117637525,17.96112,16.20972,15.25375,14.74236,14.25449,4264,301,3,100,2103332539375577088,GALAXY,0.022287,1868,53318,551,470077493.4371326,10001-12701,1-48157,133.371090612,57.5984251446,9.428999281013445,0.927642710084122,11754.1,AGBT17A_012_19,896.8291,1.4207177,-999.0,0.0137383435,8.670002,3.313165,0.14617112,10.35004,11955.675,47.163033,432.4681,303.13943,434.7268,307.13962,287.3401,6.6275935,11.448619,7.819415,8.402823,0.02141115,56.474014,-0.34800306,0,0,1,0.8186065239067744
1237663787950997826,112.514964901034,43.3792123083909,19.19607,18.34103,17.93436,17.78723,17.58638,4264,301,3,47,2099937522246248448,GALAXY,0.02636142,1865,53312,488,177387733.37250286,10001-12701,1-48157,133.371090612,57.5984251446,9.428999281013445,0.927642710084122,11754.1,AGBT17A_012_19,896.8291,1.4207177,-999.0,0.0137383435,8.670002,3.313165,0.14617112,10.35004,11955.675,47.163033,432.4681,303.13943,434.7268,307.13962,287.3401,6.6275935,11.448619,7.819415,8.402823,0.02141115,56.474014,-0.34800306,0,0,1,0.8186065239067744
1237654949987352760,240.246891350072,54.730824212809,18.26178,16.69703,16.11007,15.73014,15.44972,2206,301,5,128,8514258069508872192,GALAXY,0.04295859,7562,56799,738,352919083.48878187,10001-12701,1-48157,133.371090612,57.5984251446,9.428999281013445,0.927642710084122,11754.1,AGBT17A_012_19,896.8291,1.4207177,-999.0,0.0137383435,8.670002,3.313165,0.14617112,10.35004,11955.675,47.163033,432.4681,303.13943,434.7268,307.13962,287.3401,6.6275935,11.448619,7.819415,8.402823,0.02141115,56.474014,-0.34800306,0,0,1,0.8186065239067744
1237654949988925522,244.187612330198,52.0167846533998,17.24135,15.89842,15.24686,14.81024,14.54902,2206,301,5,152,701570641425360896,GALAXY,0.03334636,623,52051,491,393346985.51321274,10001-12701,1-48157,133.371090612,57.5984251446,9.428999281013445,0.927642710084122,11754.1,AGBT17A_012_19,896.8291,1.4207177,-999.0,0.0137383435,8.670002,3.313165,0.14617112,10.35004,11955.675,47.163033,432.4681,303.13943,434.7268,307.13962,287.3401,6.6275935,11.448619,7.819415,8.402823,0.02141115,56.474014,-0.34800306,0,0,1,0.8186065239067744
1237663543674799365,311.658759033037,0.339351754806076,16.77469,15.05562,14.29364,13.89636,13.6081,4207,301,4,48,1105757170072315904,GALAXY,0.01263448,982,52466,449,456051486.6123301,10001-12701,1-48157,133.371090612,57.5984251446,9.428999281013445,0.927642710084122,11754.1,AGBT17A_012_19,896.8291,1.4207177,-999.0,0.0137383435,8.670002,3.313165,0.14617112,10.35004,11955.675,47.163033,432.4681,303.13943,434.7268,307.13962,287.3401,6.6275935,11.448619,7.819415,8.402823,0.02141115,56.474014,-0.34800306,0,0,1,0.8186065239067744
1237659132747776035,223.782661999658,48.3303818382484,16.70285,15.4582,14.9137,14.62468,14.37073,3180,301,4,115,1180083610884007936,GALAXY,0.02808669,1048,52736,511,674692181.2342521,10001-12701,1-48157,133.371090612,57.5984251446,9.428999281013445,0.927642710084122,11754.1,AGBT17A_012_19,896.8291,1.4207177,-999.0,0.0137383435,8.670002,3.313165,0.14617112,10.35004,11955.675,47.163033,432.4681,303.13943,434.7268,307.13962,287.3401,6.6275935,11.448619,7.819415,8.402823,0.02141115,56.474014,-0.34800306,0,0,1,0.8186065239067744
1237659132744958125,215.117296334748,51.4631661146716,18.72749,16.90846,16.09691,15.6917,15.40681,3180,301,4,72,1176708384880093184,GALAXY,0.04427541,1045,52725,520,669329296.2718277,10001-12701,1-48157,133.371090612,57.5984251446,9.428999281013445,0.927642710084122,11754.1,AGBT17A_012_19,896.8291,1.4207177,-999.0,0.0137383435,8.670002,3.313165,0.14617112,10.35004,11955.675,47.163033,432.4681,303.13943,434.7268,307.13962,287.3401,6.6275935,11.448619,7.819415,8.402823,0.02141115,56.474014,-0.34800306,0,0,1,0.8186065239067744
1237648722285101407,135.746084684498,0.831002856312546,19.11073,17.73005,17.03679,16.66486,16.36988,756,301,5,133,530378053239465984,GALAXY,0.02736903,471,51924,288,1028848853.5605167,10001-12701,1-48157,133.371090612,57.5984251446,9.428999281013445,0.927642710084122,11754.1,AGBT17A_012_19,896.8291,1.4207177,-999.0,0.0137383435,8.670002,3.313165,0.14617112,10.35004,11955.675,47.163033,432.4681,303.13943,434.7268,307.13962,287.3401,6.6275935,11.448619,7.819415,8.402823,0.02141115,56.474014,-0.34800306,0,0,1,0.8186065239067744
1237660962934816961,127.202190804734,28.9204985090998,17.14291,15.81277,15.21022,14.85962,14.61032,3606,301,5,25,1426658992305760256,GALAXY,0.02994834,1267,52932,523,913546826.8683898,10001-12701,1-48157,133.371090612,57.5984251446,9.428999281013445,0.927642710084122,11754.1,AGBT17A_012_19,896.8291,1.4207177,-999.0,0.0137383435,8.670002,3.313165,0.14617112,10.35004,11955.675,47.163033,432.4681,303.13943,434.7268,307.13962,287.3401,6.6275935,11.448619,7.819415,8.402823,0.02141115,56.474014,-0.34800306,0,0,1,0.8186065239067744
1237655374647918701,250.313071666504,39.2900400413879,17.69238,16.48656,15.87319,15.57874,15.68641,2305,301,4,62,921102437333362688,GALAXY,0.0305423,818,52395,423,399328664.89437854,10001-12701,1-48157,133.371090612,57.5984251446,9.428999281013445,0.927642710084122,11754.1,AGBT17A_012_19,896.8291,1.4207177,-999.0,0.0137383435,8.670002,3.313165,0.14617112,10.35004,11955.675,47.163033,432.4681,303.13943,434.7268,307.13962,287.3401,6.6275935,11.448619,7.819415,8.402823,0.02141115,56.474014,-0.34800306,0,0,1,0.8186065239067744
1237655374647525619,249.537687757982,39.9178147900692,16.29722,14.49712,13.69393,13.2578,12.97126,2305,301,4,56,919896272842811392,GALAXY,0.02938919,817,52381,131,678404947.7466999,10001-12701,1-48157,133.371090612,57.5984251446,9.428999281013445,0.927642710084122,11754.1,AGBT17A_012_19,896.8291,1.4207177,-999.0,0.0137383435,8.670002,3.313165,0.14617112,10.35004,11955.675,47.163033,432.4681,303.13943,434.7268,307.13962,287.3401,6.6275935,11.448619,7.819415,8.402823,0.02141115,56.474014,-0.34800306,0,0,1,0.8186065239067744
1237655374647001192,248.782809878735,40.9913965882196,17.3081,15.63744,14.76275,14.27802,13.85839,2305,301,4,48,920012546197448704,GALAXY,0.03004807,817,52381,554,524325137.480119,10001-12701,1-48157,133.371090612,57.5984251446,9.428999281013445,0.927642710084122,11754.1,AGBT17A_012_19,896.8291,1.4207177,-999.0,0.0137383435,8.670002,3.313165,0.14617112,10.35004,11955.675,47.163033,432.4681,303.13943,434.7268,307.13962,287.3401,6.6275935,11.448619,7.819415,8.402823,0.02141115,56.474014,-0.34800306,0,0,1,0.8186065239067744
1237655374650998863,255.30705798143,33.5131879127218,17.19515,15.32694,14.50776,14.1018,13.81017,2305,301,4,109,1095620221948946432,GALAXY,0.0374238,973,52426,435,445119451.88123393,10001-12701,1-48157,133.371090612,57.5984251446,9.428999281013445,0.927642710084122,11754.1,AGBT17A_012_19,896.8291,1.4207177,-999.0,0.0137383435,8.670002,3.313165,0.14617112,10.35004,11955.675,47.163033,432.4681,303.13943,434.7268,307.13962,287.3401,6.6275935,11.448619,7.819415,8.402823,0.02141115,56.474014,-0.34800306,0,0,1,0.8186065239067744
1237657118406279526,120.430521645887,31.7266047427864,19.48636,17.96404,17.17555,16.78326,16.46199,2711,301,4,87,1194711237108197376,GALAXY,0.03874266,1061,52641,478,933760777.8806052,10001-12701,1-48157,133.371090612,57.5984251446,9.428999281013445,0.927642710084122,11754.1,AGBT17A_012_19,896.8291,1.4207177,-999.0,0.0137383435,8.670002,3.313165,0.14617112,10.35004,11955.675,47.163033,432.4681,303.13943,434.7268,307.13962,287.3401,6.6275935,11.448619,7.819415,8.402823,0.02141115,56.474014,-0.34800306,0,0,1,0.8186065239067744
1237654605858013317,149.527062931701,4.36671547476319,18.21175,16.86919,16.26654,15.92314,15.693,2126,301,4,203,644131058471692288,GALAXY,0.04307549,572,52289,423,714913818.452436,10001-12701,1-48157,133.371090612,57.5984251446,9.428999281013445,0.927642710084122,11754.1,AGBT17A_012_19,896.8291,1.4207177,-999.0,0.0137383435,8.670002,3.313165,0.14617112,10.35004,11955.675,47.163033,432.4681,303.13943,434.7268,307.13962,287.3401,6.6275935,11.448619,7.819415,8.402823,0.02141115,56.474014,-0.34800306,0,0,1,0.8186065239067744
1237659324416917707,242.318628035269,41.7457316777314,16.65975,14.85813,14.05058,13.64632,13.3885,3225,301,1,210,1503244648292837376,GALAXY,0.02561853,1335,52824,612,527419109.5738254,10001-12701,1-48157,133.371090612,57.5984251446,9.428999281013445,0.927642710084122,11754.1,AGBT17A_012_19,896.8291,1.4207177,-999.0,0.0137383435,8.670002,3.313165,0.14617112,10.35004,11955.675,47.163033,432.4681,303.13943,434.7268,307.13962,287.3401,6.6275935,11.448619,7.819415,8.402823,0.02141115,56.474014,-0.34800306,0,0,1,0.8186065239067744
1237659324418228600,244.990826321477,39.5701596627987,18.55617,17.00629,16.41294,16.11622,15.88331,3225,301,1,230,1319640499014887424,GALAXY,0.03193452,1172,52759,312,433774887.5376437,10001-12701,1-48157,133.371090612,57.5984251446,9.428999281013445,0.927642710084122,11754.1,AGBT17A_012_19,896.8291,1.4207177,-999.0,0.0137383435,8.670002,3.313165,0.14617112,10.35004,11955.675,47.163033,432.4681,303.13943,434.7268,307.13962,287.3401,6.6275935,11.448619,7.819415,8.402823,0.02141115,56.474014,-0.34800306,0,0,1,0.8186065239067744
1237656495651487904,2.25924773690753,15.1265699947141,19.24823,17.82868,17.08132,16.7185,16.43157,2566,301,4,323,845714420158982144,GALAXY,0.03718264,751,52251,595,1116098866.6030385,10001-12701,1-48157,133.371090612,57.5984251446,9.428999281013445,0.927642710084122,11754.1,AGBT17A_012_19,896.8291,1.4207177,-999.0,0.0137383435,8.670002,3.313165,0.14617112,10.35004,11955.675,47.163033,432.4681,303.13943,434.7268,307.13962,287.3401,6.6275935,11.448619,7.819415,8.402823,0.02141115,56.474014,-0.34800306,0,0,1,0.8186065239067744
1237666407917420565,27.1274252594354,-0.0628951776789334,17.20962,16.34833,15.92719,15.72806,15.58119,4874,301,3,602,452675289428813824,GALAXY,0.01802043,402,51793,231,762560988.6955153,10001-12701,1-48157,133.371090612,57.5984251446,9.428999281013445,0.927642710084122,11754.1,AGBT17A_012_19,896.8291,1.4207177,-999.0,0.0137383435,8.670002,3.313165,0.14617112,10.35004,11955.675,47.163033,432.4681,303.13943,434.7268,307.13962,287.3401,6.6275935,11.448619,7.819415,8.402823,0.02141115,56.474014,-0.34800306,0,0,1,0.8186065239067744
1237666407922860159,39.6054889299568,-0.188412905211581,16.98968,15.74756,15.14479,14.8334,14.56921,4874,301,3,685,4109642500096153600,GALAXY,0.02670782,3650,55244,392,1161477123.9773996,10001-12701,1-48157,133.371090612,57.5984251446,9.428999281013445,0.927642710084122,11754.1,AGBT17A_012_19,896.8291,1.4207177,-999.0,0.0137383435,8.670002,3.313165,0.14617112,10.35004,11955.675,47.163033,432.4681,303.13943,434.7268,307.13962,287.3401,6.6275935,11.448619,7.819415,8.402823,0.02141115,56.474014,-0.34800306,0,0,1,0.8186065239067744
1237657071697723557,31.4164760003564,0.661794130045257,19.16533,17.59739,16.85093,16.42691,16.04282,2700,301,5,75,454984813921724416,GALAXY,0.04124919,404,51812,441,1069689285.1974417,10001-12701,1-48157,133.371090612,57.5984251446,9.428999281013445,0.927642710084122,11754.1,AGBT17A_012_19,896.8291,1.4207177,-999.0,0.0137383435,8.670002,3.313165,0.14617112,10.35004,11955.675,47.163033,432.4681,303.13943,434.7268,307.13962,287.3401,6.6275935,11.448619,7.819415,8.402823,0.02141115,56.474014,-0.34800306,0,0,1,0.8186065239067744
1237657071696543819,28.7259778458982,0.811193086092582,15.89748,14.66676,14.0805,13.76094,13.55065,2700,301,5,57,452783591324149760,GALAXY,0.02729941,402,51793,625,762767253.5017624,10001-12701,1-48157,133.371090612,57.5984251446,9.428999281013445,0.927642710084122,11754.1,AGBT17A_012_19,896.8291,1.4207177,-999.0,0.0137383435,8.670002,3.313165,0.14617112,10.35004,11955.675,47.163033,432.4681,303.13943,434.7268,307.13962,287.3401,6.6275935,11.448619,7.819415,8.402823,0.02141115,56.474014,-0.34800306,0,0,1,0.8186065239067744
1237659163884650786,240.601687845369,42.7570829837587,18.43928,16.97083,16.43038,16.10422,15.93751,3187,301,6,90,1501955195024730112,GALAXY,0.03994944,1334,52764,17,582285548.035553,10001-12701,1-48157,133.371090612,57.5984251446,9.428999281013445,0.927642710084122,11754.1,AGBT17A_012_19,896.8291,1.4207177,-999.0,0.0137383435,8.670002,3.313165,0.14617112,10.35004,11955.675,47.163033,432.4681,303.13943,434.7268,307.13962,287.3401,6.6275935,11.448619,7.819415,8.402823,0.02141115,56.474014,-0.34800306,0,0,1,0.8186065239067744
1237657770170777709,143.75390467235,48.9767086208919,17.01745,16.20243,15.93385,15.76238,15.64656,2863,301,2,136,1014472968891295744,GALAXY,0.02495823,901,52641,135,313935035.1080807,10001-12701,1-48157,133.371090612,57.5984251446,9.428999281013445,0.927642710084122,11754.1,AGBT17A_012_19,896.8291,1.4207177,-999.0,0.0137383435,8.670002,3.313165,0.14617112,10.35004,11955.675,47.163033,432.4681,303.13943,434.7268,307.13962,287.3401,6.6275935,11.448619,7.819415,8.402823,0.02141115,56.474014,-0.34800306,0,0,1,0.8186065239067744
1237656241168056630,350.614172283249,13.8158389813419,16.19713,14.96075,14.35345,14.01902,13.7561,2507,301,2,222,838831752364451840,GALAXY,0.02600041,745,52258,132,768955197.6891752,10001-12701,1-48157,133.371090612,57.5984251446,9.428999281013445,0.927642710084122,11754.1,AGBT17A_012_19,896.8291,1.4207177,-999.0,0.0137383435,8.670002,3.313165,0.14617112,10.35004,11955.675,47.163033,432.4681,303.13943,434.7268,307.13962,287.3401,6.6275935,11.448619,7.819415,8.402823,0.02141115,56.474014,-0.34800306,0,0,1,0.8186065239067744
1237659324411871438,230.021647490783,49.5016815663851,16.75685,15.60322,15.08389,14.79448,14.56113,3225,301,1,133,1312879876759382016,GALAXY,0.03902452,1166,52751,293,415623584.58789915,10001-12701,1-48157,133.371090612,57.5984251446,9.428999281013445,0.927642710084122,11754.1,AGBT17A_012_19,896.8291,1.4207177,-999.0,0.0137383435,8.670002,3.313165,0.14617112,10.35004,11955.675,47.163033,432.4681,303.13943,434.7268,307.13962,287.3401,6.6275935,11.448619,7.819415,8.402823,0.02141115,56.474014,-0.34800306,0,0,1,0.8186065239067744
1237659324414427307,236.498620190231,45.731330431941,19.00504,17.7294,17.18975,16.85882,16.69807,3225,301,1,172,1500984051681486848,GALAXY,0.0375338,1333,52782,580,581047959.1980705,10001-12701,1-48157,133.371090612,57.5984251446,9.428999281013445,0.927642710084122,11754.1,AGBT17A_012_19,896.8291,1.4207177,-999.0,0.0137383435,8.670002,3.313165,0.14617112,10.35004,11955.675,47.163033,432.4681,303.13943,434.7268,307.13962,287.3401,6.6275935,11.448619,7.819415,8.402823,0.02141115,56.474014,-0.34800306,0,0,1,0.8186065239067744
1237651272963326121,134.193871086202,56.7867476174097,17.53803,15.67701,14.83536,14.40503,14.08345,1350,301,4,202,504552173967796224,GALAXY,0.02539095,448,51900,542,1237588.8374825781,10001-12701,1-48157,133.371090612,57.5984251446,9.428999281013445,0.927642710084122,11754.1,AGBT17A_012_19,896.8291,1.4207177,-999.0,0.0137383435,8.670002,3.313165,0.14617112,10.35004,11955.675,47.163033,432.4681,303.13943,434.7268,307.13962,287.3401,6.6275935,11.448619,7.819415,8.402823,0.02141115,56.474014,-0.34800306,0,0,1,0.8186065239067744
1237655129302171872,247.413146919705,44.2827023673305,17.11748,16.03308,15.63553,15.39659,15.21126,2248,301,3,127,704862304461678592,GALAXY,0.03301581,626,52057,178,359519557.28868896,10001-12701,1-48157,133.371090612,57.5984251446,9.428999281013445,0.927642710084122,11754.1,AGBT17A_012_19,896.8291,1.4207177,-999.0,0.0137383435,8.670002,3.313165,0.14617112,10.35004,11955.675,47.163033,432.4681,303.13943,434.7268,307.13962,287.3401,6.6275935,11.448619,7.819415,8.402823,0.02141115,56.474014,-0.34800306,0,0,1,0.8186065239067744
1237655129303416848,249.558600185068,41.9388088490379,16.95262,15.35241,14.48018,13.99773,13.61814,2248,301,3,146,6795970972589774848,GALAXY,0.02860245,6036,56093,142,524943931.8988602,10001-12701,1-48157,133.371090612,57.5984251446,9.428999281013445,0.927642710084122,11754.1,AGBT17A_012_19,896.8291,1.4207177,-999.0,0.0137383435,8.670002,3.313165,0.14617112,10.35004,11955.675,47.163033,432.4681,303.13943,434.7268,307.13962,287.3401,6.6275935,11.448619,7.819415,8.402823,0.02141115,56.474014,-0.34800306,0,0,1,0.8186065239067744
1237663783675625592,34.5069837167625,-0.415602619621143,17.67,16.77053,16.38995,16.18239,16.10948,4263,301,3,346,456006810046851072,GALAXY,0.04093111,405,51816,63,18151302.949744478,10001-12701,1-48157,133.371090612,57.5984251446,9.428999281013445,0.927642710084122,11754.1,AGBT17A_012_19,896.8291,1.4207177,-999.0,0.0137383435,8.670002,3.313165,0.14617112,10.35004,11955.675,47.163033,432.4681,303.13943,434.7268,307.13962,287.3401,6.6275935,11.448619,7.819415,8.402823,0.02141115,56.474014,-0.34800306,0,0,1,0.8186065239067744
1237664870286033163,139.842331771475,33.6034097972833,19.32699,17.80315,17.06009,16.73359,16.48101,4516,301,3,97,1792545951555020800,GALAXY,0.02194077,1592,52990,412,949024373.5428903,10001-12701,1-48157,133.371090612,57.5984251446,9.428999281013445,0.927642710084122,11754.1,AGBT17A_012_19,896.8291,1.4207177,-999.0,0.0137383435,8.670002,3.313165,0.14617112,10.35004,11955.675,47.163033,432.4681,303.13943,434.7268,307.13962,287.3401,6.6275935,11.448619,7.819415,8.402823,0.02141115,56.474014,-0.34800306,0,0,1,0.8186065239067744
1237665024909967408,198.470936900841,34.1247861483306,17.24215,15.35217,14.48045,14.07174,13.76927,4552,301,3,175,2356651780466567168,GALAXY,0.0372803,2093,53818,521,1091965884.272128,10001-12701,1-48157,133.371090612,57.5984251446,9.428999281013445,0.927642710084122,11754.1,AGBT17A_012_19,896.8291,1.4207177,-999.0,0.0137383435,8.670002,3.313165,0.14617112,10.35004,11955.675,47.163033,432.4681,303.13943,434.7268,307.13962,287.3401,6.6275935,11.448619,7.819415,8.402823,0.02141115,56.474014,-0.34800306,0,0,1,0.8186065239067744
1237665129099624455,233.843550295489,25.2971304827927,16.00208,14.0106,13.10444,12.64143,12.34075,4576,301,5,735,2437674519100418048,GALAXY,0.0346276,2165,53917,368,1363204104.4870598,10001-12701,1-48157,133.371090612,57.5984251446,9.428999281013445,0.927642710084122,11754.1,AGBT17A_012_19,896.8291,1.4207177,-999.0,0.0137383435,8.670002,3.313165,0.14617112,10.35004,11955.675,47.163033,432.4681,303.13943,434.7268,307.13962,287.3401,6.6275935,11.448619,7.819415,8.402823,0.02141115,56.474014,-0.34800306,0,0,1,0.8186065239067744
1237667734493593691,148.017016023159,17.832300688429,18.02193,16.48378,15.7554,15.3504,15.07241,5183,301,2,116,2668412804058343424,GALAXY,0.0501999,2370,53764,109,838466437.3944467,10001-12701,1-48157,133.371090612,57.5984251446,9.428999281013445,0.927642710084122,11754.1,AGBT17A_012_19,896.8291,1.4207177,-999.0,0.0137383435,8.670002,3.313165,0.14617112,10.35004,11955.675,47.163033,432.4681,303.13943,434.7268,307.13962,287.3401,6.6275935,11.448619,7.819415,8.402823,0.02141115,56.474014,-0.34800306,0,0,1,0.8186065239067744
1237663783663304842,6.42267841331027,-0.374818559863759,18.78034,17.04704,16.2594,15.90976,15.59997,4263,301,3,158,439107867493033984,GALAXY,0.0449104,390,51900,25,1210774412.6704557,10001-12701,1-48157,133.371090612,57.5984251446,9.428999281013445,0.927642710084122,11754.1,AGBT17A_012_19,896.8291,1.4207177,-999.0,0.0137383435,8.670002,3.313165,0.14617112,10.35004,11955.675,47.163033,432.4681,303.13943,434.7268,307.13962,287.3401,6.6275935,11.448619,7.819415,8.402823,0.02141115,56.474014,-0.34800306,0,0,1,0.8186065239067744
1237663783663763764,7.41850713674271,-0.415218620816535,17.92365,16.81154,16.45373,16.19688,16.09949,4263,301,3,165,440276371495741440,GALAXY,0.04090328,391,51782,180,1210155618.2517145,10001-12701,1-48157,133.371090612,57.5984251446,9.428999281013445,0.927642710084122,11754.1,AGBT17A_012_19,896.8291,1.4207177,-999.0,0.0137383435,8.670002,3.313165,0.14617112,10.35004,11955.675,47.163033,432.4681,303.13943,434.7268,307.13962,287.3401,6.6275935,11.448619,7.819415,8.402823,0.02141115,56.474014,-0.34800306,0,0,1,0.8186065239067744
1237663783679426709,43.2272566936964,-0.401083569450299,18.16307,16.94421,16.43573,16.16051,15.89778,4263,301,3,404,460503813527201792,GALAXY,0.0433125,409,51871,39,1163952301.6523647,10001-12701,1-48157,133.371090612,57.5984251446,9.428999281013445,0.927642710084122,11754.1,AGBT17A_012_19,896.8291,1.4207177,-999.0,0.0137383435,8.670002,3.313165,0.14617112,10.35004,11955.675,47.163033,432.4681,303.13943,434.7268,307.13962,287.3401,6.6275935,11.448619,7.819415,8.402823,0.02141115,56.474014,-0.34800306,0,0,1,0.8186065239067744
1237663783680803016,46.292670581002,-0.314887772768282,17.20748,15.44605,14.632,14.22122,13.86416,4263,301,3,425,462784749493053440,GALAXY,0.02809931,411,51817,145,618794418.741289,10001-12701,1-48157,133.371090612,57.5984251446,9.428999281013445,0.927642710084122,11754.1,AGBT17A_012_19,896.8291,1.4207177,-999.0,0.0137383435,8.670002,3.313165,0.14617112,10.35004,11955.675,47.163033,432.4681,303.13943,434.7268,307.13962,287.3401,6.6275935,11.448619,7.819415,8.402823,0.02141115,56.474014,-0.34800306,0,0,1,0.8186065239067744
1237663783680802869,46.3410271966359,-0.382339920995288,17.0735,15.97084,15.37845,15.05113,14.74658,4263,301,3,425,798279838497531904,GALAXY,0.0249731,709,52205,61,619619477.9662775,10001-12701,1-48157,133.371090612,57.5984251446,9.428999281013445,0.927642710084122,11754.1,AGBT17A_012_19,896.8291,1.4207177,-999.0,0.0137383435,8.670002,3.313165,0.14617112,10.35004,11955.675,47.163033,432.4681,303.13943,434.7268,307.13962,287.3401,6.6275935,11.448619,7.819415,8.402823,0.02141115,56.474014,-0.34800306,0,0,1,0.8186065239067744
1237663783680868534,46.4181511186005,-0.401918699953996,18.06852,16.74968,16.08411,15.71419,15.41654,4263,301,3,426,462775403644217344,GALAXY,0.02475898,411,51817,111,620032007.5787717,10001-12701,1-48157,133.371090612,57.5984251446,9.428999281013445,0.927642710084122,11754.1,AGBT17A_012_19,896.8291,1.4207177,-999.0,0.0137383435,8.670002,3.313165,0.14617112,10.35004,11955.675,47.163033,432.4681,303.13943,434.7268,307.13962,287.3401,6.6275935,11.448619,7.819415,8.402823,0.02141115,56.474014,-0.34800306,0,0,1,0.8186065239067744
1237663783658913884,356.270272608233,-0.270887640217965,17.03932,15.82689,15.25415,14.94886,14.65265,4263,301,3,91,434680132288931840,GALAXY,0.02292242,386,51788,301,467602315.76216745,10001-12701,1-48157,133.371090612,57.5984251446,9.428999281013445,0.927642710084122,11754.1,AGBT17A_012_19,896.8291,1.4207177,-999.0,0.0137383435,8.670002,3.313165,0.14617112,10.35004,11955.675,47.163033,432.4681,303.13943,434.7268,307.13962,287.3401,6.6275935,11.448619,7.819415,8.402823,0.02141115,56.474014,-0.34800306,0,0,1,0.8186065239067744
1237663783142228130,42.3972878437799,-0.72374929870877,17.27703,16.03648,15.51089,15.218,15.01575,4263,301,2,399,460523329858594816,GALAXY,0.02189042,409,51871,110,1134456434.35903,10001-12701,1-48157,133.371090612,57.5984251446,9.428999281013445,0.927642710084122,11754.1,AGBT17A_012_19,896.8291,1.4207177,-999.0,0.0137383435,8.670002,3.313165,0.14617112,10.35004,11955.675,47.163033,432.4681,303.13943,434.7268,307.13962,287.3401,6.6275935,11.448619,7.819415,8.402823,0.02141115,56.474014,-0.34800306,0,0,1,0.8186065239067744
1237664092898984203,129.606834767717,25.0706812634756,19.55865,18.05773,17.34905,16.98796,16.76278,4335,301,3,128,2173041577063114752,GALAXY,0.02834596,1930,53347,199,1302974781.0629077,10001-12701,1-48157,133.371090612,57.5984251446,9.428999281013445,0.927642710084122,11754.1,AGBT17A_012_19,896.8291,1.4207177,-999.0,0.0137383435,8.670002,3.313165,0.14617112,10.35004,11955.675,47.163033,432.4681,303.13943,434.7268,307.13962,287.3401,6.6275935,11.448619,7.819415,8.402823,0.02141115,56.474014,-0.34800306,0,0,1,0.8186065239067744
1237652939402969850,316.541761074442,10.3454520264126,17.81235,16.77006,16.3398,16.11547,15.93992,1738,301,4,85,818677153615865856,GALAXY,0.01716112,727,52207,538,116539615.52960944,10001-12701,1-48157,133.371090612,57.5984251446,9.428999281013445,0.927642710084122,11754.1,AGBT17A_012_19,896.8291,1.4207177,-999.0,0.0137383435,8.670002,3.313165,0.14617112,10.35004,11955.675,47.163033,432.4681,303.13943,434.7268,307.13962,287.3401,6.6275935,11.448619,7.819415,8.402823,0.02141115,56.474014,-0.34800306,0,0,1,0.8186065239067744
1237651272424161371,128.687697507769,52.7156776810616,16.5004,14.70893,13.83661,13.37069,12.99456,1350,301,3,167,499938622892435456,GALAXY,0.0448787,444,51883,142,217403105.78443956,10001-12701,1-48157,133.371090612,57.5984251446,9.428999281013445,0.927642710084122,11754.1,AGBT17A_012_19,896.8291,1.4207177,-999.0,0.0137383435,8.670002,3.313165,0.14617112,10.35004,11955.675,47.163033,432.4681,303.13943,434.7268,307.13962,287.3401,6.6275935,11.448619,7.819415,8.402823,0.02141115,56.474014,-0.34800306,0,0,1,0.8186065239067744
1237651272424685655,129.804005216578,53.6235074805363,16.09903,14.53468,13.76831,13.3628,13.12491,1350,301,3,175,500065341607536640,GALAXY,0.03206512,444,51883,603,497098183.0555023,10001-12701,1-48157,133.371090612,57.5984251446,9.428999281013445,0.927642710084122,11754.1,AGBT17A_012_19,896.8291,1.4207177,-999.0,0.0137383435,8.670002,3.313165,0.14617112,10.35004,11955.675,47.163033,432.4681,303.13943,434.7268,307.13962,287.3401,6.6275935,11.448619,7.819415,8.402823,0.02141115,56.474014,-0.34800306,0,0,1,0.8186065239067744
1237662193998692515,211.921133355552,38.6687958872386,17.7365,15.97561,15.17919,14.75965,14.41301,3893,301,2,313,1552638838143215616,GALAXY,0.02496643,1379,53084,83,307540826.11442065,10001-12701,1-48157,133.371090612,57.5984251446,9.428999281013445,0.927642710084122,11754.1,AGBT17A_012_19,896.8291,1.4207177,-999.0,0.0137383435,8.670002,3.313165,0.14617112,10.35004,11955.675,47.163033,432.4681,303.13943,434.7268,307.13962,287.3401,6.6275935,11.448619,7.819415,8.402823,0.02141115,56.474014,-0.34800306,0,0,1,0.8186065239067744
1237673809194320088,126.523317232282,21.6675481180585,17.24898,16.14553,15.66493,15.42865,15.35201,6597,301,5,213,2169760084173809664,GALAXY,0.01458237,1927,53321,549,652415582.1595658,10001-12701,1-48157,133.371090612,57.5984251446,9.428999281013445,0.927642710084122,11754.1,AGBT17A_012_19,896.8291,1.4207177,-999.0,0.0137383435,8.670002,3.313165,0.14617112,10.35004,11955.675,47.163033,432.4681,303.13943,434.7268,307.13962,287.3401,6.6275935,11.448619,7.819415,8.402823,0.02141115,56.474014,-0.34800306,0,0,1,0.8186065239067744
1237665098454073480,121.556011626827,17.7065831409045,15.64968,13.59595,12.64362,12.11034,11.72305,4569,301,4,65,2165134713600108544,GALAXY,0.01570025,1923,53319,106,939742457.2617711,10001-12701,1-48157,133.371090612,57.5984251446,9.428999281013445,0.927642710084122,11754.1,AGBT17A_012_19,896.8291,1.4207177,-999.0,0.0137383435,8.670002,3.313165,0.14617112,10.35004,11955.675,47.163033,432.4681,303.13943,434.7268,307.13962,287.3401,6.6275935,11.448619,7.819415,8.402823,0.02141115,56.474014,-0.34800306,0,0,1,0.8186065239067744
1237657608567783652,116.771606933469,30.9368128117086,18.76472,17.01244,16.15324,15.72042,15.47418,2825,301,5,62,1001046832773621760,GALAXY,0.05798871,889,52663,443,1229544510.0389414,10001-12701,1-48157,133.371090612,57.5984251446,9.428999281013445,0.927642710084122,11754.1,AGBT17A_012_19,896.8291,1.4207177,-999.0,0.0137383435,8.670002,3.313165,0.14617112,10.35004,11955.675,47.163033,432.4681,303.13943,434.7268,307.13962,287.3401,6.6275935,11.448619,7.819415,8.402823,0.02141115,56.474014,-0.34800306,0,0,1,0.8186065239067744
1237657628988932181,172.317205453667,51.5232185379431,17.14372,15.39385,14.61768,14.23133,13.90558,2830,301,3,368,989714436304431104,GALAXY,0.03286245,879,52365,176,541857646.0111221,10001-12701,1-48157,133.371090612,57.5984251446,9.428999281013445,0.927642710084122,11754.1,AGBT17A_012_19,896.8291,1.4207177,-999.0,0.0137383435,8.670002,3.313165,0.14617112,10.35004,11955.675,47.163033,432.4681,303.13943,434.7268,307.13962,287.3401,6.6275935,11.448619,7.819415,8.402823,0.02141115,56.474014,-0.34800306,0,0,1,0.8186065239067744
1237673706119102637,127.343735331623,43.3586494621602,17.43953,15.6256,14.7719,14.32815,13.95695,6573,301,5,274,858015206175959040,GALAXY,0.03111744,762,52232,289,67036062.03030632,10001-12701,1-48157,133.371090612,57.5984251446,9.428999281013445,0.927642710084122,11754.1,AGBT17A_012_19,896.8291,1.4207177,-999.0,0.0137383435,8.670002,3.313165,0.14617112,10.35004,11955.675,47.163033,432.4681,303.13943,434.7268,307.13962,287.3401,6.6275935,11.448619,7.819415,8.402823,0.02141115,56.474014,-0.34800306,0,0,1,0.8186065239067744
1237659330311880891,239.906574717135,45.1619232873218,18.65225,16.92568,16.17688,15.82936,15.54787,3226,301,4,48,1316314751118108672,GALAXY,0.04258435,1169,52753,501,576097603.8481401,10001-12701,1-48157,133.371090612,57.5984251446,9.428999281013445,0.927642710084122,11754.1,AGBT17A_012_19,896.8291,1.4207177,-999.0,0.0137383435,8.670002,3.313165,0.14617112,10.35004,11955.675,47.163033,432.4681,303.13943,434.7268,307.13962,287.3401,6.6275935,11.448619,7.819415,8.402823,0.02141115,56.474014,-0.34800306,0,0,1,0.8186065239067744
1237659330315354277,246.980195875838,39.2588454788349,16.3922,14.52533,13.72459,13.32841,13.05424,3226,301,4,101,1319595144160241664,GALAXY,0.02900699,1172,52759,147,271650749.8274259,10001-12701,1-48157,133.371090612,57.5984251446,9.428999281013445,0.927642710084122,11754.1,AGBT17A_012_19,896.8291,1.4207177,-999.0,0.0137383435,8.670002,3.313165,0.14617112,10.35004,11955.675,47.163033,432.4681,303.13943,434.7268,307.13962,287.3401,6.6275935,11.448619,7.819415,8.402823,0.02141115,56.474014,-0.34800306,0,0,1,0.8186065239067744
1237665329859592251,204.372836966741,30.6162534526459,17.29288,16.38608,15.97679,15.81817,15.66245,4623,301,3,281,2357731501438691328,GALAXY,0.01650927,2094,53851,353,1113211159.3155792,10001-12701,1-48157,133.371090612,57.5984251446,9.428999281013445,0.927642710084122,11754.1,AGBT17A_012_19,896.8291,1.4207177,-999.0,0.0137383435,8.670002,3.313165,0.14617112,10.35004,11955.675,47.163033,432.4681,303.13943,434.7268,307.13962,287.3401,6.6275935,11.448619,7.819415,8.402823,0.02141115,56.474014,-0.34800306,0,0,1,0.8186065239067744
1237657770168483936,137.377479136714,45.9523524430535,15.71686,14.16702,13.49386,13.08089,12.8085,2863,301,2,101,6458214192847804416,GALAXY,0.026938,5736,55984,190,228747670.12802988,10001-12701,1-48157,133.371090612,57.5984251446,9.428999281013445,0.927642710084122,11754.1,AGBT17A_012_19,896.8291,1.4207177,-999.0,0.0137383435,8.670002,3.313165,0.14617112,10.35004,11955.675,47.163033,432.4681,303.13943,434.7268,307.13962,287.3401,6.6275935,11.448619,7.819415,8.402823,0.02141115,56.474014,-0.34800306,0,0,1,0.8186065239067744
1237648722291589229,150.517036738746,0.687541960151115,18.36183,16.70275,15.91689,15.53099,15.20737,756,301,5,232,302969911322372096,GALAXY,0.04514595,269,51910,374,1024929822.2418219,10001-12701,1-48157,133.371090612,57.5984251446,9.428999281013445,0.927642710084122,11754.1,AGBT17A_012_19,896.8291,1.4207177,-999.0,0.0137383435,8.670002,3.313165,0.14617112,10.35004,11955.675,47.163033,432.4681,303.13943,434.7268,307.13962,287.3401,6.6275935,11.448619,7.819415,8.402823,0.02141115,56.474014,-0.34800306,0,0,1,0.8186065239067744
1237662305123434603,233.520398030079,29.9068267253566,18.37156,17.28369,16.86797,16.60272,16.38741,3919,301,1,198,1860140912252839936,GALAXY,0.03650294,1652,53555,561,928191628.1119337,10001-12701,1-48157,133.371090612,57.5984251446,9.428999281013445,0.927642710084122,11754.1,AGBT17A_012_19,896.8291,1.4207177,-999.0,0.0137383435,8.670002,3.313165,0.14617112,10.35004,11955.675,47.163033,432.4681,303.13943,434.7268,307.13962,287.3401,6.6275935,11.448619,7.819415,8.402823,0.02141115,56.474014,-0.34800306,0,0,1,0.8186065239067744
1237662305114259650,210.376920672903,38.5159153792871,18.21141,16.98829,16.3954,16.11492,15.92542,3919,301,1,58,1552695462992046080,GALAXY,0.01792294,1379,53084,289,307128296.5019265,10001-12701,1-48157,133.371090612,57.5984251446,9.428999281013445,0.927642710084122,11754.1,AGBT17A_012_19,896.8291,1.4207177,-999.0,0.0137383435,8.670002,3.313165,0.14617112,10.35004,11955.675,47.163033,432.4681,303.13943,434.7268,307.13962,287.3401,6.6275935,11.448619,7.819415,8.402823,0.02141115,56.474014,-0.34800306,0,0,1,0.8186065239067744
1237660962399387873,130.652987888903,30.4925289400436,19.38997,17.6415,16.68161,16.11333,15.66133,3606,301,4,47,1428901171476588544,GALAXY,0.02693575,1269,52937,488,703775518.9150928,10001-12701,1-48157,133.371090612,57.5984251446,9.428999281013445,0.927642710084122,11754.1,AGBT17A_012_19,896.8291,1.4207177,-999.0,0.0137383435,8.670002,3.313165,0.14617112,10.35004,11955.675,47.163033,432.4681,303.13943,434.7268,307.13962,287.3401,6.6275935,11.448619,7.819415,8.402823,0.02141115,56.474014,-0.34800306,0,0,1,0.8186065239067744
1237652900774543468,60.8593117792017,-5.49185564684806,18.9544,17.71882,17.25313,16.94108,16.71789,1729,301,4,486,523633648679806976,GALAXY,0.03835748,465,51910,328,211627691.20952088,10001-12701,1-48157,133.371090612,57.5984251446,9.428999281013445,0.927642710084122,11754.1,AGBT17A_012_19,896.8291,1.4207177,-999.0,0.0137383435,8.670002,3.313165,0.14617112,10.35004,11955.675,47.163033,432.4681,303.13943,434.7268,307.13962,287.3401,6.6275935,11.448619,7.819415,8.402823,0.02141115,56.474014,-0.34800306,0,0,1,0.8186065239067744
1237654606395998352,152.066779388454,4.91538693762072,17.21017,15.43447,14.55193,14.08577,13.69237,2126,301,5,220,645288295063906304,GALAXY,0.04197686,573,52325,537,716357672.0961657,10001-12701,1-48157,133.371090612,57.5984251446,9.428999281013445,0.927642710084122,11754.1,AGBT17A_012_19,896.8291,1.4207177,-999.0,0.0137383435,8.670002,3.313165,0.14617112,10.35004,11955.675,47.163033,432.4681,303.13943,434.7268,307.13962,287.3401,6.6275935,11.448619,7.819415,8.402823,0.02141115,56.474014,-0.34800306,0,0,1,0.8186065239067744
1237652901844025529,51.0104826137776,-5.93441830614307,16.60917,14.99434,14.33504,13.96573,13.72003,1729,301,6,421,518057750572328960,GALAXY,0.0370497,460,51924,523,615494181.8413355,10001-12701,1-48157,133.371090612,57.5984251446,9.428999281013445,0.927642710084122,11754.1,AGBT17A_012_19,896.8291,1.4207177,-999.0,0.0137383435,8.670002,3.313165,0.14617112,10.35004,11955.675,47.163033,432.4681,303.13943,434.7268,307.13962,287.3401,6.6275935,11.448619,7.819415,8.402823,0.02141115,56.474014,-0.34800306,0,0,1,0.8186065239067744
1237652901845401732,54.1228597148638,-5.73100734377541,18.44609,17.11946,16.6806,16.52418,16.33939,1729,301,6,442,520258972599478272,GALAXY,0.02212189,462,51909,339,617350565.0975593,10001-12701,1-48157,133.371090612,57.5984251446,9.428999281013445,0.927642710084122,11754.1,AGBT17A_012_19,896.8291,1.4207177,-999.0,0.0137383435,8.670002,3.313165,0.14617112,10.35004,11955.675,47.163033,432.4681,303.13943,434.7268,307.13962,287.3401,6.6275935,11.448619,7.819415,8.402823,0.02141115,56.474014,-0.34800306,0,0,1,0.8186065239067744
1237654605314523234,134.414708582601,2.98766716306087,18.37087,16.98428,16.36483,16.06892,15.84534,2126,301,3,102,636177190282618880,GALAXY,0.01241327,565,52225,159,970475913.3925883,10001-12701,1-48157,133.371090612,57.5984251446,9.428999281013445,0.927642710084122,11754.1,AGBT17A_012_19,896.8291,1.4207177,-999.0,0.0137383435,8.670002,3.313165,0.14617112,10.35004,11955.675,47.163033,432.4681,303.13943,434.7268,307.13962,287.3401,6.6275935,11.448619,7.819415,8.402823,0.02141115,56.474014,-0.34800306,0,0,1,0.8186065239067744
1237664834852290919,127.106731485692,20.9550378833882,18.58532,17.46128,16.96014,16.68764,16.50113,4508,301,1,93,2345396072232282112,GALAXY,0.03994717,2083,53359,533,637977045.722269,10001-12701,1-48157,133.371090612,57.5984251446,9.428999281013445,0.927642710084122,11754.1,AGBT17A_012_19,896.8291,1.4207177,-999.0,0.0137383435,8.670002,3.313165,0.14617112,10.35004,11955.675,47.163033,432.4681,303.13943,434.7268,307.13962,287.3401,6.6275935,11.448619,7.819415,8.402823,0.02141115,56.474014,-0.34800306,0,0,1,0.8186065239067744
1237673704503443574,112.467720523493,39.8914989068027,18.80422,16.21194,15.20278,14.70623,14.43,6573,301,2,197,1951330000091244544,GALAXY,0.04975544,1733,53047,529,174912555.69753772,10001-12701,1-48157,133.371090612,57.5984251446,9.428999281013445,0.927642710084122,11754.1,AGBT17A_012_19,896.8291,1.4207177,-999.0,0.0137383435,8.670002,3.313165,0.14617112,10.35004,11955.675,47.163033,432.4681,303.13943,434.7268,307.13962,287.3401,6.6275935,11.448619,7.819415,8.402823,0.02141115,56.474014,-0.34800306,0,0,1,0.8186065239067744
1237654605857161497,147.560094486494,4.1988157526304,18.2355,17.03723,16.57234,16.35196,16.13161,2126,301,4,190,643009831438936064,GALAXY,0.0201154,571,52286,440,712026111.1649767,10001-12701,1-48157,133.371090612,57.5984251446,9.428999281013445,0.927642710084122,11754.1,AGBT17A_012_19,896.8291,1.4207177,-999.0,0.0137383435,8.670002,3.313165,0.14617112,10.35004,11955.675,47.163033,432.4681,303.13943,434.7268,307.13962,287.3401,6.6275935,11.448619,7.819415,8.402823,0.02141115,56.474014,-0.34800306,0,0,1,0.8186065239067744
1237661151378473103,195.761585936304,49.6785952950604,18.05871,15.84466,14.98179,14.51402,14.13788,3650,301,4,55,1442372109975185408,GALAXY,0.03389544,1281,52753,343,54660173.65548054,10001-12701,1-48157,133.371090612,57.5984251446,9.428999281013445,0.927642710084122,11754.1,AGBT17A_012_19,896.8291,1.4207177,-999.0,0.0137383435,8.670002,3.313165,0.14617112,10.35004,11955.675,47.163033,432.4681,303.13943,434.7268,307.13962,287.3401,6.6275935,11.448619,7.819415,8.402823,0.02141115,56.474014,-0.34800306,0,0,1,0.8186065239067744
1237655504573039001,259.183499002592,32.8062472933155,19.01485,17.60741,16.89112,16.46488,16.14158,2335,301,6,98,3347337883462690816,GALAXY,0.04057814,2973,54591,136,124377678.16699912,10001-12701,1-48157,133.371090612,57.5984251446,9.428999281013445,0.927642710084122,11754.1,AGBT17A_012_19,896.8291,1.4207177,-999.0,0.0137383435,8.670002,3.313165,0.14617112,10.35004,11955.675,47.163033,432.4681,303.13943,434.7268,307.13962,287.3401,6.6275935,11.448619,7.819415,8.402823,0.02141115,56.474014,-0.34800306,0,0,1,0.8186065239067744
1237661151914360867,192.276400403535,50.3358944246033,16.95396,15.81901,15.2786,15.00324,14.76272,3650,301,5,40,1440154944492562432,GALAXY,0.02007114,1279,52736,469,76111713.50517856,10001-12701,1-48157,133.371090612,57.5984251446,9.428999281013445,0.927642710084122,11754.1,AGBT17A_012_19,896.8291,1.4207177,-999.0,0.0137383435,8.670002,3.313165,0.14617112,10.35004,11955.675,47.163033,432.4681,303.13943,434.7268,307.13962,287.3401,6.6275935,11.448619,7.819415,8.402823,0.02141115,56.474014,-0.34800306,0,0,1,0.8186065239067744
1237665024909312194,196.793892660188,34.2980315951316,16.77846,14.9225,14.10001,13.70492,13.34638,4552,301,3,165,2258720473066006528,GALAXY,0.03384213,2006,53476,601,1177565778.8646731,10001-12701,1-48157,133.371090612,57.5984251446,9.428999281013445,0.927642710084122,11754.1,AGBT17A_012_19,896.8291,1.4207177,-999.0,0.0137383435,8.670002,3.313165,0.14617112,10.35004,11955.675,47.163033,432.4681,303.13943,434.7268,307.13962,287.3401,6.6275935,11.448619,7.819415,8.402823,0.02141115,56.474014,-0.34800306,0,0,1,0.8186065239067744
1237665024910229511,199.200951405933,33.9788857395116,16.64281,14.70658,13.84509,13.43533,13.12958,4552,301,3,179,2277753025634265088,GALAXY,0.03715842,2023,53851,209,1092378413.8846223,10001-12701,1-48157,133.371090612,57.5984251446,9.428999281013445,0.927642710084122,11754.1,AGBT17A_012_19,896.8291,1.4207177,-999.0,0.0137383435,8.670002,3.313165,0.14617112,10.35004,11955.675,47.163033,432.4681,303.13943,434.7268,307.13962,287.3401,6.6275935,11.448619,7.819415,8.402823,0.02141115,56.474014,-0.34800306,0,0,1,0.8186065239067744
1237665025978269779,183.396898289766,35.8001674874913,17.85525,15.98945,15.15714,14.79046,14.46273,4552,301,5,92,2370061693351913472,GALAXY,0.03356263,2105,53472,154,1197160935.4581473,10001-12701,1-48157,133.371090612,57.5984251446,9.428999281013445,0.927642710084122,11754.1,AGBT17A_012_19,896.8291,1.4207177,-999.0,0.0137383435,8.670002,3.313165,0.14617112,10.35004,11955.675,47.163033,432.4681,303.13943,434.7268,307.13962,287.3401,6.6275935,11.448619,7.819415,8.402823,0.02141115,56.474014,-0.34800306,0,0,1,0.8186065239067744
1237657594072596746,117.929563985766,30.4486401457221,16.86081,15.77843,15.50417,15.35936,15.18906,2822,301,2,67,1001098784698034176,GALAXY,0.01423996,889,52663,632,858474123.600415,10001-12701,1-48157,133.371090612,57.5984251446,9.428999281013445,0.927642710084122,11754.1,AGBT17A_012_19,896.8291,1.4207177,-999.0,0.0137383435,8.670002,3.313165,0.14617112,10.35004,11955.675,47.163033,432.4681,303.13943,434.7268,307.13962,287.3401,6.6275935,11.448619,7.819415,8.402823,0.02141115,56.474014,-0.34800306,0,0,1,0.8186065239067744
1237657594071023725,115.309764449323,27.6140603246897,17.04663,15.4787,14.52747,14.02966,13.58464,2822,301,2,43,5017030968508438528,GALAXY,0.02725398,4456,55537,76,816396103.1260074,10001-12701,1-48157,133.371090612,57.5984251446,9.428999281013445,0.927642710084122,11754.1,AGBT17A_012_19,896.8291,1.4207177,-999.0,0.0137383435,8.670002,3.313165,0.14617112,10.35004,11955.675,47.163033,432.4681,303.13943,434.7268,307.13962,287.3401,6.6275935,11.448619,7.819415,8.402823,0.02141115,56.474014,-0.34800306,0,0,1,0.8186065239067744
1237662498390671511,227.016889967383,42.8191361748651,18.24455,17.13562,16.71903,16.52616,16.48275,3964,301,1,102,1888191096316520448,GALAXY,0.01801145,1677,53148,207,384271334.0383405,10001-12701,1-48157,133.371090612,57.5984251446,9.428999281013445,0.927642710084122,11754.1,AGBT17A_012_19,896.8291,1.4207177,-999.0,0.0137383435,8.670002,3.313165,0.14617112,10.35004,11955.675,47.163033,432.4681,303.13943,434.7268,307.13962,287.3401,6.6275935,11.448619,7.819415,8.402823,0.02141115,56.474014,-0.34800306,0,0,1,0.8186065239067744
1237656242770739471,331.802673684988,13.2660429317095,18.80728,17.55537,17.05982,16.74518,16.52659,2507,301,5,101,827649723488823296,GALAXY,0.03493043,735,52519,412,798657329.7887571,10001-12701,1-48157,133.371090612,57.5984251446,9.428999281013445,0.927642710084122,11754.1,AGBT17A_012_19,896.8291,1.4207177,-999.0,0.0137383435,8.670002,3.313165,0.14617112,10.35004,11955.675,47.163033,432.4681,303.13943,434.7268,307.13962,287.3401,6.6275935,11.448619,7.819415,8.402823,0.02141115,56.474014,-0.34800306,0,0,1,0.8186065239067744
1237658614123659296,153.231946497853,46.4177032493372,17.08398,15.27191,14.41812,14.05169,13.74382,3059,301,6,11,1061878958032709632,GALAXY,0.03821306,943,52376,565,330436219.60784835,10001-12701,1-48157,133.371090612,57.5984251446,9.428999281013445,0.927642710084122,11754.1,AGBT17A_012_19,896.8291,1.4207177,-999.0,0.0137383435,8.670002,3.313165,0.14617112,10.35004,11955.675,47.163033,432.4681,303.13943,434.7268,307.13962,287.3401,6.6275935,11.448619,7.819415,8.402823,0.02141115,56.474014,-0.34800306,0,0,1,0.8186065239067744
1237658192144892287,120.203106839741,26.9862488977004,18.60841,16.93179,16.17246,15.80122,15.5393,2961,301,4,38,1046004212590209024,GALAXY,0.02283648,929,52581,157,1236763778.2575898,10001-12701,1-48157,133.371090612,57.5984251446,9.428999281013445,0.927642710084122,11754.1,AGBT17A_012_19,896.8291,1.4207177,-999.0,0.0137383435,8.670002,3.313165,0.14617112,10.35004,11955.675,47.163033,432.4681,303.13943,434.7268,307.13962,287.3401,6.6275935,11.448619,7.819415,8.402823,0.02141115,56.474014,-0.34800306,0,0,1,0.8186065239067744
1237666214607061169,18.0736479041789,14.9757946042533,19.18379,17.1925,16.21596,15.7362,15.36403,4829,301,3,40,476363443285288960,GALAXY,0.04303922,423,51821,392,1142294496.9964197,10001-12701,1-48157,133.371090612,57.5984251446,9.428999281013445,0.927642710084122,11754.1,AGBT17A_012_19,896.8291,1.4207177,-999.0,0.0137383435,8.670002,3.313165,0.14617112,10.35004,11955.675,47.163033,432.4681,303.13943,434.7268,307.13962,287.3401,6.6275935,11.448619,7.819415,8.402823,0.02141115,56.474014,-0.34800306,0,0,1,0.8186065239067744
1237661151920193725,212.101087345642,47.2737278472062,18.03964,16.87468,16.34602,16.06583,15.86314,3650,301,5,129,1448036518533818368,GALAXY,0.03935055,1286,52725,470,288976993.552182,10001-12701,1-48157,133.371090612,57.5984251446,9.428999281013445,0.927642710084122,11754.1,AGBT17A_012_19,896.8291,1.4207177,-999.0,0.0137383435,8.670002,3.313165,0.14617112,10.35004,11955.675,47.163033,432.4681,303.13943,434.7268,307.13962,287.3401,6.6275935,11.448619,7.819415,8.402823,0.02141115,56.474014,-0.34800306,0,0,1,0.8186065239067744
1237664092901408807,135.033048022064,27.90904648094,18.73144,16.81877,16.06624,15.72524,15.53279,4335,301,3,165,2177534181741979648,GALAXY,0.04687415,1934,53357,159,908390206.7122124,10001-12701,1-48157,133.371090612,57.5984251446,9.428999281013445,0.927642710084122,11754.1,AGBT17A_012_19,896.8291,1.4207177,-999.0,0.0137383435,8.670002,3.313165,0.14617112,10.35004,11955.675,47.163033,432.4681,303.13943,434.7268,307.13962,287.3401,6.6275935,11.448619,7.819415,8.402823,0.02141115,56.474014,-0.34800306,0,0,1,0.8186065239067744
1237657776072163963,118.79410243927,28.6994513510671,18.99573,17.94878,17.52876,17.37753,17.31556,2864,301,5,72,967242341972731904,GALAXY,0.01657887,859,52317,343,859299182.8254035,10001-12701,1-48157,133.371090612,57.5984251446,9.428999281013445,0.927642710084122,11754.1,AGBT17A_012_19,896.8291,1.4207177,-999.0,0.0137383435,8.670002,3.313165,0.14617112,10.35004,11955.675,47.163033,432.4681,303.13943,434.7268,307.13962,287.3401,6.6275935,11.448619,7.819415,8.402823,0.02141115,56.474014,-0.34800306,0,0,1,0.8186065239067744
1237659896710037837,262.395972503367,58.7613283458687,18.16195,16.59026,15.84006,15.47153,15.18779,3358,301,3,38,412231956982425600,GALAXY,0.02573077,366,52017,555,458939193.89978945,10001-12701,1-48157,133.371090612,57.5984251446,9.428999281013445,0.927642710084122,11754.1,AGBT17A_012_19,896.8291,1.4207177,-999.0,0.0137383435,8.670002,3.313165,0.14617112,10.35004,11955.675,47.163033,432.4681,303.13943,434.7268,307.13962,287.3401,6.6275935,11.448619,7.819415,8.402823,0.02141115,56.474014,-0.34800306,0,0,1,0.8186065239067744
1237662498390212811,225.676513280084,43.2424170583057,17.13042,15.43524,14.67638,14.3004,13.99511,3964,301,1,95,1452583274143574016,GALAXY,0.04085775,1290,52734,627,530513081.6675318,10001-12701,1-48157,133.371090612,57.5984251446,9.428999281013445,0.927642710084122,11754.1,AGBT17A_012_19,896.8291,1.4207177,-999.0,0.0137383435,8.670002,3.313165,0.14617112,10.35004,11955.675,47.163033,432.4681,303.13943,434.7268,307.13962,287.3401,6.6275935,11.448619,7.819415,8.402823,0.02141115,56.474014,-0.34800306,0,0,1,0.8186065239067744
1237658299530543329,150.482565469321,6.3002699021317,18.96321,17.63812,17.00393,16.64093,16.35179,2986,301,4,213,1120410915737462784,GALAXY,0.02364985,995,52731,511,714295024.0336947,10001-12701,1-48157,133.371090612,57.5984251446,9.428999281013445,0.927642710084122,11754.1,AGBT17A_012_19,896.8291,1.4207177,-999.0,0.0137383435,8.670002,3.313165,0.14617112,10.35004,11955.675,47.163033,432.4681,303.13943,434.7268,307.13962,287.3401,6.6275935,11.448619,7.819415,8.402823,0.02141115,56.474014,-0.34800306,0,0,1,0.8186065239067744
1237661463848288679,254.018042054969,20.6027324698661,18.71432,17.36825,16.8183,16.5485,16.335,3723,301,2,222,1765580981642749952,GALAXY,0.0423018,1568,53169,618,101894814.2860656,10001-12701,1-48157,133.371090612,57.5984251446,9.428999281013445,0.927642710084122,11754.1,AGBT17A_012_19,896.8291,1.4207177,-999.0,0.0137383435,8.670002,3.313165,0.14617112,10.35004,11955.675,47.163033,432.4681,303.13943,434.7268,307.13962,287.3401,6.6275935,11.448619,7.819415,8.402823,0.02141115,56.474014,-0.34800306,0,0,1,0.8186065239067744
1237671939803382114,252.170761890418,63.4791834018888,18.97388,16.99379,16.14265,15.72106,15.40989,6162,301,3,115,393025957411186688,GALAXY,0.04379362,349,51699,316,146860542.0479326,10001-12701,1-48157,133.371090612,57.5984251446,9.428999281013445,0.927642710084122,11754.1,AGBT17A_012_19,896.8291,1.4207177,-999.0,0.0137383435,8.670002,3.313165,0.14617112,10.35004,11955.675,47.163033,432.4681,303.13943,434.7268,307.13962,287.3401,6.6275935,11.448619,7.819415,8.402823,0.02141115,56.474014,-0.34800306,0,0,1,0.8186065239067744
1237649964067061964,52.85178463635,-5.54506592655926,18.92323,17.37279,16.62228,16.17834,15.81135,1045,301,6,126,519151489529178112,GALAXY,0.03747749,461,51910,406,617144300.2913123,10001-12701,1-48157,133.371090612,57.5984251446,9.428999281013445,0.927642710084122,11754.1,AGBT17A_012_19,896.8291,1.4207177,-999.0,0.0137383435,8.670002,3.313165,0.14617112,10.35004,11955.675,47.163033,432.4681,303.13943,434.7268,307.13962,287.3401,6.6275935,11.448619,7.819415,8.402823,0.02141115,56.474014,-0.34800306,0,0,1,0.8186065239067744
1237663530254729473,116.169234008667,44.1444080526307,16.84953,15.37245,14.68164,14.30597,14.01717,4204,301,3,74,1954594725075904512,GALAXY,0.03828691,1736,53052,118,181306764.69119772,10001-12701,1-48157,133.371090612,57.5984251446,9.428999281013445,0.927642710084122,11754.1,AGBT17A_012_19,896.8291,1.4207177,-999.0,0.0137383435,8.670002,3.313165,0.14617112,10.35004,11955.675,47.163033,432.4681,303.13943,434.7268,307.13962,287.3401,6.6275935,11.448619,7.819415,8.402823,0.02141115,56.474014,-0.34800306,0,0,1,0.8186065239067744
1237663530260299864,126.878811195823,54.9046739469113,16.44389,14.48595,13.57337,13.16685,12.77928,4204,301,3,159,2007539514091792384,GALAXY,0.03052484,1783,53386,218,498954566.31172615,10001-12701,1-48157,133.371090612,57.5984251446,9.428999281013445,0.927642710084122,11754.1,AGBT17A_012_19,896.8291,1.4207177,-999.0,0.0137383435,8.670002,3.313165,0.14617112,10.35004,11955.675,47.163033,432.4681,303.13943,434.7268,307.13962,287.3401,6.6275935,11.448619,7.819415,8.402823,0.02141115,56.474014,-0.34800306,0,0,1,0.8186065239067744
1237665127475839108,200.441570928796,33.1828152219203,17.59199,15.68821,14.88018,14.47594,14.15715,4576,301,2,534,2378018860042315776,GALAXY,0.03738553,2112,53534,430,1187672754.3707807,10001-12701,1-48157,133.371090612,57.5984251446,9.428999281013445,0.927642710084122,11754.1,AGBT17A_012_19,896.8291,1.4207177,-999.0,0.0137383435,8.670002,3.313165,0.14617112,10.35004,11955.675,47.163033,432.4681,303.13943,434.7268,307.13962,287.3401,6.6275935,11.448619,7.819415,8.402823,0.02141115,56.474014,-0.34800306,0,0,1,0.8186065239067744
1237671940877844527,255.279541525965,64.676842323977,17.10505,15.74994,15.07935,14.68177,14.44137,6162,301,5,126,394151582305904640,GALAXY,0.02713116,350,51691,315,147479336.4666739,10001-12701,1-48157,133.371090612,57.5984251446,9.428999281013445,0.927642710084122,11754.1,AGBT17A_012_19,896.8291,1.4207177,-999.0,0.0137383435,8.670002,3.313165,0.14617112,10.35004,11955.675,47.163033,432.4681,303.13943,434.7268,307.13962,287.3401,6.6275935,11.448619,7.819415,8.402823,0.02141115,56.474014,-0.34800306,0,0,1,0.8186065239067744
1237648721757929485,157.839920095356,0.231124987333111,19.19781,17.50343,16.71339,16.30216,16.01192,756,301,4,281,307501824162686976,GALAXY,0.02849584,273,51957,477,788137824.6701552,10001-12701,1-48157,133.371090612,57.5984251446,9.428999281013445,0.927642710084122,11754.1,AGBT17A_012_19,896.8291,1.4207177,-999.0,0.0137383435,8.670002,3.313165,0.14617112,10.35004,11955.675,47.163033,432.4681,303.13943,434.7268,307.13962,287.3401,6.6275935,11.448619,7.819415,8.402823,0.02141115,56.474014,-0.34800306,0,0,1,0.8186065239067744
1237648721752621257,145.800180149957,0.414171694392402,17.17863,15.42035,14.50936,14.03708,13.60173,756,301,4,200,299607600067012608,GALAXY,0.02524959,266,51630,430,742759567.295794,10001-12701,1-48157,133.371090612,57.5984251446,9.428999281013445,0.927642710084122,11754.1,AGBT17A_012_19,896.8291,1.4207177,-999.0,0.0137383435,8.670002,3.313165,0.14617112,10.35004,11955.675,47.163033,432.4681,303.13943,434.7268,307.13962,287.3401,6.6275935,11.448619,7.819415,8.402823,0.02141115,56.474014,-0.34800306,0,0,1,0.8186065239067744
1237656496713170960,333.741137983323,13.7619167449022,17.54461,15.72029,14.882,14.47193,14.14274,2566,301,6,139,828780291320473600,GALAXY,0.02418903,736,52221,429,1127237166.1403816,10001-12701,1-48157,133.371090612,57.5984251446,9.428999281013445,0.927642710084122,11754.1,AGBT17A_012_19,896.8291,1.4207177,-999.0,0.0137383435,8.670002,3.313165,0.14617112,10.35004,11955.675,47.163033,432.4681,303.13943,434.7268,307.13962,287.3401,6.6275935,11.448619,7.819415,8.402823,0.02141115,56.474014,-0.34800306,0,0,1,0.8186065239067744
1237656496725229715,2.19166903446381,15.8617661885196,18.3268,16.99131,16.60247,16.36337,16.13708,2566,301,6,323,845719367961307136,GALAXY,0.04041481,751,52251,613,795975887.3075448,10001-12701,1-48157,133.371090612,57.5984251446,9.428999281013445,0.927642710084122,11754.1,AGBT17A_012_19,896.8291,1.4207177,-999.0,0.0137383435,8.670002,3.313165,0.14617112,10.35004,11955.675,47.163033,432.4681,303.13943,434.7268,307.13962,287.3401,6.6275935,11.448619,7.819415,8.402823,0.02141115,56.474014,-0.34800306,0,0,1,0.8186065239067744
1237661356467224593,173.637730607524,46.1663556178401,17.09678,15.56938,14.83746,14.43558,14.12334,3698,301,2,117,1623564209512015872,GALAXY,0.03334303,1442,53050,60,517312134.06771773,10001-12701,1-48157,133.371090612,57.5984251446,9.428999281013445,0.927642710084122,11754.1,AGBT17A_012_19,896.8291,1.4207177,-999.0,0.0137383435,8.670002,3.313165,0.14617112,10.35004,11955.675,47.163033,432.4681,303.13943,434.7268,307.13962,287.3401,6.6275935,11.448619,7.819415,8.402823,0.02141115,56.474014,-0.34800306,0,0,1,0.8186065239067744
1237674365917856338,115.042851765543,32.2064381335853,17.26465,16.14245,15.72629,15.51474,15.35498,6727,301,2,36,609119029294032896,GALAXY,0.01353855,541,51959,26,186257120.041128,10001-12701,1-48157,133.371090612,57.5984251446,9.428999281013445,0.927642710084122,11754.1,AGBT17A_012_19,896.8291,1.4207177,-999.0,0.0137383435,8.670002,3.313165,0.14617112,10.35004,11955.675,47.163033,432.4681,303.13943,434.7268,307.13962,287.3401,6.6275935,11.448619,7.819415,8.402823,0.02141115,56.474014,-0.34800306,0,0,1,0.8186065239067744
1237664093975281860,134.740770664044,28.9016626874975,16.7028,15.47551,14.9472,14.63475,14.43868,4335,301,5,167,2177617469747783680,GALAXY,0.04254959,1934,53357,462,779268438.00153,10001-12701,1-48157,133.371090612,57.5984251446,9.428999281013445,0.927642710084122,11754.1,AGBT17A_012_19,896.8291,1.4207177,-999.0,0.0137383435,8.670002,3.313165,0.14617112,10.35004,11955.675,47.163033,432.4681,303.13943,434.7268,307.13962,287.3401,6.6275935,11.448619,7.819415,8.402823,0.02141115,56.474014,-0.34800306,0,0,1,0.8186065239067744
1237658611445268545,173.426227774288,48.3186206972931,18.15907,17.08719,16.56176,16.32379,16.13156,3059,301,1,102,1087631448963311616,GALAXY,0.02353424,966,52642,44,537526085.0799332,10001-12701,1-48157,133.371090612,57.5984251446,9.428999281013445,0.927642710084122,11754.1,AGBT17A_012_19,896.8291,1.4207177,-999.0,0.0137383435,8.670002,3.313165,0.14617112,10.35004,11955.675,47.163033,432.4681,303.13943,434.7268,307.13962,287.3401,6.6275935,11.448619,7.819415,8.402823,0.02141115,56.474014,-0.34800306,0,0,1,0.8186065239067744
1237663479258022350,331.64617772306,0.0564349581402458,17.7974,15.9746,15.16365,14.70993,14.4219,4192,301,4,166,1244247264562538496,GALAXY,0.04613508,1105,52937,465,1206855381.3517609,10001-12701,1-48157,133.371090612,57.5984251446,9.428999281013445,0.927642710084122,11754.1,AGBT17A_012_19,896.8291,1.4207177,-999.0,0.0137383435,8.670002,3.313165,0.14617112,10.35004,11955.675,47.163033,432.4681,303.13943,434.7268,307.13962,287.3401,6.6275935,11.448619,7.819415,8.402823,0.02141115,56.474014,-0.34800306,0,0,1,0.8186065239067744
1237663479261561044,339.669416199629,0.100976299736509,17.86479,15.76759,14.77041,14.29531,13.94128,4192,301,4,220,759021226004867072,GALAXY,0.05904167,674,52201,599,1060819898.5288165,10001-12701,1-48157,133.371090612,57.5984251446,9.428999281013445,0.927642710084122,11754.1,AGBT17A_012_19,896.8291,1.4207177,-999.0,0.0137383435,8.670002,3.313165,0.14617112,10.35004,11955.675,47.163033,432.4681,303.13943,434.7268,307.13962,287.3401,6.6275935,11.448619,7.819415,8.402823,0.02141115,56.474014,-0.34800306,0,0,1,0.8186065239067744
1237662224087908606,238.676097568701,25.5635553193164,18.0681,16.74189,16.0529,15.65547,15.32769,3900,301,2,686,2083085590357633024,GALAXY,0.04103901,1850,53786,621,1292661540.750553,10001-12701,1-48157,133.371090612,57.5984251446,9.428999281013445,0.927642710084122,11754.1,AGBT17A_012_19,896.8291,1.4207177,-999.0,0.0137383435,8.670002,3.313165,0.14617112,10.35004,11955.675,47.163033,432.4681,303.13943,434.7268,307.13962,287.3401,6.6275935,11.448619,7.819415,8.402823,0.02141115,56.474014,-0.34800306,0,0,1,0.8186065239067744
1237654606396915945,154.249418417459,5.12628770395564,19.10779,17.21485,16.32362,15.85323,15.49053,2126,301,5,234,1122579152717768704,GALAXY,0.04271929,997,52734,207,963050380.3676928,10001-12701,1-48157,133.371090612,57.5984251446,9.428999281013445,0.927642710084122,11754.1,AGBT17A_012_19,896.8291,1.4207177,-999.0,0.0137383435,8.670002,3.313165,0.14617112,10.35004,11955.675,47.163033,432.4681,303.13943,434.7268,307.13962,287.3401,6.6275935,11.448619,7.819415,8.402823,0.02141115,56.474014,-0.34800306,0,0,1,0.8186065239067744
1237648722291785834,150.999600908471,0.806913660323101,17.76233,16.64459,16.17845,15.8629,15.63265,756,301,5,235,303012792275855360,GALAXY,0.0463645,269,51910,530,1025754881.4668102,10001-12701,1-48157,133.371090612,57.5984251446,9.428999281013445,0.927642710084122,11754.1,AGBT17A_012_19,896.8291,1.4207177,-999.0,0.0137383435,8.670002,3.313165,0.14617112,10.35004,11955.675,47.163033,432.4681,303.13943,434.7268,307.13962,287.3401,6.6275935,11.448619,7.819415,8.402823,0.02141115,56.474014,-0.34800306,0,0,1,0.8186065239067744
1237660636535914618,167.73450302417,46.9440715945796,16.5157,15.59814,15.25414,15.06885,14.93811,3530,301,5,309,1619176608428484608,GALAXY,0.01964522,1438,53054,482,38777783.574454114,10001-12701,1-48157,133.371090612,57.5984251446,9.428999281013445,0.927642710084122,11754.1,AGBT17A_012_19,896.8291,1.4207177,-999.0,0.0137383435,8.670002,3.313165,0.14617112,10.35004,11955.675,47.163033,432.4681,303.13943,434.7268,307.13962,287.3401,6.6275935,11.448619,7.819415,8.402823,0.02141115,56.474014,-0.34800306,0,0,1,0.8186065239067744
1237660636537815075,174.128126403857,47.8172176871742,16.74825,14.88774,14.05472,13.63904,13.34215,3530,301,5,338,1623713468215486464,GALAXY,0.03383992,1442,53050,603,517724663.6802119,10001-12701,1-48157,133.371090612,57.5984251446,9.428999281013445,0.927642710084122,11754.1,AGBT17A_012_19,896.8291,1.4207177,-999.0,0.0137383435,8.670002,3.313165,0.14617112,10.35004,11955.675,47.163033,432.4681,303.13943,434.7268,307.13962,287.3401,6.6275935,11.448619,7.819415,8.402823,0.02141115,56.474014,-0.34800306,0,0,1,0.8186065239067744
1237662196137852967,187.176014691858,43.6257699182212,16.85275,15.37777,14.70048,14.34957,14.09608,3893,301,6,186,1543612393022580736,GALAXY,0.02419201,1371,52821,13,71161358.15524825,10001-12701,1-48157,133.371090612,57.5984251446,9.428999281013445,0.927642710084122,11754.1,AGBT17A_012_19,896.8291,1.4207177,-999.0,0.0137383435,8.670002,3.313165,0.14617112,10.35004,11955.675,47.163033,432.4681,303.13943,434.7268,307.13962,287.3401,6.6275935,11.448619,7.819415,8.402823,0.02141115,56.474014,-0.34800306,0,0,1,0.8186065239067744
1237661386537631902,232.907274890793,45.7437083599707,18.19596,17.06457,16.55502,16.20739,15.94956,3705,301,2,203,1499748750350903296,GALAXY,0.03795428,1332,52781,182,381177361.9446341,10001-12701,1-48157,133.371090612,57.5984251446,9.428999281013445,0.927642710084122,11754.1,AGBT17A_012_19,896.8291,1.4207177,-999.0,0.0137383435,8.670002,3.313165,0.14617112,10.35004,11955.675,47.163033,432.4681,303.13943,434.7268,307.13962,287.3401,6.6275935,11.448619,7.819415,8.402823,0.02141115,56.474014,-0.34800306,0,0,1,0.8186065239067744
1237666300554707105,48.3131800343815,-0.093918202586604,18.26205,16.54808,15.73472,15.36579,15.03412,4849,301,3,777,465084653007562752,GALAXY,0.02855879,413,51821,320,159855224.84149966,10001-12701,1-48157,133.371090612,57.5984251446,9.428999281013445,0.927642710084122,11754.1,AGBT17A_012_19,896.8291,1.4207177,-999.0,0.0137383435,8.670002,3.313165,0.14617112,10.35004,11955.675,47.163033,432.4681,303.13943,434.7268,307.13962,287.3401,6.6275935,11.448619,7.819415,8.402823,0.02141115,56.474014,-0.34800306,0,0,1,0.8186065239067744
1237666300554575995,48.0103802269606,-0.0784803621085254,16.55902,14.58709,13.6794,13.23731,12.89552,4849,301,3,775,464012911380031488,GALAXY,0.03761692,412,52258,517,155729928.71655777,10001-12701,1-48157,133.371090612,57.5984251446,9.428999281013445,0.927642710084122,11754.1,AGBT17A_012_19,896.8291,1.4207177,-999.0,0.0137383435,8.670002,3.313165,0.14617112,10.35004,11955.675,47.163033,432.4681,303.13943,434.7268,307.13962,287.3401,6.6275935,11.448619,7.819415,8.402823,0.02141115,56.474014,-0.34800306,0,0,1,0.8186065239067744
1237666300556017674,51.2564570032358,-0.192957121021752,17.83233,15.86562,14.93069,14.46799,14.12631,4849,301,3,797,466184165440645120,GALAXY,0.036589,414,51869,224,163361726.54770032,10001-12701,1-48157,133.371090612,57.5984251446,9.428999281013445,0.927642710084122,11754.1,AGBT17A_012_19,896.8291,1.4207177,-999.0,0.0137383435,8.670002,3.313165,0.14617112,10.35004,11955.675,47.163033,432.4681,303.13943,434.7268,307.13962,287.3401,6.6275935,11.448619,7.819415,8.402823,0.02141115,56.474014,-0.34800306,0,0,1,0.8186065239067744
1237658423013212350,151.376074587523,5.67210041946708,17.1867,15.4048,14.5673,14.12445,13.74408,3015,301,2,249,1121474691727386624,GALAXY,0.04436163,996,52641,285,963256645.17394,10001-12701,1-48157,133.371090612,57.5984251446,9.428999281013445,0.927642710084122,11754.1,AGBT17A_012_19,896.8291,1.4207177,-999.0,0.0137383435,8.670002,3.313165,0.14617112,10.35004,11955.675,47.163033,432.4681,303.13943,434.7268,307.13962,287.3401,6.6275935,11.448619,7.819415,8.402823,0.02141115,56.474014,-0.34800306,0,0,1,0.8186065239067744
1237660962403123406,139.137779390153,35.161260056767,16.88964,16.00368,15.75831,15.64897,15.53353,3606,301,4,104,1433419340572551168,GALAXY,0.01728402,1273,52993,541,32177309.774547033,10001-12701,1-48157,133.371090612,57.5984251446,9.428999281013445,0.927642710084122,11754.1,AGBT17A_012_19,896.8291,1.4207177,-999.0,0.0137383435,8.670002,3.313165,0.14617112,10.35004,11955.675,47.163033,432.4681,303.13943,434.7268,307.13962,287.3401,6.6275935,11.448619,7.819415,8.402823,0.02141115,56.474014,-0.34800306,0,0,1,0.8186065239067744
1237660962402861130,138.439134830309,34.8373294846385,17.09926,15.32558,14.61249,14.30131,14.15954,3606,301,4,100,1433405321799297024,GALAXY,0.02371711,1273,52993,490,34033693.0307709,10001-12701,1-48157,133.371090612,57.5984251446,9.428999281013445,0.927642710084122,11754.1,AGBT17A_012_19,896.8291,1.4207177,-999.0,0.0137383435,8.670002,3.313165,0.14617112,10.35004,11955.675,47.163033,432.4681,303.13943,434.7268,307.13962,287.3401,6.6275935,11.448619,7.819415,8.402823,0.02141115,56.474014,-0.34800306,0,0,1,0.8186065239067744
1237651822174273697,220.027483266957,3.87369428767415,17.98559,16.54494,15.92826,15.60732,15.33209,1478,301,3,80,659798544948946944,GALAXY,0.02317341,586,52023,77,993990101.3047572,10001-12701,1-48157,133.371090612,57.5984251446,9.428999281013445,0.927642710084122,11754.1,AGBT17A_012_19,896.8291,1.4207177,-999.0,0.0137383435,8.670002,3.313165,0.14617112,10.35004,11955.675,47.163033,432.4681,303.13943,434.7268,307.13962,287.3401,6.6275935,11.448619,7.819415,8.402823,0.02141115,56.474014,-0.34800306,0,0,1,0.8186065239067744
1237661949737500933,230.833833814477,8.61804113037328,17.25089,15.37116,14.49177,14.07341,13.7399,3836,301,3,543,1937715585827760128,GALAXY,0.03576025,1721,53857,152,1047618950.9290023,10001-12701,1-48157,133.371090612,57.5984251446,9.428999281013445,0.927642710084122,11754.1,AGBT17A_012_19,896.8291,1.4207177,-999.0,0.0137383435,8.670002,3.313165,0.14617112,10.35004,11955.675,47.163033,432.4681,303.13943,434.7268,307.13962,287.3401,6.6275935,11.448619,7.819415,8.402823,0.02141115,56.474014,-0.34800306,0,0,1,0.8186065239067744
1237661949737500795,230.913294571265,8.75908726074573,17.32976,15.31757,14.44575,14.01021,13.68077,3836,301,3,543,1937813167484725248,GALAXY,0.03428176,1721,53857,507,1048856539.766485,10001-12701,1-48157,133.371090612,57.5984251446,9.428999281013445,0.927642710084122,11754.1,AGBT17A_012_19,896.8291,1.4207177,-999.0,0.0137383435,8.670002,3.313165,0.14617112,10.35004,11955.675,47.163033,432.4681,303.13943,434.7268,307.13962,287.3401,6.6275935,11.448619,7.819415,8.402823,0.02141115,56.474014,-0.34800306,0,0,1,0.8186065239067744
1237661949737501067,230.943859373973,8.64809724528616,18.29567,16.45391,15.6054,15.21346,14.86147,3836,301,3,543,1937811518217283584,GALAXY,0.03008707,1721,53857,501,1046793891.704014,10001-12701,1-48157,133.371090612,57.5984251446,9.428999281013445,0.927642710084122,11754.1,AGBT17A_012_19,896.8291,1.4207177,-999.0,0.0137383435,8.670002,3.313165,0.14617112,10.35004,11955.675,47.163033,432.4681,303.13943,434.7268,307.13962,287.3401,6.6275935,11.448619,7.819415,8.402823,0.02141115,56.474014,-0.34800306,0,0,1,0.8186065239067744
1237648720681500842,151.699929981828,-0.503635508792398,18.06761,16.88792,16.46213,16.19686,16.13352,756,301,2,240,302895419409590272,GALAXY,0.04464796,269,51910,103,85806159.39879209,10001-12701,1-48157,133.371090612,57.5984251446,9.428999281013445,0.927642710084122,11754.1,AGBT17A_012_19,896.8291,1.4207177,-999.0,0.0137383435,8.670002,3.313165,0.14617112,10.35004,11955.675,47.163033,432.4681,303.13943,434.7268,307.13962,287.3401,6.6275935,11.448619,7.819415,8.402823,0.02141115,56.474014,-0.34800306,0,0,1,0.8186065239067744
1237662500552376486,257.354460708358,22.2141021467833,16.81028,14.92944,14.05941,13.59783,13.27672,3964,301,5,319,1900521574734260224,GALAXY,0.0489837,1688,53462,9,105607580.79851334,10001-12701,1-48157,133.371090612,57.5984251446,9.428999281013445,0.927642710084122,11754.1,AGBT17A_012_19,896.8291,1.4207177,-999.0,0.0137383435,8.670002,3.313165,0.14617112,10.35004,11955.675,47.163033,432.4681,303.13943,434.7268,307.13962,287.3401,6.6275935,11.448619,7.819415,8.402823,0.02141115,56.474014,-0.34800306,0,0,1,0.8186065239067744
1237664871359250566,138.412875160528,34.5699848251054,18.72234,17.56229,17.05704,16.78338,16.65438,4516,301,5,89,1433315986479540224,GALAXY,0.03865811,1273,52993,165,31764780.16205284,10001-12701,1-48157,133.371090612,57.5984251446,9.428999281013445,0.927642710084122,11754.1,AGBT17A_012_19,896.8291,1.4207177,-999.0,0.0137383435,8.670002,3.313165,0.14617112,10.35004,11955.675,47.163033,432.4681,303.13943,434.7268,307.13962,287.3401,6.6275935,11.448619,7.819415,8.402823,0.02141115,56.474014,-0.34800306,0,0,1,0.8186065239067744
1237667441902551197,198.260395906107,25.953845831762,17.44928,16.16348,15.5876,15.29481,15.05674,5115,301,1,171,6748669432741255168,GALAXY,0.02424314,5994,56101,92,976251327.967507,10001-12701,1-48157,133.371090612,57.5984251446,9.428999281013445,0.927642710084122,11754.1,AGBT17A_012_19,896.8291,1.4207177,-999.0,0.0137383435,8.670002,3.313165,0.14617112,10.35004,11955.675,47.163033,432.4681,303.13943,434.7268,307.13962,287.3401,6.6275935,11.448619,7.819415,8.402823,0.02141115,56.474014,-0.34800306,0,0,1,0.8186065239067744
1237665442054013026,198.506034931394,29.4069979983455,17.16422,15.80307,15.19761,14.85536,14.65345,4649,301,4,104,2254147054366386176,GALAXY,0.02188756,2002,53471,347,1172821688.3209898,10001-12701,1-48157,133.371090612,57.5984251446,9.428999281013445,0.927642710084122,11754.1,AGBT17A_012_19,896.8291,1.4207177,-999.0,0.0137383435,8.670002,3.313165,0.14617112,10.35004,11955.675,47.163033,432.4681,303.13943,434.7268,307.13962,287.3401,6.6275935,11.448619,7.819415,8.402823,0.02141115,56.474014,-0.34800306,0,0,1,0.8186065239067744
1237664092896035274,123.558718724131,21.4357206958117,18.02104,16.43625,15.70932,15.34288,15.07029,4335,301,3,83,2166381285092648960,GALAXY,0.01585581,1924,53330,545,656334613.4782606,10001-12701,1-48157,133.371090612,57.5984251446,9.428999281013445,0.927642710084122,11754.1,AGBT17A_012_19,896.8291,1.4207177,-999.0,0.0137383435,8.670002,3.313165,0.14617112,10.35004,11955.675,47.163033,432.4681,303.13943,434.7268,307.13962,287.3401,6.6275935,11.448619,7.819415,8.402823,0.02141115,56.474014,-0.34800306,0,0,1,0.8186065239067744
1237652942634614930,350.927804720761,14.1278562530177,19.24489,17.4783,16.6708,16.34617,15.98455,1739,301,2,244,840008504348534784,GALAXY,0.04082619,746,52238,317,1204586468.4830427,10001-12701,1-48157,133.371090612,57.5984251446,9.428999281013445,0.927642710084122,11754.1,AGBT17A_012_19,896.8291,1.4207177,-999.0,0.0137383435,8.670002,3.313165,0.14617112,10.35004,11955.675,47.163033,432.4681,303.13943,434.7268,307.13962,287.3401,6.6275935,11.448619,7.819415,8.402823,0.02141115,56.474014,-0.34800306,0,0,1,0.8186065239067744
1237664092898525413,128.651534300584,24.4676520976881,18.81748,17.24669,16.8018,16.56668,16.35726,4335,301,3,121,2170899728076662784,GALAXY,0.03938107,1928,53327,599,901995997.7185524,10001-12701,1-48157,133.371090612,57.5984251446,9.428999281013445,0.927642710084122,11754.1,AGBT17A_012_19,896.8291,1.4207177,-999.0,0.0137383435,8.670002,3.313165,0.14617112,10.35004,11955.675,47.163033,432.4681,303.13943,434.7268,307.13962,287.3401,6.6275935,11.448619,7.819415,8.402823,0.02141115,56.474014,-0.34800306,0,0,1,0.8186065239067744
1237663917878739199,122.98510797513,56.9790111637048,17.1111,15.28833,14.43482,14.02703,13.69541,4294,301,5,123,2107805078940313600,GALAXY,0.0271887,1872,53386,438,22070334.26843931,10001-12701,1-48157,133.371090612,57.5984251446,9.428999281013445,0.927642710084122,11754.1,AGBT17A_012_19,896.8291,1.4207177,-999.0,0.0137383435,8.670002,3.313165,0.14617112,10.35004,11955.675,47.163033,432.4681,303.13943,434.7268,307.13962,287.3401,6.6275935,11.448619,7.819415,8.402823,0.02141115,56.474014,-0.34800306,0,0,1,0.8186065239067744
1237665532781985871,205.044765300345,26.8410555331741,18.89479,17.28674,16.55197,16.14037,15.86861,4670,301,5,55,2528874058305529856,GALAXY,0.03180731,2246,53767,374,1118574044.2780037,10001-12701,1-48157,133.371090612,57.5984251446,9.428999281013445,0.927642710084122,11754.1,AGBT17A_012_19,896.8291,1.4207177,-999.0,0.0137383435,8.670002,3.313165,0.14617112,10.35004,11955.675,47.163033,432.4681,303.13943,434.7268,307.13962,287.3401,6.6275935,11.448619,7.819415,8.402823,0.02141115,56.474014,-0.34800306,0,0,1,0.8186065239067744
1237649918971019405,27.4236785480026,13.097156623071,19.06009,17.7753,17.25101,16.96607,16.8053,1035,301,2,143,483013289593300992,GALAXY,0.03366366,429,51820,8,1148482441.1838326,10001-12701,1-48157,133.371090612,57.5984251446,9.428999281013445,0.927642710084122,11754.1,AGBT17A_012_19,896.8291,1.4207177,-999.0,0.0137383435,8.670002,3.313165,0.14617112,10.35004,11955.675,47.163033,432.4681,303.13943,434.7268,307.13962,287.3401,6.6275935,11.448619,7.819415,8.402823,0.02141115,56.474014,-0.34800306,0,0,1,0.8186065239067744
1237655472893985015,247.304107658096,41.150884773102,16.81989,15.30134,14.59587,14.22782,13.90361,2328,301,3,42,918783841919854592,GALAXY,0.02959267,816,52379,180,268969307.34621364,10001-12701,1-48157,133.371090612,57.5984251446,9.428999281013445,0.927642710084122,11754.1,AGBT17A_012_19,896.8291,1.4207177,-999.0,0.0137383435,8.670002,3.313165,0.14617112,10.35004,11955.675,47.163033,432.4681,303.13943,434.7268,307.13962,287.3401,6.6275935,11.448619,7.819415,8.402823,0.02141115,56.474014,-0.34800306,0,0,1,0.8186065239067744
1237667536940171525,165.96194402751,23.0064888492151,18.46163,17.31579,16.87753,16.60386,16.47438,5137,301,2,346,2798999602945091584,GALAXY,0.03552424,2486,53876,45,1191591785.6894755,10001-12701,1-48157,133.371090612,57.5984251446,9.428999281013445,0.927642710084122,11754.1,AGBT17A_012_19,896.8291,1.4207177,-999.0,0.0137383435,8.670002,3.313165,0.14617112,10.35004,11955.675,47.163033,432.4681,303.13943,434.7268,307.13962,287.3401,6.6275935,11.448619,7.819415,8.402823,0.02141115,56.474014,-0.34800306,0,0,1,0.8186065239067744
1237664092898918802,129.57907063394,25.0423645282188,18.64301,16.70997,15.80241,15.3733,15.01366,4335,301,3,127,2173036904138696704,GALAXY,0.05174446,1930,53347,182,1311844167.7315328,10001-12701,1-48157,133.371090612,57.5984251446,9.428999281013445,0.927642710084122,11754.1,AGBT17A_012_19,896.8291,1.4207177,-999.0,0.0137383435,8.670002,3.313165,0.14617112,10.35004,11955.675,47.163033,432.4681,303.13943,434.7268,307.13962,287.3401,6.6275935,11.448619,7.819415,8.402823,0.02141115,56.474014,-0.34800306,0,0,1,0.8186065239067744
1237664092901474330,135.090162692909,27.9803198931774,17.85412,16.13705,15.39893,15.01413,14.70376,4335,301,3,166,2177530058573375488,GALAXY,0.02673539,1934,53357,144,908596471.5184594,10001-12701,1-48157,133.371090612,57.5984251446,9.428999281013445,0.927642710084122,11754.1,AGBT17A_012_19,896.8291,1.4207177,-999.0,0.0137383435,8.670002,3.313165,0.14617112,10.35004,11955.675,47.163033,432.4681,303.13943,434.7268,307.13962,287.3401,6.6275935,11.448619,7.819415,8.402823,0.02141115,56.474014,-0.34800306,0,0,1,0.8186065239067744
1237662196134903929,177.971963005973,43.3480502427857,19.51896,17.69691,16.90574,16.54079,16.25302,3893,301,6,141,1629280296761321472,GALAXY,0.03582744,1447,53120,375,253293182.07143432,10001-12701,1-48157,133.371090612,57.5984251446,9.428999281013445,0.927642710084122,11754.1,AGBT17A_012_19,896.8291,1.4207177,-999.0,0.0137383435,8.670002,3.313165,0.14617112,10.35004,11955.675,47.163033,432.4681,303.13943,434.7268,307.13962,287.3401,6.6275935,11.448619,7.819415,8.402823,0.02141115,56.474014,-0.34800306,0,0,1,0.8186065239067744
1237663787955585449,119.779637995026,52.7471698627999,19.14426,17.71505,17.08268,16.7822,16.53128,4264,301,3,117,2105479886675142656,GALAXY,0.01918139,1870,53383,171,483690970.649441,10001-12701,1-48157,133.371090612,57.5984251446,9.428999281013445,0.927642710084122,11754.1,AGBT17A_012_19,896.8291,1.4207177,-999.0,0.0137383435,8.670002,3.313165,0.14617112,10.35004,11955.675,47.163033,432.4681,303.13943,434.7268,307.13962,287.3401,6.6275935,11.448619,7.819415,8.402823,0.02141115,56.474014,-0.34800306,0,0,1,0.8186065239067744
1237662223553462678,243.583214374698,22.2661036294174,18.48184,16.90103,16.14776,15.72815,15.46286,3900,301,1,723,2086392642765088768,GALAXY,0.04782382,1853,53566,364,595073966.022873,10001-12701,1-48157,133.371090612,57.5984251446,9.428999281013445,0.927642710084122,11754.1,AGBT17A_012_19,896.8291,1.4207177,-999.0,0.0137383435,8.670002,3.313165,0.14617112,10.35004,11955.675,47.163033,432.4681,303.13943,434.7268,307.13962,287.3401,6.6275935,11.448619,7.819415,8.402823,0.02141115,56.474014,-0.34800306,0,0,1,0.8186065239067744
1237661355928125477,166.620802556407,44.8509229002398,17.49612,16.36453,15.81055,15.5379,15.27165,3698,301,1,83,1616794516486907904,GALAXY,0.021032,1436,53054,8,251024269.20271626,10001-12701,1-48157,133.371090612,57.5984251446,9.428999281013445,0.927642710084122,11754.1,AGBT17A_012_19,896.8291,1.4207177,-999.0,0.0137383435,8.670002,3.313165,0.14617112,10.35004,11955.675,47.163033,432.4681,303.13943,434.7268,307.13962,287.3401,6.6275935,11.448619,7.819415,8.402823,0.02141115,56.474014,-0.34800306,0,0,1,0.8186065239067744
1237661355934089288,186.062258025035,46.301792443902,17.24256,15.37149,14.51918,14.09097,13.76675,3698,301,1,174,1543732239790008320,GALAXY,0.02469541,1371,52821,449,264018951.99628335,10001-12701,1-48157,133.371090612,57.5984251446,9.428999281013445,0.927642710084122,11754.1,AGBT17A_012_19,896.8291,1.4207177,-999.0,0.0137383435,8.670002,3.313165,0.14617112,10.35004,11955.675,47.163033,432.4681,303.13943,434.7268,307.13962,287.3401,6.6275935,11.448619,7.819415,8.402823,0.02141115,56.474014,-0.34800306,0,0,1,0.8186065239067744
1237661355934154824,186.180370269593,46.2790249276254,17.83019,16.12118,15.35818,14.99353,14.71149,3698,301,1,175,1543730315644659712,GALAXY,0.02455333,1371,52821,442,262781363.15880078,10001-12701,1-48157,133.371090612,57.5984251446,9.428999281013445,0.927642710084122,11754.1,AGBT17A_012_19,896.8291,1.4207177,-999.0,0.0137383435,8.670002,3.313165,0.14617112,10.35004,11955.675,47.163033,432.4681,303.13943,434.7268,307.13962,287.3401,6.6275935,11.448619,7.819415,8.402823,0.02141115,56.474014,-0.34800306,0,0,1,0.8186065239067744
1237654601025716395,148.209958011044,3.59909330813574,18.66181,17.01288,16.19232,15.74563,15.33963,2125,301,3,196,642929841968015360,GALAXY,0.03083805,571,52286,149,958306289.8240098,10001-12701,1-48157,133.371090612,57.5984251446,9.428999281013445,0.927642710084122,11754.1,AGBT17A_012_19,896.8291,1.4207177,-999.0,0.0137383435,8.670002,3.313165,0.14617112,10.35004,11955.675,47.163033,432.4681,303.13943,434.7268,307.13962,287.3401,6.6275935,11.448619,7.819415,8.402823,0.02141115,56.474014,-0.34800306,0,0,1,0.8186065239067744
1237662224054288415,148.073690519064,33.0637409214745,16.4913,14.65012,13.84706,13.43206,13.14742,3900,301,2,173,2189894067331033088,GALAXY,0.02699723,1945,53387,68,827121873.0508564,10001-12701,1-48157,133.371090612,57.5984251446,9.428999281013445,0.927642710084122,11754.1,AGBT17A_012_19,896.8291,1.4207177,-999.0,0.0137383435,8.670002,3.313165,0.14617112,10.35004,11955.675,47.163033,432.4681,303.13943,434.7268,307.13962,287.3401,6.6275935,11.448619,7.819415,8.402823,0.02141115,56.474014,-0.34800306,0,0,1,0.8186065239067744
1237662224067461154,184.936569190494,39.2459924930567,17.65544,16.56413,16.16813,15.96115,15.8205,3900,301,2,374,2253072831875147776,GALAXY,0.02274124,2001,53493,535,534844642.59872085,10001-12701,1-48157,133.371090612,57.5984251446,9.428999281013445,0.927642710084122,11754.1,AGBT17A_012_19,896.8291,1.4207177,-999.0,0.0137383435,8.670002,3.313165,0.14617112,10.35004,11955.675,47.163033,432.4681,303.13943,434.7268,307.13962,287.3401,6.6275935,11.448619,7.819415,8.402823,0.02141115,56.474014,-0.34800306,0,0,1,0.8186065239067744
1237664092894855555,121.137411707877,19.8512202579732,18.05523,16.74399,16.3002,16.02402,15.86886,4335,301,3,65,2164129759905212416,GALAXY,0.0452892,1922,53315,546,642308606.653458,10001-12701,1-48157,133.371090612,57.5984251446,9.428999281013445,0.927642710084122,11754.1,AGBT17A_012_19,896.8291,1.4207177,-999.0,0.0137383435,8.670002,3.313165,0.14617112,10.35004,11955.675,47.163033,432.4681,303.13943,434.7268,307.13962,287.3401,6.6275935,11.448619,7.819415,8.402823,0.02141115,56.474014,-0.34800306,0,0,1,0.8186065239067744
1237657773924352400,119.574422086422,27.0566333623105,17.49892,15.65721,14.82804,14.40535,14.0748,2864,301,1,67,1046024003799508992,GALAXY,0.02131656,929,52581,229,1258627847.7197819,10001-12701,1-48157,133.371090612,57.5984251446,9.428999281013445,0.927642710084122,11754.1,AGBT17A_012_19,896.8291,1.4207177,-999.0,0.0137383435,8.670002,3.313165,0.14617112,10.35004,11955.675,47.163033,432.4681,303.13943,434.7268,307.13962,287.3401,6.6275935,11.448619,7.819415,8.402823,0.02141115,56.474014,-0.34800306,0,0,1,0.8186065239067744
1237657773924417752,119.609247557428,27.1615298671055,18.04474,16.52452,15.78201,15.40602,15.14329,2864,301,1,68,1046071007921596416,GALAXY,0.04699582,929,52581,400,824234165.7633971,10001-12701,1-48157,133.371090612,57.5984251446,9.428999281013445,0.927642710084122,11754.1,AGBT17A_012_19,896.8291,1.4207177,-999.0,0.0137383435,8.670002,3.313165,0.14617112,10.35004,11955.675,47.163033,432.4681,303.13943,434.7268,307.13962,287.3401,6.6275935,11.448619,7.819415,8.402823,0.02141115,56.474014,-0.34800306,0,0,1,0.8186065239067744
1237667108497981698,121.176279100174,15.7757398501031,16.94864,15.362,14.62572,14.266,13.97175,5037,301,4,53,2552482221315352576,GALAXY,0.02928352,2267,53713,244,734302710.239663,10001-12701,1-48157,133.371090612,57.5984251446,9.428999281013445,0.927642710084122,11754.1,AGBT17A_012_19,896.8291,1.4207177,-999.0,0.0137383435,8.670002,3.313165,0.14617112,10.35004,11955.675,47.163033,432.4681,303.13943,434.7268,307.13962,287.3401,6.6275935,11.448619,7.819415,8.402823,0.02141115,56.474014,-0.34800306,0,0,1,0.8186065239067744
1237658611442385078,164.048876530483,46.8806805877024,16.82139,14.90346,14.05493,13.62679,13.25697,3059,301,1,58,1084241929509562368,GALAXY,0.02858984,963,52643,1,546395471.7485583,10001-12701,1-48157,133.371090612,57.5984251446,9.428999281013445,0.927642710084122,11754.1,AGBT17A_012_19,896.8291,1.4207177,-999.0,0.0137383435,8.670002,3.313165,0.14617112,10.35004,11955.675,47.163033,432.4681,303.13943,434.7268,307.13962,287.3401,6.6275935,11.448619,7.819415,8.402823,0.02141115,56.474014,-0.34800306,0,0,1,0.8186065239067744
1237656496713105799,333.603373047712,13.7759617160209,18.55447,16.77678,15.93363,15.52616,15.11162,2566,301,6,138,828768196692568064,GALAXY,0.02420655,736,52221,385,1124555723.6591692,10001-12701,1-48157,133.371090612,57.5984251446,9.428999281013445,0.927642710084122,11754.1,AGBT17A_012_19,896.8291,1.4207177,-999.0,0.0137383435,8.670002,3.313165,0.14617112,10.35004,11955.675,47.163033,432.4681,303.13943,434.7268,307.13962,287.3401,6.6275935,11.448619,7.819415,8.402823,0.02141115,56.474014,-0.34800306,0,0,1,0.8186065239067744
1237656496725950654,4.00497396191884,16.0259583344906,17.79187,16.0828,15.28031,14.88948,14.6122,2566,301,6,334,846833722996058112,GALAXY,0.01805616,752,52251,571,1138787995.290219,10001-12701,1-48157,133.371090612,57.5984251446,9.428999281013445,0.927642710084122,11754.1,AGBT17A_012_19,896.8291,1.4207177,-999.0,0.0137383435,8.670002,3.313165,0.14617112,10.35004,11955.675,47.163033,432.4681,303.13943,434.7268,307.13962,287.3401,6.6275935,11.448619,7.819415,8.402823,0.02141115,56.474014,-0.34800306,0,0,1,0.8186065239067744
1237654391639441642,118.598737186658,38.6705500901352,17.31509,16.08508,15.60003,15.36303,15.25522,2076,301,5,95,612566277185103872,GALAXY,0.01984513,544,52201,279,477709291.2682752,10001-12701,1-48157,133.371090612,57.5984251446,9.428999281013445,0.927642710084122,11754.1,AGBT17A_012_19,896.8291,1.4207177,-999.0,0.0137383435,8.670002,3.313165,0.14617112,10.35004,11955.675,47.163033,432.4681,303.13943,434.7268,307.13962,287.3401,6.6275935,11.448619,7.819415,8.402823,0.02141115,56.474014,-0.34800306,0,0,1,0.8186065239067744
1237654391643177035,125.736161447768,45.4859438480177,17.38312,15.336,14.41327,13.9811,13.65501,2076,301,5,152,617115777815832576,GALAXY,0.04692241,548,51986,446,503286127.2429151,10001-12701,1-48157,133.371090612,57.5984251446,9.428999281013445,0.927642710084122,11754.1,AGBT17A_012_19,896.8291,1.4207177,-999.0,0.0137383435,8.670002,3.313165,0.14617112,10.35004,11955.675,47.163033,432.4681,303.13943,434.7268,307.13962,287.3401,6.6275935,11.448619,7.819415,8.402823,0.02141115,56.474014,-0.34800306,0,0,1,0.8186065239067744
1237648721749279075,138.151241789277,0.309502969426387,17.7416,16.157,15.40152,14.99262,14.66114,756,301,4,149,531543536085002240,GALAXY,0.0544089,472,51955,432,1320301024.787664,10001-12701,1-48157,133.371090612,57.5984251446,9.428999281013445,0.927642710084122,11754.1,AGBT17A_012_19,896.8291,1.4207177,-999.0,0.0137383435,8.670002,3.313165,0.14617112,10.35004,11955.675,47.163033,432.4681,303.13943,434.7268,307.13962,287.3401,6.6275935,11.448619,7.819415,8.402823,0.02141115,56.474014,-0.34800306,0,0,1,0.8186065239067744
