dimension,feature,birth,death,persistence,feature_set
0,0,0.0,3.607963208196452e-07,3.607963208196452e-07,intrinsic
0,1,0.0,1.2814014098694315e-06,1.2814014098694315e-06,intrinsic
0,2,0.0,2.0572917946992675e-06,2.0572917946992675e-06,intrinsic
0,3,0.0,3.490143853923655e-06,3.490143853923655e-06,intrinsic
0,4,0.0,3.5071614092885284e-06,3.5071614092885284e-06,intrinsic
0,5,0.0,4.061948857270181e-06,4.061948857270181e-06,intrinsic
0,6,0.0,4.914355031360174e-06,4.914355031360174e-06,intrinsic
0,7,0.0,5.184403562452644e-06,5.184403562452644e-06,intrinsic
0,8,0.0,7.37385880711372e-06,7.37385880711372e-06,intrinsic
0,9,0.0,8.109031114145182e-06,8.109031114145182e-06,intrinsic
0,10,0.0,1.0695044693420641e-05,1.0695044693420641e-05,intrinsic
0,11,0.0,1.2492753739934415e-05,1.2492753739934415e-05,intrinsic
0,12,0.0,1.3777695130556822e-05,1.3777695130556822e-05,intrinsic
0,13,0.0,1.3857559679308906e-05,1.3857559679308906e-05,intrinsic
0,14,0.0,1.6345326002920046e-05,1.6345326002920046e-05,intrinsic
0,15,0.0,1.653035360504873e-05,1.653035360504873e-05,intrinsic
0,16,0.0,1.7850959920906462e-05,1.7850959920906462e-05,intrinsic
0,17,0.0,1.99185342353303e-05,1.99185342353303e-05,intrinsic
0,18,0.0,2.037851299974136e-05,2.037851299974136e-05,intrinsic
0,19,0.0,2.082969695038628e-05,2.082969695038628e-05,intrinsic
0,20,0.0,2.281566776218824e-05,2.281566776218824e-05,intrinsic
0,21,0.0,2.5525641831336543e-05,2.5525641831336543e-05,intrinsic
0,22,0.0,2.673020753718447e-05,2.673020753718447e-05,intrinsic
0,23,0.0,2.783604577416554e-05,2.783604577416554e-05,intrinsic
0,24,0.0,2.837305873981677e-05,2.837305873981677e-05,intrinsic
0,25,0.0,2.8941029086126946e-05,2.8941029086126946e-05,intrinsic
0,26,0.0,3.1599440262652934e-05,3.1599440262652934e-05,intrinsic
0,27,0.0,3.3574324334040284e-05,3.3574324334040284e-05,intrinsic
0,28,0.0,3.374950392753817e-05,3.374950392753817e-05,intrinsic
0,29,0.0,3.3922275179065764e-05,3.3922275179065764e-05,intrinsic
0,30,0.0,3.583730722311884e-05,3.583730722311884e-05,intrinsic
0,31,0.0,3.592596476664767e-05,3.592596476664767e-05,intrinsic
0,32,0.0,3.600425043259747e-05,3.600425043259747e-05,intrinsic
0,33,0.0,3.649323480203748e-05,3.649323480203748e-05,intrinsic
0,34,0.0,3.7260353565216064e-05,3.7260353565216064e-05,intrinsic
0,35,0.0,3.802248102147132e-05,3.802248102147132e-05,intrinsic
0,36,0.0,3.826411921181716e-05,3.826411921181716e-05,intrinsic
0,37,0.0,3.861490768031217e-05,3.861490768031217e-05,intrinsic
0,38,0.0,4.171923501417041e-05,4.171923501417041e-05,intrinsic
0,39,0.0,4.2280993511667475e-05,4.2280993511667475e-05,intrinsic
0,40,0.0,4.2727278923848644e-05,4.2727278923848644e-05,intrinsic
0,41,0.0,4.30308427894488e-05,4.30308427894488e-05,intrinsic
0,42,0.0,4.372243711259216e-05,4.372243711259216e-05,intrinsic
0,43,0.0,4.437633106135763e-05,4.437633106135763e-05,intrinsic
0,44,0.0,4.701454236055724e-05,4.701454236055724e-05,intrinsic
0,45,0.0,5.3488816774915904e-05,5.3488816774915904e-05,intrinsic
0,46,0.0,5.740463166148402e-05,5.740463166148402e-05,intrinsic
0,47,0.0,5.914475332247093e-05,5.914475332247093e-05,intrinsic
0,48,0.0,5.987794793327339e-05,5.987794793327339e-05,intrinsic
0,49,0.0,6.041169399395585e-05,6.041169399395585e-05,intrinsic
0,50,0.0,6.102093539084308e-05,6.102093539084308e-05,intrinsic
0,51,0.0,6.147638487163931e-05,6.147638487163931e-05,intrinsic
0,52,0.0,6.235110777197406e-05,6.235110777197406e-05,intrinsic
0,53,0.0,6.477370334323496e-05,6.477370334323496e-05,intrinsic
0,54,0.0,6.593808211619034e-05,6.593808211619034e-05,intrinsic
0,55,0.0,6.687748100375757e-05,6.687748100375757e-05,intrinsic
0,56,0.0,6.800270057283342e-05,6.800270057283342e-05,intrinsic
0,57,0.0,6.979629688430578e-05,6.979629688430578e-05,intrinsic
0,58,0.0,7.092528539942577e-05,7.092528539942577e-05,intrinsic
0,59,0.0,7.213289791252464e-05,7.213289791252464e-05,intrinsic
0,60,0.0,7.248293695738539e-05,7.248293695738539e-05,intrinsic
0,61,0.0,7.467234536306933e-05,7.467234536306933e-05,intrinsic
0,62,0.0,7.539507350884378e-05,7.539507350884378e-05,intrinsic
0,63,0.0,7.88875695434399e-05,7.88875695434399e-05,intrinsic
0,64,0.0,7.92000864748843e-05,7.92000864748843e-05,intrinsic
0,65,0.0,7.935093890409917e-05,7.935093890409917e-05,intrinsic
0,66,0.0,8.036661893129349e-05,8.036661893129349e-05,intrinsic
0,67,0.0,8.146993059199303e-05,8.146993059199303e-05,intrinsic
0,68,0.0,8.189304935513064e-05,8.189304935513064e-05,intrinsic
0,69,0.0,8.269324462162331e-05,8.269324462162331e-05,intrinsic
0,70,0.0,8.2713711890392e-05,8.2713711890392e-05,intrinsic
0,71,0.0,8.558135596103966e-05,8.558135596103966e-05,intrinsic
0,72,0.0,8.638596045784652e-05,8.638596045784652e-05,intrinsic
0,73,0.0,8.838559006107971e-05,8.838559006107971e-05,intrinsic
0,74,0.0,8.908098243409768e-05,8.908098243409768e-05,intrinsic
0,75,0.0,9.114953718381003e-05,9.114953718381003e-05,intrinsic
0,76,0.0,9.28136651054956e-05,9.28136651054956e-05,intrinsic
0,77,0.0,9.30598471313715e-05,9.30598471313715e-05,intrinsic
0,78,0.0,9.408910409547389e-05,9.408910409547389e-05,intrinsic
0,79,0.0,9.410800703335553e-05,9.410800703335553e-05,intrinsic
0,80,0.0,9.439518180442974e-05,9.439518180442974e-05,intrinsic
0,81,0.0,9.722405229695141e-05,9.722405229695141e-05,intrinsic
0,82,0.0,9.771157783688977e-05,9.771157783688977e-05,intrinsic
0,83,0.0,9.858106204774231e-05,9.858106204774231e-05,intrinsic
0,84,0.0,9.912699169944972e-05,9.912699169944972e-05,intrinsic
0,85,0.0,9.962979675037786e-05,9.962979675037786e-05,intrinsic
0,86,0.0,0.0001014695517369546,0.0001014695517369546,intrinsic
0,87,0.0,0.00010156386269954965,0.00010156386269954965,intrinsic
0,88,0.0,0.00010292787192156538,0.00010292787192156538,intrinsic
0,89,0.0,0.00010625326103763655,0.00010625326103763655,intrinsic
0,90,0.0,0.00010629741882439703,0.00010629741882439703,intrinsic
0,91,0.0,0.00010717634722823277,0.00010717634722823277,intrinsic
0,92,0.0,0.00010841430048458278,0.00010841430048458278,intrinsic
0,93,0.0,0.00010873805149458349,0.00010873805149458349,intrinsic
0,94,0.0,0.00011034652561647817,0.00011034652561647817,intrinsic
0,95,0.0,0.00011350618297001347,0.00011350618297001347,intrinsic
0,96,0.0,0.00011391892621759325,0.00011391892621759325,intrinsic
0,97,0.0,0.00011657928553177044,0.00011657928553177044,intrinsic
0,98,0.0,0.00011851562885567546,0.00011851562885567546,intrinsic
0,99,0.0,0.00011922738485736772,0.00011922738485736772,intrinsic
0,100,0.0,0.00012034640531055629,0.00012034640531055629,intrinsic
0,101,0.0,0.0001206689776154235,0.0001206689776154235,intrinsic
0,102,0.0,0.00012113104457966983,0.00012113104457966983,intrinsic
0,103,0.0,0.00012142572086304426,0.00012142572086304426,intrinsic
0,104,0.0,0.00012340994726400822,0.00012340994726400822,intrinsic
0,105,0.0,0.00012446014443412423,0.00012446014443412423,intrinsic
0,106,0.0,0.00012448632332962006,0.00012448632332962006,intrinsic
0,107,0.0,0.00012569382670335472,0.00012569382670335472,intrinsic
0,108,0.0,0.0001267417101189494,0.0001267417101189494,intrinsic
0,109,0.0,0.00012720146332867444,0.00012720146332867444,intrinsic
0,110,0.0,0.00012730313756037503,0.00012730313756037503,intrinsic
0,111,0.0,0.00012743820843752474,0.00012743820843752474,intrinsic
0,112,0.0,0.00013018808385822922,0.00013018808385822922,intrinsic
0,113,0.0,0.00013338911230675876,0.00013338911230675876,intrinsic
0,114,0.0,0.00013580691302195191,0.00013580691302195191,intrinsic
0,115,0.0,0.00013594157644547522,0.00013594157644547522,intrinsic
0,116,0.0,0.00013783818576484919,0.00013783818576484919,intrinsic
0,117,0.0,0.00013940459757577628,0.00013940459757577628,intrinsic
0,118,0.0,0.000140571195515804,0.000140571195515804,intrinsic
0,119,0.0,0.00014340558846015483,0.00014340558846015483,intrinsic
0,120,0.0,0.00014399416977539659,0.00014399416977539659,intrinsic
0,121,0.0,0.00014618865679949522,0.00014618865679949522,intrinsic
0,122,0.0,0.0001463762455387041,0.0001463762455387041,intrinsic
0,123,0.0,0.00014756168820895255,0.00014756168820895255,intrinsic
0,124,0.0,0.00014757005556020886,0.00014757005556020886,intrinsic
0,125,0.0,0.00014778687909711152,0.00014778687909711152,intrinsic
0,126,0.0,0.00015164878277573735,0.00015164878277573735,intrinsic
0,127,0.0,0.000151771106175147,0.000151771106175147,intrinsic
0,128,0.0,0.00015196760068647563,0.00015196760068647563,intrinsic
0,129,0.0,0.0001520030782558024,0.0001520030782558024,intrinsic
0,130,0.0,0.0001520479709142819,0.0001520479709142819,intrinsic
0,131,0.0,0.0001529432920506224,0.0001529432920506224,intrinsic
0,132,0.0,0.00015413417713716626,0.00015413417713716626,intrinsic
0,133,0.0,0.00015451142098754644,0.00015451142098754644,intrinsic
0,134,0.0,0.00015514918777626008,0.00015514918777626008,intrinsic
0,135,0.0,0.00015537117724306881,0.00015537117724306881,intrinsic
0,136,0.0,0.00016261839482467622,0.00016261839482467622,intrinsic
0,137,0.0,0.00016681873239576817,0.00016681873239576817,intrinsic
0,138,0.0,0.00016799051081761718,0.00016799051081761718,intrinsic
0,139,0.0,0.00016878604947123677,0.00016878604947123677,intrinsic
0,140,0.0,0.0001688561897026375,0.0001688561897026375,intrinsic
0,141,0.0,0.0001694697275524959,0.0001694697275524959,intrinsic
0,142,0.0,0.00017013838805723935,0.00017013838805723935,intrinsic
0,143,0.0,0.0001709760690573603,0.0001709760690573603,intrinsic
0,144,0.0,0.00017151405336335301,0.00017151405336335301,intrinsic
0,145,0.0,0.0001715363614493981,0.0001715363614493981,intrinsic
0,146,0.0,0.0001719503488857299,0.0001719503488857299,intrinsic
0,147,0.0,0.00017674770788289607,0.00017674770788289607,intrinsic
0,148,0.0,0.0001774524134816602,0.0001774524134816602,intrinsic
0,149,0.0,0.00018296703638043255,0.00018296703638043255,intrinsic
0,150,0.0,0.00018320501840207726,0.00018320501840207726,intrinsic
0,151,0.0,0.00018465251196175814,0.00018465251196175814,intrinsic
0,152,0.0,0.00018466789333615452,0.00018466789333615452,intrinsic
0,153,0.0,0.0001881646749097854,0.0001881646749097854,intrinsic
0,154,0.0,0.00019028779934160411,0.00019028779934160411,intrinsic
0,155,0.0,0.00019053665164392442,0.00019053665164392442,intrinsic
0,156,0.0,0.0001920022623380646,0.0001920022623380646,intrinsic
0,157,0.0,0.00019261326815467328,0.00019261326815467328,intrinsic
0,158,0.0,0.00019429980602581054,0.00019429980602581054,intrinsic
0,159,0.0,0.00019478937610983849,0.00019478937610983849,intrinsic
0,160,0.0,0.00019540857465472072,0.00019540857465472072,intrinsic
0,161,0.0,0.00019704047008417547,0.00019704047008417547,intrinsic
0,162,0.0,0.00019714767404366285,0.00019714767404366285,intrinsic
0,163,0.0,0.00019777055422309786,0.00019777055422309786,intrinsic
0,164,0.0,0.00019989768043160439,0.00019989768043160439,intrinsic
0,165,0.0,0.00020314540597610176,0.00020314540597610176,intrinsic
0,166,0.0,0.000203469637199305,0.000203469637199305,intrinsic
0,167,0.0,0.00020407908596098423,0.00020407908596098423,intrinsic
0,168,0.0,0.00020569446496665478,0.00020569446496665478,intrinsic
0,169,0.0,0.00020679342560470104,0.00020679342560470104,intrinsic
0,170,0.0,0.00020745286019518971,0.00020745286019518971,intrinsic
0,171,0.0,0.00020974101789761335,0.00020974101789761335,intrinsic
0,172,0.0,0.00021179702889639884,0.00021179702889639884,intrinsic
0,173,0.0,0.0002149467181880027,0.0002149467181880027,intrinsic
0,174,0.0,0.00021560164168477058,0.00021560164168477058,intrinsic
0,175,0.0,0.00021784036653116345,0.00021784036653116345,intrinsic
0,176,0.0,0.0002294595178682357,0.0002294595178682357,intrinsic
0,177,0.0,0.00023036100901663303,0.00023036100901663303,intrinsic
0,178,0.0,0.00023191403306555003,0.00023191403306555003,intrinsic
0,179,0.0,0.00023338946630246937,0.00023338946630246937,intrinsic
0,180,0.0,0.00023408829292748123,0.00023408829292748123,intrinsic
0,181,0.0,0.00023685224005021155,0.00023685224005021155,intrinsic
0,182,0.0,0.0002372831222601235,0.0002372831222601235,intrinsic
0,183,0.0,0.00023944828717503697,0.00023944828717503697,intrinsic
0,184,0.0,0.00023959099780768156,0.00023959099780768156,intrinsic
0,185,0.0,0.0002426190912956372,0.0002426190912956372,intrinsic
0,186,0.0,0.00024383679556194693,0.00024383679556194693,intrinsic
0,187,0.0,0.00024401332484558225,0.00024401332484558225,intrinsic
0,188,0.0,0.0002449358580633998,0.0002449358580633998,intrinsic
0,189,0.0,0.00024590364773757756,0.00024590364773757756,intrinsic
0,190,0.0,0.00024699923233129084,0.00024699923233129084,intrinsic
0,191,0.0,0.00024732164456509054,0.00024732164456509054,intrinsic
0,192,0.0,0.00024736058549024165,0.00024736058549024165,intrinsic
0,193,0.0,0.00024812662741169333,0.00024812662741169333,intrinsic
0,194,0.0,0.00024926153128035367,0.00024926153128035367,intrinsic
0,195,0.0,0.0002493156644050032,0.0002493156644050032,intrinsic
0,196,0.0,0.000250409881118685,0.000250409881118685,intrinsic
0,197,0.0,0.00025363583699800074,0.00025363583699800074,intrinsic
0,198,0.0,0.0002537184627726674,0.0002537184627726674,intrinsic
0,199,0.0,0.0002571709337644279,0.0002571709337644279,intrinsic
0,200,0.0,0.00025805356563068926,0.00025805356563068926,intrinsic
0,201,0.0,0.00026260013692080975,0.00026260013692080975,intrinsic
0,202,0.0,0.0002676660951692611,0.0002676660951692611,intrinsic
0,203,0.0,0.00026796021847985685,0.00026796021847985685,intrinsic
0,204,0.0,0.00026835594326257706,0.00026835594326257706,intrinsic
0,205,0.0,0.0002689737593755126,0.0002689737593755126,intrinsic
0,206,0.0,0.0002732359280344099,0.0002732359280344099,intrinsic
0,207,0.0,0.00027648929972201586,0.00027648929972201586,intrinsic
0,208,0.0,0.00027890680939890444,0.00027890680939890444,intrinsic
0,209,0.0,0.0002791622537188232,0.0002791622537188232,intrinsic
0,210,0.0,0.0002809082216117531,0.0002809082216117531,intrinsic
0,211,0.0,0.00028159571229480207,0.00028159571229480207,intrinsic
0,212,0.0,0.0002841296955011785,0.0002841296955011785,intrinsic
0,213,0.0,0.00028565284446813166,0.00028565284446813166,intrinsic
0,214,0.0,0.0002865071874111891,0.0002865071874111891,intrinsic
0,215,0.0,0.00028758205007761717,0.00028758205007761717,intrinsic
0,216,0.0,0.0002886664879042655,0.0002886664879042655,intrinsic
0,217,0.0,0.00028923654463142157,0.00028923654463142157,intrinsic
0,218,0.0,0.00029102317057549953,0.00029102317057549953,intrinsic
0,219,0.0,0.00029156249365769327,0.00029156249365769327,intrinsic
0,220,0.0,0.00029282658942975104,0.00029282658942975104,intrinsic
0,221,0.0,0.00029370709671638906,0.00029370709671638906,intrinsic
0,222,0.0,0.0002963017323054373,0.0002963017323054373,intrinsic
0,223,0.0,0.000296796701150015,0.000296796701150015,intrinsic
0,224,0.0,0.0002968109038192779,0.0002968109038192779,intrinsic
0,225,0.0,0.000298692291835323,0.000298692291835323,intrinsic
0,226,0.0,0.00029920486849732697,0.00029920486849732697,intrinsic
0,227,0.0,0.0002992127265315503,0.0002992127265315503,intrinsic
0,228,0.0,0.0002997584524564445,0.0002997584524564445,intrinsic
0,229,0.0,0.0003010920190718025,0.0003010920190718025,intrinsic
0,230,0.0,0.00030120808514766395,0.00030120808514766395,intrinsic
0,231,0.0,0.0003028016653843224,0.0003028016653843224,intrinsic
0,232,0.0,0.0003064381889998913,0.0003064381889998913,intrinsic
0,233,0.0,0.00030666598468087614,0.00030666598468087614,intrinsic
0,234,0.0,0.00030704872915521264,0.00030704872915521264,intrinsic
0,235,0.0,0.00030722792143933475,0.00030722792143933475,intrinsic
0,236,0.0,0.00030904129380360246,0.00030904129380360246,intrinsic
0,237,0.0,0.0003106326039414853,0.0003106326039414853,intrinsic
0,238,0.0,0.0003153026627842337,0.0003153026627842337,intrinsic
0,239,0.0,0.00031713119824416935,0.00031713119824416935,intrinsic
0,240,0.0,0.00031970185227692127,0.00031970185227692127,intrinsic
0,241,0.0,0.00032001195359043777,0.00032001195359043777,intrinsic
0,242,0.0,0.0003210848371963948,0.0003210848371963948,intrinsic
0,243,0.0,0.00032297722646035254,0.00032297722646035254,intrinsic
0,244,0.0,0.000325677334330976,0.000325677334330976,intrinsic
0,245,0.0,0.0003275386116001755,0.0003275386116001755,intrinsic
0,246,0.0,0.00032783555798232555,0.00032783555798232555,intrinsic
0,247,0.0,0.0003283507830929011,0.0003283507830929011,intrinsic
0,248,0.0,0.00033399471431039274,0.00033399471431039274,intrinsic
0,249,0.0,0.0003347263264004141,0.0003347263264004141,intrinsic
0,250,0.0,0.00033518834970891476,0.00033518834970891476,intrinsic
0,251,0.0,0.00033611204707995057,0.00033611204707995057,intrinsic
0,252,0.0,0.0003388410550542176,0.0003388410550542176,intrinsic
0,253,0.0,0.0003397676337044686,0.0003397676337044686,intrinsic
0,254,0.0,0.00034086263622157276,0.00034086263622157276,intrinsic
0,255,0.0,0.0003410899080336094,0.0003410899080336094,intrinsic
0,256,0.0,0.00034124511876143515,0.00034124511876143515,intrinsic
0,257,0.0,0.0003413993399590254,0.0003413993399590254,intrinsic
0,258,0.0,0.0003414289385545999,0.0003414289385545999,intrinsic
0,259,0.0,0.0003415879618842155,0.0003415879618842155,intrinsic
0,260,0.0,0.0003480635059531778,0.0003480635059531778,intrinsic
0,261,0.0,0.00034874779521487653,0.00034874779521487653,intrinsic
0,262,0.0,0.00035203565494157374,0.00035203565494157374,intrinsic
0,263,0.0,0.00035235084942542017,0.00035235084942542017,intrinsic
0,264,0.0,0.00035469557042233646,0.00035469557042233646,intrinsic
0,265,0.0,0.0003606886020861566,0.0003606886020861566,intrinsic
0,266,0.0,0.00036550284130498767,0.00036550284130498767,intrinsic
0,267,0.0,0.0003671438025776297,0.0003671438025776297,intrinsic
0,268,0.0,0.0003674305335152894,0.0003674305335152894,intrinsic
0,269,0.0,0.00036747835110872984,0.00036747835110872984,intrinsic
0,270,0.0,0.0003674990439321846,0.0003674990439321846,intrinsic
0,271,0.0,0.0003704832342918962,0.0003704832342918962,intrinsic
0,272,0.0,0.0003725837741512805,0.0003725837741512805,intrinsic
0,273,0.0,0.0003780558181460947,0.0003780558181460947,intrinsic
0,274,0.0,0.0003811910573858768,0.0003811910573858768,intrinsic
0,275,0.0,0.00038225241587497294,0.00038225241587497294,intrinsic
0,276,0.0,0.00038270014920271933,0.00038270014920271933,intrinsic
0,277,0.0,0.0003860699071083218,0.0003860699071083218,intrinsic
0,278,0.0,0.0003870366490446031,0.0003870366490446031,intrinsic
0,279,0.0,0.000387523410608992,0.000387523410608992,intrinsic
0,280,0.0,0.00038972293259575963,0.00038972293259575963,intrinsic
0,281,0.0,0.0003912723914254457,0.0003912723914254457,intrinsic
0,282,0.0,0.00039707968244329095,0.00039707968244329095,intrinsic
0,283,0.0,0.0004032657016068697,0.0004032657016068697,intrinsic
0,284,0.0,0.00040663545951247215,0.00040663545951247215,intrinsic
0,285,0.0,0.0004087638226337731,0.0004087638226337731,intrinsic
0,286,0.0,0.00041188031900674105,0.00041188031900674105,intrinsic
0,287,0.0,0.00041455382597632706,0.00041455382597632706,intrinsic
0,288,0.0,0.000415681948652491,0.000415681948652491,intrinsic
0,289,0.0,0.00041717023123055696,0.00041717023123055696,intrinsic
0,290,0.0,0.00041762652108445764,0.00041762652108445764,intrinsic
0,291,0.0,0.00041781182517297566,0.00041781182517297566,intrinsic
0,292,0.0,0.0004180245741736144,0.0004180245741736144,intrinsic
0,293,0.0,0.0004190847685094923,0.0004190847685094923,intrinsic
0,294,0.0,0.0004199062241241336,0.0004199062241241336,intrinsic
0,295,0.0,0.00042111639049835503,0.00042111639049835503,intrinsic
0,296,0.0,0.0004212495405226946,0.0004212495405226946,intrinsic
0,297,0.0,0.00042264212970621884,0.00042264212970621884,intrinsic
0,298,0.0,0.0004246598109602928,0.0004246598109602928,intrinsic
0,299,0.0,0.0004261826688889414,0.0004261826688889414,intrinsic
0,300,0.0,0.00042676451266743243,0.00042676451266743243,intrinsic
0,301,0.0,0.0004273603844922036,0.0004273603844922036,intrinsic
0,302,0.0,0.00042801001109182835,0.00042801001109182835,intrinsic
0,303,0.0,0.000428855128120631,0.000428855128120631,intrinsic
0,304,0.0,0.000431716995080933,0.000431716995080933,intrinsic
0,305,0.0,0.00043758086394518614,0.00043758086394518614,intrinsic
0,306,0.0,0.00043963579810224473,0.00043963579810224473,intrinsic
0,307,0.0,0.00044186331797391176,0.00044186331797391176,intrinsic
0,308,0.0,0.00044407640234567225,0.00044407640234567225,intrinsic
0,309,0.0,0.00044702025479637086,0.00044702025479637086,intrinsic
0,310,0.0,0.00044810445979237556,0.00044810445979237556,intrinsic
0,311,0.0,0.0004484559176489711,0.0004484559176489711,intrinsic
0,312,0.0,0.0004497698100749403,0.0004497698100749403,intrinsic
0,313,0.0,0.0004543028480838984,0.0004543028480838984,intrinsic
0,314,0.0,0.0004561275418382138,0.0004561275418382138,intrinsic
0,315,0.0,0.00045842936378903687,0.00045842936378903687,intrinsic
0,316,0.0,0.0004597668594215065,0.0004597668594215065,intrinsic
0,317,0.0,0.0004651482158806175,0.0004651482158806175,intrinsic
0,318,0.0,0.0004667576286010444,0.0004667576286010444,intrinsic
0,319,0.0,0.00047070940490812063,0.00047070940490812063,intrinsic
0,320,0.0,0.000470795581350103,0.000470795581350103,intrinsic
0,321,0.0,0.0004712166264653206,0.0004712166264653206,intrinsic
0,322,0.0,0.0004725517355836928,0.0004725517355836928,intrinsic
0,323,0.0,0.0004738267161883414,0.0004738267161883414,intrinsic
0,324,0.0,0.00047393489512614906,0.00047393489512614906,intrinsic
0,325,0.0,0.00047474581515416503,0.00047474581515416503,intrinsic
0,326,0.0,0.00047566540888510644,0.00047566540888510644,intrinsic
0,327,0.0,0.0004763155593536794,0.0004763155593536794,intrinsic
0,328,0.0,0.00047661608550697565,0.00047661608550697565,intrinsic
0,329,0.0,0.00047967027057893574,0.00047967027057893574,intrinsic
0,330,0.0,0.00047995467321015894,0.00047995467321015894,intrinsic
0,331,0.0,0.00048139237333089113,0.00048139237333089113,intrinsic
0,332,0.0,0.00048502194113098085,0.00048502194113098085,intrinsic
0,333,0.0,0.0004851296835113317,0.0004851296835113317,intrinsic
0,334,0.0,0.00048527392209507525,0.00048527392209507525,intrinsic
0,335,0.0,0.000486117962282151,0.000486117962282151,intrinsic
0,336,0.0,0.0004888169933110476,0.0004888169933110476,intrinsic
0,337,0.0,0.0004981173551641405,0.0004981173551641405,intrinsic
0,338,0.0,0.0005002950201742351,0.0005002950201742351,intrinsic
0,339,0.0,0.0005030524334870279,0.0005030524334870279,intrinsic
0,340,0.0,0.0005042839329689741,0.0005042839329689741,intrinsic
0,341,0.0,0.0005047890590503812,0.0005047890590503812,intrinsic
0,342,0.0,0.0005092474748380482,0.0005092474748380482,intrinsic
0,343,0.0,0.000511977297719568,0.000511977297719568,intrinsic
0,344,0.0,0.0005122049478814006,0.0005122049478814006,intrinsic
0,345,0.0,0.0005160993314348161,0.0005160993314348161,intrinsic
0,346,0.0,0.000516776810400188,0.000516776810400188,intrinsic
0,347,0.0,0.0005219143349677324,0.0005219143349677324,intrinsic
0,348,0.0,0.0005224634078331292,0.0005224634078331292,intrinsic
0,349,0.0,0.0005262994091026485,0.0005262994091026485,intrinsic
0,350,0.0,0.0005269511020742357,0.0005269511020742357,intrinsic
0,351,0.0,0.0005278899916447699,0.0005278899916447699,intrinsic
0,352,0.0,0.000530343153513968,0.000530343153513968,intrinsic
0,353,0.0,0.000532505742739886,0.000532505742739886,intrinsic
0,354,0.0,0.000533301557879895,0.000533301557879895,intrinsic
0,355,0.0,0.0005338262999430299,0.0005338262999430299,intrinsic
0,356,0.0,0.0005339789786376059,0.0005339789786376059,intrinsic
0,357,0.0,0.0005415375344455242,0.0005415375344455242,intrinsic
0,358,0.0,0.0005431945901364088,0.0005431945901364088,intrinsic
0,359,0.0,0.000543635047506541,0.000543635047506541,intrinsic
0,360,0.0,0.0005459276726469398,0.0005459276726469398,intrinsic
0,361,0.0,0.000547675066627562,0.000547675066627562,intrinsic
0,362,0.0,0.000549911055713892,0.000549911055713892,intrinsic
0,363,0.0,0.0005516287055797875,0.0005516287055797875,intrinsic
0,364,0.0,0.0005535233649425209,0.0005535233649425209,intrinsic
0,365,0.0,0.0005581736913882196,0.0005581736913882196,intrinsic
0,366,0.0,0.000558397441636771,0.000558397441636771,intrinsic
0,367,0.0,0.0005599264986813068,0.0005599264986813068,intrinsic
0,368,0.0,0.0005601007724180818,0.0005601007724180818,intrinsic
0,369,0.0,0.0005624141194857657,0.0005624141194857657,intrinsic
0,370,0.0,0.0005631574313156307,0.0005631574313156307,intrinsic
0,371,0.0,0.0005652254330925643,0.0005652254330925643,intrinsic
0,372,0.0,0.000568116083741188,0.000568116083741188,intrinsic
0,373,0.0,0.0005702445632778108,0.0005702445632778108,intrinsic
0,374,0.0,0.0005778096383437514,0.0005778096383437514,intrinsic
0,375,0.0,0.0005793362506665289,0.0005793362506665289,intrinsic
0,376,0.0,0.0005798068013973534,0.0005798068013973534,intrinsic
0,377,0.0,0.000580036488827318,0.000580036488827318,intrinsic
0,378,0.0,0.0005838412325829268,0.0005838412325829268,intrinsic
0,379,0.0,0.0005838557844981551,0.0005838557844981551,intrinsic
0,380,0.0,0.00058399373665452,0.00058399373665452,intrinsic
0,381,0.0,0.0005842346581630409,0.0005842346581630409,intrinsic
0,382,0.0,0.0005861835088580847,0.0005861835088580847,intrinsic
0,383,0.0,0.0005949936457909644,0.0005949936457909644,intrinsic
0,384,0.0,0.0005952605861239135,0.0005952605861239135,intrinsic
0,385,0.0,0.0006065451307222247,0.0006065451307222247,intrinsic
0,386,0.0,0.0006082791951484978,0.0006082791951484978,intrinsic
0,387,0.0,0.0006089760572649539,0.0006089760572649539,intrinsic
0,388,0.0,0.0006134405266493559,0.0006134405266493559,intrinsic
0,389,0.0,0.0006140927434898913,0.0006140927434898913,intrinsic
0,390,0.0,0.0006149813416413963,0.0006149813416413963,intrinsic
0,391,0.0,0.000616308068856597,0.000616308068856597,intrinsic
0,392,0.0,0.0006181354401633143,0.0006181354401633143,intrinsic
0,393,0.0,0.0006202136864885688,0.0006202136864885688,intrinsic
0,394,0.0,0.0006225496763363481,0.0006225496763363481,intrinsic
0,395,0.0,0.0006227617850527167,0.0006227617850527167,intrinsic
0,396,0.0,0.0006237405468709767,0.0006237405468709767,intrinsic
0,397,0.0,0.000627366651315242,0.000627366651315242,intrinsic
0,398,0.0,0.0006317634251900017,0.0006317634251900017,intrinsic
0,399,0.0,0.0006324068526737392,0.0006324068526737392,intrinsic
0,400,0.0,0.0006331905024126172,0.0006331905024126172,intrinsic
0,401,0.0,0.0006336139049381018,0.0006336139049381018,intrinsic
0,402,0.0,0.0006350287003442645,0.0006350287003442645,intrinsic
0,403,0.0,0.0006363276625052094,0.0006363276625052094,intrinsic
0,404,0.0,0.0006373859359882772,0.0006373859359882772,intrinsic
0,405,0.0,0.0006392210489138961,0.0006392210489138961,intrinsic
0,406,0.0,0.0006392417708411813,0.0006392417708411813,intrinsic
0,407,0.0,0.0006402423023246229,0.0006402423023246229,intrinsic
0,408,0.0,0.0006408108747564256,0.0006408108747564256,intrinsic
0,409,0.0,0.0006416576798073947,0.0006416576798073947,intrinsic
0,410,0.0,0.0006437706761062145,0.0006437706761062145,intrinsic
0,411,0.0,0.0006452236557379365,0.0006452236557379365,intrinsic
0,412,0.0,0.0006510422099381685,0.0006510422099381685,intrinsic
0,413,0.0,0.000652178714517504,0.000652178714517504,intrinsic
0,414,0.0,0.0006524665514007211,0.0006524665514007211,intrinsic
0,415,0.0,0.0006541774491779506,0.0006541774491779506,intrinsic
0,416,0.0,0.0006692542228847742,0.0006692542228847742,intrinsic
0,417,0.0,0.0006748063024133444,0.0006748063024133444,intrinsic
0,418,0.0,0.0006762590492144227,0.0006762590492144227,intrinsic
0,419,0.0,0.0006812929059378803,0.0006812929059378803,intrinsic
0,420,0.0,0.0006833976949565113,0.0006833976949565113,intrinsic
0,421,0.0,0.0006881566951051354,0.0006881566951051354,intrinsic
0,422,0.0,0.0006889073993079364,0.0006889073993079364,intrinsic
0,423,0.0,0.0006918589351698756,0.0006918589351698756,intrinsic
0,424,0.0,0.0007006143569014966,0.0007006143569014966,intrinsic
0,425,0.0,0.0007024335209280252,0.0007024335209280252,intrinsic
0,426,0.0,0.0007025452796369791,0.0007025452796369791,intrinsic
0,427,0.0,0.0007044175872579217,0.0007044175872579217,intrinsic
0,428,0.0,0.0007086218683980405,0.0007086218683980405,intrinsic
0,429,0.0,0.0007127622957341373,0.0007127622957341373,intrinsic
0,430,0.0,0.0007153904880397022,0.0007153904880397022,intrinsic
0,431,0.0,0.0007156454375945032,0.0007156454375945032,intrinsic
0,432,0.0,0.0007177777588367462,0.0007177777588367462,intrinsic
0,433,0.0,0.0007182842819020152,0.0007182842819020152,intrinsic
0,434,0.0,0.0007203796994872391,0.0007203796994872391,intrinsic
0,435,0.0,0.0007206363952718675,0.0007206363952718675,intrinsic
0,436,0.0,0.0007213234785012901,0.0007213234785012901,intrinsic
0,437,0.0,0.0007227595779113472,0.0007227595779113472,intrinsic
0,438,0.0,0.0007287319167517126,0.0007287319167517126,intrinsic
0,439,0.0,0.0007312407833524048,0.0007312407833524048,intrinsic
0,440,0.0,0.0007330672815442085,0.0007330672815442085,intrinsic
0,441,0.0,0.0007346629863604903,0.0007346629863604903,intrinsic
0,442,0.0,0.0007363405311480165,0.0007363405311480165,intrinsic
0,443,0.0,0.0007444617804139853,0.0007444617804139853,intrinsic
0,444,0.0,0.0007447935058735311,0.0007447935058735311,intrinsic
0,445,0.0,0.0007523813983425498,0.0007523813983425498,intrinsic
0,446,0.0,0.0007527250563725829,0.0007527250563725829,intrinsic
0,447,0.0,0.00075297657167539,0.00075297657167539,intrinsic
0,448,0.0,0.0007546619744971395,0.0007546619744971395,intrinsic
0,449,0.0,0.0007577147916890681,0.0007577147916890681,intrinsic
0,450,0.0,0.0007612385670654476,0.0007612385670654476,intrinsic
0,451,0.0,0.0007614581845700741,0.0007614581845700741,intrinsic
0,452,0.0,0.0007668822072446346,0.0007668822072446346,intrinsic
0,453,0.0,0.0007689824560657144,0.0007689824560657144,intrinsic
0,454,0.0,0.0007729450007900596,0.0007729450007900596,intrinsic
0,455,0.0,0.0007733496022410691,0.0007733496022410691,intrinsic
0,456,0.0,0.0007777573191560805,0.0007777573191560805,intrinsic
0,457,0.0,0.0007806094363331795,0.0007806094363331795,intrinsic
0,458,0.0,0.0007806700305081904,0.0007806700305081904,intrinsic
0,459,0.0,0.0007841927581466734,0.0007841927581466734,intrinsic
0,460,0.0,0.0007903210935182869,0.0007903210935182869,intrinsic
0,461,0.0,0.000794998137280345,0.000794998137280345,intrinsic
0,462,0.0,0.0007951845182105899,0.0007951845182105899,intrinsic
0,463,0.0,0.0007979415240697563,0.0007979415240697563,intrinsic
0,464,0.0,0.0007982643437571824,0.0007982643437571824,intrinsic
0,465,0.0,0.0008011124446056783,0.0008011124446056783,intrinsic
0,466,0.0,0.0008054943755269051,0.0008054943755269051,intrinsic
0,467,0.0,0.0008058244711719453,0.0008058244711719453,intrinsic
0,468,0.0,0.000809329270850867,0.000809329270850867,intrinsic
0,469,0.0,0.0008106984896585345,0.0008106984896585345,intrinsic
0,470,0.0,0.0008113110670819879,0.0008113110670819879,intrinsic
0,471,0.0,0.0008113504736684263,0.0008113504736684263,intrinsic
0,472,0.0,0.0008119465201161802,0.0008119465201161802,intrinsic
0,473,0.0,0.0008132929215207696,0.0008132929215207696,intrinsic
0,474,0.0,0.0008171501103788614,0.0008171501103788614,intrinsic
0,475,0.0,0.0008178550633601844,0.0008178550633601844,intrinsic
0,476,0.0,0.0008206595666706562,0.0008206595666706562,intrinsic
0,477,0.0,0.0008257697918452322,0.0008257697918452322,intrinsic
0,478,0.0,0.0008273956482298672,0.0008273956482298672,intrinsic
0,479,0.0,0.0008345252717845142,0.0008345252717845142,intrinsic
0,480,0.0,0.0008372782613150775,0.0008372782613150775,intrinsic
0,481,0.0,0.0008390772272832692,0.0008390772272832692,intrinsic
0,482,0.0,0.0008406333508901298,0.0008406333508901298,intrinsic
0,483,0.0,0.0008473274065181613,0.0008473274065181613,intrinsic
0,484,0.0,0.0008526346064172685,0.0008526346064172685,intrinsic
0,485,0.0,0.0008595883846282959,0.0008595883846282959,intrinsic
0,486,0.0,0.0008606938063167036,0.0008606938063167036,intrinsic
0,487,0.0,0.0008713516872376204,0.0008713516872376204,intrinsic
0,488,0.0,0.0008735971059650183,0.0008735971059650183,intrinsic
0,489,0.0,0.0008738694014027715,0.0008738694014027715,intrinsic
0,490,0.0,0.0008755832095630467,0.0008755832095630467,intrinsic
0,491,0.0,0.0008772506262175739,0.0008772506262175739,intrinsic
0,492,0.0,0.0008783178636804223,0.0008783178636804223,intrinsic
0,493,0.0,0.0008804103126749396,0.0008804103126749396,intrinsic
0,494,0.0,0.0008824389660730958,0.0008824389660730958,intrinsic
0,495,0.0,0.0008850364247336984,0.0008850364247336984,intrinsic
0,496,0.0,0.0008885101997293532,0.0008885101997293532,intrinsic
0,497,0.0,0.0008942749700509012,0.0008942749700509012,intrinsic
0,498,0.0,0.0008995612151920795,0.0008995612151920795,intrinsic
0,499,0.0,0.000901299063116312,0.000901299063116312,intrinsic
0,500,0.0,0.0009087636135518551,0.0009087636135518551,intrinsic
0,501,0.0,0.0009144555078819394,0.0009144555078819394,intrinsic
0,502,0.0,0.0009289379231631756,0.0009289379231631756,intrinsic
0,503,0.0,0.0009298945660702884,0.0009298945660702884,intrinsic
0,504,0.0,0.0009362444397993386,0.0009362444397993386,intrinsic
0,505,0.0,0.0009398834081366658,0.0009398834081366658,intrinsic
0,506,0.0,0.000939912220928818,0.000939912220928818,intrinsic
0,507,0.0,0.0009470548829995096,0.0009470548829995096,intrinsic
0,508,0.0,0.0009509947267360985,0.0009509947267360985,intrinsic
0,509,0.0,0.000951822497881949,0.000951822497881949,intrinsic
0,510,0.0,0.0009532228577882051,0.0009532228577882051,intrinsic
0,511,0.0,0.0009568023961037397,0.0009568023961037397,intrinsic
0,512,0.0,0.0009582532802596688,0.0009582532802596688,intrinsic
0,513,0.0,0.0009593500290066004,0.0009593500290066004,intrinsic
0,514,0.0,0.000975055736489594,0.000975055736489594,intrinsic
0,515,0.0,0.0009755560895428061,0.0009755560895428061,intrinsic
0,516,0.0,0.0009758634842000902,0.0009758634842000902,intrinsic
0,517,0.0,0.0009830980561673641,0.0009830980561673641,intrinsic
0,518,0.0,0.0009870044887065887,0.0009870044887065887,intrinsic
0,519,0.0,0.0009870738722383976,0.0009870738722383976,intrinsic
0,520,0.0,0.0009892116067931056,0.0009892116067931056,intrinsic
0,521,0.0,0.000991098117083311,0.000991098117083311,intrinsic
0,522,0.0,0.0009975251741707325,0.0009975251741707325,intrinsic
0,523,0.0,0.0009986464865505695,0.0009986464865505695,intrinsic
0,524,0.0,0.0010050300043076277,0.0010050300043076277,intrinsic
0,525,0.0,0.0010109904687851667,0.0010109904687851667,intrinsic
0,526,0.0,0.001011875574477017,0.001011875574477017,intrinsic
0,527,0.0,0.0010132058523595333,0.0010132058523595333,intrinsic
0,528,0.0,0.0010167297441512346,0.0010167297441512346,intrinsic
0,529,0.0,0.0010185240535065532,0.0010185240535065532,intrinsic
0,530,0.0,0.0010232428321614861,0.0010232428321614861,intrinsic
0,531,0.0,0.0010244353907182813,0.0010244353907182813,intrinsic
0,532,0.0,0.0010246310848742723,0.0010246310848742723,intrinsic
0,533,0.0,0.0010256716050207615,0.0010256716050207615,intrinsic
0,534,0.0,0.001025895937345922,0.001025895937345922,intrinsic
0,535,0.0,0.00103695725556463,0.00103695725556463,intrinsic
0,536,0.0,0.0010387407382950187,0.0010387407382950187,intrinsic
0,537,0.0,0.001039740163832903,0.001039740163832903,intrinsic
0,538,0.0,0.001043975236825645,0.001043975236825645,intrinsic
0,539,0.0,0.0010462988866493106,0.0010462988866493106,intrinsic
0,540,0.0,0.0010488490806892514,0.0010488490806892514,intrinsic
0,541,0.0,0.0010506699327379465,0.0010506699327379465,intrinsic
0,542,0.0,0.0010576877975836396,0.0010576877975836396,intrinsic
0,543,0.0,0.0010661632986739278,0.0010661632986739278,intrinsic
0,544,0.0,0.0010687237372621894,0.0010687237372621894,intrinsic
0,545,0.0,0.001069017918780446,0.001069017918780446,intrinsic
0,546,0.0,0.0010751293739303946,0.0010751293739303946,intrinsic
0,547,0.0,0.001076108543202281,0.001076108543202281,intrinsic
0,548,0.0,0.0010762620950117707,0.0010762620950117707,intrinsic
0,549,0.0,0.001080389367416501,0.001080389367416501,intrinsic
0,550,0.0,0.0010831065010279417,0.0010831065010279417,intrinsic
0,551,0.0,0.0010853023268282413,0.0010853023268282413,intrinsic
0,552,0.0,0.001092391088604927,0.001092391088604927,intrinsic
0,553,0.0,0.0011009573936462402,0.0011009573936462402,intrinsic
0,554,0.0,0.001105676987208426,0.001105676987208426,intrinsic
0,555,0.0,0.0011078007519245148,0.0011078007519245148,intrinsic
0,556,0.0,0.0011098706163465977,0.0011098706163465977,intrinsic
0,557,0.0,0.0011276566656306386,0.0011276566656306386,intrinsic
0,558,0.0,0.0011373608140274882,0.0011373608140274882,intrinsic
0,559,0.0,0.0011459040688350797,0.0011459040688350797,intrinsic
0,560,0.0,0.0011498827952891588,0.0011498827952891588,intrinsic
0,561,0.0,0.0011553565273061395,0.0011553565273061395,intrinsic
0,562,0.0,0.0011577472323551774,0.0011577472323551774,intrinsic
0,563,0.0,0.001163038075901568,0.001163038075901568,intrinsic
0,564,0.0,0.0011651408858597279,0.0011651408858597279,intrinsic
0,565,0.0,0.0011664085322991014,0.0011664085322991014,intrinsic
0,566,0.0,0.0011664495104923844,0.0011664495104923844,intrinsic
0,567,0.0,0.001170768984593451,0.001170768984593451,intrinsic
0,568,0.0,0.0011712552513927221,0.0011712552513927221,intrinsic
0,569,0.0,0.0011737520107999444,0.0011737520107999444,intrinsic
0,570,0.0,0.0011744428193196654,0.0011744428193196654,intrinsic
0,571,0.0,0.0011768356198444963,0.0011768356198444963,intrinsic
0,572,0.0,0.0011775437742471695,0.0011775437742471695,intrinsic
0,573,0.0,0.0011815741891041398,0.0011815741891041398,intrinsic
0,574,0.0,0.0011855908669531345,0.0011855908669531345,intrinsic
0,575,0.0,0.0011962322751060128,0.0011962322751060128,intrinsic
0,576,0.0,0.0011973129585385323,0.0011973129585385323,intrinsic
0,577,0.0,0.001204690313898027,0.001204690313898027,intrinsic
0,578,0.0,0.001212476403452456,0.001212476403452456,intrinsic
0,579,0.0,0.001216131029650569,0.001216131029650569,intrinsic
0,580,0.0,0.001220882055349648,0.001220882055349648,intrinsic
0,581,0.0,0.0012392709031701088,0.0012392709031701088,intrinsic
0,582,0.0,0.0012407146859914064,0.0012407146859914064,intrinsic
0,583,0.0,0.001241514110006392,0.001241514110006392,intrinsic
0,584,0.0,0.0012603283394128084,0.0012603283394128084,intrinsic
0,585,0.0,0.0012691288720816374,0.0012691288720816374,intrinsic
0,586,0.0,0.001272830879315734,0.001272830879315734,intrinsic
0,587,0.0,0.0012842293363064528,0.0012842293363064528,intrinsic
0,588,0.0,0.0012878631241619587,0.0012878631241619587,intrinsic
0,589,0.0,0.0012925571063533425,0.0012925571063533425,intrinsic
0,590,0.0,0.0013046665117144585,0.0013046665117144585,intrinsic
0,591,0.0,0.001307429512962699,0.001307429512962699,intrinsic
0,592,0.0,0.001308259554207325,0.001308259554207325,intrinsic
0,593,0.0,0.0013145008124411106,0.0013145008124411106,intrinsic
0,594,0.0,0.0013202439295127988,0.0013202439295127988,intrinsic
0,595,0.0,0.0013341312296688557,0.0013341312296688557,intrinsic
0,596,0.0,0.0013399594463407993,0.0013399594463407993,intrinsic
0,597,0.0,0.001342285075224936,0.001342285075224936,intrinsic
0,598,0.0,0.0013444132637232542,0.0013444132637232542,intrinsic
0,599,0.0,0.0013445646036416292,0.0013445646036416292,intrinsic
0,600,0.0,0.0013549568830057979,0.0013549568830057979,intrinsic
0,601,0.0,0.001359820831567049,0.001359820831567049,intrinsic
0,602,0.0,0.0013605408603325486,0.0013605408603325486,intrinsic
0,603,0.0,0.0013610462192445993,0.0013610462192445993,intrinsic
0,604,0.0,0.0013653329806402326,0.0013653329806402326,intrinsic
0,605,0.0,0.0013656929368153214,0.0013656929368153214,intrinsic
0,606,0.0,0.0013689069310203195,0.0013689069310203195,intrinsic
0,607,0.0,0.0013693260261788964,0.0013693260261788964,intrinsic
0,608,0.0,0.0013814009726047516,0.0013814009726047516,intrinsic
0,609,0.0,0.0013856863370165229,0.0013856863370165229,intrinsic
0,610,0.0,0.0013863007770851254,0.0013863007770851254,intrinsic
0,611,0.0,0.0013899587793275714,0.0013899587793275714,intrinsic
0,612,0.0,0.0013919949997216463,0.0013919949997216463,intrinsic
0,613,0.0,0.0013945599785074592,0.0013945599785074592,intrinsic
0,614,0.0,0.0014003501273691654,0.0014003501273691654,intrinsic
0,615,0.0,0.001404016395099461,0.001404016395099461,intrinsic
0,616,0.0,0.0014045407297089696,0.0014045407297089696,intrinsic
0,617,0.0,0.0014066692674532533,0.0014066692674532533,intrinsic
0,618,0.0,0.0014073291094973683,0.0014073291094973683,intrinsic
0,619,0.0,0.001414550468325615,0.001414550468325615,intrinsic
0,620,0.0,0.0014270554529502988,0.0014270554529502988,intrinsic
0,621,0.0,0.0014274321729317307,0.0014274321729317307,intrinsic
0,622,0.0,0.0014321276685222983,0.0014321276685222983,intrinsic
0,623,0.0,0.0014412356540560722,0.0014412356540560722,intrinsic
0,624,0.0,0.0014454420888796449,0.0014454420888796449,intrinsic
0,625,0.0,0.0014514741487801075,0.0014514741487801075,intrinsic
0,626,0.0,0.0014568489277735353,0.0014568489277735353,intrinsic
0,627,0.0,0.0014589333441108465,0.0014589333441108465,intrinsic
0,628,0.0,0.0014617027482017875,0.0014617027482017875,intrinsic
0,629,0.0,0.0014677481958642602,0.0014677481958642602,intrinsic
0,630,0.0,0.0014678521547466516,0.0014678521547466516,intrinsic
0,631,0.0,0.0014826732221990824,0.0014826732221990824,intrinsic
0,632,0.0,0.0014907674631103873,0.0014907674631103873,intrinsic
0,633,0.0,0.0014993735821917653,0.0014993735821917653,intrinsic
0,634,0.0,0.0015122421318665147,0.0015122421318665147,intrinsic
0,635,0.0,0.0015127038350328803,0.0015127038350328803,intrinsic
0,636,0.0,0.0015174482250586152,0.0015174482250586152,intrinsic
0,637,0.0,0.0015181985218077898,0.0015181985218077898,intrinsic
0,638,0.0,0.0015209903940558434,0.0015209903940558434,intrinsic
0,639,0.0,0.0015298096695914865,0.0015298096695914865,intrinsic
0,640,0.0,0.0015377290546894073,0.0015377290546894073,intrinsic
0,641,0.0,0.0015455173561349511,0.0015455173561349511,intrinsic
0,642,0.0,0.001546344137750566,0.001546344137750566,intrinsic
0,643,0.0,0.0015487121418118477,0.0015487121418118477,intrinsic
0,644,0.0,0.0015548949595540762,0.0015548949595540762,intrinsic
0,645,0.0,0.001559679745696485,0.001559679745696485,intrinsic
0,646,0.0,0.0015603321371600032,0.0015603321371600032,intrinsic
0,647,0.0,0.0015630645211786032,0.0015630645211786032,intrinsic
0,648,0.0,0.0015648221597075462,0.0015648221597075462,intrinsic
0,649,0.0,0.0015666704857721925,0.0015666704857721925,intrinsic
0,650,0.0,0.0015815431252121925,0.0015815431252121925,intrinsic
0,651,0.0,0.0016037465538829565,0.0016037465538829565,intrinsic
0,652,0.0,0.0016110960859805346,0.0016110960859805346,intrinsic
0,653,0.0,0.0016142531530931592,0.0016142531530931592,intrinsic
0,654,0.0,0.001617812318727374,0.001617812318727374,intrinsic
0,655,0.0,0.0016196947544813156,0.0016196947544813156,intrinsic
0,656,0.0,0.0016200264217332006,0.0016200264217332006,intrinsic
0,657,0.0,0.0016238396055996418,0.0016238396055996418,intrinsic
0,658,0.0,0.0016263778088614345,0.0016263778088614345,intrinsic
0,659,0.0,0.0016269359039142728,0.0016269359039142728,intrinsic
0,660,0.0,0.0016277129761874676,0.0016277129761874676,intrinsic
0,661,0.0,0.0016280655981972814,0.0016280655981972814,intrinsic
0,662,0.0,0.0016448950627818704,0.0016448950627818704,intrinsic
0,663,0.0,0.0016460876213386655,0.0016460876213386655,intrinsic
0,664,0.0,0.001646477379836142,0.001646477379836142,intrinsic
0,665,0.0,0.0016544953687116504,0.0016544953687116504,intrinsic
0,666,0.0,0.0016557499766349792,0.0016557499766349792,intrinsic
0,667,0.0,0.0016565793193876743,0.0016565793193876743,intrinsic
0,668,0.0,0.001657150685787201,0.001657150685787201,intrinsic
0,669,0.0,0.0016599658410996199,0.0016599658410996199,intrinsic
0,670,0.0,0.001660699606873095,0.001660699606873095,intrinsic
0,671,0.0,0.0016649747267365456,0.0016649747267365456,intrinsic
0,672,0.0,0.0016669766046106815,0.0016669766046106815,intrinsic
0,673,0.0,0.001669553923420608,0.001669553923420608,intrinsic
0,674,0.0,0.001673116465099156,0.001673116465099156,intrinsic
0,675,0.0,0.0016780250007286668,0.0016780250007286668,intrinsic
0,676,0.0,0.0016782627208158374,0.0016782627208158374,intrinsic
0,677,0.0,0.0016962491208687425,0.0016962491208687425,intrinsic
0,678,0.0,0.0017019739607349038,0.0017019739607349038,intrinsic
0,679,0.0,0.0017180944560095668,0.0017180944560095668,intrinsic
0,680,0.0,0.0017225209157913923,0.0017225209157913923,intrinsic
0,681,0.0,0.0017238964792340994,0.0017238964792340994,intrinsic
0,682,0.0,0.001725497073493898,0.001725497073493898,intrinsic
0,683,0.0,0.001731434720568359,0.001731434720568359,intrinsic
0,684,0.0,0.0017340927151963115,0.0017340927151963115,intrinsic
0,685,0.0,0.001743230503052473,0.001743230503052473,intrinsic
0,686,0.0,0.001749894698150456,0.001749894698150456,intrinsic
0,687,0.0,0.0017606121255084872,0.0017606121255084872,intrinsic
0,688,0.0,0.0017898494843393564,0.0017898494843393564,intrinsic
0,689,0.0,0.0017909688176587224,0.0017909688176587224,intrinsic
0,690,0.0,0.0018101572059094906,0.0018101572059094906,intrinsic
0,691,0.0,0.0018128629308193922,0.0018128629308193922,intrinsic
0,692,0.0,0.0018362094415351748,0.0018362094415351748,intrinsic
0,693,0.0,0.0018364188726991415,0.0018364188726991415,intrinsic
0,694,0.0,0.001852787914685905,0.001852787914685905,intrinsic
0,695,0.0,0.0018610879778862,0.0018610879778862,intrinsic
0,696,0.0,0.0018702407833188772,0.0018702407833188772,intrinsic
0,697,0.0,0.0018835101509466767,0.0018835101509466767,intrinsic
0,698,0.0,0.0019050071714445949,0.0019050071714445949,intrinsic
0,699,0.0,0.0019117360934615135,0.0019117360934615135,intrinsic
0,700,0.0,0.0019203518750146031,0.0019203518750146031,intrinsic
0,701,0.0,0.0019385265186429024,0.0019385265186429024,intrinsic
0,702,0.0,0.0019418303854763508,0.0019418303854763508,intrinsic
0,703,0.0,0.00196609809063375,0.00196609809063375,intrinsic
0,704,0.0,0.0019771812949329615,0.0019771812949329615,intrinsic
0,705,0.0,0.0019832230173051357,0.0019832230173051357,intrinsic
0,706,0.0,0.0019907590467482805,0.0019907590467482805,intrinsic
0,707,0.0,0.0019920736085623503,0.0019920736085623503,intrinsic
0,708,0.0,0.001992943463847041,0.001992943463847041,intrinsic
0,709,0.0,0.0019946747925132513,0.0019946747925132513,intrinsic
0,710,0.0,0.002017505234107375,0.002017505234107375,intrinsic
0,711,0.0,0.0020318240858614445,0.0020318240858614445,intrinsic
0,712,0.0,0.002047700574621558,0.002047700574621558,intrinsic
0,713,0.0,0.0020661046728491783,0.0020661046728491783,intrinsic
0,714,0.0,0.002071784809231758,0.002071784809231758,intrinsic
0,715,0.0,0.002072772942483425,0.002072772942483425,intrinsic
0,716,0.0,0.0020831685978919268,0.0020831685978919268,intrinsic
0,717,0.0,0.0020903348922729492,0.0020903348922729492,intrinsic
0,718,0.0,0.0020907199941575527,0.0020907199941575527,intrinsic
0,719,0.0,0.0020908222068101168,0.0020908222068101168,intrinsic
0,720,0.0,0.0021033796947449446,0.0021033796947449446,intrinsic
0,721,0.0,0.0021073000971227884,0.0021073000971227884,intrinsic
0,722,0.0,0.002119780983775854,0.002119780983775854,intrinsic
0,723,0.0,0.0021355149801820517,0.0021355149801820517,intrinsic
0,724,0.0,0.002138290088623762,0.002138290088623762,intrinsic
0,725,0.0,0.00214336346834898,0.00214336346834898,intrinsic
0,726,0.0,0.0021439010743051767,0.0021439010743051767,intrinsic
0,727,0.0,0.002147490158677101,0.002147490158677101,intrinsic
0,728,0.0,0.0021509372163563967,0.0021509372163563967,intrinsic
0,729,0.0,0.002171608619391918,0.002171608619391918,intrinsic
0,730,0.0,0.002185029210522771,0.002185029210522771,intrinsic
0,731,0.0,0.002191227860748768,0.002191227860748768,intrinsic
0,732,0.0,0.0021982251200824976,0.0021982251200824976,intrinsic
0,733,0.0,0.002198420464992523,0.002198420464992523,intrinsic
0,734,0.0,0.0021999101154506207,0.0021999101154506207,intrinsic
0,735,0.0,0.002205370459705591,0.002205370459705591,intrinsic
0,736,0.0,0.00221409578807652,0.00221409578807652,intrinsic
0,737,0.0,0.0022198446094989777,0.0022198446094989777,intrinsic
0,738,0.0,0.0022291659843176603,0.0022291659843176603,intrinsic
0,739,0.0,0.0022314947564154863,0.0022314947564154863,intrinsic
0,740,0.0,0.0022323569282889366,0.0022323569282889366,intrinsic
0,741,0.0,0.002238524379208684,0.002238524379208684,intrinsic
0,742,0.0,0.0022448936942964792,0.0022448936942964792,intrinsic
0,743,0.0,0.0022496322635561228,0.0022496322635561228,intrinsic
0,744,0.0,0.0022650761529803276,0.0022650761529803276,intrinsic
0,745,0.0,0.0022692098282277584,0.0022692098282277584,intrinsic
0,746,0.0,0.002269609598442912,0.002269609598442912,intrinsic
0,747,0.0,0.002271433128044009,0.002271433128044009,intrinsic
0,748,0.0,0.0022807021159678698,0.0022807021159678698,intrinsic
0,749,0.0,0.0022848136723041534,0.0022848136723041534,intrinsic
0,750,0.0,0.0022988691926002502,0.0022988691926002502,intrinsic
0,751,0.0,0.0023019672371447086,0.0023019672371447086,intrinsic
0,752,0.0,0.0023088424932211637,0.0023088424932211637,intrinsic
0,753,0.0,0.002322471933439374,0.002322471933439374,intrinsic
0,754,0.0,0.0023497731890529394,0.0023497731890529394,intrinsic
0,755,0.0,0.002368590561673045,0.002368590561673045,intrinsic
0,756,0.0,0.0023997947573661804,0.0023997947573661804,intrinsic
0,757,0.0,0.002404342405498028,0.002404342405498028,intrinsic
0,758,0.0,0.002418139250949025,0.002418139250949025,intrinsic
0,759,0.0,0.0024184337817132473,0.0024184337817132473,intrinsic
0,760,0.0,0.0024244547821581364,0.0024244547821581364,intrinsic
0,761,0.0,0.00242468249052763,0.00242468249052763,intrinsic
0,762,0.0,0.002427226398140192,0.002427226398140192,intrinsic
0,763,0.0,0.002435915870591998,0.002435915870591998,intrinsic
0,764,0.0,0.002436694921925664,0.002436694921925664,intrinsic
0,765,0.0,0.0024490193463861942,0.0024490193463861942,intrinsic
0,766,0.0,0.002477658446878195,0.002477658446878195,intrinsic
0,767,0.0,0.00248344917781651,0.00248344917781651,intrinsic
0,768,0.0,0.002513380954042077,0.002513380954042077,intrinsic
0,769,0.0,0.0025218012742698193,0.0025218012742698193,intrinsic
0,770,0.0,0.0025247035082429647,0.0025247035082429647,intrinsic
0,771,0.0,0.002526989672333002,0.002526989672333002,intrinsic
0,772,0.0,0.002529296325519681,0.002529296325519681,intrinsic
0,773,0.0,0.002539966255426407,0.002539966255426407,intrinsic
0,774,0.0,0.0025523377116769552,0.0025523377116769552,intrinsic
0,775,0.0,0.0025920614134520292,0.0025920614134520292,intrinsic
0,776,0.0,0.0025931086856871843,0.0025931086856871843,intrinsic
0,777,0.0,0.0025932469870895147,0.0025932469870895147,intrinsic
0,778,0.0,0.0025956176687031984,0.0025956176687031984,intrinsic
0,779,0.0,0.0026180006098002195,0.0026180006098002195,intrinsic
0,780,0.0,0.0026502059772610664,0.0026502059772610664,intrinsic
0,781,0.0,0.00266282563097775,0.00266282563097775,intrinsic
0,782,0.0,0.0026665341574698687,0.0026665341574698687,intrinsic
0,783,0.0,0.002682889113202691,0.002682889113202691,intrinsic
0,784,0.0,0.002687102649360895,0.002687102649360895,intrinsic
0,785,0.0,0.0026884509716182947,0.0026884509716182947,intrinsic
0,786,0.0,0.0026904179248958826,0.0026904179248958826,intrinsic
0,787,0.0,0.002698649885132909,0.002698649885132909,intrinsic
0,788,0.0,0.002726428909227252,0.002726428909227252,intrinsic
0,789,0.0,0.0027475757524371147,0.0027475757524371147,intrinsic
0,790,0.0,0.002756028901785612,0.002756028901785612,intrinsic
0,791,0.0,0.0027781168464571238,0.0027781168464571238,intrinsic
0,792,0.0,0.0027803636621683836,0.0027803636621683836,intrinsic
0,793,0.0,0.0027854430954903364,0.0027854430954903364,intrinsic
0,794,0.0,0.0027902626898139715,0.0027902626898139715,intrinsic
0,795,0.0,0.0028014921117573977,0.0028014921117573977,intrinsic
0,796,0.0,0.002810974605381489,0.002810974605381489,intrinsic
0,797,0.0,0.0028373587410897017,0.0028373587410897017,intrinsic
0,798,0.0,0.002852479461580515,0.002852479461580515,intrinsic
0,799,0.0,0.002853618236258626,0.002853618236258626,intrinsic
0,800,0.0,0.002855206374078989,0.002855206374078989,intrinsic
0,801,0.0,0.0028575623873621225,0.0028575623873621225,intrinsic
0,802,0.0,0.00285950000397861,0.00285950000397861,intrinsic
0,803,0.0,0.0028751492500305176,0.0028751492500305176,intrinsic
0,804,0.0,0.002893100492656231,0.002893100492656231,intrinsic
0,805,0.0,0.0029303324408829212,0.0029303324408829212,intrinsic
0,806,0.0,0.0029328649397939444,0.0029328649397939444,intrinsic
0,807,0.0,0.0029490345623344183,0.0029490345623344183,intrinsic
0,808,0.0,0.002951633185148239,0.002951633185148239,intrinsic
0,809,0.0,0.002962823025882244,0.002962823025882244,intrinsic
0,810,0.0,0.002979004755616188,0.002979004755616188,intrinsic
0,811,0.0,0.0029810250271111727,0.0029810250271111727,intrinsic
0,812,0.0,0.0029988684691488743,0.0029988684691488743,intrinsic
0,813,0.0,0.003028115024790168,0.003028115024790168,intrinsic
0,814,0.0,0.0030440723057836294,0.0030440723057836294,intrinsic
0,815,0.0,0.003049634862691164,0.003049634862691164,intrinsic
0,816,0.0,0.0030642140191048384,0.0030642140191048384,intrinsic
0,817,0.0,0.0030877673998475075,0.0030877673998475075,intrinsic
0,818,0.0,0.003130547469481826,0.003130547469481826,intrinsic
0,819,0.0,0.0031381305307149887,0.0031381305307149887,intrinsic
0,820,0.0,0.0031614594627171755,0.0031614594627171755,intrinsic
0,821,0.0,0.003195021767169237,0.003195021767169237,intrinsic
0,822,0.0,0.0032038541976362467,0.0032038541976362467,intrinsic
0,823,0.0,0.0032044125255197287,0.0032044125255197287,intrinsic
0,824,0.0,0.003245836589485407,0.003245836589485407,intrinsic
0,825,0.0,0.003339688526466489,0.003339688526466489,intrinsic
0,826,0.0,0.0033710969146341085,0.0033710969146341085,intrinsic
0,827,0.0,0.0033951548393815756,0.0033951548393815756,intrinsic
0,828,0.0,0.00340867368504405,0.00340867368504405,intrinsic
0,829,0.0,0.0034126241225749254,0.0034126241225749254,intrinsic
0,830,0.0,0.0034390375949442387,0.0034390375949442387,intrinsic
0,831,0.0,0.003441964741796255,0.003441964741796255,intrinsic
0,832,0.0,0.003452177159488201,0.003452177159488201,intrinsic
0,833,0.0,0.0034714345820248127,0.0034714345820248127,intrinsic
0,834,0.0,0.003515802090987563,0.003515802090987563,intrinsic
0,835,0.0,0.0035283768083900213,0.0035283768083900213,intrinsic
0,836,0.0,0.0035369049292057753,0.0035369049292057753,intrinsic
0,837,0.0,0.003573706140741706,0.003573706140741706,intrinsic
0,838,0.0,0.0035787231754511595,0.0035787231754511595,intrinsic
0,839,0.0,0.00358432880602777,0.00358432880602777,intrinsic
0,840,0.0,0.0036101124715059996,0.0036101124715059996,intrinsic
0,841,0.0,0.0036164114717394114,0.0036164114717394114,intrinsic
0,842,0.0,0.003623737022280693,0.003623737022280693,intrinsic
0,843,0.0,0.0036284427624195814,0.0036284427624195814,intrinsic
0,844,0.0,0.003631812985986471,0.003631812985986471,intrinsic
0,845,0.0,0.0036364924162626266,0.0036364924162626266,intrinsic
0,846,0.0,0.0036666851956397295,0.0036666851956397295,intrinsic
0,847,0.0,0.0036689485423266888,0.0036689485423266888,intrinsic
0,848,0.0,0.003682544454932213,0.003682544454932213,intrinsic
0,849,0.0,0.003806755179539323,0.003806755179539323,intrinsic
0,850,0.0,0.003829733934253454,0.003829733934253454,intrinsic
0,851,0.0,0.003852151334285736,0.003852151334285736,intrinsic
0,852,0.0,0.0039087808690965176,0.0039087808690965176,intrinsic
0,853,0.0,0.003909526392817497,0.003909526392817497,intrinsic
0,854,0.0,0.0039445022121071815,0.0039445022121071815,intrinsic
0,855,0.0,0.0039744083769619465,0.0039744083769619465,intrinsic
0,856,0.0,0.004003399983048439,0.004003399983048439,intrinsic
0,857,0.0,0.004010137636214495,0.004010137636214495,intrinsic
0,858,0.0,0.004039874766021967,0.004039874766021967,intrinsic
0,859,0.0,0.004083043430000544,0.004083043430000544,intrinsic
0,860,0.0,0.004100847523659468,0.004100847523659468,intrinsic
0,861,0.0,0.00425100838765502,0.00425100838765502,intrinsic
0,862,0.0,0.004288073163479567,0.004288073163479567,intrinsic
0,863,0.0,0.004305075388401747,0.004305075388401747,intrinsic
0,864,0.0,0.0043441359885036945,0.0043441359885036945,intrinsic
0,865,0.0,0.004361922852694988,0.004361922852694988,intrinsic
0,866,0.0,0.004464122001081705,0.004464122001081705,intrinsic
0,867,0.0,0.00447938172146678,0.00447938172146678,intrinsic
0,868,0.0,0.004556090570986271,0.004556090570986271,intrinsic
0,869,0.0,0.004637254402041435,0.004637254402041435,intrinsic
0,870,0.0,0.0046445513144135475,0.0046445513144135475,intrinsic
0,871,0.0,0.004662773571908474,0.004662773571908474,intrinsic
0,872,0.0,0.004737480077892542,0.004737480077892542,intrinsic
0,873,0.0,0.004755634814500809,0.004755634814500809,intrinsic
0,874,0.0,0.004952884744852781,0.004952884744852781,intrinsic
0,875,0.0,0.0050388360396027565,0.0050388360396027565,intrinsic
0,876,0.0,0.005040464457124472,0.005040464457124472,intrinsic
0,877,0.0,0.005126224830746651,0.005126224830746651,intrinsic
0,878,0.0,0.005242441315203905,0.005242441315203905,intrinsic
0,879,0.0,0.005418465938419104,0.005418465938419104,intrinsic
0,880,0.0,0.005427801050245762,0.005427801050245762,intrinsic
0,881,0.0,0.005487804766744375,0.005487804766744375,intrinsic
0,882,0.0,0.005503241904079914,0.005503241904079914,intrinsic
0,883,0.0,0.005626394879072905,0.005626394879072905,intrinsic
0,884,0.0,0.005643969401717186,0.005643969401717186,intrinsic
0,885,0.0,0.005654622800648212,0.005654622800648212,intrinsic
0,886,0.0,0.00572685431689024,0.00572685431689024,intrinsic
0,887,0.0,0.005775097757577896,0.005775097757577896,intrinsic
0,888,0.0,0.006055841222405434,0.006055841222405434,intrinsic
0,889,0.0,0.006200275383889675,0.006200275383889675,intrinsic
0,890,0.0,0.0062695639207959175,0.0062695639207959175,intrinsic
0,891,0.0,0.006688029505312443,0.006688029505312443,intrinsic
0,892,0.0,0.007403280586004257,0.007403280586004257,intrinsic
0,893,0.0,0.00829989928752184,0.00829989928752184,intrinsic
0,894,0.0,0.008372550830245018,0.008372550830245018,intrinsic
0,895,0.0,0.009997072629630566,0.009997072629630566,intrinsic
0,896,0.0,0.010324466042220592,0.010324466042220592,intrinsic
0,897,0.0,0.011079887859523296,0.011079887859523296,intrinsic
0,0,0.0,3.607963208196452e-07,3.607963208196452e-07,no_regulator
0,1,0.0,1.2814014098694315e-06,1.2814014098694315e-06,no_regulator
0,2,0.0,2.0572917946992675e-06,2.0572917946992675e-06,no_regulator
0,3,0.0,3.490143853923655e-06,3.490143853923655e-06,no_regulator
0,4,0.0,3.5071614092885284e-06,3.5071614092885284e-06,no_regulator
0,5,0.0,4.061948857270181e-06,4.061948857270181e-06,no_regulator
0,6,0.0,4.914355031360174e-06,4.914355031360174e-06,no_regulator
0,7,0.0,5.184403562452644e-06,5.184403562452644e-06,no_regulator
0,8,0.0,7.37385880711372e-06,7.37385880711372e-06,no_regulator
0,9,0.0,8.109031114145182e-06,8.109031114145182e-06,no_regulator
0,10,0.0,1.0695044693420641e-05,1.0695044693420641e-05,no_regulator
0,11,0.0,1.2492753739934415e-05,1.2492753739934415e-05,no_regulator
0,12,0.0,1.3777695130556822e-05,1.3777695130556822e-05,no_regulator
0,13,0.0,1.3857559679308906e-05,1.3857559679308906e-05,no_regulator
0,14,0.0,1.6345326002920046e-05,1.6345326002920046e-05,no_regulator
0,15,0.0,1.653035360504873e-05,1.653035360504873e-05,no_regulator
0,16,0.0,1.7850959920906462e-05,1.7850959920906462e-05,no_regulator
0,17,0.0,1.99185342353303e-05,1.99185342353303e-05,no_regulator
0,18,0.0,2.037851299974136e-05,2.037851299974136e-05,no_regulator
0,19,0.0,2.082969695038628e-05,2.082969695038628e-05,no_regulator
0,20,0.0,2.281566776218824e-05,2.281566776218824e-05,no_regulator
0,21,0.0,2.5525641831336543e-05,2.5525641831336543e-05,no_regulator
0,22,0.0,2.673020753718447e-05,2.673020753718447e-05,no_regulator
0,23,0.0,2.783604577416554e-05,2.783604577416554e-05,no_regulator
0,24,0.0,2.837305873981677e-05,2.837305873981677e-05,no_regulator
0,25,0.0,2.8941029086126946e-05,2.8941029086126946e-05,no_regulator
0,26,0.0,3.1599440262652934e-05,3.1599440262652934e-05,no_regulator
0,27,0.0,3.3574324334040284e-05,3.3574324334040284e-05,no_regulator
0,28,0.0,3.374950392753817e-05,3.374950392753817e-05,no_regulator
0,29,0.0,3.3922275179065764e-05,3.3922275179065764e-05,no_regulator
0,30,0.0,3.583730722311884e-05,3.583730722311884e-05,no_regulator
0,31,0.0,3.592596476664767e-05,3.592596476664767e-05,no_regulator
0,32,0.0,3.600425043259747e-05,3.600425043259747e-05,no_regulator
0,33,0.0,3.649323480203748e-05,3.649323480203748e-05,no_regulator
0,34,0.0,3.7260353565216064e-05,3.7260353565216064e-05,no_regulator
0,35,0.0,3.802248102147132e-05,3.802248102147132e-05,no_regulator
0,36,0.0,3.826411921181716e-05,3.826411921181716e-05,no_regulator
0,37,0.0,3.861490768031217e-05,3.861490768031217e-05,no_regulator
0,38,0.0,4.171923501417041e-05,4.171923501417041e-05,no_regulator
0,39,0.0,4.2280993511667475e-05,4.2280993511667475e-05,no_regulator
0,40,0.0,4.2727278923848644e-05,4.2727278923848644e-05,no_regulator
0,41,0.0,4.30308427894488e-05,4.30308427894488e-05,no_regulator
0,42,0.0,4.372243711259216e-05,4.372243711259216e-05,no_regulator
0,43,0.0,4.437633106135763e-05,4.437633106135763e-05,no_regulator
0,44,0.0,4.701454236055724e-05,4.701454236055724e-05,no_regulator
0,45,0.0,5.3488816774915904e-05,5.3488816774915904e-05,no_regulator
0,46,0.0,5.740463166148402e-05,5.740463166148402e-05,no_regulator
0,47,0.0,5.914475332247093e-05,5.914475332247093e-05,no_regulator
0,48,0.0,5.987794793327339e-05,5.987794793327339e-05,no_regulator
0,49,0.0,6.041169399395585e-05,6.041169399395585e-05,no_regulator
0,50,0.0,6.102093539084308e-05,6.102093539084308e-05,no_regulator
0,51,0.0,6.147638487163931e-05,6.147638487163931e-05,no_regulator
0,52,0.0,6.235110777197406e-05,6.235110777197406e-05,no_regulator
0,53,0.0,6.477370334323496e-05,6.477370334323496e-05,no_regulator
0,54,0.0,6.593808211619034e-05,6.593808211619034e-05,no_regulator
0,55,0.0,6.687748100375757e-05,6.687748100375757e-05,no_regulator
0,56,0.0,6.800270057283342e-05,6.800270057283342e-05,no_regulator
0,57,0.0,6.979629688430578e-05,6.979629688430578e-05,no_regulator
0,58,0.0,7.092528539942577e-05,7.092528539942577e-05,no_regulator
0,59,0.0,7.213289791252464e-05,7.213289791252464e-05,no_regulator
0,60,0.0,7.248293695738539e-05,7.248293695738539e-05,no_regulator
0,61,0.0,7.467234536306933e-05,7.467234536306933e-05,no_regulator
0,62,0.0,7.539507350884378e-05,7.539507350884378e-05,no_regulator
0,63,0.0,7.88875695434399e-05,7.88875695434399e-05,no_regulator
0,64,0.0,7.92000864748843e-05,7.92000864748843e-05,no_regulator
0,65,0.0,7.935093890409917e-05,7.935093890409917e-05,no_regulator
0,66,0.0,8.036661893129349e-05,8.036661893129349e-05,no_regulator
0,67,0.0,8.146993059199303e-05,8.146993059199303e-05,no_regulator
0,68,0.0,8.189304935513064e-05,8.189304935513064e-05,no_regulator
0,69,0.0,8.269324462162331e-05,8.269324462162331e-05,no_regulator
0,70,0.0,8.2713711890392e-05,8.2713711890392e-05,no_regulator
0,71,0.0,8.558135596103966e-05,8.558135596103966e-05,no_regulator
0,72,0.0,8.638596045784652e-05,8.638596045784652e-05,no_regulator
0,73,0.0,8.838559006107971e-05,8.838559006107971e-05,no_regulator
0,74,0.0,8.908098243409768e-05,8.908098243409768e-05,no_regulator
0,75,0.0,9.114953718381003e-05,9.114953718381003e-05,no_regulator
0,76,0.0,9.28136651054956e-05,9.28136651054956e-05,no_regulator
0,77,0.0,9.30598471313715e-05,9.30598471313715e-05,no_regulator
0,78,0.0,9.408910409547389e-05,9.408910409547389e-05,no_regulator
0,79,0.0,9.410800703335553e-05,9.410800703335553e-05,no_regulator
0,80,0.0,9.439518180442974e-05,9.439518180442974e-05,no_regulator
0,81,0.0,9.722405229695141e-05,9.722405229695141e-05,no_regulator
0,82,0.0,9.771157783688977e-05,9.771157783688977e-05,no_regulator
0,83,0.0,9.858106204774231e-05,9.858106204774231e-05,no_regulator
0,84,0.0,9.912699169944972e-05,9.912699169944972e-05,no_regulator
0,85,0.0,9.962979675037786e-05,9.962979675037786e-05,no_regulator
0,86,0.0,0.0001014695517369546,0.0001014695517369546,no_regulator
0,87,0.0,0.00010156386269954965,0.00010156386269954965,no_regulator
0,88,0.0,0.00010292787192156538,0.00010292787192156538,no_regulator
0,89,0.0,0.00010625326103763655,0.00010625326103763655,no_regulator
0,90,0.0,0.00010629741882439703,0.00010629741882439703,no_regulator
0,91,0.0,0.00010717634722823277,0.00010717634722823277,no_regulator
0,92,0.0,0.00010841430048458278,0.00010841430048458278,no_regulator
0,93,0.0,0.00010873805149458349,0.00010873805149458349,no_regulator
0,94,0.0,0.00011034652561647817,0.00011034652561647817,no_regulator
0,95,0.0,0.00011350618297001347,0.00011350618297001347,no_regulator
0,96,0.0,0.00011391892621759325,0.00011391892621759325,no_regulator
0,97,0.0,0.00011657928553177044,0.00011657928553177044,no_regulator
0,98,0.0,0.00011851562885567546,0.00011851562885567546,no_regulator
0,99,0.0,0.00011922738485736772,0.00011922738485736772,no_regulator
0,100,0.0,0.00012034640531055629,0.00012034640531055629,no_regulator
0,101,0.0,0.0001206689776154235,0.0001206689776154235,no_regulator
0,102,0.0,0.00012113104457966983,0.00012113104457966983,no_regulator
0,103,0.0,0.00012142572086304426,0.00012142572086304426,no_regulator
0,104,0.0,0.00012340994726400822,0.00012340994726400822,no_regulator
0,105,0.0,0.00012446014443412423,0.00012446014443412423,no_regulator
0,106,0.0,0.00012448632332962006,0.00012448632332962006,no_regulator
0,107,0.0,0.00012569382670335472,0.00012569382670335472,no_regulator
0,108,0.0,0.0001267417101189494,0.0001267417101189494,no_regulator
0,109,0.0,0.00012720146332867444,0.00012720146332867444,no_regulator
0,110,0.0,0.00012730313756037503,0.00012730313756037503,no_regulator
0,111,0.0,0.00012743820843752474,0.00012743820843752474,no_regulator
0,112,0.0,0.00013018808385822922,0.00013018808385822922,no_regulator
0,113,0.0,0.00013338911230675876,0.00013338911230675876,no_regulator
0,114,0.0,0.00013580691302195191,0.00013580691302195191,no_regulator
0,115,0.0,0.00013594157644547522,0.00013594157644547522,no_regulator
0,116,0.0,0.00013783818576484919,0.00013783818576484919,no_regulator
0,117,0.0,0.00013940459757577628,0.00013940459757577628,no_regulator
0,118,0.0,0.000140571195515804,0.000140571195515804,no_regulator
0,119,0.0,0.00014340558846015483,0.00014340558846015483,no_regulator
0,120,0.0,0.00014399416977539659,0.00014399416977539659,no_regulator
0,121,0.0,0.00014618865679949522,0.00014618865679949522,no_regulator
0,122,0.0,0.0001463762455387041,0.0001463762455387041,no_regulator
0,123,0.0,0.00014756168820895255,0.00014756168820895255,no_regulator
0,124,0.0,0.00014757005556020886,0.00014757005556020886,no_regulator
0,125,0.0,0.00014778687909711152,0.00014778687909711152,no_regulator
0,126,0.0,0.00015164878277573735,0.00015164878277573735,no_regulator
0,127,0.0,0.000151771106175147,0.000151771106175147,no_regulator
0,128,0.0,0.00015196760068647563,0.00015196760068647563,no_regulator
0,129,0.0,0.0001520030782558024,0.0001520030782558024,no_regulator
0,130,0.0,0.0001520479709142819,0.0001520479709142819,no_regulator
0,131,0.0,0.0001529432920506224,0.0001529432920506224,no_regulator
0,132,0.0,0.00015413417713716626,0.00015413417713716626,no_regulator
0,133,0.0,0.00015451142098754644,0.00015451142098754644,no_regulator
0,134,0.0,0.00015514918777626008,0.00015514918777626008,no_regulator
0,135,0.0,0.00015537117724306881,0.00015537117724306881,no_regulator
0,136,0.0,0.00016261839482467622,0.00016261839482467622,no_regulator
0,137,0.0,0.00016681873239576817,0.00016681873239576817,no_regulator
0,138,0.0,0.00016799051081761718,0.00016799051081761718,no_regulator
0,139,0.0,0.00016878604947123677,0.00016878604947123677,no_regulator
0,140,0.0,0.0001688561897026375,0.0001688561897026375,no_regulator
0,141,0.0,0.0001694697275524959,0.0001694697275524959,no_regulator
0,142,0.0,0.00017013838805723935,0.00017013838805723935,no_regulator
0,143,0.0,0.0001709760690573603,0.0001709760690573603,no_regulator
0,144,0.0,0.00017151405336335301,0.00017151405336335301,no_regulator
0,145,0.0,0.0001715363614493981,0.0001715363614493981,no_regulator
0,146,0.0,0.0001719503488857299,0.0001719503488857299,no_regulator
0,147,0.0,0.00017674770788289607,0.00017674770788289607,no_regulator
0,148,0.0,0.0001774524134816602,0.0001774524134816602,no_regulator
0,149,0.0,0.00018296703638043255,0.00018296703638043255,no_regulator
0,150,0.0,0.00018320501840207726,0.00018320501840207726,no_regulator
0,151,0.0,0.00018465251196175814,0.00018465251196175814,no_regulator
0,152,0.0,0.00018466789333615452,0.00018466789333615452,no_regulator
0,153,0.0,0.0001881646749097854,0.0001881646749097854,no_regulator
0,154,0.0,0.00019028779934160411,0.00019028779934160411,no_regulator
0,155,0.0,0.00019053665164392442,0.00019053665164392442,no_regulator
0,156,0.0,0.0001920022623380646,0.0001920022623380646,no_regulator
0,157,0.0,0.00019261326815467328,0.00019261326815467328,no_regulator
0,158,0.0,0.00019429980602581054,0.00019429980602581054,no_regulator
0,159,0.0,0.00019478937610983849,0.00019478937610983849,no_regulator
0,160,0.0,0.00019540857465472072,0.00019540857465472072,no_regulator
0,161,0.0,0.00019704047008417547,0.00019704047008417547,no_regulator
0,162,0.0,0.00019714767404366285,0.00019714767404366285,no_regulator
0,163,0.0,0.00019777055422309786,0.00019777055422309786,no_regulator
0,164,0.0,0.00019989768043160439,0.00019989768043160439,no_regulator
0,165,0.0,0.00020314540597610176,0.00020314540597610176,no_regulator
0,166,0.0,0.000203469637199305,0.000203469637199305,no_regulator
0,167,0.0,0.00020407908596098423,0.00020407908596098423,no_regulator
0,168,0.0,0.00020569446496665478,0.00020569446496665478,no_regulator
0,169,0.0,0.00020679342560470104,0.00020679342560470104,no_regulator
0,170,0.0,0.00020745286019518971,0.00020745286019518971,no_regulator
0,171,0.0,0.00020974101789761335,0.00020974101789761335,no_regulator
0,172,0.0,0.00021179702889639884,0.00021179702889639884,no_regulator
0,173,0.0,0.0002149467181880027,0.0002149467181880027,no_regulator
0,174,0.0,0.00021560164168477058,0.00021560164168477058,no_regulator
0,175,0.0,0.00021784036653116345,0.00021784036653116345,no_regulator
0,176,0.0,0.0002294595178682357,0.0002294595178682357,no_regulator
0,177,0.0,0.00023036100901663303,0.00023036100901663303,no_regulator
0,178,0.0,0.00023191403306555003,0.00023191403306555003,no_regulator
0,179,0.0,0.00023338946630246937,0.00023338946630246937,no_regulator
0,180,0.0,0.00023408829292748123,0.00023408829292748123,no_regulator
0,181,0.0,0.00023685224005021155,0.00023685224005021155,no_regulator
0,182,0.0,0.0002372831222601235,0.0002372831222601235,no_regulator
0,183,0.0,0.00023944828717503697,0.00023944828717503697,no_regulator
0,184,0.0,0.00023959099780768156,0.00023959099780768156,no_regulator
0,185,0.0,0.0002426190912956372,0.0002426190912956372,no_regulator
0,186,0.0,0.00024383679556194693,0.00024383679556194693,no_regulator
0,187,0.0,0.00024401332484558225,0.00024401332484558225,no_regulator
0,188,0.0,0.0002449358580633998,0.0002449358580633998,no_regulator
0,189,0.0,0.00024590364773757756,0.00024590364773757756,no_regulator
0,190,0.0,0.00024699923233129084,0.00024699923233129084,no_regulator
0,191,0.0,0.00024732164456509054,0.00024732164456509054,no_regulator
0,192,0.0,0.00024736058549024165,0.00024736058549024165,no_regulator
0,193,0.0,0.00024812662741169333,0.00024812662741169333,no_regulator
0,194,0.0,0.00024926153128035367,0.00024926153128035367,no_regulator
0,195,0.0,0.0002493156644050032,0.0002493156644050032,no_regulator
0,196,0.0,0.000250409881118685,0.000250409881118685,no_regulator
0,197,0.0,0.00025363583699800074,0.00025363583699800074,no_regulator
0,198,0.0,0.0002537184627726674,0.0002537184627726674,no_regulator
0,199,0.0,0.0002571709337644279,0.0002571709337644279,no_regulator
0,200,0.0,0.00025805356563068926,0.00025805356563068926,no_regulator
0,201,0.0,0.00026260013692080975,0.00026260013692080975,no_regulator
0,202,0.0,0.0002676660951692611,0.0002676660951692611,no_regulator
0,203,0.0,0.00026796021847985685,0.00026796021847985685,no_regulator
0,204,0.0,0.00026835594326257706,0.00026835594326257706,no_regulator
0,205,0.0,0.0002689737593755126,0.0002689737593755126,no_regulator
0,206,0.0,0.0002732359280344099,0.0002732359280344099,no_regulator
0,207,0.0,0.00027648929972201586,0.00027648929972201586,no_regulator
0,208,0.0,0.00027890680939890444,0.00027890680939890444,no_regulator
0,209,0.0,0.0002791622537188232,0.0002791622537188232,no_regulator
0,210,0.0,0.0002809082216117531,0.0002809082216117531,no_regulator
0,211,0.0,0.00028159571229480207,0.00028159571229480207,no_regulator
0,212,0.0,0.0002841296955011785,0.0002841296955011785,no_regulator
0,213,0.0,0.00028565284446813166,0.00028565284446813166,no_regulator
0,214,0.0,0.0002865071874111891,0.0002865071874111891,no_regulator
0,215,0.0,0.00028758205007761717,0.00028758205007761717,no_regulator
0,216,0.0,0.0002886664879042655,0.0002886664879042655,no_regulator
0,217,0.0,0.00028923654463142157,0.00028923654463142157,no_regulator
0,218,0.0,0.00029102317057549953,0.00029102317057549953,no_regulator
0,219,0.0,0.00029156249365769327,0.00029156249365769327,no_regulator
0,220,0.0,0.00029282658942975104,0.00029282658942975104,no_regulator
0,221,0.0,0.00029370709671638906,0.00029370709671638906,no_regulator
0,222,0.0,0.0002963017323054373,0.0002963017323054373,no_regulator
0,223,0.0,0.000296796701150015,0.000296796701150015,no_regulator
0,224,0.0,0.0002968109038192779,0.0002968109038192779,no_regulator
0,225,0.0,0.000298692291835323,0.000298692291835323,no_regulator
0,226,0.0,0.00029920486849732697,0.00029920486849732697,no_regulator
0,227,0.0,0.0002992127265315503,0.0002992127265315503,no_regulator
0,228,0.0,0.0002997584524564445,0.0002997584524564445,no_regulator
0,229,0.0,0.0003010920190718025,0.0003010920190718025,no_regulator
0,230,0.0,0.00030120808514766395,0.00030120808514766395,no_regulator
0,231,0.0,0.0003028016653843224,0.0003028016653843224,no_regulator
0,232,0.0,0.0003064381889998913,0.0003064381889998913,no_regulator
0,233,0.0,0.00030666598468087614,0.00030666598468087614,no_regulator
0,234,0.0,0.00030704872915521264,0.00030704872915521264,no_regulator
0,235,0.0,0.00030722792143933475,0.00030722792143933475,no_regulator
0,236,0.0,0.00030904129380360246,0.00030904129380360246,no_regulator
0,237,0.0,0.0003106326039414853,0.0003106326039414853,no_regulator
0,238,0.0,0.0003153026627842337,0.0003153026627842337,no_regulator
0,239,0.0,0.00031713119824416935,0.00031713119824416935,no_regulator
0,240,0.0,0.00031970185227692127,0.00031970185227692127,no_regulator
0,241,0.0,0.00032001195359043777,0.00032001195359043777,no_regulator
0,242,0.0,0.0003210848371963948,0.0003210848371963948,no_regulator
0,243,0.0,0.00032297722646035254,0.00032297722646035254,no_regulator
0,244,0.0,0.000325677334330976,0.000325677334330976,no_regulator
0,245,0.0,0.0003275386116001755,0.0003275386116001755,no_regulator
0,246,0.0,0.00032783555798232555,0.00032783555798232555,no_regulator
0,247,0.0,0.0003283507830929011,0.0003283507830929011,no_regulator
0,248,0.0,0.00033399471431039274,0.00033399471431039274,no_regulator
0,249,0.0,0.0003347263264004141,0.0003347263264004141,no_regulator
0,250,0.0,0.00033518834970891476,0.00033518834970891476,no_regulator
0,251,0.0,0.00033611204707995057,0.00033611204707995057,no_regulator
0,252,0.0,0.0003388410550542176,0.0003388410550542176,no_regulator
0,253,0.0,0.0003397676337044686,0.0003397676337044686,no_regulator
0,254,0.0,0.00034086263622157276,0.00034086263622157276,no_regulator
0,255,0.0,0.0003410899080336094,0.0003410899080336094,no_regulator
0,256,0.0,0.00034124511876143515,0.00034124511876143515,no_regulator
0,257,0.0,0.0003413993399590254,0.0003413993399590254,no_regulator
0,258,0.0,0.0003414289385545999,0.0003414289385545999,no_regulator
0,259,0.0,0.0003415879618842155,0.0003415879618842155,no_regulator
0,260,0.0,0.0003480635059531778,0.0003480635059531778,no_regulator
0,261,0.0,0.00034874779521487653,0.00034874779521487653,no_regulator
0,262,0.0,0.00035203565494157374,0.00035203565494157374,no_regulator
0,263,0.0,0.00035235084942542017,0.00035235084942542017,no_regulator
0,264,0.0,0.00035469557042233646,0.00035469557042233646,no_regulator
0,265,0.0,0.0003606886020861566,0.0003606886020861566,no_regulator
0,266,0.0,0.00036550284130498767,0.00036550284130498767,no_regulator
0,267,0.0,0.0003671438025776297,0.0003671438025776297,no_regulator
0,268,0.0,0.0003674305335152894,0.0003674305335152894,no_regulator
0,269,0.0,0.00036747835110872984,0.00036747835110872984,no_regulator
0,270,0.0,0.0003674990439321846,0.0003674990439321846,no_regulator
0,271,0.0,0.0003704832342918962,0.0003704832342918962,no_regulator
0,272,0.0,0.0003725837741512805,0.0003725837741512805,no_regulator
0,273,0.0,0.0003780558181460947,0.0003780558181460947,no_regulator
0,274,0.0,0.0003811910573858768,0.0003811910573858768,no_regulator
0,275,0.0,0.00038225241587497294,0.00038225241587497294,no_regulator
0,276,0.0,0.00038270014920271933,0.00038270014920271933,no_regulator
0,277,0.0,0.0003860699071083218,0.0003860699071083218,no_regulator
0,278,0.0,0.0003870366490446031,0.0003870366490446031,no_regulator
0,279,0.0,0.000387523410608992,0.000387523410608992,no_regulator
0,280,0.0,0.00038972293259575963,0.00038972293259575963,no_regulator
0,281,0.0,0.0003912723914254457,0.0003912723914254457,no_regulator
0,282,0.0,0.00039707968244329095,0.00039707968244329095,no_regulator
0,283,0.0,0.0004032657016068697,0.0004032657016068697,no_regulator
0,284,0.0,0.00040663545951247215,0.00040663545951247215,no_regulator
0,285,0.0,0.0004087638226337731,0.0004087638226337731,no_regulator
0,286,0.0,0.00041188031900674105,0.00041188031900674105,no_regulator
0,287,0.0,0.00041455382597632706,0.00041455382597632706,no_regulator
0,288,0.0,0.000415681948652491,0.000415681948652491,no_regulator
0,289,0.0,0.00041717023123055696,0.00041717023123055696,no_regulator
0,290,0.0,0.00041762652108445764,0.00041762652108445764,no_regulator
0,291,0.0,0.00041781182517297566,0.00041781182517297566,no_regulator
0,292,0.0,0.0004180245741736144,0.0004180245741736144,no_regulator
0,293,0.0,0.0004190847685094923,0.0004190847685094923,no_regulator
0,294,0.0,0.0004199062241241336,0.0004199062241241336,no_regulator
0,295,0.0,0.00042111639049835503,0.00042111639049835503,no_regulator
0,296,0.0,0.0004212495405226946,0.0004212495405226946,no_regulator
0,297,0.0,0.00042264212970621884,0.00042264212970621884,no_regulator
0,298,0.0,0.0004246598109602928,0.0004246598109602928,no_regulator
0,299,0.0,0.0004261826688889414,0.0004261826688889414,no_regulator
0,300,0.0,0.00042676451266743243,0.00042676451266743243,no_regulator
0,301,0.0,0.0004273603844922036,0.0004273603844922036,no_regulator
0,302,0.0,0.00042801001109182835,0.00042801001109182835,no_regulator
0,303,0.0,0.000428855128120631,0.000428855128120631,no_regulator
0,304,0.0,0.000431716995080933,0.000431716995080933,no_regulator
0,305,0.0,0.00043758086394518614,0.00043758086394518614,no_regulator
0,306,0.0,0.00043963579810224473,0.00043963579810224473,no_regulator
0,307,0.0,0.00044186331797391176,0.00044186331797391176,no_regulator
0,308,0.0,0.00044407640234567225,0.00044407640234567225,no_regulator
0,309,0.0,0.00044702025479637086,0.00044702025479637086,no_regulator
0,310,0.0,0.00044810445979237556,0.00044810445979237556,no_regulator
0,311,0.0,0.0004484559176489711,0.0004484559176489711,no_regulator
0,312,0.0,0.0004497698100749403,0.0004497698100749403,no_regulator
0,313,0.0,0.0004543028480838984,0.0004543028480838984,no_regulator
0,314,0.0,0.0004561275418382138,0.0004561275418382138,no_regulator
0,315,0.0,0.00045842936378903687,0.00045842936378903687,no_regulator
0,316,0.0,0.0004597668594215065,0.0004597668594215065,no_regulator
0,317,0.0,0.0004651482158806175,0.0004651482158806175,no_regulator
0,318,0.0,0.0004667576286010444,0.0004667576286010444,no_regulator
0,319,0.0,0.00047070940490812063,0.00047070940490812063,no_regulator
0,320,0.0,0.000470795581350103,0.000470795581350103,no_regulator
0,321,0.0,0.0004712166264653206,0.0004712166264653206,no_regulator
0,322,0.0,0.0004725517355836928,0.0004725517355836928,no_regulator
0,323,0.0,0.0004738267161883414,0.0004738267161883414,no_regulator
0,324,0.0,0.00047393489512614906,0.00047393489512614906,no_regulator
0,325,0.0,0.00047474581515416503,0.00047474581515416503,no_regulator
0,326,0.0,0.00047566540888510644,0.00047566540888510644,no_regulator
0,327,0.0,0.0004763155593536794,0.0004763155593536794,no_regulator
0,328,0.0,0.00047661608550697565,0.00047661608550697565,no_regulator
0,329,0.0,0.00047967027057893574,0.00047967027057893574,no_regulator
0,330,0.0,0.00047995467321015894,0.00047995467321015894,no_regulator
0,331,0.0,0.00048139237333089113,0.00048139237333089113,no_regulator
0,332,0.0,0.00048502194113098085,0.00048502194113098085,no_regulator
0,333,0.0,0.0004851296835113317,0.0004851296835113317,no_regulator
0,334,0.0,0.00048527392209507525,0.00048527392209507525,no_regulator
0,335,0.0,0.000486117962282151,0.000486117962282151,no_regulator
0,336,0.0,0.0004888169933110476,0.0004888169933110476,no_regulator
0,337,0.0,0.0004981173551641405,0.0004981173551641405,no_regulator
0,338,0.0,0.0005002950201742351,0.0005002950201742351,no_regulator
0,339,0.0,0.0005030524334870279,0.0005030524334870279,no_regulator
0,340,0.0,0.0005042839329689741,0.0005042839329689741,no_regulator
0,341,0.0,0.0005047890590503812,0.0005047890590503812,no_regulator
0,342,0.0,0.0005092474748380482,0.0005092474748380482,no_regulator
0,343,0.0,0.000511977297719568,0.000511977297719568,no_regulator
0,344,0.0,0.0005122049478814006,0.0005122049478814006,no_regulator
0,345,0.0,0.0005160993314348161,0.0005160993314348161,no_regulator
0,346,0.0,0.000516776810400188,0.000516776810400188,no_regulator
0,347,0.0,0.0005219143349677324,0.0005219143349677324,no_regulator
0,348,0.0,0.0005224634078331292,0.0005224634078331292,no_regulator
0,349,0.0,0.0005262994091026485,0.0005262994091026485,no_regulator
0,350,0.0,0.0005269511020742357,0.0005269511020742357,no_regulator
0,351,0.0,0.0005278899916447699,0.0005278899916447699,no_regulator
0,352,0.0,0.000530343153513968,0.000530343153513968,no_regulator
0,353,0.0,0.000532505742739886,0.000532505742739886,no_regulator
0,354,0.0,0.000533301557879895,0.000533301557879895,no_regulator
0,355,0.0,0.0005338262999430299,0.0005338262999430299,no_regulator
0,356,0.0,0.0005339789786376059,0.0005339789786376059,no_regulator
0,357,0.0,0.0005415375344455242,0.0005415375344455242,no_regulator
0,358,0.0,0.0005431945901364088,0.0005431945901364088,no_regulator
0,359,0.0,0.000543635047506541,0.000543635047506541,no_regulator
0,360,0.0,0.0005459276726469398,0.0005459276726469398,no_regulator
0,361,0.0,0.000547675066627562,0.000547675066627562,no_regulator
0,362,0.0,0.000549911055713892,0.000549911055713892,no_regulator
0,363,0.0,0.0005516287055797875,0.0005516287055797875,no_regulator
0,364,0.0,0.0005535233649425209,0.0005535233649425209,no_regulator
0,365,0.0,0.0005581736913882196,0.0005581736913882196,no_regulator
0,366,0.0,0.000558397441636771,0.000558397441636771,no_regulator
0,367,0.0,0.0005599264986813068,0.0005599264986813068,no_regulator
0,368,0.0,0.0005601007724180818,0.0005601007724180818,no_regulator
0,369,0.0,0.0005624141194857657,0.0005624141194857657,no_regulator
0,370,0.0,0.0005631574313156307,0.0005631574313156307,no_regulator
0,371,0.0,0.0005652254330925643,0.0005652254330925643,no_regulator
0,372,0.0,0.000568116083741188,0.000568116083741188,no_regulator
0,373,0.0,0.0005702445632778108,0.0005702445632778108,no_regulator
0,374,0.0,0.0005778096383437514,0.0005778096383437514,no_regulator
0,375,0.0,0.0005793362506665289,0.0005793362506665289,no_regulator
0,376,0.0,0.0005798068013973534,0.0005798068013973534,no_regulator
0,377,0.0,0.000580036488827318,0.000580036488827318,no_regulator
0,378,0.0,0.0005838412325829268,0.0005838412325829268,no_regulator
0,379,0.0,0.0005838557844981551,0.0005838557844981551,no_regulator
0,380,0.0,0.00058399373665452,0.00058399373665452,no_regulator
0,381,0.0,0.0005842346581630409,0.0005842346581630409,no_regulator
0,382,0.0,0.0005861835088580847,0.0005861835088580847,no_regulator
0,383,0.0,0.0005949936457909644,0.0005949936457909644,no_regulator
0,384,0.0,0.0005952605861239135,0.0005952605861239135,no_regulator
0,385,0.0,0.0006065451307222247,0.0006065451307222247,no_regulator
0,386,0.0,0.0006082791951484978,0.0006082791951484978,no_regulator
0,387,0.0,0.0006089760572649539,0.0006089760572649539,no_regulator
0,388,0.0,0.0006134405266493559,0.0006134405266493559,no_regulator
0,389,0.0,0.0006140927434898913,0.0006140927434898913,no_regulator
0,390,0.0,0.0006149813416413963,0.0006149813416413963,no_regulator
0,391,0.0,0.000616308068856597,0.000616308068856597,no_regulator
0,392,0.0,0.0006181354401633143,0.0006181354401633143,no_regulator
0,393,0.0,0.0006202136864885688,0.0006202136864885688,no_regulator
0,394,0.0,0.0006225496763363481,0.0006225496763363481,no_regulator
0,395,0.0,0.0006227617850527167,0.0006227617850527167,no_regulator
0,396,0.0,0.0006237405468709767,0.0006237405468709767,no_regulator
0,397,0.0,0.000627366651315242,0.000627366651315242,no_regulator
0,398,0.0,0.0006317634251900017,0.0006317634251900017,no_regulator
0,399,0.0,0.0006324068526737392,0.0006324068526737392,no_regulator
0,400,0.0,0.0006331905024126172,0.0006331905024126172,no_regulator
0,401,0.0,0.0006336139049381018,0.0006336139049381018,no_regulator
0,402,0.0,0.0006350287003442645,0.0006350287003442645,no_regulator
0,403,0.0,0.0006363276625052094,0.0006363276625052094,no_regulator
0,404,0.0,0.0006373859359882772,0.0006373859359882772,no_regulator
0,405,0.0,0.0006392210489138961,0.0006392210489138961,no_regulator
0,406,0.0,0.0006392417708411813,0.0006392417708411813,no_regulator
0,407,0.0,0.0006402423023246229,0.0006402423023246229,no_regulator
0,408,0.0,0.0006408108747564256,0.0006408108747564256,no_regulator
0,409,0.0,0.0006416576798073947,0.0006416576798073947,no_regulator
0,410,0.0,0.0006437706761062145,0.0006437706761062145,no_regulator
0,411,0.0,0.0006452236557379365,0.0006452236557379365,no_regulator
0,412,0.0,0.0006510422099381685,0.0006510422099381685,no_regulator
0,413,0.0,0.000652178714517504,0.000652178714517504,no_regulator
0,414,0.0,0.0006524665514007211,0.0006524665514007211,no_regulator
0,415,0.0,0.0006541774491779506,0.0006541774491779506,no_regulator
0,416,0.0,0.0006692542228847742,0.0006692542228847742,no_regulator
0,417,0.0,0.0006748063024133444,0.0006748063024133444,no_regulator
0,418,0.0,0.0006762590492144227,0.0006762590492144227,no_regulator
0,419,0.0,0.0006812929059378803,0.0006812929059378803,no_regulator
0,420,0.0,0.0006833976949565113,0.0006833976949565113,no_regulator
0,421,0.0,0.0006881566951051354,0.0006881566951051354,no_regulator
0,422,0.0,0.0006889073993079364,0.0006889073993079364,no_regulator
0,423,0.0,0.0006918589351698756,0.0006918589351698756,no_regulator
0,424,0.0,0.0007006143569014966,0.0007006143569014966,no_regulator
0,425,0.0,0.0007024335209280252,0.0007024335209280252,no_regulator
0,426,0.0,0.0007025452796369791,0.0007025452796369791,no_regulator
0,427,0.0,0.0007044175872579217,0.0007044175872579217,no_regulator
0,428,0.0,0.0007086218683980405,0.0007086218683980405,no_regulator
0,429,0.0,0.0007127622957341373,0.0007127622957341373,no_regulator
0,430,0.0,0.0007153904880397022,0.0007153904880397022,no_regulator
0,431,0.0,0.0007156454375945032,0.0007156454375945032,no_regulator
0,432,0.0,0.0007177777588367462,0.0007177777588367462,no_regulator
0,433,0.0,0.0007182842819020152,0.0007182842819020152,no_regulator
0,434,0.0,0.0007203796994872391,0.0007203796994872391,no_regulator
0,435,0.0,0.0007206363952718675,0.0007206363952718675,no_regulator
0,436,0.0,0.0007213234785012901,0.0007213234785012901,no_regulator
0,437,0.0,0.0007227595779113472,0.0007227595779113472,no_regulator
0,438,0.0,0.0007287319167517126,0.0007287319167517126,no_regulator
0,439,0.0,0.0007312407833524048,0.0007312407833524048,no_regulator
0,440,0.0,0.0007330672815442085,0.0007330672815442085,no_regulator
0,441,0.0,0.0007346629863604903,0.0007346629863604903,no_regulator
0,442,0.0,0.0007363405311480165,0.0007363405311480165,no_regulator
0,443,0.0,0.0007444617804139853,0.0007444617804139853,no_regulator
0,444,0.0,0.0007447935058735311,0.0007447935058735311,no_regulator
0,445,0.0,0.0007523813983425498,0.0007523813983425498,no_regulator
0,446,0.0,0.0007527250563725829,0.0007527250563725829,no_regulator
0,447,0.0,0.00075297657167539,0.00075297657167539,no_regulator
0,448,0.0,0.0007546619744971395,0.0007546619744971395,no_regulator
0,449,0.0,0.0007577147916890681,0.0007577147916890681,no_regulator
0,450,0.0,0.0007612385670654476,0.0007612385670654476,no_regulator
0,451,0.0,0.0007614581845700741,0.0007614581845700741,no_regulator
0,452,0.0,0.0007668822072446346,0.0007668822072446346,no_regulator
0,453,0.0,0.0007689824560657144,0.0007689824560657144,no_regulator
0,454,0.0,0.0007729450007900596,0.0007729450007900596,no_regulator
0,455,0.0,0.0007733496022410691,0.0007733496022410691,no_regulator
0,456,0.0,0.0007777573191560805,0.0007777573191560805,no_regulator
0,457,0.0,0.0007806094363331795,0.0007806094363331795,no_regulator
0,458,0.0,0.0007806700305081904,0.0007806700305081904,no_regulator
0,459,0.0,0.0007841927581466734,0.0007841927581466734,no_regulator
0,460,0.0,0.0007903210935182869,0.0007903210935182869,no_regulator
0,461,0.0,0.000794998137280345,0.000794998137280345,no_regulator
0,462,0.0,0.0007951845182105899,0.0007951845182105899,no_regulator
0,463,0.0,0.0007979415240697563,0.0007979415240697563,no_regulator
0,464,0.0,0.0007982643437571824,0.0007982643437571824,no_regulator
0,465,0.0,0.0008011124446056783,0.0008011124446056783,no_regulator
0,466,0.0,0.0008054943755269051,0.0008054943755269051,no_regulator
0,467,0.0,0.0008058244711719453,0.0008058244711719453,no_regulator
0,468,0.0,0.000809329270850867,0.000809329270850867,no_regulator
0,469,0.0,0.0008106984896585345,0.0008106984896585345,no_regulator
0,470,0.0,0.0008113110670819879,0.0008113110670819879,no_regulator
0,471,0.0,0.0008113504736684263,0.0008113504736684263,no_regulator
0,472,0.0,0.0008119465201161802,0.0008119465201161802,no_regulator
0,473,0.0,0.0008132929215207696,0.0008132929215207696,no_regulator
0,474,0.0,0.0008171501103788614,0.0008171501103788614,no_regulator
0,475,0.0,0.0008178550633601844,0.0008178550633601844,no_regulator
0,476,0.0,0.0008206595666706562,0.0008206595666706562,no_regulator
0,477,0.0,0.0008257697918452322,0.0008257697918452322,no_regulator
0,478,0.0,0.0008273956482298672,0.0008273956482298672,no_regulator
0,479,0.0,0.0008345252717845142,0.0008345252717845142,no_regulator
0,480,0.0,0.0008372782613150775,0.0008372782613150775,no_regulator
0,481,0.0,0.0008390772272832692,0.0008390772272832692,no_regulator
0,482,0.0,0.0008406333508901298,0.0008406333508901298,no_regulator
0,483,0.0,0.0008473274065181613,0.0008473274065181613,no_regulator
0,484,0.0,0.0008526346064172685,0.0008526346064172685,no_regulator
0,485,0.0,0.0008595883846282959,0.0008595883846282959,no_regulator
0,486,0.0,0.0008606938063167036,0.0008606938063167036,no_regulator
0,487,0.0,0.0008713516872376204,0.0008713516872376204,no_regulator
0,488,0.0,0.0008735971059650183,0.0008735971059650183,no_regulator
0,489,0.0,0.0008738694014027715,0.0008738694014027715,no_regulator
0,490,0.0,0.0008755832095630467,0.0008755832095630467,no_regulator
0,491,0.0,0.0008772506262175739,0.0008772506262175739,no_regulator
0,492,0.0,0.0008783178636804223,0.0008783178636804223,no_regulator
0,493,0.0,0.0008804103126749396,0.0008804103126749396,no_regulator
0,494,0.0,0.0008824389660730958,0.0008824389660730958,no_regulator
0,495,0.0,0.0008850364247336984,0.0008850364247336984,no_regulator
0,496,0.0,0.0008885101997293532,0.0008885101997293532,no_regulator
0,497,0.0,0.0008942749700509012,0.0008942749700509012,no_regulator
0,498,0.0,0.0008995612151920795,0.0008995612151920795,no_regulator
0,499,0.0,0.000901299063116312,0.000901299063116312,no_regulator
0,500,0.0,0.0009087636135518551,0.0009087636135518551,no_regulator
0,501,0.0,0.0009144555078819394,0.0009144555078819394,no_regulator
0,502,0.0,0.0009289379231631756,0.0009289379231631756,no_regulator
0,503,0.0,0.0009298945660702884,0.0009298945660702884,no_regulator
0,504,0.0,0.0009362444397993386,0.0009362444397993386,no_regulator
0,505,0.0,0.0009398834081366658,0.0009398834081366658,no_regulator
0,506,0.0,0.000939912220928818,0.000939912220928818,no_regulator
0,507,0.0,0.0009470548829995096,0.0009470548829995096,no_regulator
0,508,0.0,0.0009509947267360985,0.0009509947267360985,no_regulator
0,509,0.0,0.000951822497881949,0.000951822497881949,no_regulator
0,510,0.0,0.0009532228577882051,0.0009532228577882051,no_regulator
0,511,0.0,0.0009568023961037397,0.0009568023961037397,no_regulator
0,512,0.0,0.0009582532802596688,0.0009582532802596688,no_regulator
0,513,0.0,0.0009593500290066004,0.0009593500290066004,no_regulator
0,514,0.0,0.000975055736489594,0.000975055736489594,no_regulator
0,515,0.0,0.0009755560895428061,0.0009755560895428061,no_regulator
0,516,0.0,0.0009758634842000902,0.0009758634842000902,no_regulator
0,517,0.0,0.0009830980561673641,0.0009830980561673641,no_regulator
0,518,0.0,0.0009870044887065887,0.0009870044887065887,no_regulator
0,519,0.0,0.0009870738722383976,0.0009870738722383976,no_regulator
0,520,0.0,0.0009892116067931056,0.0009892116067931056,no_regulator
0,521,0.0,0.000991098117083311,0.000991098117083311,no_regulator
0,522,0.0,0.0009975251741707325,0.0009975251741707325,no_regulator
0,523,0.0,0.0009986464865505695,0.0009986464865505695,no_regulator
0,524,0.0,0.0010050300043076277,0.0010050300043076277,no_regulator
0,525,0.0,0.0010109904687851667,0.0010109904687851667,no_regulator
0,526,0.0,0.001011875574477017,0.001011875574477017,no_regulator
0,527,0.0,0.0010132058523595333,0.0010132058523595333,no_regulator
0,528,0.0,0.0010167297441512346,0.0010167297441512346,no_regulator
0,529,0.0,0.0010185240535065532,0.0010185240535065532,no_regulator
0,530,0.0,0.0010232428321614861,0.0010232428321614861,no_regulator
0,531,0.0,0.0010244353907182813,0.0010244353907182813,no_regulator
0,532,0.0,0.0010246310848742723,0.0010246310848742723,no_regulator
0,533,0.0,0.0010256716050207615,0.0010256716050207615,no_regulator
0,534,0.0,0.001025895937345922,0.001025895937345922,no_regulator
0,535,0.0,0.00103695725556463,0.00103695725556463,no_regulator
0,536,0.0,0.0010387407382950187,0.0010387407382950187,no_regulator
0,537,0.0,0.001039740163832903,0.001039740163832903,no_regulator
0,538,0.0,0.001043975236825645,0.001043975236825645,no_regulator
0,539,0.0,0.0010462988866493106,0.0010462988866493106,no_regulator
0,540,0.0,0.0010488490806892514,0.0010488490806892514,no_regulator
0,541,0.0,0.0010506699327379465,0.0010506699327379465,no_regulator
0,542,0.0,0.0010576877975836396,0.0010576877975836396,no_regulator
0,543,0.0,0.0010661632986739278,0.0010661632986739278,no_regulator
0,544,0.0,0.0010687237372621894,0.0010687237372621894,no_regulator
0,545,0.0,0.001069017918780446,0.001069017918780446,no_regulator
0,546,0.0,0.0010751293739303946,0.0010751293739303946,no_regulator
0,547,0.0,0.001076108543202281,0.001076108543202281,no_regulator
0,548,0.0,0.0010762620950117707,0.0010762620950117707,no_regulator
0,549,0.0,0.001080389367416501,0.001080389367416501,no_regulator
0,550,0.0,0.0010831065010279417,0.0010831065010279417,no_regulator
0,551,0.0,0.0010853023268282413,0.0010853023268282413,no_regulator
0,552,0.0,0.001092391088604927,0.001092391088604927,no_regulator
0,553,0.0,0.0011009573936462402,0.0011009573936462402,no_regulator
0,554,0.0,0.001105676987208426,0.001105676987208426,no_regulator
0,555,0.0,0.0011078007519245148,0.0011078007519245148,no_regulator
0,556,0.0,0.0011098706163465977,0.0011098706163465977,no_regulator
0,557,0.0,0.0011276566656306386,0.0011276566656306386,no_regulator
0,558,0.0,0.0011373608140274882,0.0011373608140274882,no_regulator
0,559,0.0,0.0011459040688350797,0.0011459040688350797,no_regulator
0,560,0.0,0.0011498827952891588,0.0011498827952891588,no_regulator
0,561,0.0,0.0011553565273061395,0.0011553565273061395,no_regulator
0,562,0.0,0.0011577472323551774,0.0011577472323551774,no_regulator
0,563,0.0,0.001163038075901568,0.001163038075901568,no_regulator
0,564,0.0,0.0011651408858597279,0.0011651408858597279,no_regulator
0,565,0.0,0.0011664085322991014,0.0011664085322991014,no_regulator
0,566,0.0,0.0011664495104923844,0.0011664495104923844,no_regulator
0,567,0.0,0.001170768984593451,0.001170768984593451,no_regulator
0,568,0.0,0.0011712552513927221,0.0011712552513927221,no_regulator
0,569,0.0,0.0011737520107999444,0.0011737520107999444,no_regulator
0,570,0.0,0.0011744428193196654,0.0011744428193196654,no_regulator
0,571,0.0,0.0011768356198444963,0.0011768356198444963,no_regulator
0,572,0.0,0.0011775437742471695,0.0011775437742471695,no_regulator
0,573,0.0,0.0011815741891041398,0.0011815741891041398,no_regulator
0,574,0.0,0.0011855908669531345,0.0011855908669531345,no_regulator
0,575,0.0,0.0011962322751060128,0.0011962322751060128,no_regulator
0,576,0.0,0.0011973129585385323,0.0011973129585385323,no_regulator
0,577,0.0,0.001204690313898027,0.001204690313898027,no_regulator
0,578,0.0,0.001212476403452456,0.001212476403452456,no_regulator
0,579,0.0,0.001216131029650569,0.001216131029650569,no_regulator
0,580,0.0,0.001220882055349648,0.001220882055349648,no_regulator
0,581,0.0,0.0012392709031701088,0.0012392709031701088,no_regulator
0,582,0.0,0.0012407146859914064,0.0012407146859914064,no_regulator
0,583,0.0,0.001241514110006392,0.001241514110006392,no_regulator
0,584,0.0,0.0012603283394128084,0.0012603283394128084,no_regulator
0,585,0.0,0.0012691288720816374,0.0012691288720816374,no_regulator
0,586,0.0,0.001272830879315734,0.001272830879315734,no_regulator
0,587,0.0,0.0012842293363064528,0.0012842293363064528,no_regulator
0,588,0.0,0.0012878631241619587,0.0012878631241619587,no_regulator
0,589,0.0,0.0012925571063533425,0.0012925571063533425,no_regulator
0,590,0.0,0.0013046665117144585,0.0013046665117144585,no_regulator
0,591,0.0,0.001307429512962699,0.001307429512962699,no_regulator
0,592,0.0,0.001308259554207325,0.001308259554207325,no_regulator
0,593,0.0,0.0013145008124411106,0.0013145008124411106,no_regulator
0,594,0.0,0.0013202439295127988,0.0013202439295127988,no_regulator
0,595,0.0,0.0013341312296688557,0.0013341312296688557,no_regulator
0,596,0.0,0.0013399594463407993,0.0013399594463407993,no_regulator
0,597,0.0,0.001342285075224936,0.001342285075224936,no_regulator
0,598,0.0,0.0013444132637232542,0.0013444132637232542,no_regulator
0,599,0.0,0.0013445646036416292,0.0013445646036416292,no_regulator
0,600,0.0,0.0013549568830057979,0.0013549568830057979,no_regulator
0,601,0.0,0.001359820831567049,0.001359820831567049,no_regulator
0,602,0.0,0.0013605408603325486,0.0013605408603325486,no_regulator
0,603,0.0,0.0013610462192445993,0.0013610462192445993,no_regulator
0,604,0.0,0.0013653329806402326,0.0013653329806402326,no_regulator
0,605,0.0,0.0013656929368153214,0.0013656929368153214,no_regulator
0,606,0.0,0.0013689069310203195,0.0013689069310203195,no_regulator
0,607,0.0,0.0013693260261788964,0.0013693260261788964,no_regulator
0,608,0.0,0.0013814009726047516,0.0013814009726047516,no_regulator
0,609,0.0,0.0013856863370165229,0.0013856863370165229,no_regulator
0,610,0.0,0.0013863007770851254,0.0013863007770851254,no_regulator
0,611,0.0,0.0013899587793275714,0.0013899587793275714,no_regulator
0,612,0.0,0.0013919949997216463,0.0013919949997216463,no_regulator
0,613,0.0,0.0013945599785074592,0.0013945599785074592,no_regulator
0,614,0.0,0.0014003501273691654,0.0014003501273691654,no_regulator
0,615,0.0,0.001404016395099461,0.001404016395099461,no_regulator
0,616,0.0,0.0014045407297089696,0.0014045407297089696,no_regulator
0,617,0.0,0.0014066692674532533,0.0014066692674532533,no_regulator
0,618,0.0,0.0014073291094973683,0.0014073291094973683,no_regulator
0,619,0.0,0.001414550468325615,0.001414550468325615,no_regulator
0,620,0.0,0.0014270554529502988,0.0014270554529502988,no_regulator
0,621,0.0,0.0014274321729317307,0.0014274321729317307,no_regulator
0,622,0.0,0.0014321276685222983,0.0014321276685222983,no_regulator
0,623,0.0,0.0014412356540560722,0.0014412356540560722,no_regulator
0,624,0.0,0.0014454420888796449,0.0014454420888796449,no_regulator
0,625,0.0,0.0014514741487801075,0.0014514741487801075,no_regulator
0,626,0.0,0.0014568489277735353,0.0014568489277735353,no_regulator
0,627,0.0,0.0014589333441108465,0.0014589333441108465,no_regulator
0,628,0.0,0.0014617027482017875,0.0014617027482017875,no_regulator
0,629,0.0,0.0014677481958642602,0.0014677481958642602,no_regulator
0,630,0.0,0.0014678521547466516,0.0014678521547466516,no_regulator
0,631,0.0,0.0014826732221990824,0.0014826732221990824,no_regulator
0,632,0.0,0.0014907674631103873,0.0014907674631103873,no_regulator
0,633,0.0,0.0014993735821917653,0.0014993735821917653,no_regulator
0,634,0.0,0.0015122421318665147,0.0015122421318665147,no_regulator
0,635,0.0,0.0015127038350328803,0.0015127038350328803,no_regulator
0,636,0.0,0.0015174482250586152,0.0015174482250586152,no_regulator
0,637,0.0,0.0015181985218077898,0.0015181985218077898,no_regulator
0,638,0.0,0.0015209903940558434,0.0015209903940558434,no_regulator
0,639,0.0,0.0015298096695914865,0.0015298096695914865,no_regulator
0,640,0.0,0.0015377290546894073,0.0015377290546894073,no_regulator
0,641,0.0,0.0015455173561349511,0.0015455173561349511,no_regulator
0,642,0.0,0.001546344137750566,0.001546344137750566,no_regulator
0,643,0.0,0.0015487121418118477,0.0015487121418118477,no_regulator
0,644,0.0,0.0015548949595540762,0.0015548949595540762,no_regulator
0,645,0.0,0.001559679745696485,0.001559679745696485,no_regulator
0,646,0.0,0.0015603321371600032,0.0015603321371600032,no_regulator
0,647,0.0,0.0015630645211786032,0.0015630645211786032,no_regulator
0,648,0.0,0.0015648221597075462,0.0015648221597075462,no_regulator
0,649,0.0,0.0015666704857721925,0.0015666704857721925,no_regulator
0,650,0.0,0.0015815431252121925,0.0015815431252121925,no_regulator
0,651,0.0,0.0016037465538829565,0.0016037465538829565,no_regulator
0,652,0.0,0.0016110960859805346,0.0016110960859805346,no_regulator
0,653,0.0,0.0016142531530931592,0.0016142531530931592,no_regulator
0,654,0.0,0.001617812318727374,0.001617812318727374,no_regulator
0,655,0.0,0.0016196947544813156,0.0016196947544813156,no_regulator
0,656,0.0,0.0016200264217332006,0.0016200264217332006,no_regulator
0,657,0.0,0.0016238396055996418,0.0016238396055996418,no_regulator
0,658,0.0,0.0016263778088614345,0.0016263778088614345,no_regulator
0,659,0.0,0.0016269359039142728,0.0016269359039142728,no_regulator
0,660,0.0,0.0016277129761874676,0.0016277129761874676,no_regulator
0,661,0.0,0.0016280655981972814,0.0016280655981972814,no_regulator
0,662,0.0,0.0016448950627818704,0.0016448950627818704,no_regulator
0,663,0.0,0.0016460876213386655,0.0016460876213386655,no_regulator
0,664,0.0,0.001646477379836142,0.001646477379836142,no_regulator
0,665,0.0,0.0016544953687116504,0.0016544953687116504,no_regulator
0,666,0.0,0.0016557499766349792,0.0016557499766349792,no_regulator
0,667,0.0,0.0016565793193876743,0.0016565793193876743,no_regulator
0,668,0.0,0.001657150685787201,0.001657150685787201,no_regulator
0,669,0.0,0.0016599658410996199,0.0016599658410996199,no_regulator
0,670,0.0,0.001660699606873095,0.001660699606873095,no_regulator
0,671,0.0,0.0016649747267365456,0.0016649747267365456,no_regulator
0,672,0.0,0.0016669766046106815,0.0016669766046106815,no_regulator
0,673,0.0,0.001669553923420608,0.001669553923420608,no_regulator
0,674,0.0,0.001673116465099156,0.001673116465099156,no_regulator
0,675,0.0,0.0016780250007286668,0.0016780250007286668,no_regulator
0,676,0.0,0.0016782627208158374,0.0016782627208158374,no_regulator
0,677,0.0,0.0016962491208687425,0.0016962491208687425,no_regulator
0,678,0.0,0.0017019739607349038,0.0017019739607349038,no_regulator
0,679,0.0,0.0017180944560095668,0.0017180944560095668,no_regulator
0,680,0.0,0.0017225209157913923,0.0017225209157913923,no_regulator
0,681,0.0,0.0017238964792340994,0.0017238964792340994,no_regulator
0,682,0.0,0.001725497073493898,0.001725497073493898,no_regulator
0,683,0.0,0.001731434720568359,0.001731434720568359,no_regulator
0,684,0.0,0.0017340927151963115,0.0017340927151963115,no_regulator
0,685,0.0,0.001743230503052473,0.001743230503052473,no_regulator
0,686,0.0,0.001749894698150456,0.001749894698150456,no_regulator
0,687,0.0,0.0017606121255084872,0.0017606121255084872,no_regulator
0,688,0.0,0.0017898494843393564,0.0017898494843393564,no_regulator
0,689,0.0,0.0017909688176587224,0.0017909688176587224,no_regulator
0,690,0.0,0.0018101572059094906,0.0018101572059094906,no_regulator
0,691,0.0,0.0018128629308193922,0.0018128629308193922,no_regulator
0,692,0.0,0.0018362094415351748,0.0018362094415351748,no_regulator
0,693,0.0,0.0018364188726991415,0.0018364188726991415,no_regulator
0,694,0.0,0.001852787914685905,0.001852787914685905,no_regulator
0,695,0.0,0.0018610879778862,0.0018610879778862,no_regulator
0,696,0.0,0.0018702407833188772,0.0018702407833188772,no_regulator
0,697,0.0,0.0018835101509466767,0.0018835101509466767,no_regulator
0,698,0.0,0.0019050071714445949,0.0019050071714445949,no_regulator
0,699,0.0,0.0019117360934615135,0.0019117360934615135,no_regulator
0,700,0.0,0.0019203518750146031,0.0019203518750146031,no_regulator
0,701,0.0,0.0019385265186429024,0.0019385265186429024,no_regulator
0,702,0.0,0.0019418303854763508,0.0019418303854763508,no_regulator
0,703,0.0,0.00196609809063375,0.00196609809063375,no_regulator
0,704,0.0,0.0019771812949329615,0.0019771812949329615,no_regulator
0,705,0.0,0.0019832230173051357,0.0019832230173051357,no_regulator
0,706,0.0,0.0019907590467482805,0.0019907590467482805,no_regulator
0,707,0.0,0.0019920736085623503,0.0019920736085623503,no_regulator
0,708,0.0,0.001992943463847041,0.001992943463847041,no_regulator
0,709,0.0,0.0019946747925132513,0.0019946747925132513,no_regulator
0,710,0.0,0.002017505234107375,0.002017505234107375,no_regulator
0,711,0.0,0.0020318240858614445,0.0020318240858614445,no_regulator
0,712,0.0,0.002047700574621558,0.002047700574621558,no_regulator
0,713,0.0,0.0020661046728491783,0.0020661046728491783,no_regulator
0,714,0.0,0.002071784809231758,0.002071784809231758,no_regulator
0,715,0.0,0.002072772942483425,0.002072772942483425,no_regulator
0,716,0.0,0.0020831685978919268,0.0020831685978919268,no_regulator
0,717,0.0,0.0020903348922729492,0.0020903348922729492,no_regulator
0,718,0.0,0.0020907199941575527,0.0020907199941575527,no_regulator
0,719,0.0,0.0020908222068101168,0.0020908222068101168,no_regulator
0,720,0.0,0.0021033796947449446,0.0021033796947449446,no_regulator
0,721,0.0,0.0021073000971227884,0.0021073000971227884,no_regulator
0,722,0.0,0.002119780983775854,0.002119780983775854,no_regulator
0,723,0.0,0.0021355149801820517,0.0021355149801820517,no_regulator
0,724,0.0,0.002138290088623762,0.002138290088623762,no_regulator
0,725,0.0,0.00214336346834898,0.00214336346834898,no_regulator
0,726,0.0,0.0021439010743051767,0.0021439010743051767,no_regulator
0,727,0.0,0.002147490158677101,0.002147490158677101,no_regulator
0,728,0.0,0.0021509372163563967,0.0021509372163563967,no_regulator
0,729,0.0,0.002171608619391918,0.002171608619391918,no_regulator
0,730,0.0,0.002185029210522771,0.002185029210522771,no_regulator
0,731,0.0,0.002191227860748768,0.002191227860748768,no_regulator
0,732,0.0,0.0021982251200824976,0.0021982251200824976,no_regulator
0,733,0.0,0.002198420464992523,0.002198420464992523,no_regulator
0,734,0.0,0.0021999101154506207,0.0021999101154506207,no_regulator
0,735,0.0,0.002205370459705591,0.002205370459705591,no_regulator
0,736,0.0,0.00221409578807652,0.00221409578807652,no_regulator
0,737,0.0,0.0022198446094989777,0.0022198446094989777,no_regulator
0,738,0.0,0.0022291659843176603,0.0022291659843176603,no_regulator
0,739,0.0,0.0022314947564154863,0.0022314947564154863,no_regulator
0,740,0.0,0.0022323569282889366,0.0022323569282889366,no_regulator
0,741,0.0,0.002238524379208684,0.002238524379208684,no_regulator
0,742,0.0,0.0022448936942964792,0.0022448936942964792,no_regulator
0,743,0.0,0.0022496322635561228,0.0022496322635561228,no_regulator
0,744,0.0,0.0022650761529803276,0.0022650761529803276,no_regulator
0,745,0.0,0.0022692098282277584,0.0022692098282277584,no_regulator
0,746,0.0,0.002269609598442912,0.002269609598442912,no_regulator
0,747,0.0,0.002271433128044009,0.002271433128044009,no_regulator
0,748,0.0,0.0022807021159678698,0.0022807021159678698,no_regulator
0,749,0.0,0.0022848136723041534,0.0022848136723041534,no_regulator
0,750,0.0,0.0022988691926002502,0.0022988691926002502,no_regulator
0,751,0.0,0.0023019672371447086,0.0023019672371447086,no_regulator
0,752,0.0,0.0023088424932211637,0.0023088424932211637,no_regulator
0,753,0.0,0.002322471933439374,0.002322471933439374,no_regulator
0,754,0.0,0.0023497731890529394,0.0023497731890529394,no_regulator
0,755,0.0,0.002368590561673045,0.002368590561673045,no_regulator
0,756,0.0,0.0023997947573661804,0.0023997947573661804,no_regulator
0,757,0.0,0.002404342405498028,0.002404342405498028,no_regulator
0,758,0.0,0.002418139250949025,0.002418139250949025,no_regulator
0,759,0.0,0.0024184337817132473,0.0024184337817132473,no_regulator
0,760,0.0,0.0024244547821581364,0.0024244547821581364,no_regulator
0,761,0.0,0.00242468249052763,0.00242468249052763,no_regulator
0,762,0.0,0.002427226398140192,0.002427226398140192,no_regulator
0,763,0.0,0.002435915870591998,0.002435915870591998,no_regulator
0,764,0.0,0.002436694921925664,0.002436694921925664,no_regulator
0,765,0.0,0.0024490193463861942,0.0024490193463861942,no_regulator
0,766,0.0,0.002477658446878195,0.002477658446878195,no_regulator
0,767,0.0,0.00248344917781651,0.00248344917781651,no_regulator
0,768,0.0,0.002513380954042077,0.002513380954042077,no_regulator
0,769,0.0,0.0025218012742698193,0.0025218012742698193,no_regulator
0,770,0.0,0.0025247035082429647,0.0025247035082429647,no_regulator
0,771,0.0,0.002526989672333002,0.002526989672333002,no_regulator
0,772,0.0,0.002529296325519681,0.002529296325519681,no_regulator
0,773,0.0,0.002539966255426407,0.002539966255426407,no_regulator
0,774,0.0,0.0025523377116769552,0.0025523377116769552,no_regulator
0,775,0.0,0.0025920614134520292,0.0025920614134520292,no_regulator
0,776,0.0,0.0025931086856871843,0.0025931086856871843,no_regulator
0,777,0.0,0.0025932469870895147,0.0025932469870895147,no_regulator
0,778,0.0,0.0025956176687031984,0.0025956176687031984,no_regulator
0,779,0.0,0.0026180006098002195,0.0026180006098002195,no_regulator
0,780,0.0,0.0026502059772610664,0.0026502059772610664,no_regulator
0,781,0.0,0.00266282563097775,0.00266282563097775,no_regulator
0,782,0.0,0.0026665341574698687,0.0026665341574698687,no_regulator
0,783,0.0,0.002682889113202691,0.002682889113202691,no_regulator
0,784,0.0,0.002687102649360895,0.002687102649360895,no_regulator
0,785,0.0,0.0026884509716182947,0.0026884509716182947,no_regulator
0,786,0.0,0.0026904179248958826,0.0026904179248958826,no_regulator
0,787,0.0,0.002698649885132909,0.002698649885132909,no_regulator
0,788,0.0,0.002726428909227252,0.002726428909227252,no_regulator
0,789,0.0,0.0027475757524371147,0.0027475757524371147,no_regulator
0,790,0.0,0.002756028901785612,0.002756028901785612,no_regulator
0,791,0.0,0.0027781168464571238,0.0027781168464571238,no_regulator
0,792,0.0,0.0027803636621683836,0.0027803636621683836,no_regulator
0,793,0.0,0.0027854430954903364,0.0027854430954903364,no_regulator
0,794,0.0,0.0027902626898139715,0.0027902626898139715,no_regulator
0,795,0.0,0.0028014921117573977,0.0028014921117573977,no_regulator
0,796,0.0,0.002810974605381489,0.002810974605381489,no_regulator
0,797,0.0,0.0028373587410897017,0.0028373587410897017,no_regulator
0,798,0.0,0.002852479461580515,0.002852479461580515,no_regulator
0,799,0.0,0.002853618236258626,0.002853618236258626,no_regulator
0,800,0.0,0.002855206374078989,0.002855206374078989,no_regulator
0,801,0.0,0.0028575623873621225,0.0028575623873621225,no_regulator
0,802,0.0,0.00285950000397861,0.00285950000397861,no_regulator
0,803,0.0,0.0028751492500305176,0.0028751492500305176,no_regulator
0,804,0.0,0.002893100492656231,0.002893100492656231,no_regulator
0,805,0.0,0.0029303324408829212,0.0029303324408829212,no_regulator
0,806,0.0,0.0029328649397939444,0.0029328649397939444,no_regulator
0,807,0.0,0.0029490345623344183,0.0029490345623344183,no_regulator
0,808,0.0,0.002951633185148239,0.002951633185148239,no_regulator
0,809,0.0,0.002962823025882244,0.002962823025882244,no_regulator
0,810,0.0,0.002979004755616188,0.002979004755616188,no_regulator
0,811,0.0,0.0029810250271111727,0.0029810250271111727,no_regulator
0,812,0.0,0.0029988684691488743,0.0029988684691488743,no_regulator
0,813,0.0,0.003028115024790168,0.003028115024790168,no_regulator
0,814,0.0,0.0030440723057836294,0.0030440723057836294,no_regulator
0,815,0.0,0.003049634862691164,0.003049634862691164,no_regulator
0,816,0.0,0.0030642140191048384,0.0030642140191048384,no_regulator
0,817,0.0,0.0030877673998475075,0.0030877673998475075,no_regulator
0,818,0.0,0.003130547469481826,0.003130547469481826,no_regulator
0,819,0.0,0.0031381305307149887,0.0031381305307149887,no_regulator
0,820,0.0,0.0031614594627171755,0.0031614594627171755,no_regulator
0,821,0.0,0.003195021767169237,0.003195021767169237,no_regulator
0,822,0.0,0.0032038541976362467,0.0032038541976362467,no_regulator
0,823,0.0,0.0032044125255197287,0.0032044125255197287,no_regulator
0,824,0.0,0.003245836589485407,0.003245836589485407,no_regulator
0,825,0.0,0.003339688526466489,0.003339688526466489,no_regulator
0,826,0.0,0.0033710969146341085,0.0033710969146341085,no_regulator
0,827,0.0,0.0033951548393815756,0.0033951548393815756,no_regulator
0,828,0.0,0.00340867368504405,0.00340867368504405,no_regulator
0,829,0.0,0.0034126241225749254,0.0034126241225749254,no_regulator
0,830,0.0,0.0034390375949442387,0.0034390375949442387,no_regulator
0,831,0.0,0.003441964741796255,0.003441964741796255,no_regulator
0,832,0.0,0.003452177159488201,0.003452177159488201,no_regulator
0,833,0.0,0.0034714345820248127,0.0034714345820248127,no_regulator
0,834,0.0,0.003515802090987563,0.003515802090987563,no_regulator
0,835,0.0,0.0035283768083900213,0.0035283768083900213,no_regulator
0,836,0.0,0.0035369049292057753,0.0035369049292057753,no_regulator
0,837,0.0,0.003573706140741706,0.003573706140741706,no_regulator
0,838,0.0,0.0035787231754511595,0.0035787231754511595,no_regulator
0,839,0.0,0.00358432880602777,0.00358432880602777,no_regulator
0,840,0.0,0.0036101124715059996,0.0036101124715059996,no_regulator
0,841,0.0,0.0036164114717394114,0.0036164114717394114,no_regulator
0,842,0.0,0.003623737022280693,0.003623737022280693,no_regulator
0,843,0.0,0.0036284427624195814,0.0036284427624195814,no_regulator
0,844,0.0,0.003631812985986471,0.003631812985986471,no_regulator
0,845,0.0,0.0036364924162626266,0.0036364924162626266,no_regulator
0,846,0.0,0.0036666851956397295,0.0036666851956397295,no_regulator
0,847,0.0,0.0036689485423266888,0.0036689485423266888,no_regulator
0,848,0.0,0.003682544454932213,0.003682544454932213,no_regulator
0,849,0.0,0.003806755179539323,0.003806755179539323,no_regulator
0,850,0.0,0.003829733934253454,0.003829733934253454,no_regulator
0,851,0.0,0.003852151334285736,0.003852151334285736,no_regulator
0,852,0.0,0.0039087808690965176,0.0039087808690965176,no_regulator
0,853,0.0,0.003909526392817497,0.003909526392817497,no_regulator
0,854,0.0,0.0039445022121071815,0.0039445022121071815,no_regulator
0,855,0.0,0.0039744083769619465,0.0039744083769619465,no_regulator
0,856,0.0,0.004003399983048439,0.004003399983048439,no_regulator
0,857,0.0,0.004010137636214495,0.004010137636214495,no_regulator
0,858,0.0,0.004039874766021967,0.004039874766021967,no_regulator
0,859,0.0,0.004083043430000544,0.004083043430000544,no_regulator
0,860,0.0,0.004100847523659468,0.004100847523659468,no_regulator
0,861,0.0,0.00425100838765502,0.00425100838765502,no_regulator
0,862,0.0,0.004288073163479567,0.004288073163479567,no_regulator
0,863,0.0,0.004305075388401747,0.004305075388401747,no_regulator
0,864,0.0,0.0043441359885036945,0.0043441359885036945,no_regulator
0,865,0.0,0.004361922852694988,0.004361922852694988,no_regulator
0,866,0.0,0.004464122001081705,0.004464122001081705,no_regulator
0,867,0.0,0.00447938172146678,0.00447938172146678,no_regulator
0,868,0.0,0.004556090570986271,0.004556090570986271,no_regulator
0,869,0.0,0.004637254402041435,0.004637254402041435,no_regulator
0,870,0.0,0.0046445513144135475,0.0046445513144135475,no_regulator
0,871,0.0,0.004662773571908474,0.004662773571908474,no_regulator
0,872,0.0,0.004737480077892542,0.004737480077892542,no_regulator
0,873,0.0,0.004755634814500809,0.004755634814500809,no_regulator
0,874,0.0,0.004952884744852781,0.004952884744852781,no_regulator
0,875,0.0,0.0050388360396027565,0.0050388360396027565,no_regulator
0,876,0.0,0.005040464457124472,0.005040464457124472,no_regulator
0,877,0.0,0.005126224830746651,0.005126224830746651,no_regulator
0,878,0.0,0.005242441315203905,0.005242441315203905,no_regulator
0,879,0.0,0.005418465938419104,0.005418465938419104,no_regulator
0,880,0.0,0.005427801050245762,0.005427801050245762,no_regulator
0,881,0.0,0.005487804766744375,0.005487804766744375,no_regulator
0,882,0.0,0.005503241904079914,0.005503241904079914,no_regulator
0,883,0.0,0.005626394879072905,0.005626394879072905,no_regulator
0,884,0.0,0.005643969401717186,0.005643969401717186,no_regulator
0,885,0.0,0.005654622800648212,0.005654622800648212,no_regulator
0,886,0.0,0.00572685431689024,0.00572685431689024,no_regulator
0,887,0.0,0.005775097757577896,0.005775097757577896,no_regulator
0,888,0.0,0.006055841222405434,0.006055841222405434,no_regulator
0,889,0.0,0.006200275383889675,0.006200275383889675,no_regulator
0,890,0.0,0.0062695639207959175,0.0062695639207959175,no_regulator
0,891,0.0,0.006688029505312443,0.006688029505312443,no_regulator
0,892,0.0,0.007403280586004257,0.007403280586004257,no_regulator
0,893,0.0,0.00829989928752184,0.00829989928752184,no_regulator
0,894,0.0,0.008372550830245018,0.008372550830245018,no_regulator
0,895,0.0,0.009997072629630566,0.009997072629630566,no_regulator
0,896,0.0,0.010324466042220592,0.010324466042220592,no_regulator
0,897,0.0,0.011079887859523296,0.011079887859523296,no_regulator
